[BILLING] loaded!
[BILLING] Re-emitting cost at job start!
Autodetected device type: cuda
2026-08-27 19:04:50,184 - nanochat.common - [32m[1mINFO[0m - Distributed world size: 4
COMPUTE_DTYPE: torch.bfloat16 (auto-detected: CUDA SM 90 (bf16 supported))
GPU: NVIDIA H100 NVL | Peak FLOPS (BF16): 8.35e+14
wandb: Currently logged in as: xidulu (xidulu-umass-amherst) to https://api.wandb.ai. Use `wandb login --relogin` to force relogin
wandb: creating run
wandb: Tracking run with wandb version 0.21.3
wandb: Run data is saved locally in /weka/scratch/jhu/enalisn1/xiw/nanochat/wandb/run-20260827_190450-a4avoec4
wandb: Run `wandb offline` to turn off syncing.
wandb: Syncing run d20-lf-k3-openmath-train5m
wandb: ⭐️ View project at https://wandb.ai/xidulu-umass-amherst/nanochat-sft
wandb: 🚀 View run at https://wandb.ai/xidulu-umass-amherst/nanochat-sft/runs/a4avoec4
2026-08-27 19:04:51,204 - nanochat.checkpoint_manager - [32m[1mINFO[0m - Loading model from /home/jhu/xwang457/work/nanochat_cache/base_checkpoints/d20-lf-k1-smoke with step 50000
2026-08-27 19:04:51,759 - nanochat.checkpoint_manager - [32m[1mINFO[0m - Building model with config: {'sequence_len': 2048, 'vocab_size': 32768, 'n_layer': 20, 'n_head': 10, 'n_kv_head': 10, 'n_embd': 1280, 'window_pattern': 'SSSL', 'latent_feedback': True, 'weight_tying': True}
Downloading https://huggingface.co/api/datasets/nvidia/OpenMathInstruct-2/parquet/default/train_5M/0.parquet ...
Using max_seq_len=2048
NOTE: --device-batch-size=4 overrides pretrained value of 16
Using total_batch_size=524288
Inherited embedding_lr=0.3 from pretrained checkpoint
Inherited unembedding_lr=0.008 from pretrained checkpoint
Inherited matrix_lr=0.02 from pretrained checkpoint
Tokens / micro-batch / rank: 4 x 2048 = 8,192
Tokens / micro-batch: 32,768
Total batch size 524,288 => gradient accumulation steps: 16
Scaling the LR for the AdamW parameters ∝1/√(1280/768) = 0.774597
Weight tying: shared embedding/head uses the unembedding AdamW hyperparameters
Downloading https://huggingface.co/api/datasets/nvidia/OpenMathInstruct-2/parquet/default/train_5M/1.parquet ...
Downloading https://huggingface.co/api/datasets/nvidia/OpenMathInstruct-2/parquet/default/train_5M/2.parquet ...
Downloading https://huggingface.co/api/datasets/nvidia/OpenMathInstruct-2/parquet/default/train_5M/3.parquet ...
Downloading https://huggingface.co/api/datasets/nvidia/OpenMathInstruct-2/parquet/default/train_5M/4.parquet ...
Downloading https://huggingface.co/api/datasets/nvidia/OpenMathInstruct-2/parquet/default/train_5M/5.parquet ...
Downloading https://huggingface.co/api/datasets/nvidia/OpenMathInstruct-2/parquet/default/train_5M/6.parquet ...
Downloading https://huggingface.co/api/datasets/nvidia/OpenMathInstruct-2/parquet/default/train_5M/7.parquet ...
Downloading https://huggingface.co/api/datasets/nvidia/OpenMathInstruct-2/parquet/default/train_5M/8.parquet ...
Downloading https://huggingface.co/api/datasets/nvidia/OpenMathInstruct-2/parquet/default/train_5M/9.parquet ...
Downloading https://huggingface.co/api/datasets/nvidia/OpenMathInstruct-2/parquet/default/train_5M/10.parquet ...
Downloading https://huggingface.co/api/datasets/nvidia/OpenMathInstruct-2/parquet/default/train_5M/11.parquet ...
Downloading https://huggingface.co/api/datasets/nvidia/OpenMathInstruct-2/parquet/default/train_5M/12.parquet ...
Downloading https://huggingface.co/api/datasets/nvidia/OpenMathInstruct-2/parquet/default/train_5M/13.parquet ...
Training OpenMathInstruct-2 split=train_5M: 4,995,904 train rows, 4,096 validation rows
Step 00000 | Validation L1 bpb: 0.5360 | L2 bpb: 0.5286 | L3 bpb: 0.5280
step 00001 (0.02%) | K: 3 | loss: 1.088677 | L1: 1.040894 | L2: 1.028210 | L3: 1.026976 | lrm: 0.01 | dt: 39168.50ms | tok/sec: 13,385 | mfu: 3.49 | epoch: 1 | total time: 0.00m
step 00002 (0.04%) | K: 3 | loss: 1.496309 | L1: 1.074629 | L2: 1.060163 | L3: 1.058997 | lrm: 0.01 | dt: 3373.18ms | tok/sec: 155,428 | mfu: 40.48 | epoch: 1 | total time: 0.00m
step 00003 (0.06%) | K: 3 | loss: 1.679988 | L1: 1.073629 | L2: 1.058956 | L3: 1.057609 | lrm: 0.02 | dt: 3378.92ms | tok/sec: 155,164 | mfu: 40.41 | epoch: 1 | total time: 0.00m
step 00004 (0.09%) | K: 3 | loss: 1.789606 | L1: 1.073011 | L2: 1.058662 | L3: 1.057377 | lrm: 0.03 | dt: 3383.56ms | tok/sec: 154,951 | mfu: 40.35 | epoch: 1 | total time: 0.00m
step 00005 (0.11%) | K: 3 | loss: 1.868774 | L1: 1.076809 | L2: 1.062127 | L3: 1.060737 | lrm: 0.04 | dt: 3392.02ms | tok/sec: 154,565 | mfu: 40.25 | epoch: 1 | total time: 0.00m
step 00006 (0.13%) | K: 3 | loss: 1.925480 | L1: 1.079735 | L2: 1.064798 | L3: 1.063469 | lrm: 0.04 | dt: 3396.40ms | tok/sec: 154,365 | mfu: 40.20 | epoch: 1 | total time: 0.00m
step 00007 (0.15%) | K: 3 | loss: 1.951862 | L1: 1.073139 | L2: 1.058323 | L3: 1.057017 | lrm: 0.05 | dt: 3399.37ms | tok/sec: 154,231 | mfu: 40.16 | epoch: 1 | total time: 0.00m
step 00008 (0.17%) | K: 3 | loss: 1.967270 | L1: 1.065765 | L2: 1.050815 | L3: 1.049576 | lrm: 0.06 | dt: 3399.31ms | tok/sec: 154,233 | mfu: 40.17 | epoch: 1 | total time: 0.00m
step 00009 (0.20%) | K: 3 | loss: 1.978113 | L1: 1.059616 | L2: 1.044178 | L3: 1.043024 | lrm: 0.07 | dt: 3406.57ms | tok/sec: 153,904 | mfu: 40.08 | epoch: 1 | total time: 0.00m
step 00010 (0.22%) | K: 3 | loss: 1.994372 | L1: 1.058730 | L2: 1.042971 | L3: 1.041846 | lrm: 0.07 | dt: 3413.77ms | tok/sec: 153,580 | mfu: 40.00 | epoch: 1 | total time: 0.00m
step 00011 (0.24%) | K: 3 | loss: 2.003301 | L1: 1.055638 | L2: 1.039815 | L3: 1.038741 | lrm: 0.08 | dt: 3396.94ms | tok/sec: 154,341 | mfu: 40.19 | epoch: 1 | total time: 0.06m
step 00012 (0.27%) | K: 3 | loss: 2.011859 | L1: 1.053612 | L2: 1.037921 | L3: 1.036943 | lrm: 0.09 | dt: 3393.03ms | tok/sec: 154,518 | mfu: 40.24 | epoch: 1 | total time: 0.11m
step 00013 (0.29%) | K: 3 | loss: 2.011414 | L1: 1.048278 | L2: 1.032162 | L3: 1.031216 | lrm: 0.10 | dt: 3402.12ms | tok/sec: 154,106 | mfu: 40.13 | epoch: 1 | total time: 0.17m
step 00014 (0.31%) | K: 3 | loss: 2.012789 | L1: 1.044596 | L2: 1.028326 | L3: 1.027468 | lrm: 0.10 | dt: 3404.90ms | tok/sec: 153,980 | mfu: 40.10 | epoch: 1 | total time: 0.23m
step 00015 (0.33%) | K: 3 | loss: 2.012381 | L1: 1.040657 | L2: 1.024313 | L3: 1.023487 | lrm: 0.11 | dt: 3407.86ms | tok/sec: 153,846 | mfu: 40.06 | epoch: 1 | total time: 0.28m
step 00016 (0.36%) | K: 3 | loss: 2.016412 | L1: 1.039583 | L2: 1.023078 | L3: 1.022306 | lrm: 0.12 | dt: 3413.49ms | tok/sec: 153,592 | mfu: 40.00 | epoch: 1 | total time: 0.34m
step 00017 (0.38%) | K: 3 | loss: 2.014579 | L1: 1.035992 | L2: 1.019272 | L3: 1.018547 | lrm: 0.13 | dt: 3414.07ms | tok/sec: 153,566 | mfu: 39.99 | epoch: 1 | total time: 0.40m
step 00018 (0.40%) | K: 3 | loss: 2.008411 | L1: 1.030462 | L2: 1.013752 | L3: 1.013084 | lrm: 0.13 | dt: 3414.70ms | tok/sec: 153,538 | mfu: 39.98 | epoch: 1 | total time: 0.45m
step 00019 (0.43%) | K: 3 | loss: 2.001022 | L1: 1.024689 | L2: 1.007914 | L3: 1.007257 | lrm: 0.14 | dt: 3415.73ms | tok/sec: 153,492 | mfu: 39.97 | epoch: 1 | total time: 0.51m
step 00020 (0.45%) | K: 3 | loss: 1.995939 | L1: 1.020253 | L2: 1.003619 | L3: 1.003002 | lrm: 0.15 | dt: 3421.90ms | tok/sec: 153,215 | mfu: 39.90 | epoch: 1 | total time: 0.57m
step 00021 (0.47%) | K: 3 | loss: 1.983185 | L1: 1.012240 | L2: 0.995565 | L3: 0.995056 | lrm: 0.16 | dt: 3417.94ms | tok/sec: 153,393 | mfu: 39.95 | epoch: 1 | total time: 0.63m
step 00022 (0.49%) | K: 3 | loss: 1.982444 | L1: 1.010546 | L2: 0.993811 | L3: 0.993294 | lrm: 0.16 | dt: 3428.19ms | tok/sec: 152,934 | mfu: 39.83 | epoch: 1 | total time: 0.68m
step 00023 (0.52%) | K: 3 | loss: 1.975789 | L1: 1.005958 | L2: 0.989293 | L3: 0.988798 | lrm: 0.17 | dt: 3427.89ms | tok/sec: 152,947 | mfu: 39.83 | epoch: 1 | total time: 0.74m
step 00024 (0.54%) | K: 3 | loss: 1.960635 | L1: 0.997197 | L2: 0.980666 | L3: 0.980200 | lrm: 0.18 | dt: 3433.10ms | tok/sec: 152,715 | mfu: 39.77 | epoch: 1 | total time: 0.80m
step 00025 (0.56%) | K: 3 | loss: 1.950484 | L1: 0.991099 | L2: 0.974700 | L3: 0.974242 | lrm: 0.19 | dt: 3435.63ms | tok/sec: 152,603 | mfu: 39.74 | epoch: 1 | total time: 0.85m
step 00026 (0.58%) | K: 3 | loss: 1.947688 | L1: 0.988916 | L2: 0.972464 | L3: 0.971986 | lrm: 0.19 | dt: 3440.40ms | tok/sec: 152,391 | mfu: 39.69 | epoch: 1 | total time: 0.91m
step 00027 (0.61%) | K: 3 | loss: 1.931386 | L1: 0.979953 | L2: 0.963592 | L3: 0.963122 | lrm: 0.20 | dt: 3440.54ms | tok/sec: 152,385 | mfu: 39.68 | epoch: 1 | total time: 0.97m
step 00028 (0.63%) | K: 3 | loss: 1.923268 | L1: 0.975318 | L2: 0.958808 | L3: 0.958334 | lrm: 0.21 | dt: 3438.37ms | tok/sec: 152,481 | mfu: 39.71 | epoch: 1 | total time: 1.03m
step 00029 (0.65%) | K: 3 | loss: 1.908410 | L1: 0.967343 | L2: 0.950743 | L3: 0.950258 | lrm: 0.22 | dt: 3439.61ms | tok/sec: 152,426 | mfu: 39.69 | epoch: 1 | total time: 1.08m
step 00030 (0.67%) | K: 3 | loss: 1.903825 | L1: 0.964525 | L2: 0.947966 | L3: 0.947490 | lrm: 0.22 | dt: 3437.84ms | tok/sec: 152,505 | mfu: 39.72 | epoch: 1 | total time: 1.14m
step 00031 (0.70%) | K: 3 | loss: 1.895722 | L1: 0.960061 | L2: 0.943401 | L3: 0.942960 | lrm: 0.23 | dt: 3434.51ms | tok/sec: 152,652 | mfu: 39.75 | epoch: 1 | total time: 1.20m
step 00032 (0.72%) | K: 3 | loss: 1.880894 | L1: 0.952201 | L2: 0.935604 | L3: 0.935158 | lrm: 0.24 | dt: 3430.62ms | tok/sec: 152,826 | mfu: 39.80 | epoch: 1 | total time: 1.25m
step 00033 (0.74%) | K: 3 | loss: 1.864880 | L1: 0.943777 | L2: 0.927262 | L3: 0.926837 | lrm: 0.25 | dt: 3430.60ms | tok/sec: 152,826 | mfu: 39.80 | epoch: 1 | total time: 1.31m
step 00034 (0.77%) | K: 3 | loss: 1.855223 | L1: 0.938584 | L2: 0.922161 | L3: 0.921732 | lrm: 0.26 | dt: 3428.02ms | tok/sec: 152,942 | mfu: 39.83 | epoch: 1 | total time: 1.37m
step 00035 (0.79%) | K: 3 | loss: 1.842583 | L1: 0.931940 | L2: 0.915579 | L3: 0.915169 | lrm: 0.26 | dt: 3430.05ms | tok/sec: 152,851 | mfu: 39.81 | epoch: 1 | total time: 1.43m
step 00036 (0.81%) | K: 3 | loss: 1.833086 | L1: 0.926871 | L2: 0.910638 | L3: 0.910242 | lrm: 0.27 | dt: 3423.25ms | tok/sec: 153,155 | mfu: 39.88 | epoch: 1 | total time: 1.48m
step 00037 (0.84%) | K: 3 | loss: 1.823249 | L1: 0.921627 | L2: 0.905590 | L3: 0.905202 | lrm: 0.28 | dt: 3429.97ms | tok/sec: 152,854 | mfu: 39.81 | epoch: 1 | total time: 1.54m
step 00038 (0.86%) | K: 3 | loss: 1.811326 | L1: 0.915320 | L2: 0.899557 | L3: 0.899190 | lrm: 0.29 | dt: 3434.69ms | tok/sec: 152,644 | mfu: 39.75 | epoch: 1 | total time: 1.60m
step 00039 (0.88%) | K: 3 | loss: 1.804877 | L1: 0.911791 | L2: 0.896277 | L3: 0.895921 | lrm: 0.29 | dt: 3436.62ms | tok/sec: 152,559 | mfu: 39.73 | epoch: 1 | total time: 1.66m
step 00040 (0.91%) | K: 3 | loss: 1.795490 | L1: 0.906863 | L2: 0.891488 | L3: 0.891152 | lrm: 0.30 | dt: 3442.56ms | tok/sec: 152,295 | mfu: 39.66 | epoch: 1 | total time: 1.71m
step 00041 (0.93%) | K: 3 | loss: 1.785523 | L1: 0.901694 | L2: 0.886398 | L3: 0.886077 | lrm: 0.31 | dt: 3440.92ms | tok/sec: 152,368 | mfu: 39.68 | epoch: 1 | total time: 1.77m
step 00042 (0.95%) | K: 3 | loss: 1.771019 | L1: 0.894235 | L2: 0.879091 | L3: 0.878769 | lrm: 0.32 | dt: 3437.91ms | tok/sec: 152,501 | mfu: 39.71 | epoch: 1 | total time: 1.83m
step 00043 (0.97%) | K: 3 | loss: 1.754597 | L1: 0.885780 | L2: 0.870897 | L3: 0.870559 | lrm: 0.32 | dt: 3439.98ms | tok/sec: 152,410 | mfu: 39.69 | epoch: 1 | total time: 1.88m
step 00044 (1.00%) | K: 3 | loss: 1.738133 | L1: 0.877315 | L2: 0.862684 | L3: 0.862357 | lrm: 0.33 | dt: 3437.62ms | tok/sec: 152,514 | mfu: 39.72 | epoch: 1 | total time: 1.94m
step 00045 (1.02%) | K: 3 | loss: 1.726534 | L1: 0.871310 | L2: 0.856906 | L3: 0.856581 | lrm: 0.34 | dt: 3433.95ms | tok/sec: 152,677 | mfu: 39.76 | epoch: 1 | total time: 2.00m
step 00046 (1.04%) | K: 3 | loss: 1.706887 | L1: 0.861274 | L2: 0.847130 | L3: 0.846797 | lrm: 0.35 | dt: 3429.60ms | tok/sec: 152,871 | mfu: 39.81 | epoch: 1 | total time: 2.06m
step 00047 (1.06%) | K: 3 | loss: 1.694658 | L1: 0.854962 | L2: 0.841069 | L3: 0.840736 | lrm: 0.35 | dt: 3429.74ms | tok/sec: 152,865 | mfu: 39.81 | epoch: 1 | total time: 2.11m
step 00048 (1.09%) | K: 3 | loss: 1.686984 | L1: 0.850952 | L2: 0.837279 | L3: 0.836945 | lrm: 0.36 | dt: 3429.62ms | tok/sec: 152,870 | mfu: 39.81 | epoch: 1 | total time: 2.17m
step 00049 (1.11%) | K: 3 | loss: 1.677568 | L1: 0.846149 | L2: 0.832565 | L3: 0.832205 | lrm: 0.37 | dt: 3429.03ms | tok/sec: 152,896 | mfu: 39.82 | epoch: 1 | total time: 2.23m
step 00050 (1.13%) | K: 3 | loss: 1.665749 | L1: 0.840093 | L2: 0.826699 | L3: 0.826339 | lrm: 0.38 | dt: 3429.98ms | tok/sec: 152,854 | mfu: 39.81 | epoch: 1 | total time: 2.28m
step 00051 (1.15%) | K: 3 | loss: 1.655115 | L1: 0.834737 | L2: 0.821318 | L3: 0.820981 | lrm: 0.38 | dt: 3426.46ms | tok/sec: 153,011 | mfu: 39.85 | epoch: 1 | total time: 2.34m
step 00052 (1.18%) | K: 3 | loss: 1.641320 | L1: 0.827629 | L2: 0.814533 | L3: 0.814225 | lrm: 0.39 | dt: 3431.09ms | tok/sec: 152,805 | mfu: 39.79 | epoch: 1 | total time: 2.40m
step 00053 (1.20%) | K: 3 | loss: 1.628159 | L1: 0.820930 | L2: 0.807997 | L3: 0.807690 | lrm: 0.40 | dt: 3432.81ms | tok/sec: 152,728 | mfu: 39.77 | epoch: 1 | total time: 2.46m
step 00054 (1.22%) | K: 3 | loss: 1.617734 | L1: 0.815614 | L2: 0.802811 | L3: 0.802527 | lrm: 0.41 | dt: 3432.89ms | tok/sec: 152,725 | mfu: 39.77 | epoch: 1 | total time: 2.51m
step 00055 (1.25%) | K: 3 | loss: 1.612919 | L1: 0.813040 | L2: 0.800502 | L3: 0.800241 | lrm: 0.42 | dt: 3435.32ms | tok/sec: 152,616 | mfu: 39.74 | epoch: 1 | total time: 2.57m
step 00056 (1.27%) | K: 3 | loss: 1.606440 | L1: 0.809760 | L2: 0.797244 | L3: 0.796998 | lrm: 0.42 | dt: 3440.98ms | tok/sec: 152,365 | mfu: 39.68 | epoch: 1 | total time: 2.63m
step 00057 (1.29%) | K: 3 | loss: 1.596194 | L1: 0.804571 | L2: 0.792142 | L3: 0.791892 | lrm: 0.43 | dt: 3439.05ms | tok/sec: 152,451 | mfu: 39.70 | epoch: 1 | total time: 2.69m
step 00058 (1.31%) | K: 3 | loss: 1.592751 | L1: 0.802851 | L2: 0.790384 | L3: 0.790124 | lrm: 0.44 | dt: 3442.36ms | tok/sec: 152,305 | mfu: 39.66 | epoch: 1 | total time: 2.74m
step 00059 (1.34%) | K: 3 | loss: 1.588696 | L1: 0.800803 | L2: 0.788338 | L3: 0.788084 | lrm: 0.45 | dt: 3440.19ms | tok/sec: 152,400 | mfu: 39.69 | epoch: 1 | total time: 2.80m
step 00060 (1.36%) | K: 3 | loss: 1.578416 | L1: 0.795644 | L2: 0.783175 | L3: 0.782936 | lrm: 0.45 | dt: 3440.38ms | tok/sec: 152,392 | mfu: 39.69 | epoch: 1 | total time: 2.86m
step 00061 (1.38%) | K: 3 | loss: 1.567336 | L1: 0.790110 | L2: 0.777595 | L3: 0.777365 | lrm: 0.46 | dt: 3440.13ms | tok/sec: 152,403 | mfu: 39.69 | epoch: 1 | total time: 2.91m
step 00062 (1.41%) | K: 3 | loss: 1.558629 | L1: 0.785816 | L2: 0.773166 | L3: 0.772914 | lrm: 0.47 | dt: 3435.92ms | tok/sec: 152,590 | mfu: 39.74 | epoch: 1 | total time: 2.97m
step 00063 (1.43%) | K: 3 | loss: 1.548523 | L1: 0.780740 | L2: 0.768114 | L3: 0.767858 | lrm: 0.48 | dt: 3434.22ms | tok/sec: 152,665 | mfu: 39.76 | epoch: 1 | total time: 3.03m
step 00064 (1.45%) | K: 3 | loss: 1.535915 | L1: 0.774431 | L2: 0.761791 | L3: 0.761541 | lrm: 0.48 | dt: 3434.09ms | tok/sec: 152,671 | mfu: 39.76 | epoch: 1 | total time: 3.09m
step 00065 (1.47%) | K: 3 | loss: 1.529555 | L1: 0.771190 | L2: 0.758653 | L3: 0.758401 | lrm: 0.49 | dt: 3427.52ms | tok/sec: 152,964 | mfu: 39.83 | epoch: 1 | total time: 3.14m
step 00066 (1.50%) | K: 3 | loss: 1.522144 | L1: 0.767284 | L2: 0.755113 | L3: 0.754898 | lrm: 0.50 | dt: 3435.09ms | tok/sec: 152,626 | mfu: 39.75 | epoch: 1 | total time: 3.20m
step 00067 (1.52%) | K: 3 | loss: 1.508876 | L1: 0.760575 | L2: 0.748538 | L3: 0.748324 | lrm: 0.51 | dt: 3434.04ms | tok/sec: 152,673 | mfu: 39.76 | epoch: 1 | total time: 3.26m
step 00068 (1.54%) | K: 3 | loss: 1.501668 | L1: 0.756928 | L2: 0.744953 | L3: 0.744759 | lrm: 0.51 | dt: 3431.15ms | tok/sec: 152,802 | mfu: 39.79 | epoch: 1 | total time: 3.32m
step 00069 (1.56%) | K: 3 | loss: 1.493195 | L1: 0.752592 | L2: 0.740809 | L3: 0.740606 | lrm: 0.52 | dt: 3433.74ms | tok/sec: 152,686 | mfu: 39.76 | epoch: 1 | total time: 3.37m
step 00070 (1.58%) | K: 3 | loss: 1.482856 | L1: 0.747397 | L2: 0.735652 | L3: 0.735452 | lrm: 0.53 | dt: 3436.52ms | tok/sec: 152,563 | mfu: 39.73 | epoch: 1 | total time: 3.43m
step 00071 (1.61%) | K: 3 | loss: 1.477485 | L1: 0.744620 | L2: 0.733034 | L3: 0.732861 | lrm: 0.54 | dt: 3439.82ms | tok/sec: 152,417 | mfu: 39.69 | epoch: 1 | total time: 3.49m
step 00072 (1.63%) | K: 3 | loss: 1.473652 | L1: 0.742662 | L2: 0.731158 | L3: 0.730972 | lrm: 0.54 | dt: 3441.65ms | tok/sec: 152,336 | mfu: 39.67 | epoch: 1 | total time: 3.54m
step 00073 (1.65%) | K: 3 | loss: 1.468417 | L1: 0.739985 | L2: 0.728591 | L3: 0.728408 | lrm: 0.55 | dt: 3444.21ms | tok/sec: 152,222 | mfu: 39.64 | epoch: 1 | total time: 3.60m
step 00074 (1.68%) | K: 3 | loss: 1.455994 | L1: 0.733738 | L2: 0.722397 | L3: 0.722236 | lrm: 0.56 | dt: 3440.25ms | tok/sec: 152,398 | mfu: 39.69 | epoch: 1 | total time: 3.66m
step 00075 (1.70%) | K: 3 | loss: 1.440108 | L1: 0.725638 | L2: 0.714600 | L3: 0.714448 | lrm: 0.57 | dt: 3440.68ms | tok/sec: 152,379 | mfu: 39.68 | epoch: 1 | total time: 3.72m
step 00076 (1.72%) | K: 3 | loss: 1.432789 | L1: 0.722014 | L2: 0.710906 | L3: 0.710741 | lrm: 0.57 | dt: 3440.31ms | tok/sec: 152,395 | mfu: 39.69 | epoch: 1 | total time: 3.77m
step 00077 (1.74%) | K: 3 | loss: 1.426431 | L1: 0.718772 | L2: 0.707803 | L3: 0.707600 | lrm: 0.58 | dt: 3441.19ms | tok/sec: 152,356 | mfu: 39.68 | epoch: 1 | total time: 3.83m
step 00078 (1.77%) | K: 3 | loss: 1.415295 | L1: 0.713149 | L2: 0.702275 | L3: 0.702094 | lrm: 0.59 | dt: 3435.66ms | tok/sec: 152,601 | mfu: 39.74 | epoch: 1 | total time: 3.89m
step 00079 (1.79%) | K: 3 | loss: 1.408083 | L1: 0.709527 | L2: 0.698693 | L3: 0.698488 | lrm: 0.60 | dt: 3433.14ms | tok/sec: 152,713 | mfu: 39.77 | epoch: 1 | total time: 3.95m
step 00080 (1.81%) | K: 3 | loss: 1.404371 | L1: 0.707657 | L2: 0.696841 | L3: 0.696647 | lrm: 0.60 | dt: 3428.01ms | tok/sec: 152,942 | mfu: 39.83 | epoch: 1 | total time: 4.00m
step 00081 (1.84%) | K: 3 | loss: 1.404511 | L1: 0.707720 | L2: 0.696926 | L3: 0.696713 | lrm: 0.61 | dt: 3429.85ms | tok/sec: 152,860 | mfu: 39.81 | epoch: 1 | total time: 4.06m
step 00082 (1.86%) | K: 3 | loss: 1.391780 | L1: 0.701324 | L2: 0.690580 | L3: 0.690381 | lrm: 0.62 | dt: 3427.19ms | tok/sec: 152,979 | mfu: 39.84 | epoch: 1 | total time: 4.12m
step 00083 (1.88%) | K: 3 | loss: 1.382200 | L1: 0.696528 | L2: 0.685795 | L3: 0.685592 | lrm: 0.63 | dt: 3426.22ms | tok/sec: 153,022 | mfu: 39.85 | epoch: 1 | total time: 4.17m
step 00084 (1.90%) | K: 3 | loss: 1.376061 | L1: 0.693434 | L2: 0.682752 | L3: 0.682542 | lrm: 0.63 | dt: 3431.66ms | tok/sec: 152,779 | mfu: 39.79 | epoch: 1 | total time: 4.23m
step 00085 (1.93%) | K: 3 | loss: 1.363436 | L1: 0.687118 | L2: 0.676442 | L3: 0.676229 | lrm: 0.64 | dt: 3430.89ms | tok/sec: 152,814 | mfu: 39.80 | epoch: 1 | total time: 4.29m
step 00086 (1.95%) | K: 3 | loss: 1.357638 | L1: 0.684217 | L2: 0.673544 | L3: 0.673330 | lrm: 0.65 | dt: 3429.94ms | tok/sec: 152,856 | mfu: 39.81 | epoch: 1 | total time: 4.35m
step 00087 (1.97%) | K: 3 | loss: 1.354181 | L1: 0.682435 | L2: 0.671865 | L3: 0.671655 | lrm: 0.66 | dt: 3433.24ms | tok/sec: 152,709 | mfu: 39.77 | epoch: 1 | total time: 4.40m
step 00088 (2.00%) | K: 3 | loss: 1.347664 | L1: 0.679139 | L2: 0.668651 | L3: 0.668424 | lrm: 0.67 | dt: 3426.81ms | tok/sec: 152,995 | mfu: 39.84 | epoch: 1 | total time: 4.46m
step 00089 (2.02%) | K: 3 | loss: 1.341252 | L1: 0.675830 | L2: 0.665541 | L3: 0.665324 | lrm: 0.67 | dt: 3435.63ms | tok/sec: 152,602 | mfu: 39.74 | epoch: 1 | total time: 4.52m
step 00090 (2.04%) | K: 3 | loss: 1.333531 | L1: 0.671976 | L2: 0.661658 | L3: 0.661471 | lrm: 0.68 | dt: 3432.10ms | tok/sec: 152,759 | mfu: 39.78 | epoch: 1 | total time: 4.57m
step 00091 (2.07%) | K: 3 | loss: 1.328114 | L1: 0.669260 | L2: 0.658969 | L3: 0.658757 | lrm: 0.69 | dt: 3435.77ms | tok/sec: 152,596 | mfu: 39.74 | epoch: 1 | total time: 4.63m
step 00092 (2.09%) | K: 3 | loss: 1.318845 | L1: 0.664552 | L2: 0.654400 | L3: 0.654201 | lrm: 0.70 | dt: 3439.04ms | tok/sec: 152,451 | mfu: 39.70 | epoch: 1 | total time: 4.69m
step 00093 (2.11%) | K: 3 | loss: 1.314873 | L1: 0.662519 | L2: 0.652466 | L3: 0.652257 | lrm: 0.70 | dt: 3440.79ms | tok/sec: 152,374 | mfu: 39.68 | epoch: 1 | total time: 4.75m
step 00094 (2.13%) | K: 3 | loss: 1.304017 | L1: 0.657087 | L2: 0.647041 | L3: 0.646831 | lrm: 0.71 | dt: 3441.56ms | tok/sec: 152,340 | mfu: 39.67 | epoch: 1 | total time: 4.80m
step 00095 (2.16%) | K: 3 | loss: 1.296810 | L1: 0.653472 | L2: 0.643452 | L3: 0.643235 | lrm: 0.72 | dt: 3441.04ms | tok/sec: 152,363 | mfu: 39.68 | epoch: 1 | total time: 4.86m
step 00096 (2.18%) | K: 3 | loss: 1.293605 | L1: 0.651863 | L2: 0.641858 | L3: 0.641638 | lrm: 0.73 | dt: 3440.82ms | tok/sec: 152,373 | mfu: 39.68 | epoch: 1 | total time: 4.92m
step 00097 (2.20%) | K: 3 | loss: 1.284723 | L1: 0.647415 | L2: 0.637424 | L3: 0.637202 | lrm: 0.73 | dt: 3439.50ms | tok/sec: 152,431 | mfu: 39.70 | epoch: 1 | total time: 4.98m
step 00098 (2.23%) | K: 3 | loss: 1.277994 | L1: 0.643988 | L2: 0.634117 | L3: 0.633903 | lrm: 0.74 | dt: 3434.13ms | tok/sec: 152,669 | mfu: 39.76 | epoch: 1 | total time: 5.03m
step 00099 (2.25%) | K: 3 | loss: 1.273853 | L1: 0.641886 | L2: 0.632084 | L3: 0.631857 | lrm: 0.75 | dt: 3435.72ms | tok/sec: 152,599 | mfu: 39.74 | epoch: 1 | total time: 5.09m
step 00100 (2.27%) | K: 3 | loss: 1.273930 | L1: 0.641942 | L2: 0.632115 | L3: 0.631868 | lrm: 0.76 | dt: 3432.67ms | tok/sec: 152,734 | mfu: 39.77 | epoch: 1 | total time: 5.15m
step 00101 (2.29%) | K: 3 | loss: 1.269245 | L1: 0.639557 | L2: 0.629814 | L3: 0.629568 | lrm: 0.76 | dt: 3426.83ms | tok/sec: 152,995 | mfu: 39.84 | epoch: 1 | total time: 5.20m
step 00102 (2.32%) | K: 3 | loss: 1.261006 | L1: 0.635424 | L2: 0.625711 | L3: 0.625457 | lrm: 0.77 | dt: 3432.14ms | tok/sec: 152,758 | mfu: 39.78 | epoch: 1 | total time: 5.26m
step 00103 (2.34%) | K: 3 | loss: 1.256782 | L1: 0.633342 | L2: 0.623563 | L3: 0.623323 | lrm: 0.78 | dt: 3432.43ms | tok/sec: 152,745 | mfu: 39.78 | epoch: 1 | total time: 5.32m
step 00104 (2.36%) | K: 3 | loss: 1.252086 | L1: 0.630946 | L2: 0.621263 | L3: 0.621021 | lrm: 0.79 | dt: 3432.45ms | tok/sec: 152,744 | mfu: 39.78 | epoch: 1 | total time: 5.38m
step 00105 (2.39%) | K: 3 | loss: 1.249597 | L1: 0.629765 | L2: 0.619953 | L3: 0.619716 | lrm: 0.80 | dt: 3435.06ms | tok/sec: 152,628 | mfu: 39.75 | epoch: 1 | total time: 5.43m
step 00106 (2.41%) | K: 3 | loss: 1.244503 | L1: 0.627167 | L2: 0.617451 | L3: 0.617224 | lrm: 0.80 | dt: 3431.64ms | tok/sec: 152,780 | mfu: 39.79 | epoch: 1 | total time: 5.49m
step 00107 (2.43%) | K: 3 | loss: 1.235700 | L1: 0.622747 | L2: 0.613072 | L3: 0.612837 | lrm: 0.81 | dt: 3437.59ms | tok/sec: 152,516 | mfu: 39.72 | epoch: 1 | total time: 5.55m
step 00108 (2.46%) | K: 3 | loss: 1.234233 | L1: 0.621968 | L2: 0.612378 | L3: 0.612155 | lrm: 0.82 | dt: 3437.28ms | tok/sec: 152,529 | mfu: 39.72 | epoch: 1 | total time: 5.61m
step 00109 (2.48%) | K: 3 | loss: 1.231876 | L1: 0.620762 | L2: 0.611235 | L3: 0.610996 | lrm: 0.83 | dt: 3434.71ms | tok/sec: 152,643 | mfu: 39.75 | epoch: 1 | total time: 5.66m
step 00110 (2.50%) | K: 3 | loss: 1.231753 | L1: 0.620721 | L2: 0.611140 | L3: 0.610926 | lrm: 0.83 | dt: 3435.59ms | tok/sec: 152,605 | mfu: 39.74 | epoch: 1 | total time: 5.72m
step 00111 (2.52%) | K: 3 | loss: 1.232861 | L1: 0.621255 | L2: 0.611716 | L3: 0.611498 | lrm: 0.84 | dt: 3435.53ms | tok/sec: 152,607 | mfu: 39.74 | epoch: 1 | total time: 5.78m
step 00112 (2.55%) | K: 3 | loss: 1.228344 | L1: 0.618927 | L2: 0.609526 | L3: 0.609310 | lrm: 0.85 | dt: 3436.22ms | tok/sec: 152,577 | mfu: 39.73 | epoch: 1 | total time: 5.83m
step 00113 (2.57%) | K: 3 | loss: 1.227774 | L1: 0.618670 | L2: 0.609209 | L3: 0.609001 | lrm: 0.86 | dt: 3438.47ms | tok/sec: 152,477 | mfu: 39.71 | epoch: 1 | total time: 5.89m
step 00114 (2.59%) | K: 3 | loss: 1.223585 | L1: 0.616519 | L2: 0.607159 | L3: 0.606973 | lrm: 0.86 | dt: 3439.20ms | tok/sec: 152,444 | mfu: 39.70 | epoch: 1 | total time: 5.95m
step 00115 (2.61%) | K: 3 | loss: 1.226470 | L1: 0.617935 | L2: 0.608623 | L3: 0.608450 | lrm: 0.87 | dt: 3432.60ms | tok/sec: 152,738 | mfu: 39.78 | epoch: 1 | total time: 6.01m
step 00116 (2.64%) | K: 3 | loss: 1.223876 | L1: 0.616683 | L2: 0.607293 | L3: 0.607094 | lrm: 0.88 | dt: 3435.29ms | tok/sec: 152,618 | mfu: 39.74 | epoch: 1 | total time: 6.06m
step 00117 (2.66%) | K: 3 | loss: 1.215716 | L1: 0.612596 | L2: 0.603225 | L3: 0.603017 | lrm: 0.89 | dt: 3433.36ms | tok/sec: 152,704 | mfu: 39.77 | epoch: 1 | total time: 6.12m
step 00118 (2.68%) | K: 3 | loss: 1.209570 | L1: 0.609443 | L2: 0.600218 | L3: 0.600037 | lrm: 0.89 | dt: 3438.32ms | tok/sec: 152,483 | mfu: 39.71 | epoch: 1 | total time: 6.18m
step 00119 (2.70%) | K: 3 | loss: 1.206643 | L1: 0.607915 | L2: 0.598821 | L3: 0.598637 | lrm: 0.90 | dt: 3439.93ms | tok/sec: 152,412 | mfu: 39.69 | epoch: 1 | total time: 6.24m
step 00120 (2.73%) | K: 3 | loss: 1.207057 | L1: 0.608094 | L2: 0.599052 | L3: 0.598874 | lrm: 0.91 | dt: 3439.03ms | tok/sec: 152,452 | mfu: 39.70 | epoch: 1 | total time: 6.29m
step 00121 (2.75%) | K: 3 | loss: 1.207084 | L1: 0.608110 | L2: 0.599061 | L3: 0.598889 | lrm: 0.92 | dt: 3437.78ms | tok/sec: 152,507 | mfu: 39.72 | epoch: 1 | total time: 6.35m
step 00122 (2.77%) | K: 3 | loss: 1.209982 | L1: 0.609527 | L2: 0.600539 | L3: 0.600370 | lrm: 0.92 | dt: 3438.33ms | tok/sec: 152,483 | mfu: 39.71 | epoch: 1 | total time: 6.41m
step 00123 (2.80%) | K: 3 | loss: 1.204550 | L1: 0.606749 | L2: 0.597886 | L3: 0.597716 | lrm: 0.93 | dt: 3436.29ms | tok/sec: 152,573 | mfu: 39.73 | epoch: 1 | total time: 6.46m
step 00124 (2.82%) | K: 3 | loss: 1.205658 | L1: 0.607284 | L2: 0.598459 | L3: 0.598289 | lrm: 0.94 | dt: 3439.42ms | tok/sec: 152,435 | mfu: 39.70 | epoch: 1 | total time: 6.52m
step 00125 (2.84%) | K: 3 | loss: 1.196769 | L1: 0.602859 | L2: 0.593995 | L3: 0.593825 | lrm: 0.95 | dt: 3433.75ms | tok/sec: 152,686 | mfu: 39.76 | epoch: 1 | total time: 6.58m
step 00126 (2.86%) | K: 3 | loss: 1.188873 | L1: 0.598939 | L2: 0.590036 | L3: 0.589833 | lrm: 0.95 | dt: 3439.16ms | tok/sec: 152,446 | mfu: 39.70 | epoch: 1 | total time: 6.64m
step 00127 (2.89%) | K: 3 | loss: 1.182636 | L1: 0.595826 | L2: 0.586925 | L3: 0.586694 | lrm: 0.96 | dt: 3439.36ms | tok/sec: 152,437 | mfu: 39.70 | epoch: 1 | total time: 6.69m
step 00128 (2.91%) | K: 3 | loss: 1.180982 | L1: 0.595034 | L2: 0.586057 | L3: 0.585839 | lrm: 0.97 | dt: 3441.30ms | tok/sec: 152,351 | mfu: 39.68 | epoch: 1 | total time: 6.75m
step 00129 (2.93%) | K: 3 | loss: 1.178579 | L1: 0.593822 | L2: 0.584866 | L3: 0.584648 | lrm: 0.98 | dt: 3436.45ms | tok/sec: 152,566 | mfu: 39.73 | epoch: 1 | total time: 6.81m
step 00130 (2.96%) | K: 3 | loss: 1.175986 | L1: 0.592465 | L2: 0.583633 | L3: 0.583408 | lrm: 0.99 | dt: 3439.81ms | tok/sec: 152,417 | mfu: 39.69 | epoch: 1 | total time: 6.87m
step 00131 (2.98%) | K: 3 | loss: 1.174108 | L1: 0.591539 | L2: 0.582690 | L3: 0.582449 | lrm: 0.99 | dt: 3436.87ms | tok/sec: 152,548 | mfu: 39.73 | epoch: 1 | total time: 6.92m
step 00132 (3.00%) | K: 3 | loss: 1.171979 | L1: 0.590486 | L2: 0.581613 | L3: 0.581375 | lrm: 1.00 | dt: 3438.98ms | tok/sec: 152,454 | mfu: 39.70 | epoch: 1 | total time: 6.98m
step 00133 (3.03%) | K: 3 | loss: 1.173301 | L1: 0.591156 | L2: 0.582260 | L3: 0.582031 | lrm: 1.00 | dt: 3440.07ms | tok/sec: 152,406 | mfu: 39.69 | epoch: 1 | total time: 7.04m
step 00134 (3.05%) | K: 3 | loss: 1.170930 | L1: 0.589924 | L2: 0.581115 | L3: 0.580897 | lrm: 1.00 | dt: 3438.25ms | tok/sec: 152,487 | mfu: 39.71 | epoch: 1 | total time: 7.09m
step 00135 (3.07%) | K: 3 | loss: 1.168462 | L1: 0.588747 | L2: 0.579821 | L3: 0.579609 | lrm: 1.00 | dt: 3441.52ms | tok/sec: 152,341 | mfu: 39.67 | epoch: 1 | total time: 7.15m
step 00136 (3.10%) | K: 3 | loss: 1.160813 | L1: 0.584933 | L2: 0.575991 | L3: 0.575768 | lrm: 1.00 | dt: 3442.23ms | tok/sec: 152,310 | mfu: 39.66 | epoch: 1 | total time: 7.21m
step 00137 (3.12%) | K: 3 | loss: 1.159605 | L1: 0.584374 | L2: 0.575336 | L3: 0.575126 | lrm: 1.00 | dt: 3436.78ms | tok/sec: 152,552 | mfu: 39.73 | epoch: 1 | total time: 7.27m
step 00138 (3.14%) | K: 3 | loss: 1.157542 | L1: 0.583334 | L2: 0.574312 | L3: 0.574105 | lrm: 1.00 | dt: 3437.13ms | tok/sec: 152,536 | mfu: 39.72 | epoch: 1 | total time: 7.32m
step 00139 (3.17%) | K: 3 | loss: 1.155956 | L1: 0.582533 | L2: 0.573520 | L3: 0.573327 | lrm: 1.00 | dt: 3432.79ms | tok/sec: 152,729 | mfu: 39.77 | epoch: 1 | total time: 7.38m
step 00140 (3.19%) | K: 3 | loss: 1.148613 | L1: 0.578860 | L2: 0.569856 | L3: 0.569648 | lrm: 1.00 | dt: 3439.75ms | tok/sec: 152,420 | mfu: 39.69 | epoch: 1 | total time: 7.44m
step 00141 (3.21%) | K: 3 | loss: 1.144869 | L1: 0.576986 | L2: 0.567999 | L3: 0.567766 | lrm: 1.00 | dt: 3437.96ms | tok/sec: 152,499 | mfu: 39.71 | epoch: 1 | total time: 7.50m
step 00142 (3.23%) | K: 3 | loss: 1.143737 | L1: 0.576378 | L2: 0.567473 | L3: 0.567246 | lrm: 1.00 | dt: 3440.26ms | tok/sec: 152,397 | mfu: 39.69 | epoch: 1 | total time: 7.55m
step 00143 (3.25%) | K: 3 | loss: 1.142538 | L1: 0.575795 | L2: 0.566856 | L3: 0.566631 | lrm: 1.00 | dt: 3438.54ms | tok/sec: 152,474 | mfu: 39.71 | epoch: 1 | total time: 7.61m
step 00144 (3.28%) | K: 3 | loss: 1.138980 | L1: 0.574000 | L2: 0.565097 | L3: 0.564863 | lrm: 1.00 | dt: 3442.36ms | tok/sec: 152,304 | mfu: 39.66 | epoch: 1 | total time: 7.67m
step 00145 (3.30%) | K: 3 | loss: 1.140159 | L1: 0.574604 | L2: 0.565679 | L3: 0.565432 | lrm: 1.00 | dt: 3436.59ms | tok/sec: 152,560 | mfu: 39.73 | epoch: 1 | total time: 7.73m
step 00146 (3.32%) | K: 3 | loss: 1.136357 | L1: 0.572669 | L2: 0.563813 | L3: 0.563563 | lrm: 1.00 | dt: 3437.71ms | tok/sec: 152,510 | mfu: 39.72 | epoch: 1 | total time: 7.78m
step 00147 (3.35%) | K: 3 | loss: 1.133650 | L1: 0.571325 | L2: 0.562442 | L3: 0.562208 | lrm: 1.00 | dt: 3437.94ms | tok/sec: 152,500 | mfu: 39.71 | epoch: 1 | total time: 7.84m
step 00148 (3.37%) | K: 3 | loss: 1.127130 | L1: 0.568025 | L2: 0.559223 | L3: 0.558988 | lrm: 1.00 | dt: 3436.39ms | tok/sec: 152,569 | mfu: 39.73 | epoch: 1 | total time: 7.90m
step 00149 (3.39%) | K: 3 | loss: 1.125615 | L1: 0.567236 | L2: 0.558495 | L3: 0.558263 | lrm: 1.00 | dt: 3443.86ms | tok/sec: 152,238 | mfu: 39.65 | epoch: 1 | total time: 7.95m
step 00150 (3.41%) | K: 3 | loss: 1.123758 | L1: 0.566335 | L2: 0.557544 | L3: 0.557303 | lrm: 1.00 | dt: 3443.30ms | tok/sec: 152,263 | mfu: 39.65 | epoch: 1 | total time: 8.01m
step 00151 (3.44%) | K: 3 | loss: 1.114690 | L1: 0.561758 | L2: 0.553050 | L3: 0.552814 | lrm: 1.00 | dt: 3445.17ms | tok/sec: 152,180 | mfu: 39.63 | epoch: 1 | total time: 8.07m
step 00152 (3.46%) | K: 3 | loss: 1.112779 | L1: 0.560781 | L2: 0.552113 | L3: 0.551884 | lrm: 1.00 | dt: 3445.01ms | tok/sec: 152,187 | mfu: 39.63 | epoch: 1 | total time: 8.13m
step 00153 (3.48%) | K: 3 | loss: 1.112047 | L1: 0.560416 | L2: 0.551738 | L3: 0.551523 | lrm: 1.00 | dt: 3441.00ms | tok/sec: 152,365 | mfu: 39.68 | epoch: 1 | total time: 8.18m
step 00154 (3.51%) | K: 3 | loss: 1.105642 | L1: 0.557205 | L2: 0.548534 | L3: 0.548340 | lrm: 1.00 | dt: 3442.46ms | tok/sec: 152,300 | mfu: 39.66 | epoch: 1 | total time: 8.24m
step 00155 (3.53%) | K: 3 | loss: 1.102389 | L1: 0.555609 | L2: 0.546885 | L3: 0.546675 | lrm: 1.00 | dt: 3438.19ms | tok/sec: 152,489 | mfu: 39.71 | epoch: 1 | total time: 8.30m
step 00156 (3.55%) | K: 3 | loss: 1.104237 | L1: 0.556506 | L2: 0.547843 | L3: 0.547620 | lrm: 1.00 | dt: 3439.38ms | tok/sec: 152,436 | mfu: 39.70 | epoch: 1 | total time: 8.36m
step 00157 (3.57%) | K: 3 | loss: 1.100818 | L1: 0.554764 | L2: 0.546160 | L3: 0.545948 | lrm: 1.00 | dt: 3432.28ms | tok/sec: 152,752 | mfu: 39.78 | epoch: 1 | total time: 8.41m
step 00158 (3.60%) | K: 3 | loss: 1.098309 | L1: 0.553469 | L2: 0.544945 | L3: 0.544733 | lrm: 1.00 | dt: 3437.47ms | tok/sec: 152,521 | mfu: 39.72 | epoch: 1 | total time: 8.47m
step 00159 (3.62%) | K: 3 | loss: 1.101578 | L1: 0.555134 | L2: 0.546544 | L3: 0.546345 | lrm: 1.00 | dt: 3435.67ms | tok/sec: 152,601 | mfu: 39.74 | epoch: 1 | total time: 8.53m
step 00160 (3.64%) | K: 3 | loss: 1.097331 | L1: 0.552990 | L2: 0.544440 | L3: 0.544241 | lrm: 1.00 | dt: 3437.52ms | tok/sec: 152,519 | mfu: 39.72 | epoch: 1 | total time: 8.59m
step 00161 (3.66%) | K: 3 | loss: 1.099315 | L1: 0.554024 | L2: 0.545386 | L3: 0.545197 | lrm: 1.00 | dt: 3437.65ms | tok/sec: 152,513 | mfu: 39.72 | epoch: 1 | total time: 8.64m
step 00162 (3.69%) | K: 3 | loss: 1.099488 | L1: 0.554095 | L2: 0.545489 | L3: 0.545297 | lrm: 1.00 | dt: 3437.00ms | tok/sec: 152,542 | mfu: 39.72 | epoch: 1 | total time: 8.70m
step 00163 (3.71%) | K: 3 | loss: 1.097056 | L1: 0.552833 | L2: 0.544311 | L3: 0.544134 | lrm: 1.00 | dt: 3438.21ms | tok/sec: 152,488 | mfu: 39.71 | epoch: 1 | total time: 8.76m
step 00164 (3.73%) | K: 3 | loss: 1.093076 | L1: 0.550786 | L2: 0.542385 | L3: 0.542194 | lrm: 1.00 | dt: 3445.90ms | tok/sec: 152,148 | mfu: 39.62 | epoch: 1 | total time: 8.81m
step 00165 (3.76%) | K: 3 | loss: 1.092356 | L1: 0.550375 | L2: 0.542065 | L3: 0.541898 | lrm: 1.00 | dt: 3444.51ms | tok/sec: 152,209 | mfu: 39.64 | epoch: 1 | total time: 8.87m
step 00166 (3.78%) | K: 3 | loss: 1.089830 | L1: 0.549051 | L2: 0.540855 | L3: 0.540703 | lrm: 1.00 | dt: 3446.90ms | tok/sec: 152,104 | mfu: 39.61 | epoch: 1 | total time: 8.93m
step 00167 (3.80%) | K: 3 | loss: 1.087888 | L1: 0.548064 | L2: 0.539891 | L3: 0.539758 | lrm: 1.00 | dt: 3442.65ms | tok/sec: 152,291 | mfu: 39.66 | epoch: 1 | total time: 8.99m
step 00168 (3.82%) | K: 3 | loss: 1.083004 | L1: 0.545616 | L2: 0.537458 | L3: 0.537318 | lrm: 1.00 | dt: 3438.68ms | tok/sec: 152,467 | mfu: 39.71 | epoch: 1 | total time: 9.04m
step 00169 (3.84%) | K: 3 | loss: 1.084408 | L1: 0.546310 | L2: 0.538168 | L3: 0.538028 | lrm: 1.00 | dt: 3441.11ms | tok/sec: 152,360 | mfu: 39.68 | epoch: 1 | total time: 9.10m
step 00170 (3.87%) | K: 3 | loss: 1.087948 | L1: 0.548138 | L2: 0.539888 | L3: 0.539732 | lrm: 1.00 | dt: 3438.84ms | tok/sec: 152,460 | mfu: 39.70 | epoch: 1 | total time: 9.16m
step 00171 (3.89%) | K: 3 | loss: 1.082649 | L1: 0.545468 | L2: 0.537252 | L3: 0.537110 | lrm: 1.00 | dt: 3433.05ms | tok/sec: 152,718 | mfu: 39.77 | epoch: 1 | total time: 9.22m
step 00172 (3.91%) | K: 3 | loss: 1.082068 | L1: 0.545143 | L2: 0.537005 | L3: 0.536846 | lrm: 1.00 | dt: 3434.07ms | tok/sec: 152,672 | mfu: 39.76 | epoch: 1 | total time: 9.27m
step 00173 (3.93%) | K: 3 | loss: 1.081810 | L1: 0.545003 | L2: 0.536886 | L3: 0.536728 | lrm: 1.00 | dt: 3433.35ms | tok/sec: 152,704 | mfu: 39.77 | epoch: 1 | total time: 9.33m
step 00174 (3.96%) | K: 3 | loss: 1.075970 | L1: 0.542103 | L2: 0.533954 | L3: 0.533780 | lrm: 1.00 | dt: 3436.40ms | tok/sec: 152,568 | mfu: 39.73 | epoch: 1 | total time: 9.39m
step 00175 (3.98%) | K: 3 | loss: 1.073488 | L1: 0.540915 | L2: 0.532650 | L3: 0.532496 | lrm: 1.00 | dt: 3435.34ms | tok/sec: 152,616 | mfu: 39.74 | epoch: 1 | total time: 9.44m
step 00176 (4.00%) | K: 3 | loss: 1.069344 | L1: 0.538802 | L2: 0.530626 | L3: 0.530457 | lrm: 1.00 | dt: 3435.58ms | tok/sec: 152,605 | mfu: 39.74 | epoch: 1 | total time: 9.50m
step 00177 (4.03%) | K: 3 | loss: 1.064326 | L1: 0.536317 | L2: 0.528104 | L3: 0.527914 | lrm: 1.00 | dt: 3436.89ms | tok/sec: 152,547 | mfu: 39.73 | epoch: 1 | total time: 9.56m
step 00178 (4.05%) | K: 3 | loss: 1.059509 | L1: 0.533858 | L2: 0.525755 | L3: 0.525547 | lrm: 1.00 | dt: 3437.77ms | tok/sec: 152,508 | mfu: 39.72 | epoch: 1 | total time: 9.62m
step 00179 (4.07%) | K: 3 | loss: 1.054249 | L1: 0.531218 | L2: 0.523130 | L3: 0.522931 | lrm: 1.00 | dt: 3441.62ms | tok/sec: 152,337 | mfu: 39.67 | epoch: 1 | total time: 9.67m
step 00180 (4.09%) | K: 3 | loss: 1.050180 | L1: 0.529176 | L2: 0.521101 | L3: 0.520906 | lrm: 1.00 | dt: 3446.61ms | tok/sec: 152,117 | mfu: 39.61 | epoch: 1 | total time: 9.73m
step 00181 (4.11%) | K: 3 | loss: 1.045806 | L1: 0.526996 | L2: 0.518907 | L3: 0.518713 | lrm: 1.00 | dt: 3443.22ms | tok/sec: 152,266 | mfu: 39.65 | epoch: 1 | total time: 9.79m
step 00182 (4.14%) | K: 3 | loss: 1.040573 | L1: 0.524358 | L2: 0.516310 | L3: 0.516121 | lrm: 1.00 | dt: 3443.81ms | tok/sec: 152,240 | mfu: 39.65 | epoch: 1 | total time: 9.85m
step 00183 (4.16%) | K: 3 | loss: 1.041903 | L1: 0.525016 | L2: 0.516970 | L3: 0.516803 | lrm: 1.00 | dt: 3445.92ms | tok/sec: 152,147 | mfu: 39.62 | epoch: 1 | total time: 9.90m
step 00184 (4.18%) | K: 3 | loss: 1.038013 | L1: 0.523059 | L2: 0.515040 | L3: 0.514867 | lrm: 1.00 | dt: 3446.13ms | tok/sec: 152,138 | mfu: 39.62 | epoch: 1 | total time: 9.96m
step 00185 (4.21%) | K: 3 | loss: 1.038293 | L1: 0.523168 | L2: 0.515198 | L3: 0.515053 | lrm: 1.00 | dt: 3439.99ms | tok/sec: 152,409 | mfu: 39.69 | epoch: 1 | total time: 10.02m
step 00186 (4.23%) | K: 3 | loss: 1.033116 | L1: 0.520596 | L2: 0.512590 | L3: 0.512449 | lrm: 1.00 | dt: 3443.10ms | tok/sec: 152,272 | mfu: 39.65 | epoch: 1 | total time: 10.08m
step 00187 (4.25%) | K: 3 | loss: 1.035511 | L1: 0.521815 | L2: 0.513770 | L3: 0.513622 | lrm: 1.00 | dt: 3433.79ms | tok/sec: 152,684 | mfu: 39.76 | epoch: 1 | total time: 10.13m
step 00188 (4.28%) | K: 3 | loss: 1.033582 | L1: 0.520898 | L2: 0.512757 | L3: 0.512610 | lrm: 1.00 | dt: 3432.79ms | tok/sec: 152,729 | mfu: 39.77 | epoch: 1 | total time: 10.19m
step 00189 (4.30%) | K: 3 | loss: 1.035175 | L1: 0.521690 | L2: 0.513558 | L3: 0.513413 | lrm: 1.00 | dt: 3436.46ms | tok/sec: 152,566 | mfu: 39.73 | epoch: 1 | total time: 10.25m
step 00190 (4.32%) | K: 3 | loss: 1.043072 | L1: 0.525662 | L2: 0.517491 | L3: 0.517330 | lrm: 1.00 | dt: 3434.72ms | tok/sec: 152,643 | mfu: 39.75 | epoch: 1 | total time: 10.30m
step 00191 (4.34%) | K: 3 | loss: 1.037783 | L1: 0.523011 | L2: 0.514858 | L3: 0.514687 | lrm: 1.00 | dt: 3433.40ms | tok/sec: 152,702 | mfu: 39.77 | epoch: 1 | total time: 10.36m
step 00192 (4.37%) | K: 3 | loss: 1.036185 | L1: 0.522265 | L2: 0.514013 | L3: 0.513827 | lrm: 1.00 | dt: 3436.16ms | tok/sec: 152,579 | mfu: 39.73 | epoch: 1 | total time: 10.42m
step 00193 (4.39%) | K: 3 | loss: 1.035810 | L1: 0.522080 | L2: 0.513829 | L3: 0.513631 | lrm: 1.00 | dt: 3437.52ms | tok/sec: 152,519 | mfu: 39.72 | epoch: 1 | total time: 10.48m
step 00194 (4.41%) | K: 3 | loss: 1.035620 | L1: 0.521935 | L2: 0.513786 | L3: 0.513584 | lrm: 1.00 | dt: 3440.53ms | tok/sec: 152,385 | mfu: 39.68 | epoch: 1 | total time: 10.53m
step 00195 (4.44%) | K: 3 | loss: 1.037073 | L1: 0.522635 | L2: 0.514529 | L3: 0.514347 | lrm: 1.00 | dt: 3441.23ms | tok/sec: 152,354 | mfu: 39.68 | epoch: 1 | total time: 10.59m
step 00196 (4.46%) | K: 3 | loss: 1.032156 | L1: 0.520214 | L2: 0.512031 | L3: 0.511853 | lrm: 1.00 | dt: 3442.80ms | tok/sec: 152,285 | mfu: 39.66 | epoch: 1 | total time: 10.65m
step 00197 (4.48%) | K: 3 | loss: 1.031010 | L1: 0.519572 | L2: 0.511520 | L3: 0.511355 | lrm: 1.00 | dt: 3445.07ms | tok/sec: 152,185 | mfu: 39.63 | epoch: 1 | total time: 10.71m
step 00198 (4.50%) | K: 3 | loss: 1.029574 | L1: 0.518865 | L2: 0.510785 | L3: 0.510632 | lrm: 1.00 | dt: 3441.82ms | tok/sec: 152,328 | mfu: 39.67 | epoch: 1 | total time: 10.76m
step 00199 (4.53%) | K: 3 | loss: 1.030269 | L1: 0.519207 | L2: 0.511137 | L3: 0.510987 | lrm: 1.00 | dt: 3440.50ms | tok/sec: 152,386 | mfu: 39.68 | epoch: 1 | total time: 10.82m
step 00200 (4.55%) | K: 3 | loss: 1.028852 | L1: 0.518456 | L2: 0.510478 | L3: 0.510315 | lrm: 1.00 | dt: 3437.50ms | tok/sec: 152,520 | mfu: 39.72 | epoch: 1 | total time: 10.88m
step 00201 (4.58%) | K: 3 | loss: 1.025752 | L1: 0.516905 | L2: 0.508926 | L3: 0.508769 | lrm: 1.00 | dt: 3438.69ms | tok/sec: 152,467 | mfu: 39.71 | epoch: 1 | total time: 10.94m
step 00202 (4.60%) | K: 3 | loss: 1.028192 | L1: 0.518105 | L2: 0.510168 | L3: 0.510006 | lrm: 1.00 | dt: 3435.58ms | tok/sec: 152,605 | mfu: 39.74 | epoch: 1 | total time: 10.99m
step 00203 (4.62%) | K: 3 | loss: 1.030158 | L1: 0.519015 | L2: 0.511230 | L3: 0.511056 | lrm: 1.00 | dt: 3440.62ms | tok/sec: 152,381 | mfu: 39.68 | epoch: 1 | total time: 11.05m
step 00204 (4.64%) | K: 3 | loss: 1.028990 | L1: 0.518424 | L2: 0.510653 | L3: 0.510478 | lrm: 1.00 | dt: 3440.51ms | tok/sec: 152,386 | mfu: 39.68 | epoch: 1 | total time: 11.11m
step 00205 (4.67%) | K: 3 | loss: 1.025410 | L1: 0.516601 | L2: 0.508899 | L3: 0.508718 | lrm: 1.00 | dt: 3438.02ms | tok/sec: 152,497 | mfu: 39.71 | epoch: 1 | total time: 11.16m
step 00206 (4.69%) | K: 3 | loss: 1.020826 | L1: 0.514301 | L2: 0.506614 | L3: 0.506435 | lrm: 1.00 | dt: 3437.58ms | tok/sec: 152,516 | mfu: 39.72 | epoch: 1 | total time: 11.22m
step 00207 (4.71%) | K: 3 | loss: 1.022316 | L1: 0.515058 | L2: 0.507344 | L3: 0.507173 | lrm: 1.00 | dt: 3433.39ms | tok/sec: 152,702 | mfu: 39.77 | epoch: 1 | total time: 11.28m
step 00208 (4.73%) | K: 3 | loss: 1.019218 | L1: 0.513518 | L2: 0.505786 | L3: 0.505613 | lrm: 1.00 | dt: 3433.85ms | tok/sec: 152,682 | mfu: 39.76 | epoch: 1 | total time: 11.34m
step 00209 (4.76%) | K: 3 | loss: 1.014052 | L1: 0.510925 | L2: 0.503213 | L3: 0.503040 | lrm: 1.00 | dt: 3426.45ms | tok/sec: 153,012 | mfu: 39.85 | epoch: 1 | total time: 11.39m
step 00210 (4.78%) | K: 3 | loss: 1.015241 | L1: 0.511499 | L2: 0.503831 | L3: 0.503654 | lrm: 1.00 | dt: 3430.98ms | tok/sec: 152,809 | mfu: 39.79 | epoch: 1 | total time: 11.45m
step 00211 (4.80%) | K: 3 | loss: 1.010135 | L1: 0.508957 | L2: 0.501279 | L3: 0.501077 | lrm: 1.00 | dt: 3431.66ms | tok/sec: 152,779 | mfu: 39.79 | epoch: 1 | total time: 11.51m
step 00212 (4.82%) | K: 3 | loss: 1.006753 | L1: 0.507265 | L2: 0.499583 | L3: 0.499393 | lrm: 1.00 | dt: 3434.88ms | tok/sec: 152,636 | mfu: 39.75 | epoch: 1 | total time: 11.57m
step 00213 (4.85%) | K: 3 | loss: 1.005552 | L1: 0.506705 | L2: 0.498941 | L3: 0.498754 | lrm: 1.00 | dt: 3436.13ms | tok/sec: 152,580 | mfu: 39.73 | epoch: 1 | total time: 11.62m
step 00214 (4.87%) | K: 3 | loss: 1.008806 | L1: 0.508346 | L2: 0.500552 | L3: 0.500367 | lrm: 1.00 | dt: 3441.21ms | tok/sec: 152,355 | mfu: 39.68 | epoch: 1 | total time: 11.68m
step 00215 (4.89%) | K: 3 | loss: 1.007340 | L1: 0.507623 | L2: 0.499806 | L3: 0.499627 | lrm: 1.00 | dt: 3445.18ms | tok/sec: 152,180 | mfu: 39.63 | epoch: 1 | total time: 11.74m
step 00216 (4.91%) | K: 3 | loss: 1.003942 | L1: 0.505968 | L2: 0.498061 | L3: 0.497887 | lrm: 1.00 | dt: 3444.56ms | tok/sec: 152,207 | mfu: 39.64 | epoch: 1 | total time: 11.79m
step 00217 (4.94%) | K: 3 | loss: 1.002330 | L1: 0.505198 | L2: 0.497214 | L3: 0.497050 | lrm: 1.00 | dt: 3447.13ms | tok/sec: 152,093 | mfu: 39.61 | epoch: 1 | total time: 11.85m
step 00218 (4.96%) | K: 3 | loss: 0.998930 | L1: 0.503502 | L2: 0.495507 | L3: 0.495349 | lrm: 1.00 | dt: 3448.56ms | tok/sec: 152,030 | mfu: 39.59 | epoch: 1 | total time: 11.91m
step 00219 (4.98%) | K: 3 | loss: 0.996073 | L1: 0.502099 | L2: 0.494053 | L3: 0.493895 | lrm: 1.00 | dt: 3446.25ms | tok/sec: 152,133 | mfu: 39.62 | epoch: 1 | total time: 11.97m
step 00220 (5.00%) | K: 3 | loss: 0.991763 | L1: 0.499902 | L2: 0.491938 | L3: 0.491785 | lrm: 1.00 | dt: 3444.42ms | tok/sec: 152,213 | mfu: 39.64 | epoch: 1 | total time: 12.02m
step 00221 (5.03%) | K: 3 | loss: 0.994421 | L1: 0.501272 | L2: 0.493235 | L3: 0.493062 | lrm: 1.00 | dt: 3445.86ms | tok/sec: 152,149 | mfu: 39.62 | epoch: 1 | total time: 12.08m
step 00222 (5.05%) | K: 3 | loss: 0.991862 | L1: 0.500021 | L2: 0.491924 | L3: 0.491758 | lrm: 1.00 | dt: 3444.10ms | tok/sec: 152,228 | mfu: 39.64 | epoch: 1 | total time: 12.14m
step 00223 (5.07%) | K: 3 | loss: 0.995355 | L1: 0.501794 | L2: 0.493648 | L3: 0.493475 | lrm: 1.00 | dt: 3439.61ms | tok/sec: 152,426 | mfu: 39.69 | epoch: 1 | total time: 12.20m
step 00224 (5.10%) | K: 3 | loss: 1.001473 | L1: 0.504824 | L2: 0.496726 | L3: 0.496572 | lrm: 1.00 | dt: 3438.41ms | tok/sec: 152,479 | mfu: 39.71 | epoch: 1 | total time: 12.25m
step 00225 (5.12%) | K: 3 | loss: 1.003302 | L1: 0.505737 | L2: 0.497644 | L3: 0.497485 | lrm: 1.00 | dt: 3433.84ms | tok/sec: 152,682 | mfu: 39.76 | epoch: 1 | total time: 12.31m
step 00226 (5.14%) | K: 3 | loss: 1.002897 | L1: 0.505543 | L2: 0.497440 | L3: 0.497268 | lrm: 1.00 | dt: 3435.04ms | tok/sec: 152,629 | mfu: 39.75 | epoch: 1 | total time: 12.37m
step 00227 (5.17%) | K: 3 | loss: 0.996758 | L1: 0.502461 | L2: 0.494387 | L3: 0.494208 | lrm: 1.00 | dt: 3429.25ms | tok/sec: 152,886 | mfu: 39.81 | epoch: 1 | total time: 12.43m
step 00228 (5.19%) | K: 3 | loss: 0.991866 | L1: 0.500009 | L2: 0.491941 | L3: 0.491773 | lrm: 1.00 | dt: 3428.64ms | tok/sec: 152,914 | mfu: 39.82 | epoch: 1 | total time: 12.48m
step 00229 (5.21%) | K: 3 | loss: 0.994654 | L1: 0.501415 | L2: 0.493322 | L3: 0.493157 | lrm: 1.00 | dt: 3422.07ms | tok/sec: 153,207 | mfu: 39.90 | epoch: 1 | total time: 12.54m
step 00230 (5.23%) | K: 3 | loss: 0.988430 | L1: 0.498246 | L2: 0.490265 | L3: 0.490103 | lrm: 1.00 | dt: 3429.11ms | tok/sec: 152,893 | mfu: 39.82 | epoch: 1 | total time: 12.60m
step 00231 (5.26%) | K: 3 | loss: 0.990738 | L1: 0.499395 | L2: 0.491424 | L3: 0.491263 | lrm: 1.00 | dt: 3425.72ms | tok/sec: 153,044 | mfu: 39.86 | epoch: 1 | total time: 12.65m
step 00232 (5.28%) | K: 3 | loss: 0.993457 | L1: 0.500760 | L2: 0.492780 | L3: 0.492614 | lrm: 1.00 | dt: 3430.50ms | tok/sec: 152,831 | mfu: 39.80 | epoch: 1 | total time: 12.71m
step 00233 (5.30%) | K: 3 | loss: 0.995046 | L1: 0.501595 | L2: 0.493527 | L3: 0.493376 | lrm: 1.00 | dt: 3428.29ms | tok/sec: 152,929 | mfu: 39.83 | epoch: 1 | total time: 12.77m
step 00234 (5.32%) | K: 3 | loss: 0.991189 | L1: 0.499675 | L2: 0.491594 | L3: 0.491434 | lrm: 1.00 | dt: 3430.65ms | tok/sec: 152,824 | mfu: 39.80 | epoch: 1 | total time: 12.83m
step 00235 (5.35%) | K: 3 | loss: 0.986682 | L1: 0.497352 | L2: 0.489409 | L3: 0.489252 | lrm: 1.00 | dt: 3438.35ms | tok/sec: 152,482 | mfu: 39.71 | epoch: 1 | total time: 12.88m
step 00236 (5.37%) | K: 3 | loss: 0.981118 | L1: 0.494550 | L2: 0.486650 | L3: 0.486485 | lrm: 1.00 | dt: 3442.84ms | tok/sec: 152,283 | mfu: 39.66 | epoch: 1 | total time: 12.94m
step 00237 (5.39%) | K: 3 | loss: 0.983474 | L1: 0.495671 | L2: 0.487884 | L3: 0.487722 | lrm: 1.00 | dt: 3444.04ms | tok/sec: 152,230 | mfu: 39.64 | epoch: 1 | total time: 13.00m
step 00238 (5.42%) | K: 3 | loss: 0.983583 | L1: 0.495715 | L2: 0.487956 | L3: 0.487780 | lrm: 1.00 | dt: 3447.13ms | tok/sec: 152,093 | mfu: 39.61 | epoch: 1 | total time: 13.06m
step 00239 (5.44%) | K: 3 | loss: 0.982514 | L1: 0.495195 | L2: 0.487418 | L3: 0.487221 | lrm: 1.00 | dt: 3442.38ms | tok/sec: 152,304 | mfu: 39.66 | epoch: 1 | total time: 13.11m
step 00240 (5.46%) | K: 3 | loss: 0.982888 | L1: 0.495370 | L2: 0.487614 | L3: 0.487421 | lrm: 1.00 | dt: 3457.16ms | tok/sec: 151,652 | mfu: 39.49 | epoch: 1 | total time: 13.17m
step 00241 (5.48%) | K: 3 | loss: 0.978907 | L1: 0.493377 | L2: 0.485623 | L3: 0.485438 | lrm: 1.00 | dt: 3452.33ms | tok/sec: 151,864 | mfu: 39.55 | epoch: 1 | total time: 13.23m
step 00242 (5.51%) | K: 3 | loss: 0.979003 | L1: 0.493433 | L2: 0.485664 | L3: 0.485476 | lrm: 1.00 | dt: 3457.07ms | tok/sec: 151,656 | mfu: 39.49 | epoch: 1 | total time: 13.29m
step 00243 (5.53%) | K: 3 | loss: 0.980386 | L1: 0.494110 | L2: 0.486369 | L3: 0.486182 | lrm: 1.00 | dt: 3448.62ms | tok/sec: 152,028 | mfu: 39.59 | epoch: 1 | total time: 13.34m
step 00244 (5.55%) | K: 3 | loss: 0.981830 | L1: 0.494856 | L2: 0.487075 | L3: 0.486873 | lrm: 1.00 | dt: 3453.00ms | tok/sec: 151,835 | mfu: 39.54 | epoch: 1 | total time: 13.40m
step 00245 (5.58%) | K: 3 | loss: 0.981215 | L1: 0.494586 | L2: 0.486728 | L3: 0.486530 | lrm: 1.00 | dt: 3447.13ms | tok/sec: 152,094 | mfu: 39.61 | epoch: 1 | total time: 13.46m
step 00246 (5.60%) | K: 3 | loss: 0.978286 | L1: 0.493128 | L2: 0.485258 | L3: 0.485057 | lrm: 1.00 | dt: 3447.40ms | tok/sec: 152,082 | mfu: 39.60 | epoch: 1 | total time: 13.52m
step 00247 (5.62%) | K: 3 | loss: 0.978342 | L1: 0.493134 | L2: 0.485314 | L3: 0.485104 | lrm: 1.00 | dt: 3443.43ms | tok/sec: 152,257 | mfu: 39.65 | epoch: 1 | total time: 13.57m
step 00248 (5.64%) | K: 3 | loss: 0.981950 | L1: 0.494969 | L2: 0.487080 | L3: 0.486882 | lrm: 1.00 | dt: 3447.36ms | tok/sec: 152,083 | mfu: 39.61 | epoch: 1 | total time: 13.63m
step 00249 (5.67%) | K: 3 | loss: 0.977577 | L1: 0.492759 | L2: 0.484913 | L3: 0.484722 | lrm: 1.00 | dt: 3438.47ms | tok/sec: 152,477 | mfu: 39.71 | epoch: 1 | total time: 13.69m
step 00250 (5.69%) | K: 3 | loss: 0.979622 | L1: 0.493784 | L2: 0.485942 | L3: 0.485734 | lrm: 1.00 | dt: 3446.61ms | tok/sec: 152,116 | mfu: 39.61 | epoch: 1 | total time: 13.74m
Step 00250 | Validation L1 bpb: 0.2581 | L2 bpb: 0.2540 | L3 bpb: 0.2539
step 00251 (5.71%) | K: 3 | loss: 0.977794 | L1: 0.492884 | L2: 0.485014 | L3: 0.484807 | lrm: 1.00 | dt: 3449.34ms | tok/sec: 151,996 | mfu: 39.58 | epoch: 1 | total time: 13.80m
step 00252 (5.73%) | K: 3 | loss: 0.970536 | L1: 0.489240 | L2: 0.481396 | L3: 0.481195 | lrm: 1.00 | dt: 3442.99ms | tok/sec: 152,277 | mfu: 39.66 | epoch: 1 | total time: 13.86m
step 00253 (5.76%) | K: 3 | loss: 0.962739 | L1: 0.485315 | L2: 0.477533 | L3: 0.477314 | lrm: 1.00 | dt: 3446.76ms | tok/sec: 152,110 | mfu: 39.61 | epoch: 1 | total time: 13.92m
step 00254 (5.78%) | K: 3 | loss: 0.957275 | L1: 0.482567 | L2: 0.474820 | L3: 0.474594 | lrm: 1.00 | dt: 3438.80ms | tok/sec: 152,462 | mfu: 39.70 | epoch: 1 | total time: 13.97m
step 00255 (5.80%) | K: 3 | loss: 0.954155 | L1: 0.481021 | L2: 0.473242 | L3: 0.473026 | lrm: 1.00 | dt: 3442.23ms | tok/sec: 152,310 | mfu: 39.66 | epoch: 1 | total time: 14.03m
step 00256 (5.83%) | K: 3 | loss: 0.951200 | L1: 0.479536 | L2: 0.471771 | L3: 0.471556 | lrm: 1.00 | dt: 3436.00ms | tok/sec: 152,586 | mfu: 39.74 | epoch: 1 | total time: 14.09m
step 00257 (5.85%) | K: 3 | loss: 0.955775 | L1: 0.481824 | L2: 0.474063 | L3: 0.473840 | lrm: 1.00 | dt: 3439.71ms | tok/sec: 152,421 | mfu: 39.69 | epoch: 1 | total time: 14.15m
step 00258 (5.87%) | K: 3 | loss: 0.952621 | L1: 0.480210 | L2: 0.472517 | L3: 0.472303 | lrm: 1.00 | dt: 3439.91ms | tok/sec: 152,413 | mfu: 39.69 | epoch: 1 | total time: 14.20m
step 00259 (5.89%) | K: 3 | loss: 0.951496 | L1: 0.479667 | L2: 0.471939 | L3: 0.471719 | lrm: 1.00 | dt: 3444.42ms | tok/sec: 152,213 | mfu: 39.64 | epoch: 1 | total time: 14.26m
step 00260 (5.92%) | K: 3 | loss: 0.949715 | L1: 0.478722 | L2: 0.471107 | L3: 0.470879 | lrm: 1.00 | dt: 3439.45ms | tok/sec: 152,433 | mfu: 39.70 | epoch: 1 | total time: 14.32m
step 00261 (5.94%) | K: 3 | loss: 0.943483 | L1: 0.475615 | L2: 0.467985 | L3: 0.467751 | lrm: 1.00 | dt: 3442.38ms | tok/sec: 152,304 | mfu: 39.66 | epoch: 1 | total time: 14.38m
step 00262 (5.96%) | K: 3 | loss: 0.952325 | L1: 0.480050 | L2: 0.472388 | L3: 0.472163 | lrm: 1.00 | dt: 3445.98ms | tok/sec: 152,145 | mfu: 39.62 | epoch: 1 | total time: 14.43m
step 00263 (5.99%) | K: 3 | loss: 0.948900 | L1: 0.478348 | L2: 0.470664 | L3: 0.470440 | lrm: 1.00 | dt: 3449.46ms | tok/sec: 151,991 | mfu: 39.58 | epoch: 1 | total time: 14.49m
step 00264 (6.01%) | K: 3 | loss: 0.949874 | L1: 0.478784 | L2: 0.471208 | L3: 0.470972 | lrm: 1.00 | dt: 3455.24ms | tok/sec: 151,737 | mfu: 39.52 | epoch: 1 | total time: 14.55m
step 00265 (6.03%) | K: 3 | loss: 0.953986 | L1: 0.480859 | L2: 0.473239 | L3: 0.473015 | lrm: 1.00 | dt: 3452.57ms | tok/sec: 151,854 | mfu: 39.55 | epoch: 1 | total time: 14.61m
step 00266 (6.05%) | K: 3 | loss: 0.957265 | L1: 0.482524 | L2: 0.474855 | L3: 0.474625 | lrm: 1.00 | dt: 3455.14ms | tok/sec: 151,741 | mfu: 39.52 | epoch: 1 | total time: 14.66m
step 00267 (6.07%) | K: 3 | loss: 0.956056 | L1: 0.481873 | L2: 0.474293 | L3: 0.474073 | lrm: 1.00 | dt: 3448.31ms | tok/sec: 152,042 | mfu: 39.59 | epoch: 1 | total time: 14.72m
step 00268 (6.10%) | K: 3 | loss: 0.957764 | L1: 0.482726 | L2: 0.475144 | L3: 0.474933 | lrm: 1.00 | dt: 3453.05ms | tok/sec: 151,833 | mfu: 39.54 | epoch: 1 | total time: 14.78m
step 00269 (6.12%) | K: 3 | loss: 0.961265 | L1: 0.484518 | L2: 0.476851 | L3: 0.476644 | lrm: 1.00 | dt: 3453.22ms | tok/sec: 151,825 | mfu: 39.54 | epoch: 1 | total time: 14.84m
step 00270 (6.14%) | K: 3 | loss: 0.955362 | L1: 0.481567 | L2: 0.473899 | L3: 0.473691 | lrm: 1.00 | dt: 3451.11ms | tok/sec: 151,918 | mfu: 39.56 | epoch: 1 | total time: 14.89m
step 00271 (6.16%) | K: 3 | loss: 0.944826 | L1: 0.476271 | L2: 0.468657 | L3: 0.468453 | lrm: 1.00 | dt: 3447.67ms | tok/sec: 152,070 | mfu: 39.60 | epoch: 1 | total time: 14.95m
step 00272 (6.19%) | K: 3 | loss: 0.938889 | L1: 0.473268 | L2: 0.465723 | L3: 0.465518 | lrm: 1.00 | dt: 3442.87ms | tok/sec: 152,282 | mfu: 39.66 | epoch: 1 | total time: 15.01m
step 00273 (6.21%) | K: 3 | loss: 0.941997 | L1: 0.474855 | L2: 0.467247 | L3: 0.467039 | lrm: 1.00 | dt: 3438.82ms | tok/sec: 152,461 | mfu: 39.70 | epoch: 1 | total time: 15.07m
step 00274 (6.23%) | K: 3 | loss: 0.937619 | L1: 0.472644 | L2: 0.465078 | L3: 0.464872 | lrm: 1.00 | dt: 3436.09ms | tok/sec: 152,582 | mfu: 39.74 | epoch: 1 | total time: 15.12m
step 00275 (6.26%) | K: 3 | loss: 0.935152 | L1: 0.471434 | L2: 0.463816 | L3: 0.463619 | lrm: 1.00 | dt: 3432.96ms | tok/sec: 152,721 | mfu: 39.77 | epoch: 1 | total time: 15.18m
step 00276 (6.28%) | K: 3 | loss: 0.933747 | L1: 0.470784 | L2: 0.463054 | L3: 0.462870 | lrm: 1.00 | dt: 3436.80ms | tok/sec: 152,551 | mfu: 39.73 | epoch: 1 | total time: 15.24m
step 00277 (6.30%) | K: 3 | loss: 0.933876 | L1: 0.470883 | L2: 0.463086 | L3: 0.462900 | lrm: 1.00 | dt: 3433.93ms | tok/sec: 152,678 | mfu: 39.76 | epoch: 1 | total time: 15.29m
step 00278 (6.32%) | K: 3 | loss: 0.930882 | L1: 0.469343 | L2: 0.461636 | L3: 0.461442 | lrm: 1.00 | dt: 3438.26ms | tok/sec: 152,486 | mfu: 39.71 | epoch: 1 | total time: 15.35m
step 00279 (6.35%) | K: 3 | loss: 0.923830 | L1: 0.465811 | L2: 0.458119 | L3: 0.457919 | lrm: 1.00 | dt: 3443.37ms | tok/sec: 152,260 | mfu: 39.65 | epoch: 1 | total time: 15.41m
step 00280 (6.37%) | K: 3 | loss: 0.926272 | L1: 0.467067 | L2: 0.459303 | L3: 0.459107 | lrm: 1.00 | dt: 3440.97ms | tok/sec: 152,366 | mfu: 39.68 | epoch: 1 | total time: 15.47m
step 00281 (6.39%) | K: 3 | loss: 0.926313 | L1: 0.467047 | L2: 0.459355 | L3: 0.459177 | lrm: 1.00 | dt: 3445.31ms | tok/sec: 152,174 | mfu: 39.63 | epoch: 1 | total time: 15.52m
step 00282 (6.41%) | K: 3 | loss: 0.923067 | L1: 0.465403 | L2: 0.457760 | L3: 0.457568 | lrm: 1.00 | dt: 3448.77ms | tok/sec: 152,021 | mfu: 39.59 | epoch: 1 | total time: 15.58m
step 00283 (6.44%) | K: 3 | loss: 0.922296 | L1: 0.465029 | L2: 0.457373 | L3: 0.457162 | lrm: 1.00 | dt: 3452.23ms | tok/sec: 151,869 | mfu: 39.55 | epoch: 1 | total time: 15.64m
step 00284 (6.46%) | K: 3 | loss: 0.922576 | L1: 0.465150 | L2: 0.457540 | L3: 0.457312 | lrm: 1.00 | dt: 3457.31ms | tok/sec: 151,646 | mfu: 39.49 | epoch: 1 | total time: 15.70m
step 00285 (6.48%) | K: 3 | loss: 0.921185 | L1: 0.464478 | L2: 0.456818 | L3: 0.456596 | lrm: 1.00 | dt: 3454.23ms | tok/sec: 151,781 | mfu: 39.53 | epoch: 1 | total time: 15.75m
step 00286 (6.51%) | K: 3 | loss: 0.923059 | L1: 0.465418 | L2: 0.457746 | L3: 0.457537 | lrm: 1.00 | dt: 3448.28ms | tok/sec: 152,043 | mfu: 39.59 | epoch: 1 | total time: 15.81m
step 00287 (6.53%) | K: 3 | loss: 0.923525 | L1: 0.465598 | L2: 0.458025 | L3: 0.457829 | lrm: 1.00 | dt: 3456.13ms | tok/sec: 151,697 | mfu: 39.50 | epoch: 1 | total time: 15.87m
step 00288 (6.55%) | K: 3 | loss: 0.921561 | L1: 0.464613 | L2: 0.457036 | L3: 0.456860 | lrm: 1.00 | dt: 3453.92ms | tok/sec: 151,794 | mfu: 39.53 | epoch: 1 | total time: 15.93m
step 00289 (6.57%) | K: 3 | loss: 0.922486 | L1: 0.465082 | L2: 0.457488 | L3: 0.457321 | lrm: 1.00 | dt: 3447.59ms | tok/sec: 152,073 | mfu: 39.60 | epoch: 1 | total time: 15.98m
step 00290 (6.60%) | K: 3 | loss: 0.924286 | L1: 0.465962 | L2: 0.458419 | L3: 0.458229 | lrm: 1.00 | dt: 3447.63ms | tok/sec: 152,071 | mfu: 39.60 | epoch: 1 | total time: 16.04m
step 00291 (6.62%) | K: 3 | loss: 0.922686 | L1: 0.465182 | L2: 0.457602 | L3: 0.457407 | lrm: 1.00 | dt: 3446.77ms | tok/sec: 152,110 | mfu: 39.61 | epoch: 1 | total time: 16.10m
step 00292 (6.64%) | K: 3 | loss: 0.924628 | L1: 0.466149 | L2: 0.458577 | L3: 0.458383 | lrm: 1.00 | dt: 3441.46ms | tok/sec: 152,344 | mfu: 39.67 | epoch: 1 | total time: 16.16m
step 00293 (6.66%) | K: 3 | loss: 0.925862 | L1: 0.466791 | L2: 0.459171 | L3: 0.458972 | lrm: 1.00 | dt: 3438.26ms | tok/sec: 152,486 | mfu: 39.71 | epoch: 1 | total time: 16.21m
step 00294 (6.69%) | K: 3 | loss: 0.932446 | L1: 0.470161 | L2: 0.462383 | L3: 0.462186 | lrm: 1.00 | dt: 3432.33ms | tok/sec: 152,750 | mfu: 39.78 | epoch: 1 | total time: 16.27m
step 00295 (6.71%) | K: 3 | loss: 0.936133 | L1: 0.471982 | L2: 0.464252 | L3: 0.464051 | lrm: 1.00 | dt: 3436.68ms | tok/sec: 152,556 | mfu: 39.73 | epoch: 1 | total time: 16.33m
step 00296 (6.73%) | K: 3 | loss: 0.930559 | L1: 0.469172 | L2: 0.461479 | L3: 0.461295 | lrm: 1.00 | dt: 3439.15ms | tok/sec: 152,446 | mfu: 39.70 | epoch: 1 | total time: 16.39m
step 00297 (6.75%) | K: 3 | loss: 0.927348 | L1: 0.467575 | L2: 0.459869 | L3: 0.459677 | lrm: 1.00 | dt: 3437.49ms | tok/sec: 152,520 | mfu: 39.72 | epoch: 1 | total time: 16.44m
step 00298 (6.78%) | K: 3 | loss: 0.927645 | L1: 0.467746 | L2: 0.460002 | L3: 0.459796 | lrm: 1.00 | dt: 3443.47ms | tok/sec: 152,255 | mfu: 39.65 | epoch: 1 | total time: 16.50m
step 00299 (6.80%) | K: 3 | loss: 0.930758 | L1: 0.469300 | L2: 0.461551 | L3: 0.461366 | lrm: 1.00 | dt: 3445.13ms | tok/sec: 152,182 | mfu: 39.63 | epoch: 1 | total time: 16.56m
step 00300 (6.82%) | K: 3 | loss: 0.935911 | L1: 0.471886 | L2: 0.464129 | L3: 0.463921 | lrm: 1.00 | dt: 3447.65ms | tok/sec: 152,071 | mfu: 39.60 | epoch: 1 | total time: 16.62m
step 00301 (6.85%) | K: 3 | loss: 0.933052 | L1: 0.470502 | L2: 0.462653 | L3: 0.462448 | lrm: 1.00 | dt: 3450.94ms | tok/sec: 151,926 | mfu: 39.56 | epoch: 1 | total time: 16.67m
step 00302 (6.87%) | K: 3 | loss: 0.938340 | L1: 0.473172 | L2: 0.465275 | L3: 0.465061 | lrm: 1.00 | dt: 3451.79ms | tok/sec: 151,888 | mfu: 39.55 | epoch: 1 | total time: 16.73m
step 00303 (6.89%) | K: 3 | loss: 0.933264 | L1: 0.470630 | L2: 0.462737 | L3: 0.462530 | lrm: 1.00 | dt: 3458.30ms | tok/sec: 151,602 | mfu: 39.48 | epoch: 1 | total time: 16.79m
step 00304 (6.91%) | K: 3 | loss: 0.934582 | L1: 0.471271 | L2: 0.463408 | L3: 0.463213 | lrm: 1.00 | dt: 3457.66ms | tok/sec: 151,630 | mfu: 39.49 | epoch: 1 | total time: 16.85m
step 00305 (6.94%) | K: 3 | loss: 0.930045 | L1: 0.469023 | L2: 0.461115 | L3: 0.460929 | lrm: 1.00 | dt: 3449.83ms | tok/sec: 151,974 | mfu: 39.58 | epoch: 1 | total time: 16.90m
step 00306 (6.96%) | K: 3 | loss: 0.930621 | L1: 0.469263 | L2: 0.461454 | L3: 0.461263 | lrm: 1.00 | dt: 3450.99ms | tok/sec: 151,923 | mfu: 39.56 | epoch: 1 | total time: 16.96m
step 00307 (6.98%) | K: 3 | loss: 0.929017 | L1: 0.468464 | L2: 0.460648 | L3: 0.460458 | lrm: 1.00 | dt: 3451.24ms | tok/sec: 151,913 | mfu: 39.56 | epoch: 1 | total time: 17.02m
step 00308 (7.00%) | K: 3 | loss: 0.924988 | L1: 0.466424 | L2: 0.458663 | L3: 0.458467 | lrm: 1.00 | dt: 3443.25ms | tok/sec: 152,265 | mfu: 39.65 | epoch: 1 | total time: 17.08m
step 00309 (7.03%) | K: 3 | loss: 0.921851 | L1: 0.464877 | L2: 0.457073 | L3: 0.456875 | lrm: 1.00 | dt: 3441.87ms | tok/sec: 152,326 | mfu: 39.67 | epoch: 1 | total time: 17.13m
step 00310 (7.05%) | K: 3 | loss: 0.918859 | L1: 0.463389 | L2: 0.455573 | L3: 0.455368 | lrm: 1.00 | dt: 3440.12ms | tok/sec: 152,403 | mfu: 39.69 | epoch: 1 | total time: 17.19m
step 00311 (7.07%) | K: 3 | loss: 0.921300 | L1: 0.464588 | L2: 0.456812 | L3: 0.456613 | lrm: 1.00 | dt: 3437.37ms | tok/sec: 152,525 | mfu: 39.72 | epoch: 1 | total time: 17.25m
step 00312 (7.09%) | K: 3 | loss: 0.919728 | L1: 0.463791 | L2: 0.456038 | L3: 0.455837 | lrm: 1.00 | dt: 3442.17ms | tok/sec: 152,313 | mfu: 39.67 | epoch: 1 | total time: 17.30m
step 00313 (7.12%) | K: 3 | loss: 0.913713 | L1: 0.460744 | L2: 0.453072 | L3: 0.452867 | lrm: 1.00 | dt: 3444.56ms | tok/sec: 152,207 | mfu: 39.64 | epoch: 1 | total time: 17.36m
step 00314 (7.14%) | K: 3 | loss: 0.905262 | L1: 0.456486 | L2: 0.448876 | L3: 0.448676 | lrm: 1.00 | dt: 3439.53ms | tok/sec: 152,429 | mfu: 39.70 | epoch: 1 | total time: 17.42m
step 00315 (7.16%) | K: 3 | loss: 0.905837 | L1: 0.456836 | L2: 0.449107 | L3: 0.448894 | lrm: 1.00 | dt: 3437.52ms | tok/sec: 152,519 | mfu: 39.72 | epoch: 1 | total time: 17.48m
step 00316 (7.18%) | K: 3 | loss: 0.903741 | L1: 0.455799 | L2: 0.448058 | L3: 0.447826 | lrm: 1.00 | dt: 3444.85ms | tok/sec: 152,194 | mfu: 39.63 | epoch: 1 | total time: 17.53m
step 00317 (7.21%) | K: 3 | loss: 0.903190 | L1: 0.455584 | L2: 0.447714 | L3: 0.447497 | lrm: 1.00 | dt: 3444.84ms | tok/sec: 152,195 | mfu: 39.63 | epoch: 1 | total time: 17.59m
step 00318 (7.23%) | K: 3 | loss: 0.899111 | L1: 0.453473 | L2: 0.445747 | L3: 0.445528 | lrm: 1.00 | dt: 3453.46ms | tok/sec: 151,815 | mfu: 39.54 | epoch: 1 | total time: 17.65m
step 00319 (7.25%) | K: 3 | loss: 0.898428 | L1: 0.453072 | L2: 0.445459 | L3: 0.445253 | lrm: 1.00 | dt: 3442.47ms | tok/sec: 152,299 | mfu: 39.66 | epoch: 1 | total time: 17.71m
step 00320 (7.27%) | K: 3 | loss: 0.898765 | L1: 0.453239 | L2: 0.445631 | L3: 0.445422 | lrm: 1.00 | dt: 3450.82ms | tok/sec: 151,931 | mfu: 39.57 | epoch: 1 | total time: 17.76m
step 00321 (7.30%) | K: 3 | loss: 0.896304 | L1: 0.451986 | L2: 0.444414 | L3: 0.444223 | lrm: 1.00 | dt: 3449.12ms | tok/sec: 152,006 | mfu: 39.59 | epoch: 1 | total time: 17.82m
step 00322 (7.32%) | K: 3 | loss: 0.893506 | L1: 0.450581 | L2: 0.443024 | L3: 0.442826 | lrm: 1.00 | dt: 3450.70ms | tok/sec: 151,936 | mfu: 39.57 | epoch: 1 | total time: 17.88m
step 00323 (7.34%) | K: 3 | loss: 0.893669 | L1: 0.450653 | L2: 0.443109 | L3: 0.442924 | lrm: 1.00 | dt: 3448.13ms | tok/sec: 152,050 | mfu: 39.60 | epoch: 1 | total time: 17.94m
step 00324 (7.36%) | K: 3 | loss: 0.889416 | L1: 0.448505 | L2: 0.441009 | L3: 0.440813 | lrm: 1.00 | dt: 3445.59ms | tok/sec: 152,162 | mfu: 39.63 | epoch: 1 | total time: 17.99m
step 00325 (7.39%) | K: 3 | loss: 0.894607 | L1: 0.451102 | L2: 0.443604 | L3: 0.443406 | lrm: 1.00 | dt: 3443.78ms | tok/sec: 152,241 | mfu: 39.65 | epoch: 1 | total time: 18.05m
step 00326 (7.41%) | K: 3 | loss: 0.894023 | L1: 0.450799 | L2: 0.443328 | L3: 0.443121 | lrm: 1.00 | dt: 3439.96ms | tok/sec: 152,411 | mfu: 39.69 | epoch: 1 | total time: 18.11m
step 00327 (7.43%) | K: 3 | loss: 0.897961 | L1: 0.452791 | L2: 0.445277 | L3: 0.445063 | lrm: 1.00 | dt: 3438.81ms | tok/sec: 152,462 | mfu: 39.70 | epoch: 1 | total time: 18.17m
step 00328 (7.46%) | K: 3 | loss: 0.894860 | L1: 0.451250 | L2: 0.443719 | L3: 0.443500 | lrm: 1.00 | dt: 3440.49ms | tok/sec: 152,387 | mfu: 39.68 | epoch: 1 | total time: 18.22m
step 00329 (7.48%) | K: 3 | loss: 0.896228 | L1: 0.451913 | L2: 0.444430 | L3: 0.444198 | lrm: 1.00 | dt: 3435.87ms | tok/sec: 152,592 | mfu: 39.74 | epoch: 1 | total time: 18.28m
step 00330 (7.50%) | K: 3 | loss: 0.897394 | L1: 0.452526 | L2: 0.444988 | L3: 0.444750 | lrm: 1.00 | dt: 3433.44ms | tok/sec: 152,700 | mfu: 39.77 | epoch: 1 | total time: 18.34m
step 00331 (7.53%) | K: 3 | loss: 0.897055 | L1: 0.452315 | L2: 0.444854 | L3: 0.444626 | lrm: 1.00 | dt: 3440.60ms | tok/sec: 152,382 | mfu: 39.68 | epoch: 1 | total time: 18.40m
step 00332 (7.55%) | K: 3 | loss: 0.895572 | L1: 0.451570 | L2: 0.444120 | L3: 0.443885 | lrm: 1.00 | dt: 3436.18ms | tok/sec: 152,578 | mfu: 39.73 | epoch: 1 | total time: 18.45m
step 00333 (7.57%) | K: 3 | loss: 0.890738 | L1: 0.449160 | L2: 0.441690 | L3: 0.441466 | lrm: 1.00 | dt: 3439.35ms | tok/sec: 152,438 | mfu: 39.70 | epoch: 1 | total time: 18.51m
step 00334 (7.60%) | K: 3 | loss: 0.893932 | L1: 0.450797 | L2: 0.443249 | L3: 0.443020 | lrm: 1.00 | dt: 3436.86ms | tok/sec: 152,548 | mfu: 39.73 | epoch: 1 | total time: 18.57m
step 00335 (7.62%) | K: 3 | loss: 0.891891 | L1: 0.449796 | L2: 0.442213 | L3: 0.441977 | lrm: 1.00 | dt: 3436.48ms | tok/sec: 152,565 | mfu: 39.73 | epoch: 1 | total time: 18.62m
step 00336 (7.64%) | K: 3 | loss: 0.887523 | L1: 0.447647 | L2: 0.440002 | L3: 0.439749 | lrm: 1.00 | dt: 3441.30ms | tok/sec: 152,351 | mfu: 39.68 | epoch: 1 | total time: 18.68m
step 00337 (7.66%) | K: 3 | loss: 0.885872 | L1: 0.446846 | L2: 0.439147 | L3: 0.438905 | lrm: 1.00 | dt: 3443.46ms | tok/sec: 152,256 | mfu: 39.65 | epoch: 1 | total time: 18.74m
step 00338 (7.69%) | K: 3 | loss: 0.883050 | L1: 0.445471 | L2: 0.437707 | L3: 0.437452 | lrm: 1.00 | dt: 3449.92ms | tok/sec: 151,970 | mfu: 39.58 | epoch: 1 | total time: 18.80m
step 00339 (7.71%) | K: 3 | loss: 0.884289 | L1: 0.446100 | L2: 0.438313 | L3: 0.438066 | lrm: 1.00 | dt: 3449.49ms | tok/sec: 151,989 | mfu: 39.58 | epoch: 1 | total time: 18.85m
step 00340 (7.73%) | K: 3 | loss: 0.886747 | L1: 0.447393 | L2: 0.439477 | L3: 0.439232 | lrm: 1.00 | dt: 3451.86ms | tok/sec: 151,885 | mfu: 39.55 | epoch: 1 | total time: 18.91m
step 00341 (7.75%) | K: 3 | loss: 0.882761 | L1: 0.445331 | L2: 0.437543 | L3: 0.437318 | lrm: 1.00 | dt: 3452.80ms | tok/sec: 151,844 | mfu: 39.54 | epoch: 1 | total time: 18.97m
step 00342 (7.78%) | K: 3 | loss: 0.880294 | L1: 0.444163 | L2: 0.436248 | L3: 0.436013 | lrm: 1.00 | dt: 3456.51ms | tok/sec: 151,681 | mfu: 39.50 | epoch: 1 | total time: 19.03m
step 00343 (7.80%) | K: 3 | loss: 0.878604 | L1: 0.443345 | L2: 0.435381 | L3: 0.435138 | lrm: 1.00 | dt: 3454.13ms | tok/sec: 151,785 | mfu: 39.53 | epoch: 1 | total time: 19.08m
step 00344 (7.82%) | K: 3 | loss: 0.878322 | L1: 0.443170 | L2: 0.435270 | L3: 0.435034 | lrm: 1.00 | dt: 3455.57ms | tok/sec: 151,722 | mfu: 39.51 | epoch: 1 | total time: 19.14m
step 00345 (7.84%) | K: 3 | loss: 0.879867 | L1: 0.443939 | L2: 0.436038 | L3: 0.435816 | lrm: 1.00 | dt: 3454.35ms | tok/sec: 151,776 | mfu: 39.53 | epoch: 1 | total time: 19.20m
step 00346 (7.86%) | K: 3 | loss: 0.888494 | L1: 0.448284 | L2: 0.440318 | L3: 0.440103 | lrm: 1.00 | dt: 3451.68ms | tok/sec: 151,893 | mfu: 39.56 | epoch: 1 | total time: 19.26m
step 00347 (7.89%) | K: 3 | loss: 0.887237 | L1: 0.447615 | L2: 0.439717 | L3: 0.439527 | lrm: 1.00 | dt: 3447.50ms | tok/sec: 152,077 | mfu: 39.60 | epoch: 1 | total time: 19.31m
step 00348 (7.91%) | K: 3 | loss: 0.883208 | L1: 0.445550 | L2: 0.437751 | L3: 0.437564 | lrm: 1.00 | dt: 3442.96ms | tok/sec: 152,278 | mfu: 39.66 | epoch: 1 | total time: 19.37m
step 00349 (7.93%) | K: 3 | loss: 0.879667 | L1: 0.443793 | L2: 0.435974 | L3: 0.435776 | lrm: 1.00 | dt: 3443.24ms | tok/sec: 152,265 | mfu: 39.65 | epoch: 1 | total time: 19.43m
step 00350 (7.96%) | K: 3 | loss: 0.881015 | L1: 0.444423 | L2: 0.436690 | L3: 0.436496 | lrm: 1.00 | dt: 3441.48ms | tok/sec: 152,343 | mfu: 39.67 | epoch: 1 | total time: 19.49m
step 00351 (7.98%) | K: 3 | loss: 0.880855 | L1: 0.444347 | L2: 0.436606 | L3: 0.436409 | lrm: 1.00 | dt: 3445.84ms | tok/sec: 152,151 | mfu: 39.62 | epoch: 1 | total time: 19.54m
step 00352 (8.00%) | K: 3 | loss: 0.885562 | L1: 0.446712 | L2: 0.438948 | L3: 0.438751 | lrm: 1.00 | dt: 3448.56ms | tok/sec: 152,030 | mfu: 39.59 | epoch: 1 | total time: 19.60m
step 00353 (8.02%) | K: 3 | loss: 0.881054 | L1: 0.444464 | L2: 0.436691 | L3: 0.436490 | lrm: 1.00 | dt: 3443.27ms | tok/sec: 152,264 | mfu: 39.65 | epoch: 1 | total time: 19.66m
step 00354 (8.04%) | K: 3 | loss: 0.882920 | L1: 0.445354 | L2: 0.437667 | L3: 0.437464 | lrm: 1.00 | dt: 3455.04ms | tok/sec: 151,745 | mfu: 39.52 | epoch: 1 | total time: 19.72m
step 00355 (8.07%) | K: 3 | loss: 0.889119 | L1: 0.448437 | L2: 0.440785 | L3: 0.440579 | lrm: 1.00 | dt: 3453.56ms | tok/sec: 151,810 | mfu: 39.53 | epoch: 1 | total time: 19.77m
step 00356 (8.09%) | K: 3 | loss: 0.885081 | L1: 0.446401 | L2: 0.438779 | L3: 0.438580 | lrm: 1.00 | dt: 3455.01ms | tok/sec: 151,747 | mfu: 39.52 | epoch: 1 | total time: 19.83m
step 00357 (8.11%) | K: 3 | loss: 0.881446 | L1: 0.444592 | L2: 0.436953 | L3: 0.436755 | lrm: 1.00 | dt: 3454.23ms | tok/sec: 151,781 | mfu: 39.53 | epoch: 1 | total time: 19.89m
step 00358 (8.13%) | K: 3 | loss: 0.882197 | L1: 0.444971 | L2: 0.437328 | L3: 0.437124 | lrm: 1.00 | dt: 3455.14ms | tok/sec: 151,741 | mfu: 39.52 | epoch: 1 | total time: 19.95m
step 00359 (8.16%) | K: 3 | loss: 0.876563 | L1: 0.442132 | L2: 0.434530 | L3: 0.434334 | lrm: 1.00 | dt: 3452.02ms | tok/sec: 151,878 | mfu: 39.55 | epoch: 1 | total time: 20.00m
step 00360 (8.18%) | K: 3 | loss: 0.873250 | L1: 0.440436 | L2: 0.432919 | L3: 0.432708 | lrm: 1.00 | dt: 3452.39ms | tok/sec: 151,862 | mfu: 39.55 | epoch: 1 | total time: 20.06m
step 00361 (8.20%) | K: 3 | loss: 0.872835 | L1: 0.440213 | L2: 0.432721 | L3: 0.432523 | lrm: 1.00 | dt: 3453.96ms | tok/sec: 151,793 | mfu: 39.53 | epoch: 1 | total time: 20.12m
step 00362 (8.22%) | K: 3 | loss: 0.875944 | L1: 0.441755 | L2: 0.434287 | L3: 0.434093 | lrm: 1.00 | dt: 3453.16ms | tok/sec: 151,828 | mfu: 39.54 | epoch: 1 | total time: 20.18m
step 00363 (8.25%) | K: 3 | loss: 0.872629 | L1: 0.440108 | L2: 0.432635 | L3: 0.432407 | lrm: 1.00 | dt: 3450.23ms | tok/sec: 151,957 | mfu: 39.57 | epoch: 1 | total time: 20.23m
step 00364 (8.27%) | K: 3 | loss: 0.869234 | L1: 0.438396 | L2: 0.430948 | L3: 0.430727 | lrm: 1.00 | dt: 3443.68ms | tok/sec: 152,246 | mfu: 39.65 | epoch: 1 | total time: 20.29m
step 00365 (8.29%) | K: 3 | loss: 0.870521 | L1: 0.439073 | L2: 0.431556 | L3: 0.431339 | lrm: 1.00 | dt: 3442.50ms | tok/sec: 152,298 | mfu: 39.66 | epoch: 1 | total time: 20.35m
step 00366 (8.31%) | K: 3 | loss: 0.874269 | L1: 0.440959 | L2: 0.433424 | L3: 0.433197 | lrm: 1.00 | dt: 3441.10ms | tok/sec: 152,360 | mfu: 39.68 | epoch: 1 | total time: 20.41m
step 00367 (8.34%) | K: 3 | loss: 0.872711 | L1: 0.440159 | L2: 0.432662 | L3: 0.432443 | lrm: 1.00 | dt: 3438.83ms | tok/sec: 152,461 | mfu: 39.70 | epoch: 1 | total time: 20.46m
step 00368 (8.36%) | K: 3 | loss: 0.870782 | L1: 0.439184 | L2: 0.431706 | L3: 0.431491 | lrm: 1.00 | dt: 3437.97ms | tok/sec: 152,499 | mfu: 39.71 | epoch: 1 | total time: 20.52m
step 00369 (8.38%) | K: 3 | loss: 0.871798 | L1: 0.439675 | L2: 0.432227 | L3: 0.432018 | lrm: 1.00 | dt: 3433.82ms | tok/sec: 152,683 | mfu: 39.76 | epoch: 1 | total time: 20.58m
step 00370 (8.40%) | K: 3 | loss: 0.866173 | L1: 0.436858 | L2: 0.429418 | L3: 0.429213 | lrm: 1.00 | dt: 3439.94ms | tok/sec: 152,411 | mfu: 39.69 | epoch: 1 | total time: 20.64m
step 00371 (8.43%) | K: 3 | loss: 0.869806 | L1: 0.438726 | L2: 0.431182 | L3: 0.430977 | lrm: 1.00 | dt: 3440.44ms | tok/sec: 152,389 | mfu: 39.69 | epoch: 1 | total time: 20.69m
step 00372 (8.45%) | K: 3 | loss: 0.874340 | L1: 0.441011 | L2: 0.433432 | L3: 0.433226 | lrm: 1.00 | dt: 3444.64ms | tok/sec: 152,203 | mfu: 39.64 | epoch: 1 | total time: 20.75m
step 00373 (8.47%) | K: 3 | loss: 0.874927 | L1: 0.441346 | L2: 0.433685 | L3: 0.433476 | lrm: 1.00 | dt: 3441.98ms | tok/sec: 152,321 | mfu: 39.67 | epoch: 1 | total time: 20.81m
step 00374 (8.49%) | K: 3 | loss: 0.873732 | L1: 0.440774 | L2: 0.433065 | L3: 0.432851 | lrm: 1.00 | dt: 3447.36ms | tok/sec: 152,084 | mfu: 39.61 | epoch: 1 | total time: 20.87m
step 00375 (8.52%) | K: 3 | loss: 0.870707 | L1: 0.439200 | L2: 0.431622 | L3: 0.431392 | lrm: 1.00 | dt: 3453.23ms | tok/sec: 151,825 | mfu: 39.54 | epoch: 1 | total time: 20.92m
step 00376 (8.54%) | K: 3 | loss: 0.872369 | L1: 0.440062 | L2: 0.432421 | L3: 0.432192 | lrm: 1.00 | dt: 3452.73ms | tok/sec: 151,847 | mfu: 39.54 | epoch: 1 | total time: 20.98m
step 00377 (8.56%) | K: 3 | loss: 0.866356 | L1: 0.437045 | L2: 0.429419 | L3: 0.429203 | lrm: 1.00 | dt: 3450.20ms | tok/sec: 151,958 | mfu: 39.57 | epoch: 1 | total time: 21.04m
step 00378 (8.58%) | K: 3 | loss: 0.869337 | L1: 0.438519 | L2: 0.430931 | L3: 0.430703 | lrm: 1.00 | dt: 3451.83ms | tok/sec: 151,886 | mfu: 39.55 | epoch: 1 | total time: 21.10m
step 00379 (8.61%) | K: 3 | loss: 0.871610 | L1: 0.439670 | L2: 0.432056 | L3: 0.431824 | lrm: 1.00 | dt: 3449.85ms | tok/sec: 151,973 | mfu: 39.58 | epoch: 1 | total time: 21.15m
step 00380 (8.63%) | K: 3 | loss: 0.871311 | L1: 0.439560 | L2: 0.431875 | L3: 0.431627 | lrm: 1.00 | dt: 3446.97ms | tok/sec: 152,101 | mfu: 39.61 | epoch: 1 | total time: 21.21m
step 00381 (8.65%) | K: 3 | loss: 0.867954 | L1: 0.437810 | L2: 0.430262 | L3: 0.430027 | lrm: 1.00 | dt: 3443.86ms | tok/sec: 152,238 | mfu: 39.65 | epoch: 1 | total time: 21.27m
step 00382 (8.67%) | K: 3 | loss: 0.872249 | L1: 0.439930 | L2: 0.432439 | L3: 0.432200 | lrm: 1.00 | dt: 3442.88ms | tok/sec: 152,281 | mfu: 39.66 | epoch: 1 | total time: 21.33m
step 00383 (8.70%) | K: 3 | loss: 0.869093 | L1: 0.438338 | L2: 0.430868 | L3: 0.430641 | lrm: 1.00 | dt: 3444.04ms | tok/sec: 152,230 | mfu: 39.64 | epoch: 1 | total time: 21.38m
step 00384 (8.72%) | K: 3 | loss: 0.867399 | L1: 0.437470 | L2: 0.430040 | L3: 0.429817 | lrm: 1.00 | dt: 3441.40ms | tok/sec: 152,347 | mfu: 39.67 | epoch: 1 | total time: 21.44m
step 00385 (8.74%) | K: 3 | loss: 0.869539 | L1: 0.438500 | L2: 0.431141 | L3: 0.430938 | lrm: 1.00 | dt: 3439.60ms | tok/sec: 152,426 | mfu: 39.69 | epoch: 1 | total time: 21.50m
step 00386 (8.77%) | K: 3 | loss: 0.865897 | L1: 0.436710 | L2: 0.429285 | L3: 0.429088 | lrm: 1.00 | dt: 3441.16ms | tok/sec: 152,358 | mfu: 39.68 | epoch: 1 | total time: 21.55m
step 00387 (8.79%) | K: 3 | loss: 0.868517 | L1: 0.438055 | L2: 0.430555 | L3: 0.430369 | lrm: 1.00 | dt: 3439.07ms | tok/sec: 152,450 | mfu: 39.70 | epoch: 1 | total time: 21.61m
step 00388 (8.81%) | K: 3 | loss: 0.863722 | L1: 0.435642 | L2: 0.428179 | L3: 0.427982 | lrm: 1.00 | dt: 3445.74ms | tok/sec: 152,155 | mfu: 39.62 | epoch: 1 | total time: 21.67m
step 00389 (8.83%) | K: 3 | loss: 0.858359 | L1: 0.432909 | L2: 0.425548 | L3: 0.425352 | lrm: 1.00 | dt: 3447.43ms | tok/sec: 152,080 | mfu: 39.60 | epoch: 1 | total time: 21.73m
step 00390 (8.86%) | K: 3 | loss: 0.856350 | L1: 0.431884 | L2: 0.424558 | L3: 0.424374 | lrm: 1.00 | dt: 3446.40ms | tok/sec: 152,126 | mfu: 39.62 | epoch: 1 | total time: 21.78m
step 00391 (8.88%) | K: 3 | loss: 0.857461 | L1: 0.432398 | L2: 0.425148 | L3: 0.424978 | lrm: 1.00 | dt: 3447.35ms | tok/sec: 152,084 | mfu: 39.61 | epoch: 1 | total time: 21.84m
step 00392 (8.90%) | K: 3 | loss: 0.857875 | L1: 0.432621 | L2: 0.425334 | L3: 0.425173 | lrm: 1.00 | dt: 3455.31ms | tok/sec: 151,733 | mfu: 39.51 | epoch: 1 | total time: 21.90m
step 00393 (8.92%) | K: 3 | loss: 0.864042 | L1: 0.435728 | L2: 0.428396 | L3: 0.428232 | lrm: 1.00 | dt: 3454.47ms | tok/sec: 151,770 | mfu: 39.52 | epoch: 1 | total time: 21.96m
step 00394 (8.95%) | K: 3 | loss: 0.867497 | L1: 0.437485 | L2: 0.430093 | L3: 0.429931 | lrm: 1.00 | dt: 3456.42ms | tok/sec: 151,685 | mfu: 39.50 | epoch: 1 | total time: 22.01m
step 00395 (8.97%) | K: 3 | loss: 0.865754 | L1: 0.436620 | L2: 0.429223 | L3: 0.429047 | lrm: 1.00 | dt: 3448.29ms | tok/sec: 152,043 | mfu: 39.59 | epoch: 1 | total time: 22.07m
step 00396 (8.99%) | K: 3 | loss: 0.867512 | L1: 0.437543 | L2: 0.430061 | L3: 0.429878 | lrm: 1.00 | dt: 3446.69ms | tok/sec: 152,113 | mfu: 39.61 | epoch: 1 | total time: 22.13m
step 00397 (9.02%) | K: 3 | loss: 0.868614 | L1: 0.438037 | L2: 0.430670 | L3: 0.430483 | lrm: 1.00 | dt: 3449.48ms | tok/sec: 151,990 | mfu: 39.58 | epoch: 1 | total time: 22.19m
step 00398 (9.04%) | K: 3 | loss: 0.866946 | L1: 0.437237 | L2: 0.429807 | L3: 0.429611 | lrm: 1.00 | dt: 3444.68ms | tok/sec: 152,202 | mfu: 39.64 | epoch: 1 | total time: 22.24m
step 00399 (9.06%) | K: 3 | loss: 0.862428 | L1: 0.434964 | L2: 0.427558 | L3: 0.427371 | lrm: 1.00 | dt: 3447.89ms | tok/sec: 152,060 | mfu: 39.60 | epoch: 1 | total time: 22.30m
step 00400 (9.09%) | K: 3 | loss: 0.856921 | L1: 0.432200 | L2: 0.424820 | L3: 0.424622 | lrm: 1.00 | dt: 3443.88ms | tok/sec: 152,237 | mfu: 39.65 | epoch: 1 | total time: 22.36m
step 00401 (9.11%) | K: 3 | loss: 0.859391 | L1: 0.433410 | L2: 0.426082 | L3: 0.425880 | lrm: 1.00 | dt: 3443.41ms | tok/sec: 152,258 | mfu: 39.65 | epoch: 1 | total time: 22.42m
step 00402 (9.13%) | K: 3 | loss: 0.854490 | L1: 0.430954 | L2: 0.423643 | L3: 0.423428 | lrm: 1.00 | dt: 3442.97ms | tok/sec: 152,277 | mfu: 39.66 | epoch: 1 | total time: 22.47m
step 00403 (9.16%) | K: 3 | loss: 0.853574 | L1: 0.430511 | L2: 0.423171 | L3: 0.422956 | lrm: 1.00 | dt: 3439.40ms | tok/sec: 152,436 | mfu: 39.70 | epoch: 1 | total time: 22.53m
step 00404 (9.18%) | K: 3 | loss: 0.857257 | L1: 0.432345 | L2: 0.425012 | L3: 0.424811 | lrm: 1.00 | dt: 3437.35ms | tok/sec: 152,526 | mfu: 39.72 | epoch: 1 | total time: 22.59m
step 00405 (9.20%) | K: 3 | loss: 0.854009 | L1: 0.430715 | L2: 0.423388 | L3: 0.423200 | lrm: 1.00 | dt: 3439.44ms | tok/sec: 152,433 | mfu: 39.70 | epoch: 1 | total time: 22.65m
step 00406 (9.22%) | K: 3 | loss: 0.848338 | L1: 0.427874 | L2: 0.420564 | L3: 0.420364 | lrm: 1.00 | dt: 3438.68ms | tok/sec: 152,467 | mfu: 39.71 | epoch: 1 | total time: 22.70m
step 00407 (9.25%) | K: 3 | loss: 0.845443 | L1: 0.426441 | L2: 0.419112 | L3: 0.418894 | lrm: 1.00 | dt: 3439.33ms | tok/sec: 152,438 | mfu: 39.70 | epoch: 1 | total time: 22.76m
step 00408 (9.27%) | K: 3 | loss: 0.844839 | L1: 0.426164 | L2: 0.418790 | L3: 0.418559 | lrm: 1.00 | dt: 3444.71ms | tok/sec: 152,200 | mfu: 39.64 | epoch: 1 | total time: 22.82m
step 00409 (9.29%) | K: 3 | loss: 0.848561 | L1: 0.428048 | L2: 0.420628 | L3: 0.420399 | lrm: 1.00 | dt: 3449.58ms | tok/sec: 151,986 | mfu: 39.58 | epoch: 1 | total time: 22.88m
step 00410 (9.31%) | K: 3 | loss: 0.853857 | L1: 0.430679 | L2: 0.423289 | L3: 0.423066 | lrm: 1.00 | dt: 3451.06ms | tok/sec: 151,920 | mfu: 39.56 | epoch: 1 | total time: 22.93m
step 00411 (9.34%) | K: 3 | loss: 0.850737 | L1: 0.429052 | L2: 0.421793 | L3: 0.421577 | lrm: 1.00 | dt: 3451.58ms | tok/sec: 151,897 | mfu: 39.56 | epoch: 1 | total time: 22.99m
step 00412 (9.36%) | K: 3 | loss: 0.851384 | L1: 0.429385 | L2: 0.422116 | L3: 0.421883 | lrm: 1.00 | dt: 3451.79ms | tok/sec: 151,888 | mfu: 39.55 | epoch: 1 | total time: 23.05m
step 00413 (9.38%) | K: 3 | loss: 0.852627 | L1: 0.430014 | L2: 0.422729 | L3: 0.422497 | lrm: 1.00 | dt: 3449.06ms | tok/sec: 152,008 | mfu: 39.59 | epoch: 1 | total time: 23.11m
step 00414 (9.40%) | K: 3 | loss: 0.855518 | L1: 0.431443 | L2: 0.424189 | L3: 0.423962 | lrm: 1.00 | dt: 3447.53ms | tok/sec: 152,076 | mfu: 39.60 | epoch: 1 | total time: 23.16m
step 00415 (9.43%) | K: 3 | loss: 0.853845 | L1: 0.430593 | L2: 0.423363 | L3: 0.423140 | lrm: 1.00 | dt: 3444.51ms | tok/sec: 152,209 | mfu: 39.64 | epoch: 1 | total time: 23.22m
step 00416 (9.45%) | K: 3 | loss: 0.853757 | L1: 0.430542 | L2: 0.423332 | L3: 0.423098 | lrm: 1.00 | dt: 3442.88ms | tok/sec: 152,281 | mfu: 39.66 | epoch: 1 | total time: 23.28m
step 00417 (9.47%) | K: 3 | loss: 0.852006 | L1: 0.429642 | L2: 0.422484 | L3: 0.422244 | lrm: 1.00 | dt: 3437.95ms | tok/sec: 152,500 | mfu: 39.71 | epoch: 1 | total time: 23.34m
step 00418 (9.50%) | K: 3 | loss: 0.850336 | L1: 0.428794 | L2: 0.421654 | L3: 0.421431 | lrm: 1.00 | dt: 3435.68ms | tok/sec: 152,600 | mfu: 39.74 | epoch: 1 | total time: 23.39m
step 00419 (9.52%) | K: 3 | loss: 0.850441 | L1: 0.428873 | L2: 0.421677 | L3: 0.421459 | lrm: 1.00 | dt: 3432.46ms | tok/sec: 152,743 | mfu: 39.78 | epoch: 1 | total time: 23.45m
step 00420 (9.54%) | K: 3 | loss: 0.851754 | L1: 0.429549 | L2: 0.422311 | L3: 0.422099 | lrm: 1.00 | dt: 3434.36ms | tok/sec: 152,659 | mfu: 39.76 | epoch: 1 | total time: 23.51m
step 00421 (9.57%) | K: 3 | loss: 0.851401 | L1: 0.429405 | L2: 0.422102 | L3: 0.421889 | lrm: 1.00 | dt: 3435.70ms | tok/sec: 152,599 | mfu: 39.74 | epoch: 1 | total time: 23.56m
step 00422 (9.59%) | K: 3 | loss: 0.849065 | L1: 0.428247 | L2: 0.420923 | L3: 0.420713 | lrm: 1.00 | dt: 3440.66ms | tok/sec: 152,379 | mfu: 39.68 | epoch: 1 | total time: 23.62m
step 00423 (9.61%) | K: 3 | loss: 0.845166 | L1: 0.426299 | L2: 0.418978 | L3: 0.418757 | lrm: 1.00 | dt: 3440.31ms | tok/sec: 152,395 | mfu: 39.69 | epoch: 1 | total time: 23.68m
step 00424 (9.63%) | K: 3 | loss: 0.847730 | L1: 0.427596 | L2: 0.420239 | L3: 0.420028 | lrm: 1.00 | dt: 3445.46ms | tok/sec: 152,167 | mfu: 39.63 | epoch: 1 | total time: 23.74m
step 00425 (9.66%) | K: 3 | loss: 0.849140 | L1: 0.428301 | L2: 0.420945 | L3: 0.420734 | lrm: 1.00 | dt: 3450.90ms | tok/sec: 151,927 | mfu: 39.56 | epoch: 1 | total time: 23.79m
step 00426 (9.68%) | K: 3 | loss: 0.847620 | L1: 0.427574 | L2: 0.420156 | L3: 0.419937 | lrm: 1.00 | dt: 3447.38ms | tok/sec: 152,082 | mfu: 39.61 | epoch: 1 | total time: 23.85m
step 00427 (9.70%) | K: 3 | loss: 0.849992 | L1: 0.428739 | L2: 0.421354 | L3: 0.421153 | lrm: 1.00 | dt: 3456.03ms | tok/sec: 151,702 | mfu: 39.51 | epoch: 1 | total time: 23.91m
step 00428 (9.72%) | K: 3 | loss: 0.847785 | L1: 0.427684 | L2: 0.420203 | L3: 0.419998 | lrm: 1.00 | dt: 3445.33ms | tok/sec: 152,173 | mfu: 39.63 | epoch: 1 | total time: 23.97m
step 00429 (9.75%) | K: 3 | loss: 0.843958 | L1: 0.425801 | L2: 0.418269 | L3: 0.418044 | lrm: 1.00 | dt: 3453.25ms | tok/sec: 151,824 | mfu: 39.54 | epoch: 1 | total time: 24.02m
step 00430 (9.77%) | K: 3 | loss: 0.843863 | L1: 0.425755 | L2: 0.418224 | L3: 0.417993 | lrm: 1.00 | dt: 3453.22ms | tok/sec: 151,825 | mfu: 39.54 | epoch: 1 | total time: 24.08m
step 00431 (9.79%) | K: 3 | loss: 0.842613 | L1: 0.425098 | L2: 0.417629 | L3: 0.417400 | lrm: 1.00 | dt: 3450.18ms | tok/sec: 151,959 | mfu: 39.57 | epoch: 1 | total time: 24.14m
step 00432 (9.82%) | K: 3 | loss: 0.842447 | L1: 0.424970 | L2: 0.417592 | L3: 0.417363 | lrm: 1.00 | dt: 3450.19ms | tok/sec: 151,959 | mfu: 39.57 | epoch: 1 | total time: 24.20m
step 00433 (9.84%) | K: 3 | loss: 0.841847 | L1: 0.424692 | L2: 0.417254 | L3: 0.417057 | lrm: 1.00 | dt: 3446.11ms | tok/sec: 152,139 | mfu: 39.62 | epoch: 1 | total time: 24.25m
step 00434 (9.86%) | K: 3 | loss: 0.845576 | L1: 0.426538 | L2: 0.419143 | L3: 0.418934 | lrm: 1.00 | dt: 3445.37ms | tok/sec: 152,171 | mfu: 39.63 | epoch: 1 | total time: 24.31m
step 00435 (9.88%) | K: 3 | loss: 0.843618 | L1: 0.425597 | L2: 0.418128 | L3: 0.417913 | lrm: 1.00 | dt: 3444.56ms | tok/sec: 152,207 | mfu: 39.64 | epoch: 1 | total time: 24.37m
step 00436 (9.91%) | K: 3 | loss: 0.842234 | L1: 0.424844 | L2: 0.417494 | L3: 0.417286 | lrm: 1.00 | dt: 3445.80ms | tok/sec: 152,152 | mfu: 39.62 | epoch: 1 | total time: 24.43m
step 00437 (9.93%) | K: 3 | loss: 0.839968 | L1: 0.423712 | L2: 0.416368 | L3: 0.416146 | lrm: 1.00 | dt: 3446.45ms | tok/sec: 152,124 | mfu: 39.62 | epoch: 1 | total time: 24.48m
step 00438 (9.95%) | K: 3 | loss: 0.840934 | L1: 0.424139 | L2: 0.416910 | L3: 0.416681 | lrm: 1.00 | dt: 3445.14ms | tok/sec: 152,181 | mfu: 39.63 | epoch: 1 | total time: 24.54m
step 00439 (9.97%) | K: 3 | loss: 0.843073 | L1: 0.425225 | L2: 0.417967 | L3: 0.417730 | lrm: 1.00 | dt: 3442.77ms | tok/sec: 152,286 | mfu: 39.66 | epoch: 1 | total time: 24.60m
step 00440 (10.00%) | K: 3 | loss: 0.844472 | L1: 0.425905 | L2: 0.418678 | L3: 0.418457 | lrm: 1.00 | dt: 3441.90ms | tok/sec: 152,325 | mfu: 39.67 | epoch: 1 | total time: 24.66m
step 00441 (10.02%) | K: 3 | loss: 0.842529 | L1: 0.424944 | L2: 0.417694 | L3: 0.417474 | lrm: 1.00 | dt: 3444.23ms | tok/sec: 152,222 | mfu: 39.64 | epoch: 1 | total time: 24.71m
step 00442 (10.04%) | K: 3 | loss: 0.837361 | L1: 0.422345 | L2: 0.415126 | L3: 0.414907 | lrm: 1.00 | dt: 3441.87ms | tok/sec: 152,326 | mfu: 39.67 | epoch: 1 | total time: 24.77m
step 00443 (10.06%) | K: 3 | loss: 0.833129 | L1: 0.420242 | L2: 0.412987 | L3: 0.412786 | lrm: 1.00 | dt: 3443.59ms | tok/sec: 152,250 | mfu: 39.65 | epoch: 1 | total time: 24.83m
step 00444 (10.09%) | K: 3 | loss: 0.831214 | L1: 0.419285 | L2: 0.412034 | L3: 0.411825 | lrm: 1.00 | dt: 3446.84ms | tok/sec: 152,106 | mfu: 39.61 | epoch: 1 | total time: 24.89m
step 00445 (10.11%) | K: 3 | loss: 0.825693 | L1: 0.416510 | L2: 0.409287 | L3: 0.409080 | lrm: 1.00 | dt: 3443.34ms | tok/sec: 152,261 | mfu: 39.65 | epoch: 1 | total time: 24.94m
step 00446 (10.13%) | K: 3 | loss: 0.820788 | L1: 0.414063 | L2: 0.406834 | L3: 0.406615 | lrm: 1.00 | dt: 3438.50ms | tok/sec: 152,475 | mfu: 39.71 | epoch: 1 | total time: 25.00m
step 00447 (10.15%) | K: 3 | loss: 0.821461 | L1: 0.414411 | L2: 0.407154 | L3: 0.406946 | lrm: 1.00 | dt: 3434.67ms | tok/sec: 152,645 | mfu: 39.75 | epoch: 1 | total time: 25.06m
step 00448 (10.18%) | K: 3 | loss: 0.818763 | L1: 0.413016 | L2: 0.405846 | L3: 0.405649 | lrm: 1.00 | dt: 3440.89ms | tok/sec: 152,370 | mfu: 39.68 | epoch: 1 | total time: 25.11m
step 00449 (10.20%) | K: 3 | loss: 0.820758 | L1: 0.413977 | L2: 0.406870 | L3: 0.406693 | lrm: 1.00 | dt: 3442.14ms | tok/sec: 152,314 | mfu: 39.67 | epoch: 1 | total time: 25.17m
step 00450 (10.22%) | K: 3 | loss: 0.819088 | L1: 0.413171 | L2: 0.406007 | L3: 0.405827 | lrm: 1.00 | dt: 3442.54ms | tok/sec: 152,297 | mfu: 39.66 | epoch: 1 | total time: 25.23m
step 00451 (10.25%) | K: 3 | loss: 0.819608 | L1: 0.413490 | L2: 0.406213 | L3: 0.406022 | lrm: 1.00 | dt: 3447.25ms | tok/sec: 152,088 | mfu: 39.61 | epoch: 1 | total time: 25.29m
step 00452 (10.27%) | K: 3 | loss: 0.818614 | L1: 0.412991 | L2: 0.405718 | L3: 0.405528 | lrm: 1.00 | dt: 3446.49ms | tok/sec: 152,122 | mfu: 39.62 | epoch: 1 | total time: 25.34m
step 00453 (10.29%) | K: 3 | loss: 0.825543 | L1: 0.416421 | L2: 0.409218 | L3: 0.409026 | lrm: 1.00 | dt: 3450.39ms | tok/sec: 151,950 | mfu: 39.57 | epoch: 1 | total time: 25.40m
step 00454 (10.32%) | K: 3 | loss: 0.822140 | L1: 0.414681 | L2: 0.407556 | L3: 0.407360 | lrm: 1.00 | dt: 3454.98ms | tok/sec: 151,748 | mfu: 39.52 | epoch: 1 | total time: 25.46m
step 00455 (10.34%) | K: 3 | loss: 0.816773 | L1: 0.411944 | L2: 0.404922 | L3: 0.404736 | lrm: 1.00 | dt: 3449.61ms | tok/sec: 151,984 | mfu: 39.58 | epoch: 1 | total time: 25.52m
step 00456 (10.36%) | K: 3 | loss: 0.817942 | L1: 0.412579 | L2: 0.405488 | L3: 0.405238 | lrm: 1.00 | dt: 3452.63ms | tok/sec: 151,851 | mfu: 39.54 | epoch: 1 | total time: 25.57m
step 00457 (10.39%) | K: 3 | loss: 0.819842 | L1: 0.413524 | L2: 0.406446 | L3: 0.406191 | lrm: 1.00 | dt: 3454.07ms | tok/sec: 151,788 | mfu: 39.53 | epoch: 1 | total time: 25.63m
step 00458 (10.41%) | K: 3 | loss: 0.816016 | L1: 0.411589 | L2: 0.404547 | L3: 0.404306 | lrm: 1.00 | dt: 3450.23ms | tok/sec: 151,957 | mfu: 39.57 | epoch: 1 | total time: 25.69m
step 00459 (10.43%) | K: 3 | loss: 0.817433 | L1: 0.412323 | L2: 0.405234 | L3: 0.404986 | lrm: 1.00 | dt: 3450.98ms | tok/sec: 151,924 | mfu: 39.56 | epoch: 1 | total time: 25.75m
step 00460 (10.45%) | K: 3 | loss: 0.818279 | L1: 0.412797 | L2: 0.405607 | L3: 0.405358 | lrm: 1.00 | dt: 3452.88ms | tok/sec: 151,840 | mfu: 39.54 | epoch: 1 | total time: 25.80m
step 00461 (10.48%) | K: 3 | loss: 0.816648 | L1: 0.411957 | L2: 0.404802 | L3: 0.404581 | lrm: 1.00 | dt: 3452.59ms | tok/sec: 151,853 | mfu: 39.55 | epoch: 1 | total time: 25.86m
step 00462 (10.50%) | K: 3 | loss: 0.818296 | L1: 0.412760 | L2: 0.405641 | L3: 0.405429 | lrm: 1.00 | dt: 3451.17ms | tok/sec: 151,916 | mfu: 39.56 | epoch: 1 | total time: 25.92m
step 00463 (10.52%) | K: 3 | loss: 0.819155 | L1: 0.413192 | L2: 0.406067 | L3: 0.405859 | lrm: 1.00 | dt: 3452.19ms | tok/sec: 151,870 | mfu: 39.55 | epoch: 1 | total time: 25.98m
step 00464 (10.55%) | K: 3 | loss: 0.818235 | L1: 0.412772 | L2: 0.405570 | L3: 0.405356 | lrm: 1.00 | dt: 3446.11ms | tok/sec: 152,138 | mfu: 39.62 | epoch: 1 | total time: 26.03m
step 00465 (10.57%) | K: 3 | loss: 0.815867 | L1: 0.411571 | L2: 0.404403 | L3: 0.404189 | lrm: 1.00 | dt: 3446.86ms | tok/sec: 152,105 | mfu: 39.61 | epoch: 1 | total time: 26.09m
step 00466 (10.59%) | K: 3 | loss: 0.818598 | L1: 0.412911 | L2: 0.405794 | L3: 0.405581 | lrm: 1.00 | dt: 3438.55ms | tok/sec: 152,473 | mfu: 39.71 | epoch: 1 | total time: 26.15m
step 00467 (10.62%) | K: 3 | loss: 0.817683 | L1: 0.412488 | L2: 0.405296 | L3: 0.405095 | lrm: 1.00 | dt: 3445.52ms | tok/sec: 152,165 | mfu: 39.63 | epoch: 1 | total time: 26.21m
step 00468 (10.64%) | K: 3 | loss: 0.817353 | L1: 0.412330 | L2: 0.405129 | L3: 0.404915 | lrm: 1.00 | dt: 3444.30ms | tok/sec: 152,219 | mfu: 39.64 | epoch: 1 | total time: 26.26m
step 00469 (10.66%) | K: 3 | loss: 0.820228 | L1: 0.413749 | L2: 0.406586 | L3: 0.406372 | lrm: 1.00 | dt: 3446.12ms | tok/sec: 152,138 | mfu: 39.62 | epoch: 1 | total time: 26.32m
step 00470 (10.68%) | K: 3 | loss: 0.822908 | L1: 0.415083 | L2: 0.407939 | L3: 0.407712 | lrm: 1.00 | dt: 3443.23ms | tok/sec: 152,266 | mfu: 39.65 | epoch: 1 | total time: 26.38m
step 00471 (10.71%) | K: 3 | loss: 0.821200 | L1: 0.414252 | L2: 0.407054 | L3: 0.406841 | lrm: 1.00 | dt: 3439.84ms | tok/sec: 152,416 | mfu: 39.69 | epoch: 1 | total time: 26.44m
step 00472 (10.73%) | K: 3 | loss: 0.823070 | L1: 0.415247 | L2: 0.407936 | L3: 0.407710 | lrm: 1.00 | dt: 3443.41ms | tok/sec: 152,258 | mfu: 39.65 | epoch: 1 | total time: 26.49m
step 00473 (10.75%) | K: 3 | loss: 0.819410 | L1: 0.413464 | L2: 0.406074 | L3: 0.405818 | lrm: 1.00 | dt: 3439.69ms | tok/sec: 152,422 | mfu: 39.69 | epoch: 1 | total time: 26.55m
step 00474 (10.77%) | K: 3 | loss: 0.816233 | L1: 0.411862 | L2: 0.404507 | L3: 0.404235 | lrm: 1.00 | dt: 3441.74ms | tok/sec: 152,332 | mfu: 39.67 | epoch: 1 | total time: 26.61m
step 00475 (10.80%) | K: 3 | loss: 0.813180 | L1: 0.410340 | L2: 0.402972 | L3: 0.402709 | lrm: 1.00 | dt: 3444.84ms | tok/sec: 152,195 | mfu: 39.63 | epoch: 1 | total time: 26.67m
step 00476 (10.82%) | K: 3 | loss: 0.813740 | L1: 0.410626 | L2: 0.403247 | L3: 0.402982 | lrm: 1.00 | dt: 3446.20ms | tok/sec: 152,135 | mfu: 39.62 | epoch: 1 | total time: 26.72m
step 00477 (10.84%) | K: 3 | loss: 0.811432 | L1: 0.409489 | L2: 0.402071 | L3: 0.401817 | lrm: 1.00 | dt: 3436.12ms | tok/sec: 152,581 | mfu: 39.73 | epoch: 1 | total time: 26.78m
step 00478 (10.86%) | K: 3 | loss: 0.813175 | L1: 0.410345 | L2: 0.402955 | L3: 0.402704 | lrm: 1.00 | dt: 3438.62ms | tok/sec: 152,470 | mfu: 39.71 | epoch: 1 | total time: 26.84m
step 00479 (10.89%) | K: 3 | loss: 0.807535 | L1: 0.407456 | L2: 0.400198 | L3: 0.399959 | lrm: 1.00 | dt: 3435.44ms | tok/sec: 152,611 | mfu: 39.74 | epoch: 1 | total time: 26.90m
step 00480 (10.91%) | K: 3 | loss: 0.813191 | L1: 0.410296 | L2: 0.403005 | L3: 0.402785 | lrm: 1.00 | dt: 3438.66ms | tok/sec: 152,468 | mfu: 39.71 | epoch: 1 | total time: 26.95m
step 00481 (10.94%) | K: 3 | loss: 0.810714 | L1: 0.409042 | L2: 0.401772 | L3: 0.401573 | lrm: 1.00 | dt: 3442.62ms | tok/sec: 152,293 | mfu: 39.66 | epoch: 1 | total time: 27.01m
step 00482 (10.96%) | K: 3 | loss: 0.812652 | L1: 0.409991 | L2: 0.402765 | L3: 0.402558 | lrm: 1.00 | dt: 3442.81ms | tok/sec: 152,284 | mfu: 39.66 | epoch: 1 | total time: 27.07m
step 00483 (10.98%) | K: 3 | loss: 0.813928 | L1: 0.410650 | L2: 0.403384 | L3: 0.403172 | lrm: 1.00 | dt: 3445.75ms | tok/sec: 152,154 | mfu: 39.62 | epoch: 1 | total time: 27.12m
step 00484 (11.00%) | K: 3 | loss: 0.814266 | L1: 0.410835 | L2: 0.403529 | L3: 0.403332 | lrm: 1.00 | dt: 3451.12ms | tok/sec: 151,918 | mfu: 39.56 | epoch: 1 | total time: 27.18m
step 00485 (11.03%) | K: 3 | loss: 0.820916 | L1: 0.414160 | L2: 0.406858 | L3: 0.406655 | lrm: 1.00 | dt: 3453.02ms | tok/sec: 151,834 | mfu: 39.54 | epoch: 1 | total time: 27.24m
step 00486 (11.05%) | K: 3 | loss: 0.816662 | L1: 0.411993 | L2: 0.404773 | L3: 0.404565 | lrm: 1.00 | dt: 3453.89ms | tok/sec: 151,796 | mfu: 39.53 | epoch: 1 | total time: 27.30m
step 00487 (11.07%) | K: 3 | loss: 0.816549 | L1: 0.411961 | L2: 0.404688 | L3: 0.404489 | lrm: 1.00 | dt: 3458.02ms | tok/sec: 151,615 | mfu: 39.48 | epoch: 1 | total time: 27.35m
step 00488 (11.10%) | K: 3 | loss: 0.817968 | L1: 0.412644 | L2: 0.405424 | L3: 0.405224 | lrm: 1.00 | dt: 3458.72ms | tok/sec: 151,584 | mfu: 39.48 | epoch: 1 | total time: 27.41m
step 00489 (11.12%) | K: 3 | loss: 0.819950 | L1: 0.413710 | L2: 0.406347 | L3: 0.406132 | lrm: 1.00 | dt: 3457.56ms | tok/sec: 151,635 | mfu: 39.49 | epoch: 1 | total time: 27.47m
step 00490 (11.14%) | K: 3 | loss: 0.813403 | L1: 0.410410 | L2: 0.403100 | L3: 0.402886 | lrm: 1.00 | dt: 3455.85ms | tok/sec: 151,710 | mfu: 39.51 | epoch: 1 | total time: 27.53m
step 00491 (11.16%) | K: 3 | loss: 0.815769 | L1: 0.411613 | L2: 0.404256 | L3: 0.404057 | lrm: 1.00 | dt: 3461.38ms | tok/sec: 151,467 | mfu: 39.44 | epoch: 1 | total time: 27.59m
step 00492 (11.19%) | K: 3 | loss: 0.817225 | L1: 0.412336 | L2: 0.404982 | L3: 0.404794 | lrm: 1.00 | dt: 3455.81ms | tok/sec: 151,712 | mfu: 39.51 | epoch: 1 | total time: 27.64m
step 00493 (11.21%) | K: 3 | loss: 0.815928 | L1: 0.411684 | L2: 0.404336 | L3: 0.404153 | lrm: 1.00 | dt: 3459.08ms | tok/sec: 151,568 | mfu: 39.47 | epoch: 1 | total time: 27.70m
step 00494 (11.23%) | K: 3 | loss: 0.815097 | L1: 0.411226 | L2: 0.403961 | L3: 0.403781 | lrm: 1.00 | dt: 3458.50ms | tok/sec: 151,593 | mfu: 39.48 | epoch: 1 | total time: 27.76m
step 00495 (11.26%) | K: 3 | loss: 0.816251 | L1: 0.411812 | L2: 0.404527 | L3: 0.404352 | lrm: 1.00 | dt: 3455.41ms | tok/sec: 151,729 | mfu: 39.51 | epoch: 1 | total time: 27.82m
step 00496 (11.28%) | K: 3 | loss: 0.812024 | L1: 0.409730 | L2: 0.402385 | L3: 0.402203 | lrm: 1.00 | dt: 3452.11ms | tok/sec: 151,874 | mfu: 39.55 | epoch: 1 | total time: 27.87m
step 00497 (11.30%) | K: 3 | loss: 0.810638 | L1: 0.409031 | L2: 0.401693 | L3: 0.401522 | lrm: 1.00 | dt: 3450.15ms | tok/sec: 151,960 | mfu: 39.57 | epoch: 1 | total time: 27.93m
step 00498 (11.33%) | K: 3 | loss: 0.811069 | L1: 0.409249 | L2: 0.401902 | L3: 0.401738 | lrm: 1.00 | dt: 3443.11ms | tok/sec: 152,271 | mfu: 39.65 | epoch: 1 | total time: 27.99m
step 00499 (11.35%) | K: 3 | loss: 0.809383 | L1: 0.408450 | L2: 0.401016 | L3: 0.400849 | lrm: 1.00 | dt: 3443.33ms | tok/sec: 152,261 | mfu: 39.65 | epoch: 1 | total time: 28.05m
step 00500 (11.37%) | K: 3 | loss: 0.809803 | L1: 0.408626 | L2: 0.401255 | L3: 0.401098 | lrm: 1.00 | dt: 3438.46ms | tok/sec: 152,477 | mfu: 39.71 | epoch: 1 | total time: 28.10m
Step 00500 | Validation L1 bpb: 0.2196 | L2 bpb: 0.2156 | L3 bpb: 0.2155
2026-08-27 19:36:28,228 - nanochat.checkpoint_manager - [32m[1mINFO[0m - Saved optimizer state to: /home/jhu/xwang457/work/nanochat_cache/chatsft_checkpoints/d20-lf-k3-openmath-train5m/optim_000500_rank1.pt
2026-08-27 19:36:28,232 - nanochat.checkpoint_manager - [32m[1mINFO[0m - Saved optimizer state to: /home/jhu/xwang457/work/nanochat_cache/chatsft_checkpoints/d20-lf-k3-openmath-train5m/optim_000500_rank3.pt
2026-08-27 19:36:28,302 - nanochat.checkpoint_manager - [32m[1mINFO[0m - Saved optimizer state to: /home/jhu/xwang457/work/nanochat_cache/chatsft_checkpoints/d20-lf-k3-openmath-train5m/optim_000500_rank2.pt
2026-08-27 19:36:29,049 - nanochat.checkpoint_manager - [32m[1mINFO[0m - Saved model parameters to: /home/jhu/xwang457/work/nanochat_cache/chatsft_checkpoints/d20-lf-k3-openmath-train5m/model_000500.pt
2026-08-27 19:36:29,053 - nanochat.checkpoint_manager - [32m[1mINFO[0m - Saved metadata to: /home/jhu/xwang457/work/nanochat_cache/chatsft_checkpoints/d20-lf-k3-openmath-train5m/meta_000500.json
2026-08-27 19:36:29,535 - nanochat.checkpoint_manager - [32m[1mINFO[0m - Saved optimizer state to: /home/jhu/xwang457/work/nanochat_cache/chatsft_checkpoints/d20-lf-k3-openmath-train5m/optim_000500_rank0.pt
step 00501 (11.40%) | K: 3 | loss: 0.809449 | L1: 0.408503 | L2: 0.401033 | L3: 0.400859 | lrm: 1.00 | dt: 3396.10ms | tok/sec: 154,379 | mfu: 40.20 | epoch: 1 | total time: 28.16m
step 00502 (11.42%) | K: 3 | loss: 0.808461 | L1: 0.407977 | L2: 0.400578 | L3: 0.400392 | lrm: 1.00 | dt: 3433.30ms | tok/sec: 152,706 | mfu: 39.77 | epoch: 1 | total time: 28.22m
step 00503 (11.44%) | K: 3 | loss: 0.804656 | L1: 0.406059 | L2: 0.398698 | L3: 0.398496 | lrm: 1.00 | dt: 3428.23ms | tok/sec: 152,932 | mfu: 39.83 | epoch: 1 | total time: 28.27m
step 00504 (11.46%) | K: 3 | loss: 0.809019 | L1: 0.408232 | L2: 0.400878 | L3: 0.400697 | lrm: 1.00 | dt: 3431.87ms | tok/sec: 152,770 | mfu: 39.78 | epoch: 1 | total time: 28.33m
step 00505 (11.49%) | K: 3 | loss: 0.814755 | L1: 0.411111 | L2: 0.403735 | L3: 0.403554 | lrm: 1.00 | dt: 3428.83ms | tok/sec: 152,905 | mfu: 39.82 | epoch: 1 | total time: 28.39m
step 00506 (11.51%) | K: 3 | loss: 0.812749 | L1: 0.410059 | L2: 0.402785 | L3: 0.402596 | lrm: 1.00 | dt: 3430.79ms | tok/sec: 152,818 | mfu: 39.80 | epoch: 1 | total time: 28.45m
step 00507 (11.53%) | K: 3 | loss: 0.813038 | L1: 0.410244 | L2: 0.402883 | L3: 0.402707 | lrm: 1.00 | dt: 3436.01ms | tok/sec: 152,586 | mfu: 39.74 | epoch: 1 | total time: 28.50m
step 00508 (11.55%) | K: 3 | loss: 0.811800 | L1: 0.409659 | L2: 0.402238 | L3: 0.402045 | lrm: 1.00 | dt: 3436.35ms | tok/sec: 152,571 | mfu: 39.73 | epoch: 1 | total time: 28.56m
step 00509 (11.58%) | K: 3 | loss: 0.816308 | L1: 0.411941 | L2: 0.404464 | L3: 0.404271 | lrm: 1.00 | dt: 3434.68ms | tok/sec: 152,645 | mfu: 39.75 | epoch: 1 | total time: 28.62m
step 00510 (11.60%) | K: 3 | loss: 0.820857 | L1: 0.414209 | L2: 0.406739 | L3: 0.406557 | lrm: 1.00 | dt: 3443.14ms | tok/sec: 152,270 | mfu: 39.65 | epoch: 1 | total time: 28.67m
step 00511 (11.62%) | K: 3 | loss: 0.814762 | L1: 0.411149 | L2: 0.403718 | L3: 0.403509 | lrm: 1.00 | dt: 3447.88ms | tok/sec: 152,060 | mfu: 39.60 | epoch: 1 | total time: 28.73m
step 00512 (11.65%) | K: 3 | loss: 0.814386 | L1: 0.411011 | L2: 0.403485 | L3: 0.403264 | lrm: 1.00 | dt: 3449.89ms | tok/sec: 151,972 | mfu: 39.58 | epoch: 1 | total time: 28.79m
step 00513 (11.67%) | K: 3 | loss: 0.810361 | L1: 0.408989 | L2: 0.401486 | L3: 0.401259 | lrm: 1.00 | dt: 3454.82ms | tok/sec: 151,755 | mfu: 39.52 | epoch: 1 | total time: 28.85m
step 00514 (11.69%) | K: 3 | loss: 0.815524 | L1: 0.411578 | L2: 0.404059 | L3: 0.403833 | lrm: 1.00 | dt: 3445.85ms | tok/sec: 152,150 | mfu: 39.62 | epoch: 1 | total time: 28.90m
step 00515 (11.71%) | K: 3 | loss: 0.820989 | L1: 0.414311 | L2: 0.406793 | L3: 0.406563 | lrm: 1.00 | dt: 3443.07ms | tok/sec: 152,273 | mfu: 39.65 | epoch: 1 | total time: 28.96m
step 00516 (11.74%) | K: 3 | loss: 0.817629 | L1: 0.412610 | L2: 0.405131 | L3: 0.404906 | lrm: 1.00 | dt: 3450.28ms | tok/sec: 151,955 | mfu: 39.57 | epoch: 1 | total time: 29.02m
step 00517 (11.76%) | K: 3 | loss: 0.816527 | L1: 0.412085 | L2: 0.404545 | L3: 0.404341 | lrm: 1.00 | dt: 3454.39ms | tok/sec: 151,774 | mfu: 39.52 | epoch: 1 | total time: 29.08m
step 00518 (11.78%) | K: 3 | loss: 0.818910 | L1: 0.413284 | L2: 0.405726 | L3: 0.405526 | lrm: 1.00 | dt: 3445.68ms | tok/sec: 152,158 | mfu: 39.62 | epoch: 1 | total time: 29.13m
step 00519 (11.80%) | K: 3 | loss: 0.812164 | L1: 0.409890 | L2: 0.402387 | L3: 0.402162 | lrm: 1.00 | dt: 3450.11ms | tok/sec: 151,962 | mfu: 39.57 | epoch: 1 | total time: 29.19m
step 00520 (11.83%) | K: 3 | loss: 0.805144 | L1: 0.406370 | L2: 0.398886 | L3: 0.398662 | lrm: 1.00 | dt: 3448.29ms | tok/sec: 152,043 | mfu: 39.59 | epoch: 1 | total time: 29.25m
step 00521 (11.85%) | K: 3 | loss: 0.802835 | L1: 0.405205 | L2: 0.397741 | L3: 0.397519 | lrm: 1.00 | dt: 3448.57ms | tok/sec: 152,030 | mfu: 39.59 | epoch: 1 | total time: 29.31m
step 00522 (11.87%) | K: 3 | loss: 0.799733 | L1: 0.403653 | L2: 0.396191 | L3: 0.395969 | lrm: 1.00 | dt: 3448.22ms | tok/sec: 152,045 | mfu: 39.60 | epoch: 1 | total time: 29.36m
step 00523 (11.89%) | K: 3 | loss: 0.799441 | L1: 0.403523 | L2: 0.396025 | L3: 0.395811 | lrm: 1.00 | dt: 3444.58ms | tok/sec: 152,206 | mfu: 39.64 | epoch: 1 | total time: 29.42m
step 00524 (11.92%) | K: 3 | loss: 0.804772 | L1: 0.406145 | L2: 0.398740 | L3: 0.398515 | lrm: 1.00 | dt: 3442.33ms | tok/sec: 152,306 | mfu: 39.66 | epoch: 1 | total time: 29.48m
step 00525 (11.94%) | K: 3 | loss: 0.805969 | L1: 0.406805 | L2: 0.399284 | L3: 0.399044 | lrm: 1.00 | dt: 3442.13ms | tok/sec: 152,314 | mfu: 39.67 | epoch: 1 | total time: 29.54m
step 00526 (11.96%) | K: 3 | loss: 0.802648 | L1: 0.405114 | L2: 0.397649 | L3: 0.397420 | lrm: 1.00 | dt: 3439.39ms | tok/sec: 152,436 | mfu: 39.70 | epoch: 1 | total time: 29.59m
step 00527 (11.99%) | K: 3 | loss: 0.804170 | L1: 0.405881 | L2: 0.398402 | L3: 0.398175 | lrm: 1.00 | dt: 3442.59ms | tok/sec: 152,294 | mfu: 39.66 | epoch: 1 | total time: 29.65m
step 00528 (12.01%) | K: 3 | loss: 0.810957 | L1: 0.409321 | L2: 0.401761 | L3: 0.401509 | lrm: 1.00 | dt: 3441.89ms | tok/sec: 152,325 | mfu: 39.67 | epoch: 1 | total time: 29.71m
step 00529 (12.03%) | K: 3 | loss: 0.810578 | L1: 0.409126 | L2: 0.401577 | L3: 0.401327 | lrm: 1.00 | dt: 3444.89ms | tok/sec: 152,193 | mfu: 39.63 | epoch: 1 | total time: 29.77m
step 00530 (12.05%) | K: 3 | loss: 0.812123 | L1: 0.409891 | L2: 0.402358 | L3: 0.402106 | lrm: 1.00 | dt: 3443.44ms | tok/sec: 152,256 | mfu: 39.65 | epoch: 1 | total time: 29.82m
step 00531 (12.08%) | K: 3 | loss: 0.810756 | L1: 0.409223 | L2: 0.401660 | L3: 0.401405 | lrm: 1.00 | dt: 3445.42ms | tok/sec: 152,169 | mfu: 39.63 | epoch: 1 | total time: 29.88m
step 00532 (12.10%) | K: 3 | loss: 0.811565 | L1: 0.409554 | L2: 0.402132 | L3: 0.401890 | lrm: 1.00 | dt: 3441.87ms | tok/sec: 152,326 | mfu: 39.67 | epoch: 1 | total time: 29.94m
step 00533 (12.12%) | K: 3 | loss: 0.803544 | L1: 0.405488 | L2: 0.398175 | L3: 0.397938 | lrm: 1.00 | dt: 3444.30ms | tok/sec: 152,219 | mfu: 39.64 | epoch: 1 | total time: 30.00m
step 00534 (12.14%) | K: 3 | loss: 0.804561 | L1: 0.406028 | L2: 0.398652 | L3: 0.398414 | lrm: 1.00 | dt: 3442.23ms | tok/sec: 152,310 | mfu: 39.66 | epoch: 1 | total time: 30.05m
step 00535 (12.16%) | K: 3 | loss: 0.806068 | L1: 0.406806 | L2: 0.399383 | L3: 0.399142 | lrm: 1.00 | dt: 3440.57ms | tok/sec: 152,384 | mfu: 39.68 | epoch: 1 | total time: 30.11m
step 00536 (12.19%) | K: 3 | loss: 0.807940 | L1: 0.407735 | L2: 0.400338 | L3: 0.400073 | lrm: 1.00 | dt: 3439.03ms | tok/sec: 152,452 | mfu: 39.70 | epoch: 1 | total time: 30.17m
step 00537 (12.21%) | K: 3 | loss: 0.805906 | L1: 0.406733 | L2: 0.399300 | L3: 0.399046 | lrm: 1.00 | dt: 3440.92ms | tok/sec: 152,368 | mfu: 39.68 | epoch: 1 | total time: 30.23m
step 00538 (12.23%) | K: 3 | loss: 0.808961 | L1: 0.408286 | L2: 0.400799 | L3: 0.400552 | lrm: 1.00 | dt: 3439.39ms | tok/sec: 152,436 | mfu: 39.70 | epoch: 1 | total time: 30.28m
step 00539 (12.25%) | K: 3 | loss: 0.806532 | L1: 0.407118 | L2: 0.399537 | L3: 0.399291 | lrm: 1.00 | dt: 3438.16ms | tok/sec: 152,490 | mfu: 39.71 | epoch: 1 | total time: 30.34m
step 00540 (12.28%) | K: 3 | loss: 0.803976 | L1: 0.405836 | L2: 0.398259 | L3: 0.398020 | lrm: 1.00 | dt: 3445.40ms | tok/sec: 152,170 | mfu: 39.63 | epoch: 1 | total time: 30.40m
step 00541 (12.30%) | K: 3 | loss: 0.803809 | L1: 0.405732 | L2: 0.398203 | L3: 0.397950 | lrm: 1.00 | dt: 3444.24ms | tok/sec: 152,221 | mfu: 39.64 | epoch: 1 | total time: 30.45m
step 00542 (12.32%) | K: 3 | loss: 0.802166 | L1: 0.404879 | L2: 0.397411 | L3: 0.397164 | lrm: 1.00 | dt: 3443.06ms | tok/sec: 152,273 | mfu: 39.65 | epoch: 1 | total time: 30.51m
step 00543 (12.34%) | K: 3 | loss: 0.804202 | L1: 0.405886 | L2: 0.398434 | L3: 0.398198 | lrm: 1.00 | dt: 3449.81ms | tok/sec: 151,975 | mfu: 39.58 | epoch: 1 | total time: 30.57m
step 00544 (12.37%) | K: 3 | loss: 0.800726 | L1: 0.404108 | L2: 0.396735 | L3: 0.396500 | lrm: 1.00 | dt: 3451.15ms | tok/sec: 151,917 | mfu: 39.56 | epoch: 1 | total time: 30.63m
step 00545 (12.39%) | K: 3 | loss: 0.804791 | L1: 0.406173 | L2: 0.398734 | L3: 0.398502 | lrm: 1.00 | dt: 3454.94ms | tok/sec: 151,750 | mfu: 39.52 | epoch: 1 | total time: 30.68m
step 00546 (12.41%) | K: 3 | loss: 0.798721 | L1: 0.403089 | L2: 0.395741 | L3: 0.395522 | lrm: 1.00 | dt: 3451.77ms | tok/sec: 151,889 | mfu: 39.55 | epoch: 1 | total time: 30.74m
step 00547 (12.43%) | K: 3 | loss: 0.798085 | L1: 0.402735 | L2: 0.395459 | L3: 0.395242 | lrm: 1.00 | dt: 3448.67ms | tok/sec: 152,026 | mfu: 39.59 | epoch: 1 | total time: 30.80m
step 00548 (12.46%) | K: 3 | loss: 0.793498 | L1: 0.400457 | L2: 0.393154 | L3: 0.392930 | lrm: 1.00 | dt: 3452.59ms | tok/sec: 151,853 | mfu: 39.55 | epoch: 1 | total time: 30.86m
step 00549 (12.48%) | K: 3 | loss: 0.793451 | L1: 0.400413 | L2: 0.393145 | L3: 0.392931 | lrm: 1.00 | dt: 3448.31ms | tok/sec: 152,042 | mfu: 39.59 | epoch: 1 | total time: 30.91m
step 00550 (12.50%) | K: 3 | loss: 0.798105 | L1: 0.402728 | L2: 0.395497 | L3: 0.395257 | lrm: 1.00 | dt: 3441.01ms | tok/sec: 152,364 | mfu: 39.68 | epoch: 1 | total time: 30.97m
step 00551 (12.52%) | K: 3 | loss: 0.802487 | L1: 0.404965 | L2: 0.397642 | L3: 0.397402 | lrm: 1.00 | dt: 3443.03ms | tok/sec: 152,275 | mfu: 39.66 | epoch: 1 | total time: 31.03m
step 00552 (12.55%) | K: 3 | loss: 0.802366 | L1: 0.404888 | L2: 0.397595 | L3: 0.397361 | lrm: 1.00 | dt: 3441.08ms | tok/sec: 152,361 | mfu: 39.68 | epoch: 1 | total time: 31.09m
step 00553 (12.57%) | K: 3 | loss: 0.803025 | L1: 0.405190 | L2: 0.397943 | L3: 0.397727 | lrm: 1.00 | dt: 3434.84ms | tok/sec: 152,638 | mfu: 39.75 | epoch: 1 | total time: 31.14m
step 00554 (12.59%) | K: 3 | loss: 0.798551 | L1: 0.402954 | L2: 0.395705 | L3: 0.395489 | lrm: 1.00 | dt: 3438.59ms | tok/sec: 152,471 | mfu: 39.71 | epoch: 1 | total time: 31.20m
step 00555 (12.61%) | K: 3 | loss: 0.801377 | L1: 0.404376 | L2: 0.397100 | L3: 0.396903 | lrm: 1.00 | dt: 3439.55ms | tok/sec: 152,429 | mfu: 39.70 | epoch: 1 | total time: 31.26m
step 00556 (12.64%) | K: 3 | loss: 0.796542 | L1: 0.401959 | L2: 0.394686 | L3: 0.394478 | lrm: 1.00 | dt: 3440.34ms | tok/sec: 152,394 | mfu: 39.69 | epoch: 1 | total time: 31.32m
step 00557 (12.66%) | K: 3 | loss: 0.798724 | L1: 0.403043 | L2: 0.395783 | L3: 0.395579 | lrm: 1.00 | dt: 3440.20ms | tok/sec: 152,400 | mfu: 39.69 | epoch: 1 | total time: 31.37m
step 00558 (12.68%) | K: 3 | loss: 0.793648 | L1: 0.400519 | L2: 0.393227 | L3: 0.393032 | lrm: 1.00 | dt: 3441.87ms | tok/sec: 152,326 | mfu: 39.67 | epoch: 1 | total time: 31.43m
step 00559 (12.70%) | K: 3 | loss: 0.794388 | L1: 0.400886 | L2: 0.393601 | L3: 0.393404 | lrm: 1.00 | dt: 3447.74ms | tok/sec: 152,067 | mfu: 39.60 | epoch: 1 | total time: 31.49m
step 00560 (12.73%) | K: 3 | loss: 0.796735 | L1: 0.402040 | L2: 0.394781 | L3: 0.394609 | lrm: 1.00 | dt: 3453.54ms | tok/sec: 151,811 | mfu: 39.53 | epoch: 1 | total time: 31.55m
step 00561 (12.75%) | K: 3 | loss: 0.795328 | L1: 0.401375 | L2: 0.394048 | L3: 0.393858 | lrm: 1.00 | dt: 3452.58ms | tok/sec: 151,854 | mfu: 39.55 | epoch: 1 | total time: 31.60m
step 00562 (12.77%) | K: 3 | loss: 0.798251 | L1: 0.402853 | L2: 0.395495 | L3: 0.395300 | lrm: 1.00 | dt: 3451.36ms | tok/sec: 151,907 | mfu: 39.56 | epoch: 1 | total time: 31.66m
step 00563 (12.80%) | K: 3 | loss: 0.793207 | L1: 0.400311 | L2: 0.392991 | L3: 0.392801 | lrm: 1.00 | dt: 3454.84ms | tok/sec: 151,754 | mfu: 39.52 | epoch: 1 | total time: 31.72m
step 00564 (12.82%) | K: 3 | loss: 0.797158 | L1: 0.402283 | L2: 0.394973 | L3: 0.394777 | lrm: 1.00 | dt: 3455.32ms | tok/sec: 151,733 | mfu: 39.51 | epoch: 1 | total time: 31.78m
step 00565 (12.84%) | K: 3 | loss: 0.800335 | L1: 0.403914 | L2: 0.396528 | L3: 0.396315 | lrm: 1.00 | dt: 3455.87ms | tok/sec: 151,709 | mfu: 39.51 | epoch: 1 | total time: 31.83m
step 00566 (12.86%) | K: 3 | loss: 0.800891 | L1: 0.404182 | L2: 0.396819 | L3: 0.396599 | lrm: 1.00 | dt: 3457.59ms | tok/sec: 151,634 | mfu: 39.49 | epoch: 1 | total time: 31.89m
step 00567 (12.89%) | K: 3 | loss: 0.797299 | L1: 0.402347 | L2: 0.395055 | L3: 0.394849 | lrm: 1.00 | dt: 3457.49ms | tok/sec: 151,638 | mfu: 39.49 | epoch: 1 | total time: 31.95m
step 00568 (12.91%) | K: 3 | loss: 0.797767 | L1: 0.402541 | L2: 0.395322 | L3: 0.395128 | lrm: 1.00 | dt: 3451.79ms | tok/sec: 151,888 | mfu: 39.55 | epoch: 1 | total time: 32.01m
step 00569 (12.93%) | K: 3 | loss: 0.801152 | L1: 0.404225 | L2: 0.397022 | L3: 0.396831 | lrm: 1.00 | dt: 3448.42ms | tok/sec: 152,037 | mfu: 39.59 | epoch: 1 | total time: 32.06m
step 00570 (12.96%) | K: 3 | loss: 0.800551 | L1: 0.403910 | L2: 0.396734 | L3: 0.396549 | lrm: 1.00 | dt: 3444.23ms | tok/sec: 152,222 | mfu: 39.64 | epoch: 1 | total time: 32.12m
step 00571 (12.98%) | K: 3 | loss: 0.796565 | L1: 0.401913 | L2: 0.394745 | L3: 0.394559 | lrm: 1.00 | dt: 3445.34ms | tok/sec: 152,173 | mfu: 39.63 | epoch: 1 | total time: 32.18m
step 00572 (13.00%) | K: 3 | loss: 0.796510 | L1: 0.401926 | L2: 0.394676 | L3: 0.394491 | lrm: 1.00 | dt: 3439.74ms | tok/sec: 152,421 | mfu: 39.69 | epoch: 1 | total time: 32.24m
step 00573 (13.02%) | K: 3 | loss: 0.798783 | L1: 0.403050 | L2: 0.395827 | L3: 0.395640 | lrm: 1.00 | dt: 3442.85ms | tok/sec: 152,282 | mfu: 39.66 | epoch: 1 | total time: 32.29m
step 00574 (13.05%) | K: 3 | loss: 0.796227 | L1: 0.401824 | L2: 0.394502 | L3: 0.394305 | lrm: 1.00 | dt: 3440.49ms | tok/sec: 152,387 | mfu: 39.68 | epoch: 1 | total time: 32.35m
step 00575 (13.07%) | K: 3 | loss: 0.793736 | L1: 0.400561 | L2: 0.393275 | L3: 0.393076 | lrm: 1.00 | dt: 3439.10ms | tok/sec: 152,449 | mfu: 39.70 | epoch: 1 | total time: 32.41m
step 00576 (13.09%) | K: 3 | loss: 0.790939 | L1: 0.399144 | L2: 0.391897 | L3: 0.391693 | lrm: 1.00 | dt: 3439.67ms | tok/sec: 152,423 | mfu: 39.69 | epoch: 1 | total time: 32.47m
step 00577 (13.12%) | K: 3 | loss: 0.790833 | L1: 0.399122 | L2: 0.391809 | L3: 0.391612 | lrm: 1.00 | dt: 3437.93ms | tok/sec: 152,501 | mfu: 39.71 | epoch: 1 | total time: 32.52m
step 00578 (13.14%) | K: 3 | loss: 0.783873 | L1: 0.395612 | L2: 0.388354 | L3: 0.388168 | lrm: 1.00 | dt: 3439.47ms | tok/sec: 152,432 | mfu: 39.70 | epoch: 1 | total time: 32.58m
step 00579 (13.16%) | K: 3 | loss: 0.789975 | L1: 0.398681 | L2: 0.391395 | L3: 0.391195 | lrm: 1.00 | dt: 3441.14ms | tok/sec: 152,358 | mfu: 39.68 | epoch: 1 | total time: 32.64m
step 00580 (13.18%) | K: 3 | loss: 0.787243 | L1: 0.397253 | L2: 0.390088 | L3: 0.389893 | lrm: 1.00 | dt: 3438.04ms | tok/sec: 152,496 | mfu: 39.71 | epoch: 1 | total time: 32.69m
step 00581 (13.21%) | K: 3 | loss: 0.785797 | L1: 0.396517 | L2: 0.389378 | L3: 0.389182 | lrm: 1.00 | dt: 3444.14ms | tok/sec: 152,226 | mfu: 39.64 | epoch: 1 | total time: 32.75m
step 00582 (13.23%) | K: 3 | loss: 0.792178 | L1: 0.399713 | L2: 0.392569 | L3: 0.392363 | lrm: 1.00 | dt: 3433.32ms | tok/sec: 152,705 | mfu: 39.77 | epoch: 1 | total time: 32.81m
step 00583 (13.25%) | K: 3 | loss: 0.796210 | L1: 0.401792 | L2: 0.394526 | L3: 0.394311 | lrm: 1.00 | dt: 3444.06ms | tok/sec: 152,229 | mfu: 39.64 | epoch: 1 | total time: 32.87m
step 00584 (13.27%) | K: 3 | loss: 0.794258 | L1: 0.400811 | L2: 0.393552 | L3: 0.393341 | lrm: 1.00 | dt: 3450.27ms | tok/sec: 151,955 | mfu: 39.57 | epoch: 1 | total time: 32.92m
step 00585 (13.29%) | K: 3 | loss: 0.788144 | L1: 0.397680 | L2: 0.390559 | L3: 0.390370 | lrm: 1.00 | dt: 3453.23ms | tok/sec: 151,825 | mfu: 39.54 | epoch: 1 | total time: 32.98m
step 00586 (13.32%) | K: 3 | loss: 0.788067 | L1: 0.397650 | L2: 0.390508 | L3: 0.390327 | lrm: 1.00 | dt: 3451.67ms | tok/sec: 151,894 | mfu: 39.56 | epoch: 1 | total time: 33.04m
step 00587 (13.34%) | K: 3 | loss: 0.785028 | L1: 0.396117 | L2: 0.388993 | L3: 0.388828 | lrm: 1.00 | dt: 3454.48ms | tok/sec: 151,770 | mfu: 39.52 | epoch: 1 | total time: 33.10m
step 00588 (13.36%) | K: 3 | loss: 0.788949 | L1: 0.398102 | L2: 0.390944 | L3: 0.390752 | lrm: 1.00 | dt: 3451.55ms | tok/sec: 151,899 | mfu: 39.56 | epoch: 1 | total time: 33.15m
step 00589 (13.38%) | K: 3 | loss: 0.788452 | L1: 0.397869 | L2: 0.390687 | L3: 0.390479 | lrm: 1.00 | dt: 3461.14ms | tok/sec: 151,478 | mfu: 39.45 | epoch: 1 | total time: 33.21m
step 00590 (13.41%) | K: 3 | loss: 0.788502 | L1: 0.397945 | L2: 0.390669 | L3: 0.390445 | lrm: 1.00 | dt: 3454.31ms | tok/sec: 151,778 | mfu: 39.53 | epoch: 1 | total time: 33.27m
step 00591 (13.43%) | K: 3 | loss: 0.786657 | L1: 0.397073 | L2: 0.389696 | L3: 0.389474 | lrm: 1.00 | dt: 3456.98ms | tok/sec: 151,660 | mfu: 39.50 | epoch: 1 | total time: 33.33m
step 00592 (13.45%) | K: 3 | loss: 0.786975 | L1: 0.397197 | L2: 0.389895 | L3: 0.389660 | lrm: 1.00 | dt: 3454.71ms | tok/sec: 151,760 | mfu: 39.52 | epoch: 1 | total time: 33.38m
step 00593 (13.47%) | K: 3 | loss: 0.786476 | L1: 0.396937 | L2: 0.389654 | L3: 0.389423 | lrm: 1.00 | dt: 3457.56ms | tok/sec: 151,635 | mfu: 39.49 | epoch: 1 | total time: 33.44m
step 00594 (13.49%) | K: 3 | loss: 0.787472 | L1: 0.397436 | L2: 0.390143 | L3: 0.389929 | lrm: 1.00 | dt: 3459.90ms | tok/sec: 151,532 | mfu: 39.46 | epoch: 1 | total time: 33.50m
step 00595 (13.52%) | K: 3 | loss: 0.788426 | L1: 0.397924 | L2: 0.390610 | L3: 0.390396 | lrm: 1.00 | dt: 3455.38ms | tok/sec: 151,731 | mfu: 39.51 | epoch: 1 | total time: 33.56m
step 00596 (13.54%) | K: 3 | loss: 0.787923 | L1: 0.397645 | L2: 0.390379 | L3: 0.390178 | lrm: 1.00 | dt: 3452.57ms | tok/sec: 151,854 | mfu: 39.55 | epoch: 1 | total time: 33.61m
step 00597 (13.56%) | K: 3 | loss: 0.783207 | L1: 0.395251 | L2: 0.388062 | L3: 0.387849 | lrm: 1.00 | dt: 3451.61ms | tok/sec: 151,896 | mfu: 39.56 | epoch: 1 | total time: 33.67m
step 00598 (13.59%) | K: 3 | loss: 0.782135 | L1: 0.394708 | L2: 0.387532 | L3: 0.387323 | lrm: 1.00 | dt: 3450.62ms | tok/sec: 151,940 | mfu: 39.57 | epoch: 1 | total time: 33.73m
step 00599 (13.61%) | K: 3 | loss: 0.779948 | L1: 0.393636 | L2: 0.386426 | L3: 0.386198 | lrm: 1.00 | dt: 3449.57ms | tok/sec: 151,986 | mfu: 39.58 | epoch: 1 | total time: 33.79m
step 00600 (13.63%) | K: 3 | loss: 0.776601 | L1: 0.391987 | L2: 0.384725 | L3: 0.384503 | lrm: 1.00 | dt: 3443.99ms | tok/sec: 152,232 | mfu: 39.64 | epoch: 1 | total time: 33.84m
step 00601 (13.66%) | K: 3 | loss: 0.776310 | L1: 0.391816 | L2: 0.384600 | L3: 0.384388 | lrm: 1.00 | dt: 3442.89ms | tok/sec: 152,281 | mfu: 39.66 | epoch: 1 | total time: 33.90m
step 00602 (13.68%) | K: 3 | loss: 0.771879 | L1: 0.389619 | L2: 0.382350 | L3: 0.382169 | lrm: 1.00 | dt: 3439.88ms | tok/sec: 152,414 | mfu: 39.69 | epoch: 1 | total time: 33.96m
step 00603 (13.70%) | K: 3 | loss: 0.768888 | L1: 0.388114 | L2: 0.380861 | L3: 0.380687 | lrm: 1.00 | dt: 3437.01ms | tok/sec: 152,541 | mfu: 39.72 | epoch: 1 | total time: 34.02m
step 00604 (13.72%) | K: 3 | loss: 0.769403 | L1: 0.388384 | L2: 0.381106 | L3: 0.380932 | lrm: 1.00 | dt: 3443.98ms | tok/sec: 152,233 | mfu: 39.64 | epoch: 1 | total time: 34.07m
step 00605 (13.75%) | K: 3 | loss: 0.769591 | L1: 0.388476 | L2: 0.381205 | L3: 0.381026 | lrm: 1.00 | dt: 3440.11ms | tok/sec: 152,404 | mfu: 39.69 | epoch: 1 | total time: 34.13m
step 00606 (13.77%) | K: 3 | loss: 0.768224 | L1: 0.387761 | L2: 0.380560 | L3: 0.380366 | lrm: 1.00 | dt: 3438.78ms | tok/sec: 152,463 | mfu: 39.70 | epoch: 1 | total time: 34.19m
step 00607 (13.79%) | K: 3 | loss: 0.775204 | L1: 0.391279 | L2: 0.384029 | L3: 0.383822 | lrm: 1.00 | dt: 3448.91ms | tok/sec: 152,015 | mfu: 39.59 | epoch: 1 | total time: 34.25m
step 00608 (13.81%) | K: 3 | loss: 0.773579 | L1: 0.390399 | L2: 0.383286 | L3: 0.383073 | lrm: 1.00 | dt: 3447.27ms | tok/sec: 152,087 | mfu: 39.61 | epoch: 1 | total time: 34.30m
step 00609 (13.84%) | K: 3 | loss: 0.769944 | L1: 0.388537 | L2: 0.381506 | L3: 0.381308 | lrm: 1.00 | dt: 3450.35ms | tok/sec: 151,952 | mfu: 39.57 | epoch: 1 | total time: 34.36m
step 00610 (13.86%) | K: 3 | loss: 0.770635 | L1: 0.388922 | L2: 0.381809 | L3: 0.381617 | lrm: 1.00 | dt: 3453.36ms | tok/sec: 151,819 | mfu: 39.54 | epoch: 1 | total time: 34.42m
step 00611 (13.88%) | K: 3 | loss: 0.767773 | L1: 0.387499 | L2: 0.380374 | L3: 0.380174 | lrm: 1.00 | dt: 3452.97ms | tok/sec: 151,837 | mfu: 39.54 | epoch: 1 | total time: 34.48m
step 00612 (13.90%) | K: 3 | loss: 0.770617 | L1: 0.388982 | L2: 0.381736 | L3: 0.381534 | lrm: 1.00 | dt: 3452.22ms | tok/sec: 151,869 | mfu: 39.55 | epoch: 1 | total time: 34.53m
step 00613 (13.93%) | K: 3 | loss: 0.772056 | L1: 0.389706 | L2: 0.382452 | L3: 0.382247 | lrm: 1.00 | dt: 3452.80ms | tok/sec: 151,844 | mfu: 39.54 | epoch: 1 | total time: 34.59m
step 00614 (13.95%) | K: 3 | loss: 0.775582 | L1: 0.391471 | L2: 0.384211 | L3: 0.384011 | lrm: 1.00 | dt: 3456.46ms | tok/sec: 151,683 | mfu: 39.50 | epoch: 1 | total time: 34.65m
step 00615 (13.97%) | K: 3 | loss: 0.774343 | L1: 0.390910 | L2: 0.383532 | L3: 0.383334 | lrm: 1.00 | dt: 3453.95ms | tok/sec: 151,793 | mfu: 39.53 | epoch: 1 | total time: 34.71m
step 00616 (13.99%) | K: 3 | loss: 0.775757 | L1: 0.391614 | L2: 0.384240 | L3: 0.384047 | lrm: 1.00 | dt: 3447.79ms | tok/sec: 152,064 | mfu: 39.60 | epoch: 1 | total time: 34.76m
step 00617 (14.02%) | K: 3 | loss: 0.778108 | L1: 0.392781 | L2: 0.385431 | L3: 0.385222 | lrm: 1.00 | dt: 3448.24ms | tok/sec: 152,044 | mfu: 39.60 | epoch: 1 | total time: 34.82m
step 00618 (14.04%) | K: 3 | loss: 0.774116 | L1: 0.390811 | L2: 0.383409 | L3: 0.383200 | lrm: 1.00 | dt: 3444.67ms | tok/sec: 152,202 | mfu: 39.64 | epoch: 1 | total time: 34.88m
step 00619 (14.06%) | K: 3 | loss: 0.768123 | L1: 0.387802 | L2: 0.380418 | L3: 0.380225 | lrm: 1.00 | dt: 3441.82ms | tok/sec: 152,328 | mfu: 39.67 | epoch: 1 | total time: 34.94m
step 00620 (14.09%) | K: 3 | loss: 0.768140 | L1: 0.387821 | L2: 0.380415 | L3: 0.380223 | lrm: 1.00 | dt: 3439.61ms | tok/sec: 152,426 | mfu: 39.69 | epoch: 1 | total time: 34.99m
step 00621 (14.11%) | K: 3 | loss: 0.767297 | L1: 0.387403 | L2: 0.379982 | L3: 0.379806 | lrm: 1.00 | dt: 3435.77ms | tok/sec: 152,597 | mfu: 39.74 | epoch: 1 | total time: 35.05m
step 00622 (14.13%) | K: 3 | loss: 0.763307 | L1: 0.385425 | L2: 0.377970 | L3: 0.377795 | lrm: 1.00 | dt: 3434.17ms | tok/sec: 152,668 | mfu: 39.76 | epoch: 1 | total time: 35.11m
step 00623 (14.16%) | K: 3 | loss: 0.766938 | L1: 0.387233 | L2: 0.379789 | L3: 0.379622 | lrm: 1.00 | dt: 3437.63ms | tok/sec: 152,514 | mfu: 39.72 | epoch: 1 | total time: 35.17m
step 00624 (14.18%) | K: 3 | loss: 0.767818 | L1: 0.387663 | L2: 0.380242 | L3: 0.380069 | lrm: 1.00 | dt: 3436.60ms | tok/sec: 152,560 | mfu: 39.73 | epoch: 1 | total time: 35.22m
step 00625 (14.20%) | K: 3 | loss: 0.765345 | L1: 0.386428 | L2: 0.379017 | L3: 0.378816 | lrm: 1.00 | dt: 3436.50ms | tok/sec: 152,564 | mfu: 39.73 | epoch: 1 | total time: 35.28m
step 00626 (14.22%) | K: 3 | loss: 0.766209 | L1: 0.386832 | L2: 0.379476 | L3: 0.379278 | lrm: 1.00 | dt: 3436.96ms | tok/sec: 152,543 | mfu: 39.73 | epoch: 1 | total time: 35.34m
step 00627 (14.25%) | K: 3 | loss: 0.769895 | L1: 0.388635 | L2: 0.381349 | L3: 0.381169 | lrm: 1.00 | dt: 3443.95ms | tok/sec: 152,234 | mfu: 39.64 | epoch: 1 | total time: 35.39m
step 00628 (14.27%) | K: 3 | loss: 0.770330 | L1: 0.388903 | L2: 0.381523 | L3: 0.381331 | lrm: 1.00 | dt: 3443.67ms | tok/sec: 152,246 | mfu: 39.65 | epoch: 1 | total time: 35.45m
step 00629 (14.29%) | K: 3 | loss: 0.771476 | L1: 0.389497 | L2: 0.382085 | L3: 0.381873 | lrm: 1.00 | dt: 3445.70ms | tok/sec: 152,157 | mfu: 39.62 | epoch: 1 | total time: 35.51m
step 00630 (14.32%) | K: 3 | loss: 0.769762 | L1: 0.388590 | L2: 0.381269 | L3: 0.381075 | lrm: 1.00 | dt: 3444.84ms | tok/sec: 152,195 | mfu: 39.63 | epoch: 1 | total time: 35.57m
step 00631 (14.34%) | K: 3 | loss: 0.770040 | L1: 0.388735 | L2: 0.381407 | L3: 0.381202 | lrm: 1.00 | dt: 3446.20ms | tok/sec: 152,135 | mfu: 39.62 | epoch: 1 | total time: 35.62m
step 00632 (14.36%) | K: 3 | loss: 0.772416 | L1: 0.389960 | L2: 0.382562 | L3: 0.382349 | lrm: 1.00 | dt: 3446.41ms | tok/sec: 152,125 | mfu: 39.62 | epoch: 1 | total time: 35.68m
step 00633 (14.39%) | K: 3 | loss: 0.771013 | L1: 0.389263 | L2: 0.381859 | L3: 0.381641 | lrm: 1.00 | dt: 3445.87ms | tok/sec: 152,149 | mfu: 39.62 | epoch: 1 | total time: 35.74m
step 00634 (14.41%) | K: 3 | loss: 0.772617 | L1: 0.390061 | L2: 0.382658 | L3: 0.382456 | lrm: 1.00 | dt: 3450.55ms | tok/sec: 151,943 | mfu: 39.57 | epoch: 1 | total time: 35.80m
step 00635 (14.43%) | K: 3 | loss: 0.771417 | L1: 0.389433 | L2: 0.382086 | L3: 0.381882 | lrm: 1.00 | dt: 3446.37ms | tok/sec: 152,127 | mfu: 39.62 | epoch: 1 | total time: 35.85m
step 00636 (14.46%) | K: 3 | loss: 0.769895 | L1: 0.388691 | L2: 0.381303 | L3: 0.381105 | lrm: 1.00 | dt: 3447.14ms | tok/sec: 152,093 | mfu: 39.61 | epoch: 1 | total time: 35.91m
step 00637 (14.48%) | K: 3 | loss: 0.769399 | L1: 0.388364 | L2: 0.381132 | L3: 0.380937 | lrm: 1.00 | dt: 3447.44ms | tok/sec: 152,080 | mfu: 39.60 | epoch: 1 | total time: 35.97m
step 00638 (14.50%) | K: 3 | loss: 0.761669 | L1: 0.384457 | L2: 0.377306 | L3: 0.377118 | lrm: 1.00 | dt: 3447.25ms | tok/sec: 152,088 | mfu: 39.61 | epoch: 1 | total time: 36.03m
step 00639 (14.52%) | K: 3 | loss: 0.770348 | L1: 0.388788 | L2: 0.381652 | L3: 0.381468 | lrm: 1.00 | dt: 3450.11ms | tok/sec: 151,962 | mfu: 39.57 | epoch: 1 | total time: 36.08m
step 00640 (14.55%) | K: 3 | loss: 0.773103 | L1: 0.390211 | L2: 0.382994 | L3: 0.382790 | lrm: 1.00 | dt: 3445.62ms | tok/sec: 152,160 | mfu: 39.63 | epoch: 1 | total time: 36.14m
step 00641 (14.57%) | K: 3 | loss: 0.771802 | L1: 0.389558 | L2: 0.382346 | L3: 0.382142 | lrm: 1.00 | dt: 3439.88ms | tok/sec: 152,414 | mfu: 39.69 | epoch: 1 | total time: 36.20m
step 00642 (14.59%) | K: 3 | loss: 0.771744 | L1: 0.389511 | L2: 0.382337 | L3: 0.382129 | lrm: 1.00 | dt: 3443.61ms | tok/sec: 152,249 | mfu: 39.65 | epoch: 1 | total time: 36.26m
step 00643 (14.61%) | K: 3 | loss: 0.769198 | L1: 0.388217 | L2: 0.381085 | L3: 0.380878 | lrm: 1.00 | dt: 3444.62ms | tok/sec: 152,204 | mfu: 39.64 | epoch: 1 | total time: 36.31m
step 00644 (14.64%) | K: 3 | loss: 0.774564 | L1: 0.390887 | L2: 0.383773 | L3: 0.383580 | lrm: 1.00 | dt: 3445.67ms | tok/sec: 152,158 | mfu: 39.62 | epoch: 1 | total time: 36.37m
step 00645 (14.66%) | K: 3 | loss: 0.774467 | L1: 0.390875 | L2: 0.383695 | L3: 0.383490 | lrm: 1.00 | dt: 3445.90ms | tok/sec: 152,148 | mfu: 39.62 | epoch: 1 | total time: 36.43m
step 00646 (14.68%) | K: 3 | loss: 0.773996 | L1: 0.390655 | L2: 0.383448 | L3: 0.383235 | lrm: 1.00 | dt: 3447.46ms | tok/sec: 152,079 | mfu: 39.60 | epoch: 1 | total time: 36.49m
step 00647 (14.70%) | K: 3 | loss: 0.768962 | L1: 0.388119 | L2: 0.380958 | L3: 0.380729 | lrm: 1.00 | dt: 3450.35ms | tok/sec: 151,952 | mfu: 39.57 | epoch: 1 | total time: 36.54m
step 00648 (14.73%) | K: 3 | loss: 0.769955 | L1: 0.388607 | L2: 0.381467 | L3: 0.381230 | lrm: 1.00 | dt: 3452.41ms | tok/sec: 151,861 | mfu: 39.55 | epoch: 1 | total time: 36.60m
step 00649 (14.75%) | K: 3 | loss: 0.767997 | L1: 0.387554 | L2: 0.380549 | L3: 0.380337 | lrm: 1.00 | dt: 3451.59ms | tok/sec: 151,897 | mfu: 39.56 | epoch: 1 | total time: 36.66m
step 00650 (14.77%) | K: 3 | loss: 0.766613 | L1: 0.386811 | L2: 0.379904 | L3: 0.379700 | lrm: 1.00 | dt: 3452.65ms | tok/sec: 151,850 | mfu: 39.54 | epoch: 1 | total time: 36.72m
step 00651 (14.79%) | K: 3 | loss: 0.771345 | L1: 0.389223 | L2: 0.382227 | L3: 0.382016 | lrm: 1.00 | dt: 3448.60ms | tok/sec: 152,029 | mfu: 39.59 | epoch: 1 | total time: 36.77m
step 00652 (14.82%) | K: 3 | loss: 0.768874 | L1: 0.388014 | L2: 0.380963 | L3: 0.380755 | lrm: 1.00 | dt: 3446.73ms | tok/sec: 152,111 | mfu: 39.61 | epoch: 1 | total time: 36.83m
step 00653 (14.84%) | K: 3 | loss: 0.765990 | L1: 0.386598 | L2: 0.379500 | L3: 0.379286 | lrm: 1.00 | dt: 3443.56ms | tok/sec: 152,251 | mfu: 39.65 | epoch: 1 | total time: 36.89m
step 00654 (14.86%) | K: 3 | loss: 0.763985 | L1: 0.385610 | L2: 0.378481 | L3: 0.378268 | lrm: 1.00 | dt: 3447.90ms | tok/sec: 152,060 | mfu: 39.60 | epoch: 1 | total time: 36.95m
step 00655 (14.88%) | K: 3 | loss: 0.770741 | L1: 0.388942 | L2: 0.381899 | L3: 0.381700 | lrm: 1.00 | dt: 3442.72ms | tok/sec: 152,288 | mfu: 39.66 | epoch: 1 | total time: 37.00m
step 00656 (14.91%) | K: 3 | loss: 0.770485 | L1: 0.388801 | L2: 0.381785 | L3: 0.381583 | lrm: 1.00 | dt: 3442.23ms | tok/sec: 152,310 | mfu: 39.66 | epoch: 1 | total time: 37.06m
step 00657 (14.93%) | K: 3 | loss: 0.773931 | L1: 0.390519 | L2: 0.383515 | L3: 0.383309 | lrm: 1.00 | dt: 3446.86ms | tok/sec: 152,106 | mfu: 39.61 | epoch: 1 | total time: 37.12m
step 00658 (14.95%) | K: 3 | loss: 0.769078 | L1: 0.388101 | L2: 0.381084 | L3: 0.380870 | lrm: 1.00 | dt: 3439.79ms | tok/sec: 152,418 | mfu: 39.69 | epoch: 1 | total time: 37.18m
step 00659 (14.98%) | K: 3 | loss: 0.774533 | L1: 0.390840 | L2: 0.383798 | L3: 0.383587 | lrm: 1.00 | dt: 3447.71ms | tok/sec: 152,068 | mfu: 39.60 | epoch: 1 | total time: 37.23m
step 00660 (15.00%) | K: 3 | loss: 0.775488 | L1: 0.391314 | L2: 0.384279 | L3: 0.384070 | lrm: 1.00 | dt: 3445.13ms | tok/sec: 152,182 | mfu: 39.63 | epoch: 1 | total time: 37.29m
step 00661 (15.02%) | K: 3 | loss: 0.772322 | L1: 0.389724 | L2: 0.382706 | L3: 0.382490 | lrm: 1.00 | dt: 3449.26ms | tok/sec: 152,000 | mfu: 39.58 | epoch: 1 | total time: 37.35m
step 00662 (15.05%) | K: 3 | loss: 0.780467 | L1: 0.393871 | L2: 0.386706 | L3: 0.386487 | lrm: 1.00 | dt: 3444.46ms | tok/sec: 152,211 | mfu: 39.64 | epoch: 1 | total time: 37.41m
step 00663 (15.07%) | K: 3 | loss: 0.774610 | L1: 0.390894 | L2: 0.383825 | L3: 0.383606 | lrm: 1.00 | dt: 3451.21ms | tok/sec: 151,914 | mfu: 39.56 | epoch: 1 | total time: 37.46m
step 00664 (15.09%) | K: 3 | loss: 0.777697 | L1: 0.392410 | L2: 0.385393 | L3: 0.385181 | lrm: 1.00 | dt: 3450.01ms | tok/sec: 151,967 | mfu: 39.57 | epoch: 1 | total time: 37.52m
step 00665 (15.12%) | K: 3 | loss: 0.773273 | L1: 0.390226 | L2: 0.383151 | L3: 0.382943 | lrm: 1.00 | dt: 3450.07ms | tok/sec: 151,964 | mfu: 39.57 | epoch: 1 | total time: 37.58m
step 00666 (15.14%) | K: 3 | loss: 0.772789 | L1: 0.389974 | L2: 0.382917 | L3: 0.382713 | lrm: 1.00 | dt: 3449.54ms | tok/sec: 151,987 | mfu: 39.58 | epoch: 1 | total time: 37.64m
step 00667 (15.16%) | K: 3 | loss: 0.775290 | L1: 0.391206 | L2: 0.384196 | L3: 0.383973 | lrm: 1.00 | dt: 3447.26ms | tok/sec: 152,088 | mfu: 39.61 | epoch: 1 | total time: 37.69m
step 00668 (15.18%) | K: 3 | loss: 0.774489 | L1: 0.390794 | L2: 0.383809 | L3: 0.383581 | lrm: 1.00 | dt: 3448.79ms | tok/sec: 152,020 | mfu: 39.59 | epoch: 1 | total time: 37.75m
step 00669 (15.21%) | K: 3 | loss: 0.778007 | L1: 0.392543 | L2: 0.385574 | L3: 0.385355 | lrm: 1.00 | dt: 3449.43ms | tok/sec: 151,992 | mfu: 39.58 | epoch: 1 | total time: 37.81m
step 00670 (15.23%) | K: 3 | loss: 0.773956 | L1: 0.390524 | L2: 0.383539 | L3: 0.383325 | lrm: 1.00 | dt: 3449.48ms | tok/sec: 151,990 | mfu: 39.58 | epoch: 1 | total time: 37.87m
step 00671 (15.25%) | K: 3 | loss: 0.774519 | L1: 0.390805 | L2: 0.383826 | L3: 0.383603 | lrm: 1.00 | dt: 3440.46ms | tok/sec: 152,388 | mfu: 39.68 | epoch: 1 | total time: 37.92m
step 00672 (15.27%) | K: 3 | loss: 0.773078 | L1: 0.390080 | L2: 0.383102 | L3: 0.382894 | lrm: 1.00 | dt: 3445.04ms | tok/sec: 152,186 | mfu: 39.63 | epoch: 1 | total time: 37.98m
step 00673 (15.30%) | K: 3 | loss: 0.773967 | L1: 0.390536 | L2: 0.383538 | L3: 0.383323 | lrm: 1.00 | dt: 3440.90ms | tok/sec: 152,369 | mfu: 39.68 | epoch: 1 | total time: 38.04m
step 00674 (15.32%) | K: 3 | loss: 0.772290 | L1: 0.389731 | L2: 0.382665 | L3: 0.382452 | lrm: 1.00 | dt: 3441.29ms | tok/sec: 152,352 | mfu: 39.68 | epoch: 1 | total time: 38.09m
step 00675 (15.34%) | K: 3 | loss: 0.766074 | L1: 0.386601 | L2: 0.379582 | L3: 0.379365 | lrm: 1.00 | dt: 3442.32ms | tok/sec: 152,306 | mfu: 39.66 | epoch: 1 | total time: 38.15m
step 00676 (15.37%) | K: 3 | loss: 0.763878 | L1: 0.385487 | L2: 0.378488 | L3: 0.378296 | lrm: 1.00 | dt: 3442.99ms | tok/sec: 152,276 | mfu: 39.66 | epoch: 1 | total time: 38.21m
step 00677 (15.39%) | K: 3 | loss: 0.759993 | L1: 0.383568 | L2: 0.376529 | L3: 0.376322 | lrm: 1.00 | dt: 3441.68ms | tok/sec: 152,334 | mfu: 39.67 | epoch: 1 | total time: 38.27m
step 00678 (15.41%) | K: 3 | loss: 0.755126 | L1: 0.381099 | L2: 0.374127 | L3: 0.373928 | lrm: 1.00 | dt: 3453.63ms | tok/sec: 151,807 | mfu: 39.53 | epoch: 1 | total time: 38.32m
step 00679 (15.44%) | K: 3 | loss: 0.752714 | L1: 0.379864 | L2: 0.372950 | L3: 0.372750 | lrm: 1.00 | dt: 3451.53ms | tok/sec: 151,900 | mfu: 39.56 | epoch: 1 | total time: 38.38m
step 00680 (15.46%) | K: 3 | loss: 0.752642 | L1: 0.379837 | L2: 0.372906 | L3: 0.372705 | lrm: 1.00 | dt: 3453.33ms | tok/sec: 151,820 | mfu: 39.54 | epoch: 1 | total time: 38.44m
step 00681 (15.48%) | K: 3 | loss: 0.756128 | L1: 0.381607 | L2: 0.374615 | L3: 0.374426 | lrm: 1.00 | dt: 3449.85ms | tok/sec: 151,974 | mfu: 39.58 | epoch: 1 | total time: 38.50m
step 00682 (15.50%) | K: 3 | loss: 0.750147 | L1: 0.378595 | L2: 0.371655 | L3: 0.371449 | lrm: 1.00 | dt: 3445.93ms | tok/sec: 152,146 | mfu: 39.62 | epoch: 1 | total time: 38.55m
step 00683 (15.53%) | K: 3 | loss: 0.745555 | L1: 0.376279 | L2: 0.369381 | L3: 0.369172 | lrm: 1.00 | dt: 3448.53ms | tok/sec: 152,032 | mfu: 39.59 | epoch: 1 | total time: 38.61m
step 00684 (15.55%) | K: 3 | loss: 0.749902 | L1: 0.378475 | L2: 0.371534 | L3: 0.371320 | lrm: 1.00 | dt: 3444.71ms | tok/sec: 152,200 | mfu: 39.64 | epoch: 1 | total time: 38.67m
step 00685 (15.57%) | K: 3 | loss: 0.749087 | L1: 0.378149 | L2: 0.371050 | L3: 0.370826 | lrm: 1.00 | dt: 3443.38ms | tok/sec: 152,259 | mfu: 39.65 | epoch: 1 | total time: 38.73m
step 00686 (15.59%) | K: 3 | loss: 0.748288 | L1: 0.377777 | L2: 0.370623 | L3: 0.370400 | lrm: 1.00 | dt: 3439.36ms | tok/sec: 152,437 | mfu: 39.70 | epoch: 1 | total time: 38.78m
step 00687 (15.61%) | K: 3 | loss: 0.750571 | L1: 0.378903 | L2: 0.371779 | L3: 0.371557 | lrm: 1.00 | dt: 3440.55ms | tok/sec: 152,385 | mfu: 39.68 | epoch: 1 | total time: 38.84m
step 00688 (15.64%) | K: 3 | loss: 0.749414 | L1: 0.378292 | L2: 0.371228 | L3: 0.371017 | lrm: 1.00 | dt: 3439.86ms | tok/sec: 152,415 | mfu: 39.69 | epoch: 1 | total time: 38.90m
step 00689 (15.66%) | K: 3 | loss: 0.751566 | L1: 0.379364 | L2: 0.372312 | L3: 0.372093 | lrm: 1.00 | dt: 3441.66ms | tok/sec: 152,335 | mfu: 39.67 | epoch: 1 | total time: 38.96m
step 00690 (15.68%) | K: 3 | loss: 0.748378 | L1: 0.377806 | L2: 0.370674 | L3: 0.370471 | lrm: 1.00 | dt: 3439.90ms | tok/sec: 152,413 | mfu: 39.69 | epoch: 1 | total time: 39.01m
step 00691 (15.70%) | K: 3 | loss: 0.753138 | L1: 0.380222 | L2: 0.373011 | L3: 0.372821 | lrm: 1.00 | dt: 3441.89ms | tok/sec: 152,325 | mfu: 39.67 | epoch: 1 | total time: 39.07m
step 00692 (15.72%) | K: 3 | loss: 0.754672 | L1: 0.380920 | L2: 0.373842 | L3: 0.373661 | lrm: 1.00 | dt: 3443.16ms | tok/sec: 152,269 | mfu: 39.65 | epoch: 1 | total time: 39.13m
step 00693 (15.75%) | K: 3 | loss: 0.751654 | L1: 0.379390 | L2: 0.372345 | L3: 0.372183 | lrm: 1.00 | dt: 3442.81ms | tok/sec: 152,285 | mfu: 39.66 | epoch: 1 | total time: 39.19m
step 00694 (15.77%) | K: 3 | loss: 0.752182 | L1: 0.379668 | L2: 0.372588 | L3: 0.372440 | lrm: 1.00 | dt: 3447.62ms | tok/sec: 152,072 | mfu: 39.60 | epoch: 1 | total time: 39.24m
step 00695 (15.79%) | K: 3 | loss: 0.752625 | L1: 0.379902 | L2: 0.372797 | L3: 0.372649 | lrm: 1.00 | dt: 3446.96ms | tok/sec: 152,101 | mfu: 39.61 | epoch: 1 | total time: 39.30m
step 00696 (15.81%) | K: 3 | loss: 0.756609 | L1: 0.381879 | L2: 0.374803 | L3: 0.374656 | lrm: 1.00 | dt: 3449.75ms | tok/sec: 151,978 | mfu: 39.58 | epoch: 1 | total time: 39.36m
step 00697 (15.84%) | K: 3 | loss: 0.756312 | L1: 0.381688 | L2: 0.374696 | L3: 0.374551 | lrm: 1.00 | dt: 3449.47ms | tok/sec: 151,990 | mfu: 39.58 | epoch: 1 | total time: 39.42m
step 00698 (15.86%) | K: 3 | loss: 0.759636 | L1: 0.383365 | L2: 0.376352 | L3: 0.376190 | lrm: 1.00 | dt: 3448.56ms | tok/sec: 152,031 | mfu: 39.59 | epoch: 1 | total time: 39.47m
step 00699 (15.88%) | K: 3 | loss: 0.760480 | L1: 0.383812 | L2: 0.376755 | L3: 0.376581 | lrm: 1.00 | dt: 3449.77ms | tok/sec: 151,977 | mfu: 39.58 | epoch: 1 | total time: 39.53m
step 00700 (15.90%) | K: 3 | loss: 0.762153 | L1: 0.384660 | L2: 0.377585 | L3: 0.377401 | lrm: 1.00 | dt: 3448.61ms | tok/sec: 152,028 | mfu: 39.59 | epoch: 1 | total time: 39.59m
step 00701 (15.93%) | K: 3 | loss: 0.758920 | L1: 0.383085 | L2: 0.375941 | L3: 0.375728 | lrm: 1.00 | dt: 3449.47ms | tok/sec: 151,990 | mfu: 39.58 | epoch: 1 | total time: 39.65m
step 00702 (15.95%) | K: 3 | loss: 0.760418 | L1: 0.383846 | L2: 0.376690 | L3: 0.376455 | lrm: 1.00 | dt: 3450.29ms | tok/sec: 151,954 | mfu: 39.57 | epoch: 1 | total time: 39.70m
step 00703 (15.97%) | K: 3 | loss: 0.762455 | L1: 0.384872 | L2: 0.377698 | L3: 0.377469 | lrm: 1.00 | dt: 3450.49ms | tok/sec: 151,946 | mfu: 39.57 | epoch: 1 | total time: 39.76m
step 00704 (16.00%) | K: 3 | loss: 0.763161 | L1: 0.385223 | L2: 0.378052 | L3: 0.377823 | lrm: 1.00 | dt: 3449.98ms | tok/sec: 151,968 | mfu: 39.58 | epoch: 1 | total time: 39.82m
step 00705 (16.02%) | K: 3 | loss: 0.770367 | L1: 0.388762 | L2: 0.381711 | L3: 0.381500 | lrm: 1.00 | dt: 3446.31ms | tok/sec: 152,130 | mfu: 39.62 | epoch: 1 | total time: 39.88m
step 00706 (16.04%) | K: 3 | loss: 0.768111 | L1: 0.387604 | L2: 0.380620 | L3: 0.380394 | lrm: 1.00 | dt: 3444.99ms | tok/sec: 152,188 | mfu: 39.63 | epoch: 1 | total time: 39.93m
step 00707 (16.06%) | K: 3 | loss: 0.766593 | L1: 0.386841 | L2: 0.379865 | L3: 0.379640 | lrm: 1.00 | dt: 3446.72ms | tok/sec: 152,112 | mfu: 39.61 | epoch: 1 | total time: 39.99m
step 00708 (16.09%) | K: 3 | loss: 0.762892 | L1: 0.384982 | L2: 0.378022 | L3: 0.377798 | lrm: 1.00 | dt: 3444.64ms | tok/sec: 152,204 | mfu: 39.64 | epoch: 1 | total time: 40.05m
step 00709 (16.11%) | K: 3 | loss: 0.762634 | L1: 0.384846 | L2: 0.377900 | L3: 0.377675 | lrm: 1.00 | dt: 3438.80ms | tok/sec: 152,462 | mfu: 39.70 | epoch: 1 | total time: 40.10m
step 00710 (16.14%) | K: 3 | loss: 0.762832 | L1: 0.384926 | L2: 0.378019 | L3: 0.377794 | lrm: 1.00 | dt: 3444.46ms | tok/sec: 152,212 | mfu: 39.64 | epoch: 1 | total time: 40.16m
step 00711 (16.16%) | K: 3 | loss: 0.761650 | L1: 0.384328 | L2: 0.377429 | L3: 0.377215 | lrm: 1.00 | dt: 3442.24ms | tok/sec: 152,309 | mfu: 39.66 | epoch: 1 | total time: 40.22m
step 00712 (16.18%) | K: 3 | loss: 0.757940 | L1: 0.382475 | L2: 0.375580 | L3: 0.375350 | lrm: 1.00 | dt: 3443.22ms | tok/sec: 152,266 | mfu: 39.65 | epoch: 1 | total time: 40.28m
step 00713 (16.20%) | K: 3 | loss: 0.757355 | L1: 0.382162 | L2: 0.375315 | L3: 0.375072 | lrm: 1.00 | dt: 3445.45ms | tok/sec: 152,168 | mfu: 39.63 | epoch: 1 | total time: 40.33m
step 00714 (16.22%) | K: 3 | loss: 0.759213 | L1: 0.383135 | L2: 0.376198 | L3: 0.375957 | lrm: 1.00 | dt: 3447.46ms | tok/sec: 152,079 | mfu: 39.60 | epoch: 1 | total time: 40.39m
step 00715 (16.25%) | K: 3 | loss: 0.763293 | L1: 0.385221 | L2: 0.378199 | L3: 0.377944 | lrm: 1.00 | dt: 3442.55ms | tok/sec: 152,296 | mfu: 39.66 | epoch: 1 | total time: 40.45m
step 00716 (16.27%) | K: 3 | loss: 0.759886 | L1: 0.383512 | L2: 0.376494 | L3: 0.376253 | lrm: 1.00 | dt: 3442.36ms | tok/sec: 152,304 | mfu: 39.66 | epoch: 1 | total time: 40.51m
step 00717 (16.29%) | K: 3 | loss: 0.759676 | L1: 0.383418 | L2: 0.376376 | L3: 0.376141 | lrm: 1.00 | dt: 3444.95ms | tok/sec: 152,190 | mfu: 39.63 | epoch: 1 | total time: 40.56m
step 00718 (16.31%) | K: 3 | loss: 0.758745 | L1: 0.382956 | L2: 0.375908 | L3: 0.375670 | lrm: 1.00 | dt: 3449.04ms | tok/sec: 152,009 | mfu: 39.59 | epoch: 1 | total time: 40.62m
step 00719 (16.34%) | K: 3 | loss: 0.758662 | L1: 0.382933 | L2: 0.375849 | L3: 0.375610 | lrm: 1.00 | dt: 3447.82ms | tok/sec: 152,063 | mfu: 39.60 | epoch: 1 | total time: 40.68m
step 00720 (16.36%) | K: 3 | loss: 0.757713 | L1: 0.382446 | L2: 0.375387 | L3: 0.375147 | lrm: 1.00 | dt: 3446.98ms | tok/sec: 152,100 | mfu: 39.61 | epoch: 1 | total time: 40.74m
step 00721 (16.38%) | K: 3 | loss: 0.754291 | L1: 0.380718 | L2: 0.373690 | L3: 0.373456 | lrm: 1.00 | dt: 3447.12ms | tok/sec: 152,094 | mfu: 39.61 | epoch: 1 | total time: 40.79m
step 00722 (16.41%) | K: 3 | loss: 0.755407 | L1: 0.381296 | L2: 0.374217 | L3: 0.374005 | lrm: 1.00 | dt: 3449.77ms | tok/sec: 151,977 | mfu: 39.58 | epoch: 1 | total time: 40.85m
step 00723 (16.43%) | K: 3 | loss: 0.754848 | L1: 0.381069 | L2: 0.373888 | L3: 0.373668 | lrm: 1.00 | dt: 3449.93ms | tok/sec: 151,970 | mfu: 39.58 | epoch: 1 | total time: 40.91m
step 00724 (16.45%) | K: 3 | loss: 0.752923 | L1: 0.380109 | L2: 0.372922 | L3: 0.372708 | lrm: 1.00 | dt: 3446.76ms | tok/sec: 152,110 | mfu: 39.61 | epoch: 1 | total time: 40.97m
step 00725 (16.48%) | K: 3 | loss: 0.757356 | L1: 0.382355 | L2: 0.375105 | L3: 0.374896 | lrm: 1.00 | dt: 3445.04ms | tok/sec: 152,186 | mfu: 39.63 | epoch: 1 | total time: 41.02m
step 00726 (16.50%) | K: 3 | loss: 0.757457 | L1: 0.382395 | L2: 0.375176 | L3: 0.374948 | lrm: 1.00 | dt: 3445.45ms | tok/sec: 152,168 | mfu: 39.63 | epoch: 1 | total time: 41.08m
step 00727 (16.52%) | K: 3 | loss: 0.757650 | L1: 0.382439 | L2: 0.375314 | L3: 0.375107 | lrm: 1.00 | dt: 3449.60ms | tok/sec: 151,985 | mfu: 39.58 | epoch: 1 | total time: 41.14m
step 00728 (16.55%) | K: 3 | loss: 0.753825 | L1: 0.380521 | L2: 0.373413 | L3: 0.373193 | lrm: 1.00 | dt: 3451.07ms | tok/sec: 151,920 | mfu: 39.56 | epoch: 1 | total time: 41.20m
step 00729 (16.57%) | K: 3 | loss: 0.753186 | L1: 0.380205 | L2: 0.373090 | L3: 0.372873 | lrm: 1.00 | dt: 3446.53ms | tok/sec: 152,120 | mfu: 39.61 | epoch: 1 | total time: 41.25m
step 00730 (16.59%) | K: 3 | loss: 0.750977 | L1: 0.379110 | L2: 0.371977 | L3: 0.371757 | lrm: 1.00 | dt: 3447.14ms | tok/sec: 152,093 | mfu: 39.61 | epoch: 1 | total time: 41.31m
step 00731 (16.61%) | K: 3 | loss: 0.753079 | L1: 0.380183 | L2: 0.373000 | L3: 0.372792 | lrm: 1.00 | dt: 3449.12ms | tok/sec: 152,006 | mfu: 39.59 | epoch: 1 | total time: 41.37m
step 00732 (16.64%) | K: 3 | loss: 0.752815 | L1: 0.380022 | L2: 0.372899 | L3: 0.372687 | lrm: 1.00 | dt: 3449.54ms | tok/sec: 151,987 | mfu: 39.58 | epoch: 1 | total time: 41.43m
step 00733 (16.66%) | K: 3 | loss: 0.758757 | L1: 0.383037 | L2: 0.375830 | L3: 0.375611 | lrm: 1.00 | dt: 3448.82ms | tok/sec: 152,019 | mfu: 39.59 | epoch: 1 | total time: 41.48m
step 00734 (16.68%) | K: 3 | loss: 0.758971 | L1: 0.383144 | L2: 0.375933 | L3: 0.375722 | lrm: 1.00 | dt: 3443.49ms | tok/sec: 152,254 | mfu: 39.65 | epoch: 1 | total time: 41.54m
step 00735 (16.70%) | K: 3 | loss: 0.757620 | L1: 0.382496 | L2: 0.375227 | L3: 0.375021 | lrm: 1.00 | dt: 3442.82ms | tok/sec: 152,284 | mfu: 39.66 | epoch: 1 | total time: 41.60m
step 00736 (16.73%) | K: 3 | loss: 0.760553 | L1: 0.383950 | L2: 0.376703 | L3: 0.376503 | lrm: 1.00 | dt: 3442.30ms | tok/sec: 152,307 | mfu: 39.66 | epoch: 1 | total time: 41.66m
step 00737 (16.75%) | K: 3 | loss: 0.760020 | L1: 0.383696 | L2: 0.376430 | L3: 0.376219 | lrm: 1.00 | dt: 3443.87ms | tok/sec: 152,238 | mfu: 39.65 | epoch: 1 | total time: 41.71m
step 00738 (16.77%) | K: 3 | loss: 0.759950 | L1: 0.383652 | L2: 0.376405 | L3: 0.376191 | lrm: 1.00 | dt: 3443.22ms | tok/sec: 152,266 | mfu: 39.65 | epoch: 1 | total time: 41.77m
step 00739 (16.79%) | K: 3 | loss: 0.765277 | L1: 0.386298 | L2: 0.379096 | L3: 0.378861 | lrm: 1.00 | dt: 3440.25ms | tok/sec: 152,398 | mfu: 39.69 | epoch: 1 | total time: 41.83m
step 00740 (16.82%) | K: 3 | loss: 0.761353 | L1: 0.384310 | L2: 0.377158 | L3: 0.376927 | lrm: 1.00 | dt: 3445.05ms | tok/sec: 152,185 | mfu: 39.63 | epoch: 1 | total time: 41.89m
step 00741 (16.84%) | K: 3 | loss: 0.761226 | L1: 0.384219 | L2: 0.377119 | L3: 0.376895 | lrm: 1.00 | dt: 3443.32ms | tok/sec: 152,262 | mfu: 39.65 | epoch: 1 | total time: 41.94m
step 00742 (16.86%) | K: 3 | loss: 0.759089 | L1: 0.383119 | L2: 0.376088 | L3: 0.375851 | lrm: 1.00 | dt: 3444.53ms | tok/sec: 152,208 | mfu: 39.64 | epoch: 1 | total time: 42.00m
step 00743 (16.89%) | K: 3 | loss: 0.761396 | L1: 0.384284 | L2: 0.377226 | L3: 0.376998 | lrm: 1.00 | dt: 3441.32ms | tok/sec: 152,350 | mfu: 39.67 | epoch: 1 | total time: 42.06m
step 00744 (16.91%) | K: 3 | loss: 0.762573 | L1: 0.384897 | L2: 0.377782 | L3: 0.377571 | lrm: 1.00 | dt: 3442.96ms | tok/sec: 152,278 | mfu: 39.66 | epoch: 1 | total time: 42.11m
step 00745 (16.93%) | K: 3 | loss: 0.764489 | L1: 0.385857 | L2: 0.378744 | L3: 0.378521 | lrm: 1.00 | dt: 3444.18ms | tok/sec: 152,224 | mfu: 39.64 | epoch: 1 | total time: 42.17m
step 00746 (16.96%) | K: 3 | loss: 0.762460 | L1: 0.384793 | L2: 0.377767 | L3: 0.377568 | lrm: 1.00 | dt: 3446.01ms | tok/sec: 152,143 | mfu: 39.62 | epoch: 1 | total time: 42.23m
step 00747 (16.98%) | K: 3 | loss: 0.766339 | L1: 0.386767 | L2: 0.379675 | L3: 0.379470 | lrm: 1.00 | dt: 3445.99ms | tok/sec: 152,144 | mfu: 39.62 | epoch: 1 | total time: 42.29m
step 00748 (17.00%) | K: 3 | loss: 0.768770 | L1: 0.387950 | L2: 0.380911 | L3: 0.380727 | lrm: 1.00 | dt: 3450.34ms | tok/sec: 151,952 | mfu: 39.57 | epoch: 1 | total time: 42.34m
step 00749 (17.02%) | K: 3 | loss: 0.767684 | L1: 0.387401 | L2: 0.380367 | L3: 0.380197 | lrm: 1.00 | dt: 3449.12ms | tok/sec: 152,006 | mfu: 39.59 | epoch: 1 | total time: 42.40m
step 00750 (17.04%) | K: 3 | loss: 0.761412 | L1: 0.384243 | L2: 0.377261 | L3: 0.377077 | lrm: 1.00 | dt: 3447.31ms | tok/sec: 152,085 | mfu: 39.61 | epoch: 1 | total time: 42.46m
Step 00750 | Validation L1 bpb: 0.2032 | L2 bpb: 0.1994 | L3 bpb: 0.1993
step 00751 (17.07%) | K: 3 | loss: 0.759392 | L1: 0.383247 | L2: 0.376240 | L3: 0.376051 | lrm: 1.00 | dt: 3449.77ms | tok/sec: 151,977 | mfu: 39.58 | epoch: 1 | total time: 42.52m
step 00752 (17.09%) | K: 3 | loss: 0.760436 | L1: 0.383771 | L2: 0.376758 | L3: 0.376572 | lrm: 1.00 | dt: 3442.21ms | tok/sec: 152,311 | mfu: 39.66 | epoch: 1 | total time: 42.57m
step 00753 (17.11%) | K: 3 | loss: 0.762243 | L1: 0.384707 | L2: 0.377630 | L3: 0.377442 | lrm: 1.00 | dt: 3439.11ms | tok/sec: 152,448 | mfu: 39.70 | epoch: 1 | total time: 42.63m
step 00754 (17.13%) | K: 3 | loss: 0.762789 | L1: 0.384980 | L2: 0.377903 | L3: 0.377717 | lrm: 1.00 | dt: 3437.95ms | tok/sec: 152,500 | mfu: 39.71 | epoch: 1 | total time: 42.69m
step 00755 (17.16%) | K: 3 | loss: 0.765634 | L1: 0.386374 | L2: 0.379356 | L3: 0.379165 | lrm: 1.00 | dt: 3436.56ms | tok/sec: 152,561 | mfu: 39.73 | epoch: 1 | total time: 42.75m
step 00756 (17.18%) | K: 3 | loss: 0.765634 | L1: 0.386345 | L2: 0.379388 | L3: 0.379191 | lrm: 1.00 | dt: 3440.19ms | tok/sec: 152,400 | mfu: 39.69 | epoch: 1 | total time: 42.80m
step 00757 (17.20%) | K: 3 | loss: 0.760070 | L1: 0.383555 | L2: 0.376605 | L3: 0.376426 | lrm: 1.00 | dt: 3441.47ms | tok/sec: 152,344 | mfu: 39.67 | epoch: 1 | total time: 42.86m
step 00758 (17.23%) | K: 3 | loss: 0.763418 | L1: 0.385219 | L2: 0.378288 | L3: 0.378110 | lrm: 1.00 | dt: 3442.00ms | tok/sec: 152,320 | mfu: 39.67 | epoch: 1 | total time: 42.92m
step 00759 (17.25%) | K: 3 | loss: 0.760050 | L1: 0.383542 | L2: 0.376600 | L3: 0.376416 | lrm: 1.00 | dt: 3446.54ms | tok/sec: 152,120 | mfu: 39.61 | epoch: 1 | total time: 42.98m
step 00760 (17.27%) | K: 3 | loss: 0.757422 | L1: 0.382199 | L2: 0.375316 | L3: 0.375131 | lrm: 1.00 | dt: 3444.41ms | tok/sec: 152,214 | mfu: 39.64 | epoch: 1 | total time: 43.03m
step 00761 (17.29%) | K: 3 | loss: 0.761736 | L1: 0.384349 | L2: 0.377490 | L3: 0.377285 | lrm: 1.00 | dt: 3449.52ms | tok/sec: 151,988 | mfu: 39.58 | epoch: 1 | total time: 43.09m
step 00762 (17.32%) | K: 3 | loss: 0.758310 | L1: 0.382662 | L2: 0.375753 | L3: 0.375543 | lrm: 1.00 | dt: 3449.92ms | tok/sec: 151,971 | mfu: 39.58 | epoch: 1 | total time: 43.15m
step 00763 (17.34%) | K: 3 | loss: 0.755757 | L1: 0.381417 | L2: 0.374449 | L3: 0.374230 | lrm: 1.00 | dt: 3445.50ms | tok/sec: 152,165 | mfu: 39.63 | epoch: 1 | total time: 43.21m
step 00764 (17.36%) | K: 3 | loss: 0.753835 | L1: 0.380384 | L2: 0.373554 | L3: 0.373349 | lrm: 1.00 | dt: 3449.08ms | tok/sec: 152,008 | mfu: 39.59 | epoch: 1 | total time: 43.26m
step 00765 (17.38%) | K: 3 | loss: 0.755583 | L1: 0.381330 | L2: 0.374352 | L3: 0.374155 | lrm: 1.00 | dt: 3452.06ms | tok/sec: 151,876 | mfu: 39.55 | epoch: 1 | total time: 43.32m
step 00766 (17.40%) | K: 3 | loss: 0.755805 | L1: 0.381392 | L2: 0.374511 | L3: 0.374314 | lrm: 1.00 | dt: 3452.80ms | tok/sec: 151,844 | mfu: 39.54 | epoch: 1 | total time: 43.38m
step 00767 (17.43%) | K: 3 | loss: 0.755039 | L1: 0.381045 | L2: 0.374098 | L3: 0.373890 | lrm: 1.00 | dt: 3450.91ms | tok/sec: 151,927 | mfu: 39.56 | epoch: 1 | total time: 43.44m
step 00768 (17.45%) | K: 3 | loss: 0.756519 | L1: 0.381811 | L2: 0.374804 | L3: 0.374611 | lrm: 1.00 | dt: 3454.32ms | tok/sec: 151,777 | mfu: 39.53 | epoch: 1 | total time: 43.49m
step 00769 (17.48%) | K: 3 | loss: 0.757752 | L1: 0.382418 | L2: 0.375420 | L3: 0.375249 | lrm: 1.00 | dt: 3455.84ms | tok/sec: 151,710 | mfu: 39.51 | epoch: 1 | total time: 43.55m
step 00770 (17.50%) | K: 3 | loss: 0.756616 | L1: 0.381852 | L2: 0.374846 | L3: 0.374684 | lrm: 1.00 | dt: 3445.57ms | tok/sec: 152,163 | mfu: 39.63 | epoch: 1 | total time: 43.61m
step 00771 (17.52%) | K: 3 | loss: 0.759522 | L1: 0.383351 | L2: 0.376261 | L3: 0.376080 | lrm: 1.00 | dt: 3450.02ms | tok/sec: 151,966 | mfu: 39.57 | epoch: 1 | total time: 43.67m
step 00772 (17.54%) | K: 3 | loss: 0.760183 | L1: 0.383769 | L2: 0.376519 | L3: 0.376307 | lrm: 1.00 | dt: 3448.08ms | tok/sec: 152,052 | mfu: 39.60 | epoch: 1 | total time: 43.72m
step 00773 (17.57%) | K: 3 | loss: 0.759319 | L1: 0.383312 | L2: 0.376103 | L3: 0.375912 | lrm: 1.00 | dt: 3446.89ms | tok/sec: 152,104 | mfu: 39.61 | epoch: 1 | total time: 43.78m
step 00774 (17.59%) | K: 3 | loss: 0.752062 | L1: 0.379669 | L2: 0.372491 | L3: 0.372296 | lrm: 1.00 | dt: 3442.62ms | tok/sec: 152,293 | mfu: 39.66 | epoch: 1 | total time: 43.84m
step 00775 (17.61%) | K: 3 | loss: 0.754451 | L1: 0.380804 | L2: 0.373744 | L3: 0.373551 | lrm: 1.00 | dt: 3435.87ms | tok/sec: 152,592 | mfu: 39.74 | epoch: 1 | total time: 43.90m
step 00776 (17.63%) | K: 3 | loss: 0.757190 | L1: 0.382216 | L2: 0.375075 | L3: 0.374873 | lrm: 1.00 | dt: 3441.59ms | tok/sec: 152,338 | mfu: 39.67 | epoch: 1 | total time: 43.95m
step 00777 (17.66%) | K: 3 | loss: 0.750578 | L1: 0.378888 | L2: 0.371786 | L3: 0.371593 | lrm: 1.00 | dt: 3447.63ms | tok/sec: 152,072 | mfu: 39.60 | epoch: 1 | total time: 44.01m
step 00778 (17.68%) | K: 3 | loss: 0.746094 | L1: 0.376681 | L2: 0.369506 | L3: 0.369320 | lrm: 1.00 | dt: 3444.67ms | tok/sec: 152,202 | mfu: 39.64 | epoch: 1 | total time: 44.07m
step 00779 (17.70%) | K: 3 | loss: 0.743330 | L1: 0.375276 | L2: 0.368157 | L3: 0.367951 | lrm: 1.00 | dt: 3443.56ms | tok/sec: 152,251 | mfu: 39.65 | epoch: 1 | total time: 44.12m
step 00780 (17.73%) | K: 3 | loss: 0.744386 | L1: 0.375802 | L2: 0.368682 | L3: 0.368484 | lrm: 1.00 | dt: 3445.27ms | tok/sec: 152,176 | mfu: 39.63 | epoch: 1 | total time: 44.18m
step 00781 (17.75%) | K: 3 | loss: 0.747299 | L1: 0.377287 | L2: 0.370114 | L3: 0.369909 | lrm: 1.00 | dt: 3442.03ms | tok/sec: 152,319 | mfu: 39.67 | epoch: 1 | total time: 44.24m
step 00782 (17.77%) | K: 3 | loss: 0.745812 | L1: 0.376532 | L2: 0.369382 | L3: 0.369178 | lrm: 1.00 | dt: 3445.41ms | tok/sec: 152,169 | mfu: 39.63 | epoch: 1 | total time: 44.30m
step 00783 (17.79%) | K: 3 | loss: 0.752106 | L1: 0.379641 | L2: 0.372559 | L3: 0.372372 | lrm: 1.00 | dt: 3446.08ms | tok/sec: 152,140 | mfu: 39.62 | epoch: 1 | total time: 44.35m
step 00784 (17.82%) | K: 3 | loss: 0.746845 | L1: 0.377002 | L2: 0.369933 | L3: 0.369753 | lrm: 1.00 | dt: 3450.07ms | tok/sec: 151,964 | mfu: 39.57 | epoch: 1 | total time: 44.41m
step 00785 (17.84%) | K: 3 | loss: 0.745778 | L1: 0.376496 | L2: 0.369381 | L3: 0.369183 | lrm: 1.00 | dt: 3448.26ms | tok/sec: 152,044 | mfu: 39.60 | epoch: 1 | total time: 44.47m
step 00786 (17.86%) | K: 3 | loss: 0.743525 | L1: 0.375336 | L2: 0.368291 | L3: 0.368088 | lrm: 1.00 | dt: 3449.70ms | tok/sec: 151,980 | mfu: 39.58 | epoch: 1 | total time: 44.53m
step 00787 (17.88%) | K: 3 | loss: 0.740645 | L1: 0.373897 | L2: 0.366848 | L3: 0.366649 | lrm: 1.00 | dt: 3452.43ms | tok/sec: 151,860 | mfu: 39.55 | epoch: 1 | total time: 44.58m
step 00788 (17.91%) | K: 3 | loss: 0.737912 | L1: 0.372548 | L2: 0.365465 | L3: 0.365265 | lrm: 1.00 | dt: 3452.40ms | tok/sec: 151,861 | mfu: 39.55 | epoch: 1 | total time: 44.64m
step 00789 (17.93%) | K: 3 | loss: 0.739218 | L1: 0.373240 | L2: 0.366077 | L3: 0.365880 | lrm: 1.00 | dt: 3451.34ms | tok/sec: 151,908 | mfu: 39.56 | epoch: 1 | total time: 44.70m
step 00790 (17.95%) | K: 3 | loss: 0.739371 | L1: 0.373297 | L2: 0.366178 | L3: 0.365969 | lrm: 1.00 | dt: 3447.92ms | tok/sec: 152,059 | mfu: 39.60 | epoch: 1 | total time: 44.76m
step 00791 (17.97%) | K: 3 | loss: 0.739108 | L1: 0.373151 | L2: 0.366064 | L3: 0.365851 | lrm: 1.00 | dt: 3448.99ms | tok/sec: 152,012 | mfu: 39.59 | epoch: 1 | total time: 44.81m
step 00792 (18.00%) | K: 3 | loss: 0.739512 | L1: 0.373292 | L2: 0.366320 | L3: 0.366121 | lrm: 1.00 | dt: 3447.58ms | tok/sec: 152,074 | mfu: 39.60 | epoch: 1 | total time: 44.87m
step 00793 (18.02%) | K: 3 | loss: 0.738757 | L1: 0.372910 | L2: 0.365951 | L3: 0.365742 | lrm: 1.00 | dt: 3448.39ms | tok/sec: 152,038 | mfu: 39.59 | epoch: 1 | total time: 44.93m
step 00794 (18.04%) | K: 3 | loss: 0.736568 | L1: 0.371828 | L2: 0.364847 | L3: 0.364633 | lrm: 1.00 | dt: 3446.57ms | tok/sec: 152,118 | mfu: 39.61 | epoch: 1 | total time: 44.99m
step 00795 (18.06%) | K: 3 | loss: 0.736693 | L1: 0.371904 | L2: 0.364891 | L3: 0.364688 | lrm: 1.00 | dt: 3447.12ms | tok/sec: 152,094 | mfu: 39.61 | epoch: 1 | total time: 45.04m
step 00796 (18.09%) | K: 3 | loss: 0.740556 | L1: 0.373834 | L2: 0.366815 | L3: 0.366628 | lrm: 1.00 | dt: 3446.45ms | tok/sec: 152,123 | mfu: 39.62 | epoch: 1 | total time: 45.10m
step 00797 (18.11%) | K: 3 | loss: 0.739742 | L1: 0.373455 | L2: 0.366381 | L3: 0.366193 | lrm: 1.00 | dt: 3444.18ms | tok/sec: 152,224 | mfu: 39.64 | epoch: 1 | total time: 45.16m
step 00798 (18.13%) | K: 3 | loss: 0.742913 | L1: 0.375040 | L2: 0.367968 | L3: 0.367778 | lrm: 1.00 | dt: 3442.10ms | tok/sec: 152,316 | mfu: 39.67 | epoch: 1 | total time: 45.22m
step 00799 (18.16%) | K: 3 | loss: 0.743737 | L1: 0.375509 | L2: 0.368318 | L3: 0.368137 | lrm: 1.00 | dt: 3444.00ms | tok/sec: 152,232 | mfu: 39.64 | epoch: 1 | total time: 45.27m
step 00800 (18.18%) | K: 3 | loss: 0.743399 | L1: 0.375352 | L2: 0.368140 | L3: 0.367955 | lrm: 1.00 | dt: 3440.18ms | tok/sec: 152,401 | mfu: 39.69 | epoch: 1 | total time: 45.33m
step 00801 (18.20%) | K: 3 | loss: 0.744420 | L1: 0.375856 | L2: 0.368659 | L3: 0.368468 | lrm: 1.00 | dt: 3442.39ms | tok/sec: 152,303 | mfu: 39.66 | epoch: 1 | total time: 45.39m
step 00802 (18.22%) | K: 3 | loss: 0.741024 | L1: 0.374161 | L2: 0.366957 | L3: 0.366769 | lrm: 1.00 | dt: 3445.21ms | tok/sec: 152,178 | mfu: 39.63 | epoch: 1 | total time: 45.45m
step 00803 (18.25%) | K: 3 | loss: 0.741430 | L1: 0.374370 | L2: 0.367157 | L3: 0.366963 | lrm: 1.00 | dt: 3445.54ms | tok/sec: 152,164 | mfu: 39.63 | epoch: 1 | total time: 45.50m
step 00804 (18.27%) | K: 3 | loss: 0.741181 | L1: 0.374221 | L2: 0.367067 | L3: 0.366853 | lrm: 1.00 | dt: 3442.27ms | tok/sec: 152,308 | mfu: 39.66 | epoch: 1 | total time: 45.56m
step 00805 (18.29%) | K: 3 | loss: 0.742206 | L1: 0.374713 | L2: 0.367606 | L3: 0.367379 | lrm: 1.00 | dt: 3450.58ms | tok/sec: 151,941 | mfu: 39.57 | epoch: 1 | total time: 45.62m
step 00806 (18.32%) | K: 3 | loss: 0.744215 | L1: 0.375745 | L2: 0.368585 | L3: 0.368355 | lrm: 1.00 | dt: 3445.36ms | tok/sec: 152,172 | mfu: 39.63 | epoch: 1 | total time: 45.68m
step 00807 (18.34%) | K: 3 | loss: 0.741986 | L1: 0.374577 | L2: 0.367530 | L3: 0.367288 | lrm: 1.00 | dt: 3447.78ms | tok/sec: 152,065 | mfu: 39.60 | epoch: 1 | total time: 45.73m
step 00808 (18.36%) | K: 3 | loss: 0.740099 | L1: 0.373649 | L2: 0.366573 | L3: 0.366326 | lrm: 1.00 | dt: 3450.30ms | tok/sec: 151,954 | mfu: 39.57 | epoch: 1 | total time: 45.79m
step 00809 (18.39%) | K: 3 | loss: 0.741413 | L1: 0.374270 | L2: 0.367265 | L3: 0.367021 | lrm: 1.00 | dt: 3444.12ms | tok/sec: 152,227 | mfu: 39.64 | epoch: 1 | total time: 45.85m
step 00810 (18.41%) | K: 3 | loss: 0.738831 | L1: 0.372926 | L2: 0.366021 | L3: 0.365788 | lrm: 1.00 | dt: 3450.21ms | tok/sec: 151,958 | mfu: 39.57 | epoch: 1 | total time: 45.91m
step 00811 (18.43%) | K: 3 | loss: 0.735046 | L1: 0.371004 | L2: 0.364159 | L3: 0.363924 | lrm: 1.00 | dt: 3445.98ms | tok/sec: 152,144 | mfu: 39.62 | epoch: 1 | total time: 45.96m
step 00812 (18.46%) | K: 3 | loss: 0.731735 | L1: 0.369350 | L2: 0.362508 | L3: 0.362263 | lrm: 1.00 | dt: 3450.14ms | tok/sec: 151,961 | mfu: 39.57 | epoch: 1 | total time: 46.02m
step 00813 (18.48%) | K: 3 | loss: 0.730492 | L1: 0.368757 | L2: 0.361852 | L3: 0.361617 | lrm: 1.00 | dt: 3441.89ms | tok/sec: 152,325 | mfu: 39.67 | epoch: 1 | total time: 46.08m
step 00814 (18.50%) | K: 3 | loss: 0.733917 | L1: 0.370494 | L2: 0.363542 | L3: 0.363302 | lrm: 1.00 | dt: 3439.24ms | tok/sec: 152,442 | mfu: 39.70 | epoch: 1 | total time: 46.14m
step 00815 (18.52%) | K: 3 | loss: 0.732519 | L1: 0.369784 | L2: 0.362851 | L3: 0.362619 | lrm: 1.00 | dt: 3442.34ms | tok/sec: 152,305 | mfu: 39.66 | epoch: 1 | total time: 46.19m
step 00816 (18.55%) | K: 3 | loss: 0.735539 | L1: 0.371283 | L2: 0.364367 | L3: 0.364145 | lrm: 1.00 | dt: 3440.40ms | tok/sec: 152,391 | mfu: 39.69 | epoch: 1 | total time: 46.25m
step 00817 (18.57%) | K: 3 | loss: 0.735193 | L1: 0.371110 | L2: 0.364194 | L3: 0.363973 | lrm: 1.00 | dt: 3439.27ms | tok/sec: 152,441 | mfu: 39.70 | epoch: 1 | total time: 46.31m
step 00818 (18.59%) | K: 3 | loss: 0.733468 | L1: 0.370234 | L2: 0.363347 | L3: 0.363121 | lrm: 1.00 | dt: 3438.73ms | tok/sec: 152,465 | mfu: 39.70 | epoch: 1 | total time: 46.36m
step 00819 (18.61%) | K: 3 | loss: 0.732000 | L1: 0.369491 | L2: 0.362619 | L3: 0.362399 | lrm: 1.00 | dt: 3440.60ms | tok/sec: 152,382 | mfu: 39.68 | epoch: 1 | total time: 46.42m
step 00820 (18.64%) | K: 3 | loss: 0.733253 | L1: 0.370142 | L2: 0.363228 | L3: 0.362994 | lrm: 1.00 | dt: 3434.22ms | tok/sec: 152,665 | mfu: 39.76 | epoch: 1 | total time: 46.48m
step 00821 (18.66%) | K: 3 | loss: 0.729024 | L1: 0.368019 | L2: 0.361121 | L3: 0.360890 | lrm: 1.00 | dt: 3436.70ms | tok/sec: 152,555 | mfu: 39.73 | epoch: 1 | total time: 46.54m
step 00822 (18.68%) | K: 3 | loss: 0.728888 | L1: 0.368016 | L2: 0.360984 | L3: 0.360759 | lrm: 1.00 | dt: 3447.81ms | tok/sec: 152,063 | mfu: 39.60 | epoch: 1 | total time: 46.59m
step 00823 (18.71%) | K: 3 | loss: 0.726028 | L1: 0.366629 | L2: 0.359517 | L3: 0.359281 | lrm: 1.00 | dt: 3448.34ms | tok/sec: 152,040 | mfu: 39.59 | epoch: 1 | total time: 46.65m
step 00824 (18.73%) | K: 3 | loss: 0.729498 | L1: 0.368343 | L2: 0.361268 | L3: 0.361043 | lrm: 1.00 | dt: 3455.04ms | tok/sec: 151,745 | mfu: 39.52 | epoch: 1 | total time: 46.71m
step 00825 (18.75%) | K: 3 | loss: 0.735044 | L1: 0.371137 | L2: 0.364021 | L3: 0.363792 | lrm: 1.00 | dt: 3447.80ms | tok/sec: 152,064 | mfu: 39.60 | epoch: 1 | total time: 46.77m
step 00826 (18.78%) | K: 3 | loss: 0.732059 | L1: 0.369618 | L2: 0.362553 | L3: 0.362328 | lrm: 1.00 | dt: 3454.25ms | tok/sec: 151,780 | mfu: 39.53 | epoch: 1 | total time: 46.82m
step 00827 (18.80%) | K: 3 | loss: 0.733616 | L1: 0.370390 | L2: 0.363330 | L3: 0.363122 | lrm: 1.00 | dt: 3459.90ms | tok/sec: 151,532 | mfu: 39.46 | epoch: 1 | total time: 46.88m
step 00828 (18.82%) | K: 3 | loss: 0.739560 | L1: 0.373357 | L2: 0.366297 | L3: 0.366108 | lrm: 1.00 | dt: 3457.58ms | tok/sec: 151,634 | mfu: 39.49 | epoch: 1 | total time: 46.94m
step 00829 (18.85%) | K: 3 | loss: 0.741179 | L1: 0.374186 | L2: 0.367087 | L3: 0.366899 | lrm: 1.00 | dt: 3455.30ms | tok/sec: 151,734 | mfu: 39.51 | epoch: 1 | total time: 47.00m
step 00830 (18.87%) | K: 3 | loss: 0.739006 | L1: 0.373036 | L2: 0.366070 | L3: 0.365870 | lrm: 1.00 | dt: 3452.27ms | tok/sec: 151,867 | mfu: 39.55 | epoch: 1 | total time: 47.05m
step 00831 (18.89%) | K: 3 | loss: 0.738422 | L1: 0.372748 | L2: 0.365774 | L3: 0.365575 | lrm: 1.00 | dt: 3449.45ms | tok/sec: 151,991 | mfu: 39.58 | epoch: 1 | total time: 47.11m
step 00832 (18.92%) | K: 3 | loss: 0.735148 | L1: 0.371075 | L2: 0.364168 | L3: 0.363977 | lrm: 1.00 | dt: 3445.05ms | tok/sec: 152,186 | mfu: 39.63 | epoch: 1 | total time: 47.17m
step 00833 (18.94%) | K: 3 | loss: 0.736027 | L1: 0.371536 | L2: 0.364587 | L3: 0.364396 | lrm: 1.00 | dt: 3443.32ms | tok/sec: 152,262 | mfu: 39.65 | epoch: 1 | total time: 47.23m
step 00834 (18.96%) | K: 3 | loss: 0.735280 | L1: 0.371177 | L2: 0.364201 | L3: 0.364004 | lrm: 1.00 | dt: 3441.79ms | tok/sec: 152,330 | mfu: 39.67 | epoch: 1 | total time: 47.28m
step 00835 (18.98%) | K: 3 | loss: 0.729512 | L1: 0.368280 | L2: 0.361333 | L3: 0.361130 | lrm: 1.00 | dt: 3437.54ms | tok/sec: 152,518 | mfu: 39.72 | epoch: 1 | total time: 47.34m
step 00836 (19.01%) | K: 3 | loss: 0.731708 | L1: 0.369368 | L2: 0.362447 | L3: 0.362231 | lrm: 1.00 | dt: 3437.19ms | tok/sec: 152,533 | mfu: 39.72 | epoch: 1 | total time: 47.40m
step 00837 (19.03%) | K: 3 | loss: 0.732533 | L1: 0.369814 | L2: 0.362831 | L3: 0.362607 | lrm: 1.00 | dt: 3437.21ms | tok/sec: 152,533 | mfu: 39.72 | epoch: 1 | total time: 47.46m
step 00838 (19.05%) | K: 3 | loss: 0.734847 | L1: 0.370982 | L2: 0.363978 | L3: 0.363751 | lrm: 1.00 | dt: 3438.00ms | tok/sec: 152,497 | mfu: 39.71 | epoch: 1 | total time: 47.51m
step 00839 (19.07%) | K: 3 | loss: 0.731943 | L1: 0.369505 | L2: 0.362547 | L3: 0.362328 | lrm: 1.00 | dt: 3440.29ms | tok/sec: 152,396 | mfu: 39.69 | epoch: 1 | total time: 47.57m
step 00840 (19.10%) | K: 3 | loss: 0.727406 | L1: 0.367235 | L2: 0.360278 | L3: 0.360064 | lrm: 1.00 | dt: 3435.17ms | tok/sec: 152,623 | mfu: 39.75 | epoch: 1 | total time: 47.63m
step 00841 (19.12%) | K: 3 | loss: 0.727188 | L1: 0.367149 | L2: 0.360144 | L3: 0.359934 | lrm: 1.00 | dt: 3441.97ms | tok/sec: 152,322 | mfu: 39.67 | epoch: 1 | total time: 47.69m
step 00842 (19.14%) | K: 3 | loss: 0.724383 | L1: 0.365759 | L2: 0.358728 | L3: 0.358521 | lrm: 1.00 | dt: 3443.81ms | tok/sec: 152,240 | mfu: 39.65 | epoch: 1 | total time: 47.74m
step 00843 (19.17%) | K: 3 | loss: 0.725121 | L1: 0.366179 | L2: 0.359041 | L3: 0.358843 | lrm: 1.00 | dt: 3440.72ms | tok/sec: 152,377 | mfu: 39.68 | epoch: 1 | total time: 47.80m
step 00844 (19.19%) | K: 3 | loss: 0.727062 | L1: 0.367149 | L2: 0.360002 | L3: 0.359824 | lrm: 1.00 | dt: 3446.28ms | tok/sec: 152,131 | mfu: 39.62 | epoch: 1 | total time: 47.86m
step 00845 (19.21%) | K: 3 | loss: 0.728567 | L1: 0.367915 | L2: 0.360739 | L3: 0.360565 | lrm: 1.00 | dt: 3448.79ms | tok/sec: 152,021 | mfu: 39.59 | epoch: 1 | total time: 47.91m
step 00846 (19.23%) | K: 3 | loss: 0.728444 | L1: 0.367796 | L2: 0.360740 | L3: 0.360557 | lrm: 1.00 | dt: 3451.83ms | tok/sec: 151,887 | mfu: 39.55 | epoch: 1 | total time: 47.97m
step 00847 (19.26%) | K: 3 | loss: 0.728428 | L1: 0.367796 | L2: 0.360730 | L3: 0.360534 | lrm: 1.00 | dt: 3452.65ms | tok/sec: 151,851 | mfu: 39.54 | epoch: 1 | total time: 48.03m
step 00848 (19.28%) | K: 3 | loss: 0.725205 | L1: 0.366161 | L2: 0.359144 | L3: 0.358943 | lrm: 1.00 | dt: 3455.08ms | tok/sec: 151,743 | mfu: 39.52 | epoch: 1 | total time: 48.09m
step 00849 (19.30%) | K: 3 | loss: 0.724108 | L1: 0.365583 | L2: 0.358620 | L3: 0.358430 | lrm: 1.00 | dt: 3454.74ms | tok/sec: 151,758 | mfu: 39.52 | epoch: 1 | total time: 48.15m
step 00850 (19.33%) | K: 3 | loss: 0.723699 | L1: 0.365362 | L2: 0.358427 | L3: 0.358247 | lrm: 1.00 | dt: 3450.17ms | tok/sec: 151,960 | mfu: 39.57 | epoch: 1 | total time: 48.20m
step 00851 (19.35%) | K: 3 | loss: 0.724040 | L1: 0.365528 | L2: 0.358613 | L3: 0.358410 | lrm: 1.00 | dt: 3449.87ms | tok/sec: 151,973 | mfu: 39.58 | epoch: 1 | total time: 48.26m
step 00852 (19.37%) | K: 3 | loss: 0.728302 | L1: 0.367667 | L2: 0.360739 | L3: 0.360529 | lrm: 1.00 | dt: 3451.94ms | tok/sec: 151,882 | mfu: 39.55 | epoch: 1 | total time: 48.32m
step 00853 (19.40%) | K: 3 | loss: 0.729471 | L1: 0.368206 | L2: 0.361361 | L3: 0.361170 | lrm: 1.00 | dt: 3446.80ms | tok/sec: 152,108 | mfu: 39.61 | epoch: 1 | total time: 48.38m
step 00854 (19.42%) | K: 3 | loss: 0.728534 | L1: 0.367736 | L2: 0.360897 | L3: 0.360698 | lrm: 1.00 | dt: 3447.81ms | tok/sec: 152,064 | mfu: 39.60 | epoch: 1 | total time: 48.43m
step 00855 (19.44%) | K: 3 | loss: 0.730218 | L1: 0.368598 | L2: 0.361730 | L3: 0.361511 | lrm: 1.00 | dt: 3442.78ms | tok/sec: 152,286 | mfu: 39.66 | epoch: 1 | total time: 48.49m
step 00856 (19.47%) | K: 3 | loss: 0.730312 | L1: 0.368691 | L2: 0.361735 | L3: 0.361506 | lrm: 1.00 | dt: 3441.46ms | tok/sec: 152,344 | mfu: 39.67 | epoch: 1 | total time: 48.55m
step 00857 (19.49%) | K: 3 | loss: 0.731177 | L1: 0.369124 | L2: 0.362170 | L3: 0.361936 | lrm: 1.00 | dt: 3439.79ms | tok/sec: 152,418 | mfu: 39.69 | epoch: 1 | total time: 48.60m
step 00858 (19.51%) | K: 3 | loss: 0.730778 | L1: 0.368985 | L2: 0.361920 | L3: 0.361667 | lrm: 1.00 | dt: 3429.92ms | tok/sec: 152,857 | mfu: 39.81 | epoch: 1 | total time: 48.66m
step 00859 (19.53%) | K: 3 | loss: 0.732965 | L1: 0.370097 | L2: 0.362995 | L3: 0.362741 | lrm: 1.00 | dt: 3435.39ms | tok/sec: 152,613 | mfu: 39.74 | epoch: 1 | total time: 48.72m
step 00860 (19.56%) | K: 3 | loss: 0.731180 | L1: 0.369215 | L2: 0.362079 | L3: 0.361850 | lrm: 1.00 | dt: 3438.62ms | tok/sec: 152,470 | mfu: 39.71 | epoch: 1 | total time: 48.78m
step 00861 (19.58%) | K: 3 | loss: 0.727700 | L1: 0.367481 | L2: 0.360340 | L3: 0.360097 | lrm: 1.00 | dt: 3440.26ms | tok/sec: 152,397 | mfu: 39.69 | epoch: 1 | total time: 48.83m
step 00862 (19.60%) | K: 3 | loss: 0.726092 | L1: 0.366676 | L2: 0.359535 | L3: 0.359297 | lrm: 1.00 | dt: 3443.16ms | tok/sec: 152,269 | mfu: 39.65 | epoch: 1 | total time: 48.89m
step 00863 (19.63%) | K: 3 | loss: 0.732744 | L1: 0.370019 | L2: 0.362842 | L3: 0.362609 | lrm: 1.00 | dt: 3442.30ms | tok/sec: 152,307 | mfu: 39.66 | epoch: 1 | total time: 48.95m
step 00864 (19.65%) | K: 3 | loss: 0.732375 | L1: 0.369819 | L2: 0.362671 | L3: 0.362440 | lrm: 1.00 | dt: 3455.10ms | tok/sec: 151,743 | mfu: 39.52 | epoch: 1 | total time: 49.01m
step 00865 (19.67%) | K: 3 | loss: 0.732155 | L1: 0.369693 | L2: 0.362588 | L3: 0.362337 | lrm: 1.00 | dt: 3448.32ms | tok/sec: 152,041 | mfu: 39.59 | epoch: 1 | total time: 49.06m
step 00866 (19.70%) | K: 3 | loss: 0.735353 | L1: 0.371299 | L2: 0.364181 | L3: 0.363926 | lrm: 1.00 | dt: 3454.62ms | tok/sec: 151,764 | mfu: 39.52 | epoch: 1 | total time: 49.12m
step 00867 (19.72%) | K: 3 | loss: 0.732515 | L1: 0.369857 | L2: 0.362786 | L3: 0.362529 | lrm: 1.00 | dt: 3451.41ms | tok/sec: 151,905 | mfu: 39.56 | epoch: 1 | total time: 49.18m
step 00868 (19.74%) | K: 3 | loss: 0.735529 | L1: 0.371347 | L2: 0.364301 | L3: 0.364062 | lrm: 1.00 | dt: 3456.39ms | tok/sec: 151,686 | mfu: 39.50 | epoch: 1 | total time: 49.24m
step 00869 (19.76%) | K: 3 | loss: 0.732939 | L1: 0.370008 | L2: 0.363040 | L3: 0.362822 | lrm: 1.00 | dt: 3455.32ms | tok/sec: 151,733 | mfu: 39.51 | epoch: 1 | total time: 49.29m
step 00870 (19.79%) | K: 3 | loss: 0.732297 | L1: 0.369661 | L2: 0.362744 | L3: 0.362529 | lrm: 1.00 | dt: 3457.53ms | tok/sec: 151,636 | mfu: 39.49 | epoch: 1 | total time: 49.35m
step 00871 (19.81%) | K: 3 | loss: 0.731296 | L1: 0.369176 | L2: 0.362223 | L3: 0.362016 | lrm: 1.00 | dt: 3451.11ms | tok/sec: 151,918 | mfu: 39.56 | epoch: 1 | total time: 49.41m
step 00872 (19.83%) | K: 3 | loss: 0.730524 | L1: 0.368787 | L2: 0.361848 | L3: 0.361628 | lrm: 1.00 | dt: 3451.56ms | tok/sec: 151,899 | mfu: 39.56 | epoch: 1 | total time: 49.47m
step 00873 (19.85%) | K: 3 | loss: 0.727716 | L1: 0.367440 | L2: 0.360387 | L3: 0.360164 | lrm: 1.00 | dt: 3448.54ms | tok/sec: 152,031 | mfu: 39.59 | epoch: 1 | total time: 49.52m
step 00874 (19.88%) | K: 3 | loss: 0.728813 | L1: 0.368006 | L2: 0.360911 | L3: 0.360703 | lrm: 1.00 | dt: 3443.26ms | tok/sec: 152,264 | mfu: 39.65 | epoch: 1 | total time: 49.58m
step 00875 (19.90%) | K: 3 | loss: 0.725293 | L1: 0.366216 | L2: 0.359180 | L3: 0.358973 | lrm: 1.00 | dt: 3445.21ms | tok/sec: 152,179 | mfu: 39.63 | epoch: 1 | total time: 49.64m
step 00876 (19.92%) | K: 3 | loss: 0.725035 | L1: 0.366129 | L2: 0.359012 | L3: 0.358799 | lrm: 1.00 | dt: 3441.55ms | tok/sec: 152,340 | mfu: 39.67 | epoch: 1 | total time: 49.70m
step 00877 (19.95%) | K: 3 | loss: 0.718635 | L1: 0.362852 | L2: 0.355878 | L3: 0.355687 | lrm: 1.00 | dt: 3440.81ms | tok/sec: 152,373 | mfu: 39.68 | epoch: 1 | total time: 49.75m
step 00878 (19.97%) | K: 3 | loss: 0.720837 | L1: 0.363962 | L2: 0.356967 | L3: 0.356784 | lrm: 1.00 | dt: 3435.42ms | tok/sec: 152,612 | mfu: 39.74 | epoch: 1 | total time: 49.81m
step 00879 (19.99%) | K: 3 | loss: 0.720034 | L1: 0.363558 | L2: 0.356566 | L3: 0.356386 | lrm: 1.00 | dt: 3437.35ms | tok/sec: 152,526 | mfu: 39.72 | epoch: 1 | total time: 49.87m
step 00880 (20.01%) | K: 3 | loss: 0.722005 | L1: 0.364534 | L2: 0.357567 | L3: 0.357373 | lrm: 1.00 | dt: 3431.47ms | tok/sec: 152,788 | mfu: 39.79 | epoch: 1 | total time: 49.93m
step 00881 (20.04%) | K: 3 | loss: 0.721092 | L1: 0.364053 | L2: 0.357140 | L3: 0.356938 | lrm: 1.00 | dt: 3435.76ms | tok/sec: 152,597 | mfu: 39.74 | epoch: 1 | total time: 49.98m
step 00882 (20.06%) | K: 3 | loss: 0.722465 | L1: 0.364771 | L2: 0.357802 | L3: 0.357586 | lrm: 1.00 | dt: 3445.99ms | tok/sec: 152,144 | mfu: 39.62 | epoch: 1 | total time: 50.04m
step 00883 (20.08%) | K: 3 | loss: 0.720454 | L1: 0.363711 | L2: 0.356841 | L3: 0.356645 | lrm: 1.00 | dt: 3438.00ms | tok/sec: 152,498 | mfu: 39.71 | epoch: 1 | total time: 50.10m
step 00884 (20.10%) | K: 3 | loss: 0.718145 | L1: 0.362573 | L2: 0.355670 | L3: 0.355475 | lrm: 1.00 | dt: 3438.04ms | tok/sec: 152,496 | mfu: 39.71 | epoch: 1 | total time: 50.15m
step 00885 (20.13%) | K: 3 | loss: 0.720743 | L1: 0.363880 | L2: 0.356964 | L3: 0.356760 | lrm: 1.00 | dt: 3442.25ms | tok/sec: 152,309 | mfu: 39.66 | epoch: 1 | total time: 50.21m
step 00886 (20.15%) | K: 3 | loss: 0.724012 | L1: 0.365577 | L2: 0.358533 | L3: 0.358337 | lrm: 1.00 | dt: 3441.00ms | tok/sec: 152,364 | mfu: 39.68 | epoch: 1 | total time: 50.27m
step 00887 (20.17%) | K: 3 | loss: 0.727135 | L1: 0.367147 | L2: 0.360091 | L3: 0.359886 | lrm: 1.00 | dt: 3444.38ms | tok/sec: 152,215 | mfu: 39.64 | epoch: 1 | total time: 50.33m
step 00888 (20.19%) | K: 3 | loss: 0.733062 | L1: 0.370140 | L2: 0.363025 | L3: 0.362819 | lrm: 1.00 | dt: 3449.59ms | tok/sec: 151,985 | mfu: 39.58 | epoch: 1 | total time: 50.38m
step 00889 (20.22%) | K: 3 | loss: 0.730082 | L1: 0.368621 | L2: 0.361557 | L3: 0.361366 | lrm: 1.00 | dt: 3446.56ms | tok/sec: 152,119 | mfu: 39.61 | epoch: 1 | total time: 50.44m
step 00890 (20.24%) | K: 3 | loss: 0.734567 | L1: 0.370833 | L2: 0.363829 | L3: 0.363640 | lrm: 1.00 | dt: 3450.16ms | tok/sec: 151,960 | mfu: 39.57 | epoch: 1 | total time: 50.50m
step 00891 (20.26%) | K: 3 | loss: 0.726708 | L1: 0.366874 | L2: 0.359928 | L3: 0.359741 | lrm: 1.00 | dt: 3454.88ms | tok/sec: 151,752 | mfu: 39.52 | epoch: 1 | total time: 50.56m
step 00892 (20.28%) | K: 3 | loss: 0.725008 | L1: 0.366008 | L2: 0.359100 | L3: 0.358901 | lrm: 1.00 | dt: 3458.70ms | tok/sec: 151,585 | mfu: 39.48 | epoch: 1 | total time: 50.61m
step 00893 (20.31%) | K: 3 | loss: 0.723953 | L1: 0.365488 | L2: 0.358555 | L3: 0.358376 | lrm: 1.00 | dt: 3454.61ms | tok/sec: 151,764 | mfu: 39.52 | epoch: 1 | total time: 50.67m
step 00894 (20.33%) | K: 3 | loss: 0.723290 | L1: 0.365154 | L2: 0.358229 | L3: 0.358042 | lrm: 1.00 | dt: 3453.70ms | tok/sec: 151,804 | mfu: 39.53 | epoch: 1 | total time: 50.73m
step 00895 (20.35%) | K: 3 | loss: 0.724727 | L1: 0.365903 | L2: 0.358919 | L3: 0.358728 | lrm: 1.00 | dt: 3453.53ms | tok/sec: 151,812 | mfu: 39.53 | epoch: 1 | total time: 50.79m
step 00896 (20.38%) | K: 3 | loss: 0.727155 | L1: 0.367148 | L2: 0.360109 | L3: 0.359907 | lrm: 1.00 | dt: 3450.23ms | tok/sec: 151,957 | mfu: 39.57 | epoch: 1 | total time: 50.84m
step 00897 (20.40%) | K: 3 | loss: 0.726472 | L1: 0.366819 | L2: 0.359748 | L3: 0.359559 | lrm: 1.00 | dt: 3449.76ms | tok/sec: 151,978 | mfu: 39.58 | epoch: 1 | total time: 50.90m
step 00898 (20.42%) | K: 3 | loss: 0.727455 | L1: 0.367310 | L2: 0.360246 | L3: 0.360044 | lrm: 1.00 | dt: 3448.11ms | tok/sec: 152,050 | mfu: 39.60 | epoch: 1 | total time: 50.96m
step 00899 (20.44%) | K: 3 | loss: 0.728702 | L1: 0.367933 | L2: 0.360887 | L3: 0.360651 | lrm: 1.00 | dt: 3444.58ms | tok/sec: 152,206 | mfu: 39.64 | epoch: 1 | total time: 51.02m
step 00900 (20.47%) | K: 3 | loss: 0.726988 | L1: 0.367067 | L2: 0.360041 | L3: 0.359800 | lrm: 1.00 | dt: 3444.06ms | tok/sec: 152,229 | mfu: 39.64 | epoch: 1 | total time: 51.07m
step 00901 (20.49%) | K: 3 | loss: 0.722547 | L1: 0.364803 | L2: 0.357864 | L3: 0.357624 | lrm: 1.00 | dt: 3442.24ms | tok/sec: 152,310 | mfu: 39.66 | epoch: 1 | total time: 51.13m
step 00902 (20.52%) | K: 3 | loss: 0.720955 | L1: 0.364006 | L2: 0.357068 | L3: 0.356830 | lrm: 1.00 | dt: 3445.24ms | tok/sec: 152,177 | mfu: 39.63 | epoch: 1 | total time: 51.19m
step 00903 (20.54%) | K: 3 | loss: 0.723073 | L1: 0.365078 | L2: 0.358106 | L3: 0.357884 | lrm: 1.00 | dt: 3437.37ms | tok/sec: 152,525 | mfu: 39.72 | epoch: 1 | total time: 51.25m
step 00904 (20.56%) | K: 3 | loss: 0.718128 | L1: 0.362628 | L2: 0.355611 | L3: 0.355388 | lrm: 1.00 | dt: 3442.85ms | tok/sec: 152,283 | mfu: 39.66 | epoch: 1 | total time: 51.30m
step 00905 (20.59%) | K: 3 | loss: 0.716844 | L1: 0.361961 | L2: 0.354995 | L3: 0.354771 | lrm: 1.00 | dt: 3436.05ms | tok/sec: 152,584 | mfu: 39.74 | epoch: 1 | total time: 51.36m
step 00906 (20.61%) | K: 3 | loss: 0.717003 | L1: 0.362087 | L2: 0.355042 | L3: 0.354790 | lrm: 1.00 | dt: 3441.94ms | tok/sec: 152,323 | mfu: 39.67 | epoch: 1 | total time: 51.42m
step 00907 (20.63%) | K: 3 | loss: 0.721216 | L1: 0.364217 | L2: 0.357126 | L3: 0.356872 | lrm: 1.00 | dt: 3437.81ms | tok/sec: 152,506 | mfu: 39.72 | epoch: 1 | total time: 51.48m
step 00908 (20.66%) | K: 3 | loss: 0.719822 | L1: 0.363461 | L2: 0.356482 | L3: 0.356239 | lrm: 1.00 | dt: 3444.64ms | tok/sec: 152,203 | mfu: 39.64 | epoch: 1 | total time: 51.53m
step 00909 (20.68%) | K: 3 | loss: 0.724312 | L1: 0.365767 | L2: 0.358677 | L3: 0.358412 | lrm: 1.00 | dt: 3445.66ms | tok/sec: 152,158 | mfu: 39.62 | epoch: 1 | total time: 51.59m
step 00910 (20.70%) | K: 3 | loss: 0.727264 | L1: 0.367227 | L2: 0.360172 | L3: 0.359903 | lrm: 1.00 | dt: 3447.12ms | tok/sec: 152,094 | mfu: 39.61 | epoch: 1 | total time: 51.65m
step 00911 (20.72%) | K: 3 | loss: 0.727617 | L1: 0.367366 | L2: 0.360375 | L3: 0.360127 | lrm: 1.00 | dt: 3447.58ms | tok/sec: 152,074 | mfu: 39.60 | epoch: 1 | total time: 51.71m
step 00912 (20.75%) | K: 3 | loss: 0.727617 | L1: 0.367411 | L2: 0.360336 | L3: 0.360076 | lrm: 1.00 | dt: 3455.73ms | tok/sec: 151,715 | mfu: 39.51 | epoch: 1 | total time: 51.76m
step 00913 (20.77%) | K: 3 | loss: 0.727731 | L1: 0.367488 | L2: 0.360382 | L3: 0.360104 | lrm: 1.00 | dt: 3456.82ms | tok/sec: 151,667 | mfu: 39.50 | epoch: 1 | total time: 51.82m
step 00914 (20.79%) | K: 3 | loss: 0.726360 | L1: 0.366769 | L2: 0.359726 | L3: 0.359457 | lrm: 1.00 | dt: 3455.76ms | tok/sec: 151,714 | mfu: 39.51 | epoch: 1 | total time: 51.88m
step 00915 (20.82%) | K: 3 | loss: 0.729485 | L1: 0.368336 | L2: 0.361281 | L3: 0.361015 | lrm: 1.00 | dt: 3452.68ms | tok/sec: 151,849 | mfu: 39.54 | epoch: 1 | total time: 51.94m
step 00916 (20.84%) | K: 3 | loss: 0.729936 | L1: 0.368583 | L2: 0.361483 | L3: 0.361222 | lrm: 1.00 | dt: 3449.05ms | tok/sec: 152,009 | mfu: 39.59 | epoch: 1 | total time: 51.99m
step 00917 (20.86%) | K: 3 | loss: 0.727149 | L1: 0.367181 | L2: 0.360093 | L3: 0.359842 | lrm: 1.00 | dt: 3451.59ms | tok/sec: 151,897 | mfu: 39.56 | epoch: 1 | total time: 52.05m
step 00918 (20.88%) | K: 3 | loss: 0.722691 | L1: 0.364886 | L2: 0.357930 | L3: 0.357680 | lrm: 1.00 | dt: 3446.74ms | tok/sec: 152,111 | mfu: 39.61 | epoch: 1 | total time: 52.11m
step 00919 (20.91%) | K: 3 | loss: 0.722487 | L1: 0.364779 | L2: 0.357825 | L3: 0.357591 | lrm: 1.00 | dt: 3448.64ms | tok/sec: 152,027 | mfu: 39.59 | epoch: 1 | total time: 52.17m
step 00920 (20.93%) | K: 3 | loss: 0.715744 | L1: 0.361453 | L2: 0.354401 | L3: 0.354181 | lrm: 1.00 | dt: 3441.92ms | tok/sec: 152,324 | mfu: 39.67 | epoch: 1 | total time: 52.22m
step 00921 (20.95%) | K: 3 | loss: 0.717881 | L1: 0.362522 | L2: 0.355475 | L3: 0.355243 | lrm: 1.00 | dt: 3440.21ms | tok/sec: 152,399 | mfu: 39.69 | epoch: 1 | total time: 52.28m
step 00922 (20.98%) | K: 3 | loss: 0.714864 | L1: 0.361001 | L2: 0.353982 | L3: 0.353744 | lrm: 1.00 | dt: 3441.07ms | tok/sec: 152,361 | mfu: 39.68 | epoch: 1 | total time: 52.34m
step 00923 (21.00%) | K: 3 | loss: 0.713554 | L1: 0.360355 | L2: 0.353303 | L3: 0.353096 | lrm: 1.00 | dt: 3439.12ms | tok/sec: 152,448 | mfu: 39.70 | epoch: 1 | total time: 52.40m
step 00924 (21.02%) | K: 3 | loss: 0.716325 | L1: 0.361763 | L2: 0.354667 | L3: 0.354457 | lrm: 1.00 | dt: 3439.28ms | tok/sec: 152,441 | mfu: 39.70 | epoch: 1 | total time: 52.45m
step 00925 (21.05%) | K: 3 | loss: 0.719728 | L1: 0.363419 | L2: 0.356413 | L3: 0.356206 | lrm: 1.00 | dt: 3439.67ms | tok/sec: 152,423 | mfu: 39.69 | epoch: 1 | total time: 52.51m
step 00926 (21.07%) | K: 3 | loss: 0.720582 | L1: 0.363847 | L2: 0.356833 | L3: 0.356638 | lrm: 1.00 | dt: 3439.09ms | tok/sec: 152,449 | mfu: 39.70 | epoch: 1 | total time: 52.57m
step 00927 (21.09%) | K: 3 | loss: 0.715065 | L1: 0.361075 | L2: 0.354083 | L3: 0.353898 | lrm: 1.00 | dt: 3442.76ms | tok/sec: 152,287 | mfu: 39.66 | epoch: 1 | total time: 52.62m
step 00928 (21.11%) | K: 3 | loss: 0.717503 | L1: 0.362342 | L2: 0.355248 | L3: 0.355075 | lrm: 1.00 | dt: 3444.99ms | tok/sec: 152,188 | mfu: 39.63 | epoch: 1 | total time: 52.68m
step 00929 (21.14%) | K: 3 | loss: 0.718487 | L1: 0.362822 | L2: 0.355750 | L3: 0.355581 | lrm: 1.00 | dt: 3447.96ms | tok/sec: 152,057 | mfu: 39.60 | epoch: 1 | total time: 52.74m
step 00930 (21.16%) | K: 3 | loss: 0.718192 | L1: 0.362690 | L2: 0.355595 | L3: 0.355410 | lrm: 1.00 | dt: 3447.46ms | tok/sec: 152,079 | mfu: 39.60 | epoch: 1 | total time: 52.80m
step 00931 (21.18%) | K: 3 | loss: 0.718188 | L1: 0.362673 | L2: 0.355614 | L3: 0.355415 | lrm: 1.00 | dt: 3450.36ms | tok/sec: 151,951 | mfu: 39.57 | epoch: 1 | total time: 52.85m
step 00932 (21.21%) | K: 3 | loss: 0.720893 | L1: 0.364069 | L2: 0.356923 | L3: 0.356725 | lrm: 1.00 | dt: 3455.34ms | tok/sec: 151,732 | mfu: 39.51 | epoch: 1 | total time: 52.91m
step 00933 (21.23%) | K: 3 | loss: 0.723868 | L1: 0.365568 | L2: 0.358399 | L3: 0.358201 | lrm: 1.00 | dt: 3456.16ms | tok/sec: 151,696 | mfu: 39.50 | epoch: 1 | total time: 52.97m
step 00934 (21.25%) | K: 3 | loss: 0.728980 | L1: 0.368113 | L2: 0.360961 | L3: 0.360773 | lrm: 1.00 | dt: 3454.38ms | tok/sec: 151,774 | mfu: 39.52 | epoch: 1 | total time: 53.03m
step 00935 (21.27%) | K: 3 | loss: 0.732157 | L1: 0.369670 | L2: 0.362578 | L3: 0.362396 | lrm: 1.00 | dt: 3456.45ms | tok/sec: 151,684 | mfu: 39.50 | epoch: 1 | total time: 53.08m
step 00936 (21.30%) | K: 3 | loss: 0.728824 | L1: 0.368005 | L2: 0.360910 | L3: 0.360727 | lrm: 1.00 | dt: 3454.62ms | tok/sec: 151,764 | mfu: 39.52 | epoch: 1 | total time: 53.14m
step 00937 (21.32%) | K: 3 | loss: 0.731300 | L1: 0.369242 | L2: 0.362141 | L3: 0.361974 | lrm: 1.00 | dt: 3453.27ms | tok/sec: 151,823 | mfu: 39.54 | epoch: 1 | total time: 53.20m
step 00938 (21.34%) | K: 3 | loss: 0.728767 | L1: 0.367964 | L2: 0.360887 | L3: 0.360720 | lrm: 1.00 | dt: 3444.59ms | tok/sec: 152,206 | mfu: 39.64 | epoch: 1 | total time: 53.26m
step 00939 (21.37%) | K: 3 | loss: 0.728453 | L1: 0.367814 | L2: 0.360730 | L3: 0.360547 | lrm: 1.00 | dt: 3441.40ms | tok/sec: 152,347 | mfu: 39.67 | epoch: 1 | total time: 53.31m
step 00940 (21.39%) | K: 3 | loss: 0.732950 | L1: 0.370059 | L2: 0.362982 | L3: 0.362800 | lrm: 1.00 | dt: 3439.30ms | tok/sec: 152,440 | mfu: 39.70 | epoch: 1 | total time: 53.37m
step 00941 (21.41%) | K: 3 | loss: 0.729013 | L1: 0.368016 | L2: 0.361090 | L3: 0.360904 | lrm: 1.00 | dt: 3438.60ms | tok/sec: 152,471 | mfu: 39.71 | epoch: 1 | total time: 53.43m
step 00942 (21.43%) | K: 3 | loss: 0.733427 | L1: 0.370216 | L2: 0.363310 | L3: 0.363111 | lrm: 1.00 | dt: 3436.62ms | tok/sec: 152,559 | mfu: 39.73 | epoch: 1 | total time: 53.49m
step 00943 (21.46%) | K: 3 | loss: 0.733271 | L1: 0.370159 | L2: 0.363207 | L3: 0.363017 | lrm: 1.00 | dt: 3436.04ms | tok/sec: 152,584 | mfu: 39.74 | epoch: 1 | total time: 53.54m
step 00944 (21.48%) | K: 3 | loss: 0.730526 | L1: 0.368746 | L2: 0.361869 | L3: 0.361692 | lrm: 1.00 | dt: 3431.12ms | tok/sec: 152,803 | mfu: 39.79 | epoch: 1 | total time: 53.60m
step 00945 (21.50%) | K: 3 | loss: 0.732958 | L1: 0.369978 | L2: 0.363082 | L3: 0.362877 | lrm: 1.00 | dt: 3432.49ms | tok/sec: 152,742 | mfu: 39.78 | epoch: 1 | total time: 53.66m
step 00946 (21.53%) | K: 3 | loss: 0.726656 | L1: 0.366862 | L2: 0.359904 | L3: 0.359685 | lrm: 1.00 | dt: 3434.28ms | tok/sec: 152,663 | mfu: 39.76 | epoch: 1 | total time: 53.72m
step 00947 (21.55%) | K: 3 | loss: 0.727191 | L1: 0.367111 | L2: 0.360187 | L3: 0.359974 | lrm: 1.00 | dt: 3434.82ms | tok/sec: 152,639 | mfu: 39.75 | epoch: 1 | total time: 53.77m
step 00948 (21.57%) | K: 3 | loss: 0.728480 | L1: 0.367777 | L2: 0.360806 | L3: 0.360601 | lrm: 1.00 | dt: 3440.93ms | tok/sec: 152,368 | mfu: 39.68 | epoch: 1 | total time: 53.83m
step 00949 (21.59%) | K: 3 | loss: 0.727485 | L1: 0.367209 | L2: 0.360377 | L3: 0.360175 | lrm: 1.00 | dt: 3435.21ms | tok/sec: 152,621 | mfu: 39.75 | epoch: 1 | total time: 53.89m
step 00950 (21.62%) | K: 3 | loss: 0.727719 | L1: 0.367299 | L2: 0.360513 | L3: 0.360327 | lrm: 1.00 | dt: 3448.15ms | tok/sec: 152,049 | mfu: 39.60 | epoch: 1 | total time: 53.94m
step 00951 (21.64%) | K: 3 | loss: 0.725017 | L1: 0.365916 | L2: 0.359195 | L3: 0.359005 | lrm: 1.00 | dt: 3452.53ms | tok/sec: 151,856 | mfu: 39.55 | epoch: 1 | total time: 54.00m
step 00952 (21.66%) | K: 3 | loss: 0.728161 | L1: 0.367504 | L2: 0.360759 | L3: 0.360557 | lrm: 1.00 | dt: 3452.83ms | tok/sec: 151,842 | mfu: 39.54 | epoch: 1 | total time: 54.06m
step 00953 (21.69%) | K: 3 | loss: 0.725758 | L1: 0.366324 | L2: 0.359533 | L3: 0.359335 | lrm: 1.00 | dt: 3451.32ms | tok/sec: 151,909 | mfu: 39.56 | epoch: 1 | total time: 54.12m
step 00954 (21.71%) | K: 3 | loss: 0.723050 | L1: 0.364921 | L2: 0.358232 | L3: 0.358026 | lrm: 1.00 | dt: 3453.02ms | tok/sec: 151,834 | mfu: 39.54 | epoch: 1 | total time: 54.17m
step 00955 (21.73%) | K: 3 | loss: 0.727089 | L1: 0.366961 | L2: 0.360234 | L3: 0.360023 | lrm: 1.00 | dt: 3454.05ms | tok/sec: 151,789 | mfu: 39.53 | epoch: 1 | total time: 54.23m
step 00956 (21.75%) | K: 3 | loss: 0.724103 | L1: 0.365442 | L2: 0.358765 | L3: 0.358558 | lrm: 1.00 | dt: 3452.30ms | tok/sec: 151,866 | mfu: 39.55 | epoch: 1 | total time: 54.29m
step 00957 (21.78%) | K: 3 | loss: 0.722168 | L1: 0.364498 | L2: 0.357768 | L3: 0.357571 | lrm: 1.00 | dt: 3453.29ms | tok/sec: 151,822 | mfu: 39.54 | epoch: 1 | total time: 54.35m
step 00958 (21.80%) | K: 3 | loss: 0.720348 | L1: 0.363567 | L2: 0.356882 | L3: 0.356680 | lrm: 1.00 | dt: 3451.13ms | tok/sec: 151,917 | mfu: 39.56 | epoch: 1 | total time: 54.41m
step 00959 (21.82%) | K: 3 | loss: 0.724215 | L1: 0.365546 | L2: 0.358775 | L3: 0.358563 | lrm: 1.00 | dt: 3444.60ms | tok/sec: 152,205 | mfu: 39.64 | epoch: 1 | total time: 54.46m
step 00960 (21.84%) | K: 3 | loss: 0.722632 | L1: 0.364773 | L2: 0.357964 | L3: 0.357755 | lrm: 1.00 | dt: 3447.22ms | tok/sec: 152,090 | mfu: 39.61 | epoch: 1 | total time: 54.52m
step 00961 (21.87%) | K: 3 | loss: 0.717654 | L1: 0.362293 | L2: 0.355467 | L3: 0.355255 | lrm: 1.00 | dt: 3442.69ms | tok/sec: 152,290 | mfu: 39.66 | epoch: 1 | total time: 54.58m
step 00962 (21.89%) | K: 3 | loss: 0.718735 | L1: 0.362806 | L2: 0.356030 | L3: 0.355829 | lrm: 1.00 | dt: 3444.41ms | tok/sec: 152,214 | mfu: 39.64 | epoch: 1 | total time: 54.63m
step 00963 (21.92%) | K: 3 | loss: 0.717340 | L1: 0.362125 | L2: 0.355322 | L3: 0.355108 | lrm: 1.00 | dt: 3443.12ms | tok/sec: 152,271 | mfu: 39.65 | epoch: 1 | total time: 54.69m
step 00964 (21.94%) | K: 3 | loss: 0.718294 | L1: 0.362574 | L2: 0.355816 | L3: 0.355625 | lrm: 1.00 | dt: 3443.24ms | tok/sec: 152,266 | mfu: 39.65 | epoch: 1 | total time: 54.75m
step 00965 (21.96%) | K: 3 | loss: 0.718279 | L1: 0.362564 | L2: 0.355810 | L3: 0.355622 | lrm: 1.00 | dt: 3445.92ms | tok/sec: 152,147 | mfu: 39.62 | epoch: 1 | total time: 54.81m
step 00966 (21.98%) | K: 3 | loss: 0.716564 | L1: 0.361695 | L2: 0.354954 | L3: 0.354783 | lrm: 1.00 | dt: 3444.41ms | tok/sec: 152,214 | mfu: 39.64 | epoch: 1 | total time: 54.86m
step 00967 (22.00%) | K: 3 | loss: 0.715217 | L1: 0.361022 | L2: 0.354287 | L3: 0.354104 | lrm: 1.00 | dt: 3446.29ms | tok/sec: 152,131 | mfu: 39.62 | epoch: 1 | total time: 54.92m
step 00968 (22.03%) | K: 3 | loss: 0.711165 | L1: 0.358986 | L2: 0.352272 | L3: 0.352087 | lrm: 1.00 | dt: 3446.01ms | tok/sec: 152,143 | mfu: 39.62 | epoch: 1 | total time: 54.98m
step 00969 (22.05%) | K: 3 | loss: 0.711593 | L1: 0.359223 | L2: 0.352465 | L3: 0.352276 | lrm: 1.00 | dt: 3448.28ms | tok/sec: 152,043 | mfu: 39.59 | epoch: 1 | total time: 55.04m
step 00970 (22.07%) | K: 3 | loss: 0.710433 | L1: 0.358645 | L2: 0.351879 | L3: 0.351697 | lrm: 1.00 | dt: 3447.20ms | tok/sec: 152,091 | mfu: 39.61 | epoch: 1 | total time: 55.09m
step 00971 (22.10%) | K: 3 | loss: 0.709942 | L1: 0.358453 | L2: 0.351571 | L3: 0.351408 | lrm: 1.00 | dt: 3447.73ms | tok/sec: 152,067 | mfu: 39.60 | epoch: 1 | total time: 55.15m
step 00972 (22.12%) | K: 3 | loss: 0.710013 | L1: 0.358492 | L2: 0.351602 | L3: 0.351440 | lrm: 1.00 | dt: 3452.72ms | tok/sec: 151,847 | mfu: 39.54 | epoch: 1 | total time: 55.21m
step 00973 (22.14%) | K: 3 | loss: 0.709005 | L1: 0.358030 | L2: 0.351064 | L3: 0.350886 | lrm: 1.00 | dt: 3450.82ms | tok/sec: 151,931 | mfu: 39.57 | epoch: 1 | total time: 55.27m
step 00974 (22.16%) | K: 3 | loss: 0.706078 | L1: 0.356556 | L2: 0.349610 | L3: 0.349434 | lrm: 1.00 | dt: 3447.48ms | tok/sec: 152,078 | mfu: 39.60 | epoch: 1 | total time: 55.32m
step 00975 (22.19%) | K: 3 | loss: 0.706261 | L1: 0.356652 | L2: 0.349699 | L3: 0.349518 | lrm: 1.00 | dt: 3453.45ms | tok/sec: 151,815 | mfu: 39.54 | epoch: 1 | total time: 55.38m
step 00976 (22.21%) | K: 3 | loss: 0.703726 | L1: 0.355342 | L2: 0.348476 | L3: 0.348291 | lrm: 1.00 | dt: 3450.45ms | tok/sec: 151,947 | mfu: 39.57 | epoch: 1 | total time: 55.44m
step 00977 (22.23%) | K: 3 | loss: 0.700932 | L1: 0.353947 | L2: 0.347084 | L3: 0.346886 | lrm: 1.00 | dt: 3447.47ms | tok/sec: 152,079 | mfu: 39.60 | epoch: 1 | total time: 55.50m
step 00978 (22.25%) | K: 3 | loss: 0.709126 | L1: 0.358079 | L2: 0.351149 | L3: 0.350945 | lrm: 1.00 | dt: 3450.89ms | tok/sec: 151,928 | mfu: 39.56 | epoch: 1 | total time: 55.55m
step 00979 (22.28%) | K: 3 | loss: 0.708763 | L1: 0.357915 | L2: 0.350941 | L3: 0.350755 | lrm: 1.00 | dt: 3448.91ms | tok/sec: 152,015 | mfu: 39.59 | epoch: 1 | total time: 55.61m
step 00980 (22.30%) | K: 3 | loss: 0.714491 | L1: 0.360788 | L2: 0.353790 | L3: 0.353615 | lrm: 1.00 | dt: 3445.77ms | tok/sec: 152,154 | mfu: 39.62 | epoch: 1 | total time: 55.67m
step 00981 (22.32%) | K: 3 | loss: 0.713852 | L1: 0.360414 | L2: 0.353523 | L3: 0.353354 | lrm: 1.00 | dt: 3445.64ms | tok/sec: 152,159 | mfu: 39.63 | epoch: 1 | total time: 55.73m
step 00982 (22.35%) | K: 3 | loss: 0.712179 | L1: 0.359550 | L2: 0.352708 | L3: 0.352549 | lrm: 1.00 | dt: 3439.15ms | tok/sec: 152,446 | mfu: 39.70 | epoch: 1 | total time: 55.78m
step 00983 (22.37%) | K: 3 | loss: 0.709214 | L1: 0.358077 | L2: 0.351216 | L3: 0.351057 | lrm: 1.00 | dt: 3443.29ms | tok/sec: 152,263 | mfu: 39.65 | epoch: 1 | total time: 55.84m
step 00984 (22.39%) | K: 3 | loss: 0.704109 | L1: 0.355516 | L2: 0.348666 | L3: 0.348521 | lrm: 1.00 | dt: 3435.45ms | tok/sec: 152,611 | mfu: 39.74 | epoch: 1 | total time: 55.90m
step 00985 (22.41%) | K: 3 | loss: 0.701670 | L1: 0.354291 | L2: 0.347453 | L3: 0.347305 | lrm: 1.00 | dt: 3434.97ms | tok/sec: 152,632 | mfu: 39.75 | epoch: 1 | total time: 55.96m
step 00986 (22.44%) | K: 3 | loss: 0.702758 | L1: 0.354862 | L2: 0.347967 | L3: 0.347824 | lrm: 1.00 | dt: 3434.79ms | tok/sec: 152,640 | mfu: 39.75 | epoch: 1 | total time: 56.01m
step 00987 (22.46%) | K: 3 | loss: 0.701702 | L1: 0.354314 | L2: 0.347471 | L3: 0.347303 | lrm: 1.00 | dt: 3435.76ms | tok/sec: 152,597 | mfu: 39.74 | epoch: 1 | total time: 56.07m
step 00988 (22.48%) | K: 3 | loss: 0.701852 | L1: 0.354382 | L2: 0.347564 | L3: 0.347376 | lrm: 1.00 | dt: 3435.82ms | tok/sec: 152,594 | mfu: 39.74 | epoch: 1 | total time: 56.13m
step 00989 (22.51%) | K: 3 | loss: 0.708111 | L1: 0.357535 | L2: 0.350676 | L3: 0.350476 | lrm: 1.00 | dt: 3438.16ms | tok/sec: 152,490 | mfu: 39.71 | epoch: 1 | total time: 56.18m
step 00990 (22.53%) | K: 3 | loss: 0.712507 | L1: 0.359763 | L2: 0.352837 | L3: 0.352652 | lrm: 1.00 | dt: 3442.54ms | tok/sec: 152,296 | mfu: 39.66 | epoch: 1 | total time: 56.24m
step 00991 (22.55%) | K: 3 | loss: 0.714981 | L1: 0.361016 | L2: 0.354051 | L3: 0.353879 | lrm: 1.00 | dt: 3447.33ms | tok/sec: 152,085 | mfu: 39.61 | epoch: 1 | total time: 56.30m
step 00992 (22.58%) | K: 3 | loss: 0.717997 | L1: 0.362526 | L2: 0.355559 | L3: 0.355383 | lrm: 1.00 | dt: 3447.09ms | tok/sec: 152,095 | mfu: 39.61 | epoch: 1 | total time: 56.36m
step 00993 (22.60%) | K: 3 | loss: 0.720700 | L1: 0.363895 | L2: 0.356900 | L3: 0.356710 | lrm: 1.00 | dt: 3450.61ms | tok/sec: 151,940 | mfu: 39.57 | epoch: 1 | total time: 56.41m
step 00994 (22.62%) | K: 3 | loss: 0.720906 | L1: 0.364010 | L2: 0.356990 | L3: 0.356801 | lrm: 1.00 | dt: 3454.95ms | tok/sec: 151,749 | mfu: 39.52 | epoch: 1 | total time: 56.47m
step 00995 (22.65%) | K: 3 | loss: 0.716345 | L1: 0.361723 | L2: 0.354725 | L3: 0.354518 | lrm: 1.00 | dt: 3458.96ms | tok/sec: 151,573 | mfu: 39.47 | epoch: 1 | total time: 56.53m
step 00996 (22.67%) | K: 3 | loss: 0.710666 | L1: 0.358839 | L2: 0.351932 | L3: 0.351724 | lrm: 1.00 | dt: 3449.37ms | tok/sec: 151,995 | mfu: 39.58 | epoch: 1 | total time: 56.59m
step 00997 (22.69%) | K: 3 | loss: 0.714743 | L1: 0.360897 | L2: 0.353956 | L3: 0.353735 | lrm: 1.00 | dt: 3456.98ms | tok/sec: 151,660 | mfu: 39.50 | epoch: 1 | total time: 56.64m
step 00998 (22.71%) | K: 3 | loss: 0.716894 | L1: 0.361964 | L2: 0.355034 | L3: 0.354826 | lrm: 1.00 | dt: 3457.66ms | tok/sec: 151,630 | mfu: 39.49 | epoch: 1 | total time: 56.70m
step 00999 (22.74%) | K: 3 | loss: 0.715867 | L1: 0.361461 | L2: 0.354519 | L3: 0.354293 | lrm: 1.00 | dt: 3453.41ms | tok/sec: 151,817 | mfu: 39.54 | epoch: 1 | total time: 56.76m
step 01000 (22.76%) | K: 3 | loss: 0.719033 | L1: 0.363036 | L2: 0.356108 | L3: 0.355886 | lrm: 1.00 | dt: 3455.29ms | tok/sec: 151,735 | mfu: 39.51 | epoch: 1 | total time: 56.82m
Step 01000 | Validation L1 bpb: 0.1939 | L2 bpb: 0.1902 | L3 bpb: 0.1901
2026-08-27 20:05:18,382 - nanochat.checkpoint_manager - [32m[1mINFO[0m - Saved optimizer state to: /home/jhu/xwang457/work/nanochat_cache/chatsft_checkpoints/d20-lf-k3-openmath-train5m/optim_001000_rank1.pt
2026-08-27 20:05:18,407 - nanochat.checkpoint_manager - [32m[1mINFO[0m - Saved optimizer state to: /home/jhu/xwang457/work/nanochat_cache/chatsft_checkpoints/d20-lf-k3-openmath-train5m/optim_001000_rank3.pt
2026-08-27 20:05:18,445 - nanochat.checkpoint_manager - [32m[1mINFO[0m - Saved optimizer state to: /home/jhu/xwang457/work/nanochat_cache/chatsft_checkpoints/d20-lf-k3-openmath-train5m/optim_001000_rank2.pt
2026-08-27 20:05:19,309 - nanochat.checkpoint_manager - [32m[1mINFO[0m - Saved model parameters to: /home/jhu/xwang457/work/nanochat_cache/chatsft_checkpoints/d20-lf-k3-openmath-train5m/model_001000.pt
2026-08-27 20:05:19,312 - nanochat.checkpoint_manager - [32m[1mINFO[0m - Saved metadata to: /home/jhu/xwang457/work/nanochat_cache/chatsft_checkpoints/d20-lf-k3-openmath-train5m/meta_001000.json
2026-08-27 20:05:19,800 - nanochat.checkpoint_manager - [32m[1mINFO[0m - Saved optimizer state to: /home/jhu/xwang457/work/nanochat_cache/chatsft_checkpoints/d20-lf-k3-openmath-train5m/optim_001000_rank0.pt
step 01001 (22.78%) | K: 3 | loss: 0.716724 | L1: 0.361912 | L2: 0.354929 | L3: 0.354695 | lrm: 1.00 | dt: 3416.27ms | tok/sec: 153,468 | mfu: 39.97 | epoch: 1 | total time: 56.87m
step 01002 (22.81%) | K: 3 | loss: 0.712209 | L1: 0.359639 | L2: 0.352686 | L3: 0.352455 | lrm: 1.00 | dt: 3442.91ms | tok/sec: 152,280 | mfu: 39.66 | epoch: 1 | total time: 56.93m
step 01003 (22.83%) | K: 3 | loss: 0.712242 | L1: 0.359692 | L2: 0.352684 | L3: 0.352415 | lrm: 1.00 | dt: 3439.49ms | tok/sec: 152,431 | mfu: 39.70 | epoch: 1 | total time: 56.99m
step 01004 (22.85%) | K: 3 | loss: 0.711917 | L1: 0.359509 | L2: 0.352536 | L3: 0.352280 | lrm: 1.00 | dt: 3437.58ms | tok/sec: 152,516 | mfu: 39.72 | epoch: 1 | total time: 57.05m
step 01005 (22.87%) | K: 3 | loss: 0.708403 | L1: 0.357709 | L2: 0.350823 | L3: 0.350564 | lrm: 1.00 | dt: 3430.64ms | tok/sec: 152,825 | mfu: 39.80 | epoch: 1 | total time: 57.10m
step 01006 (22.89%) | K: 3 | loss: 0.709934 | L1: 0.358480 | L2: 0.351578 | L3: 0.351330 | lrm: 1.00 | dt: 3435.68ms | tok/sec: 152,600 | mfu: 39.74 | epoch: 1 | total time: 57.16m
step 01007 (22.92%) | K: 3 | loss: 0.705793 | L1: 0.356387 | L2: 0.349522 | L3: 0.349291 | lrm: 1.00 | dt: 3436.91ms | tok/sec: 152,546 | mfu: 39.73 | epoch: 1 | total time: 57.22m
step 01008 (22.94%) | K: 3 | loss: 0.707461 | L1: 0.357195 | L2: 0.350383 | L3: 0.350150 | lrm: 1.00 | dt: 3434.90ms | tok/sec: 152,635 | mfu: 39.75 | epoch: 1 | total time: 57.28m
step 01009 (22.97%) | K: 3 | loss: 0.709807 | L1: 0.358413 | L2: 0.351508 | L3: 0.351281 | lrm: 1.00 | dt: 3438.91ms | tok/sec: 152,457 | mfu: 39.70 | epoch: 1 | total time: 57.33m
step 01010 (22.99%) | K: 3 | loss: 0.714798 | L1: 0.360933 | L2: 0.353971 | L3: 0.353758 | lrm: 1.00 | dt: 3439.50ms | tok/sec: 152,431 | mfu: 39.70 | epoch: 1 | total time: 57.39m
step 01011 (23.01%) | K: 3 | loss: 0.711560 | L1: 0.359311 | L2: 0.352359 | L3: 0.352140 | lrm: 1.00 | dt: 3447.73ms | tok/sec: 152,067 | mfu: 39.60 | epoch: 1 | total time: 57.45m
step 01012 (23.04%) | K: 3 | loss: 0.715322 | L1: 0.361204 | L2: 0.354233 | L3: 0.354003 | lrm: 1.00 | dt: 3448.88ms | tok/sec: 152,017 | mfu: 39.59 | epoch: 1 | total time: 57.51m
step 01013 (23.06%) | K: 3 | loss: 0.712171 | L1: 0.359661 | L2: 0.352622 | L3: 0.352398 | lrm: 1.00 | dt: 3450.08ms | tok/sec: 151,964 | mfu: 39.57 | epoch: 1 | total time: 57.56m
step 01014 (23.08%) | K: 3 | loss: 0.714851 | L1: 0.361029 | L2: 0.353937 | L3: 0.353708 | lrm: 1.00 | dt: 3452.45ms | tok/sec: 151,859 | mfu: 39.55 | epoch: 1 | total time: 57.62m
step 01015 (23.10%) | K: 3 | loss: 0.714460 | L1: 0.360848 | L2: 0.353729 | L3: 0.353497 | lrm: 1.00 | dt: 3458.05ms | tok/sec: 151,613 | mfu: 39.48 | epoch: 1 | total time: 57.68m
step 01016 (23.13%) | K: 3 | loss: 0.712571 | L1: 0.359851 | L2: 0.352836 | L3: 0.352605 | lrm: 1.00 | dt: 3456.30ms | tok/sec: 151,690 | mfu: 39.50 | epoch: 1 | total time: 57.74m
step 01017 (23.15%) | K: 3 | loss: 0.713318 | L1: 0.360226 | L2: 0.353204 | L3: 0.352979 | lrm: 1.00 | dt: 3459.20ms | tok/sec: 151,563 | mfu: 39.47 | epoch: 1 | total time: 57.79m
step 01018 (23.17%) | K: 3 | loss: 0.712620 | L1: 0.359845 | L2: 0.352884 | L3: 0.352667 | lrm: 1.00 | dt: 3458.92ms | tok/sec: 151,575 | mfu: 39.47 | epoch: 1 | total time: 57.85m
step 01019 (23.19%) | K: 3 | loss: 0.715518 | L1: 0.361282 | L2: 0.354347 | L3: 0.354125 | lrm: 1.00 | dt: 3458.35ms | tok/sec: 151,600 | mfu: 39.48 | epoch: 1 | total time: 57.91m
step 01020 (23.21%) | K: 3 | loss: 0.713031 | L1: 0.360074 | L2: 0.353066 | L3: 0.352849 | lrm: 1.00 | dt: 3456.37ms | tok/sec: 151,687 | mfu: 39.50 | epoch: 1 | total time: 57.97m
step 01021 (23.24%) | K: 3 | loss: 0.715740 | L1: 0.361427 | L2: 0.354418 | L3: 0.354209 | lrm: 1.00 | dt: 3452.58ms | tok/sec: 151,853 | mfu: 39.55 | epoch: 1 | total time: 58.02m
step 01022 (23.26%) | K: 3 | loss: 0.717892 | L1: 0.362460 | L2: 0.355525 | L3: 0.355338 | lrm: 1.00 | dt: 3446.39ms | tok/sec: 152,126 | mfu: 39.62 | epoch: 1 | total time: 58.08m
step 01023 (23.28%) | K: 3 | loss: 0.721792 | L1: 0.364455 | L2: 0.357436 | L3: 0.357238 | lrm: 1.00 | dt: 3445.36ms | tok/sec: 152,172 | mfu: 39.63 | epoch: 1 | total time: 58.14m
step 01024 (23.31%) | K: 3 | loss: 0.724095 | L1: 0.365583 | L2: 0.358605 | L3: 0.358418 | lrm: 1.00 | dt: 3443.45ms | tok/sec: 152,256 | mfu: 39.65 | epoch: 1 | total time: 58.20m
step 01025 (23.33%) | K: 3 | loss: 0.726085 | L1: 0.366594 | L2: 0.359576 | L3: 0.359405 | lrm: 1.00 | dt: 3442.76ms | tok/sec: 152,287 | mfu: 39.66 | epoch: 1 | total time: 58.25m
step 01026 (23.35%) | K: 3 | loss: 0.724077 | L1: 0.365540 | L2: 0.358624 | L3: 0.358449 | lrm: 1.00 | dt: 3439.93ms | tok/sec: 152,412 | mfu: 39.69 | epoch: 1 | total time: 58.31m
step 01027 (23.38%) | K: 3 | loss: 0.723831 | L1: 0.365408 | L2: 0.358516 | L3: 0.358331 | lrm: 1.00 | dt: 3438.62ms | tok/sec: 152,470 | mfu: 39.71 | epoch: 1 | total time: 58.37m
step 01028 (23.40%) | K: 3 | loss: 0.721588 | L1: 0.364269 | L2: 0.357404 | L3: 0.357236 | lrm: 1.00 | dt: 3439.58ms | tok/sec: 152,427 | mfu: 39.69 | epoch: 1 | total time: 58.43m
step 01029 (23.42%) | K: 3 | loss: 0.720659 | L1: 0.363818 | L2: 0.356927 | L3: 0.356756 | lrm: 1.00 | dt: 3441.38ms | tok/sec: 152,348 | mfu: 39.67 | epoch: 1 | total time: 58.48m
step 01030 (23.44%) | K: 3 | loss: 0.723499 | L1: 0.365278 | L2: 0.358305 | L3: 0.358137 | lrm: 1.00 | dt: 3443.31ms | tok/sec: 152,262 | mfu: 39.65 | epoch: 1 | total time: 58.54m
step 01031 (23.47%) | K: 3 | loss: 0.719752 | L1: 0.363394 | L2: 0.356440 | L3: 0.356275 | lrm: 1.00 | dt: 3442.30ms | tok/sec: 152,307 | mfu: 39.66 | epoch: 1 | total time: 58.60m
step 01032 (23.49%) | K: 3 | loss: 0.716037 | L1: 0.361525 | L2: 0.354602 | L3: 0.354422 | lrm: 1.00 | dt: 3452.11ms | tok/sec: 151,874 | mfu: 39.55 | epoch: 1 | total time: 58.65m
step 01033 (23.51%) | K: 3 | loss: 0.716747 | L1: 0.361858 | L2: 0.354980 | L3: 0.354799 | lrm: 1.00 | dt: 3452.48ms | tok/sec: 151,858 | mfu: 39.55 | epoch: 1 | total time: 58.71m
step 01034 (23.54%) | K: 3 | loss: 0.712207 | L1: 0.359542 | L2: 0.352763 | L3: 0.352568 | lrm: 1.00 | dt: 3458.17ms | tok/sec: 151,608 | mfu: 39.48 | epoch: 1 | total time: 58.77m
step 01035 (23.56%) | K: 3 | loss: 0.711511 | L1: 0.359158 | L2: 0.352446 | L3: 0.352261 | lrm: 1.00 | dt: 3452.42ms | tok/sec: 151,860 | mfu: 39.55 | epoch: 1 | total time: 58.83m
step 01036 (23.58%) | K: 3 | loss: 0.708542 | L1: 0.357636 | L2: 0.351008 | L3: 0.350804 | lrm: 1.00 | dt: 3454.40ms | tok/sec: 151,774 | mfu: 39.52 | epoch: 1 | total time: 58.89m
step 01037 (23.61%) | K: 3 | loss: 0.708919 | L1: 0.357852 | L2: 0.351172 | L3: 0.350962 | lrm: 1.00 | dt: 3455.98ms | tok/sec: 151,704 | mfu: 39.51 | epoch: 1 | total time: 58.94m
step 01038 (23.63%) | K: 3 | loss: 0.702292 | L1: 0.354547 | L2: 0.347851 | L3: 0.347638 | lrm: 1.00 | dt: 3451.18ms | tok/sec: 151,915 | mfu: 39.56 | epoch: 1 | total time: 59.00m
step 01039 (23.65%) | K: 3 | loss: 0.704560 | L1: 0.355716 | L2: 0.348957 | L3: 0.348732 | lrm: 1.00 | dt: 3449.10ms | tok/sec: 152,007 | mfu: 39.59 | epoch: 1 | total time: 59.06m
step 01040 (23.67%) | K: 3 | loss: 0.705910 | L1: 0.356397 | L2: 0.349620 | L3: 0.349407 | lrm: 1.00 | dt: 3443.08ms | tok/sec: 152,272 | mfu: 39.65 | epoch: 1 | total time: 59.12m
step 01041 (23.69%) | K: 3 | loss: 0.702985 | L1: 0.354941 | L2: 0.348150 | L3: 0.347938 | lrm: 1.00 | dt: 3443.09ms | tok/sec: 152,272 | mfu: 39.65 | epoch: 1 | total time: 59.17m
step 01042 (23.72%) | K: 3 | loss: 0.703030 | L1: 0.354940 | L2: 0.348193 | L3: 0.347986 | lrm: 1.00 | dt: 3439.71ms | tok/sec: 152,422 | mfu: 39.69 | epoch: 1 | total time: 59.23m
step 01043 (23.74%) | K: 3 | loss: 0.704565 | L1: 0.355711 | L2: 0.348959 | L3: 0.348748 | lrm: 1.00 | dt: 3444.40ms | tok/sec: 152,214 | mfu: 39.64 | epoch: 1 | total time: 59.29m
step 01044 (23.76%) | K: 3 | loss: 0.700317 | L1: 0.353547 | L2: 0.346873 | L3: 0.346669 | lrm: 1.00 | dt: 3446.19ms | tok/sec: 152,135 | mfu: 39.62 | epoch: 1 | total time: 59.34m
step 01045 (23.79%) | K: 3 | loss: 0.700917 | L1: 0.353858 | L2: 0.347156 | L3: 0.346962 | lrm: 1.00 | dt: 3445.41ms | tok/sec: 152,170 | mfu: 39.63 | epoch: 1 | total time: 59.40m
step 01046 (23.81%) | K: 3 | loss: 0.701276 | L1: 0.354032 | L2: 0.347336 | L3: 0.347151 | lrm: 1.00 | dt: 3447.70ms | tok/sec: 152,069 | mfu: 39.60 | epoch: 1 | total time: 59.46m
step 01047 (23.83%) | K: 3 | loss: 0.702787 | L1: 0.354831 | L2: 0.348046 | L3: 0.347866 | lrm: 1.00 | dt: 3447.65ms | tok/sec: 152,071 | mfu: 39.60 | epoch: 1 | total time: 59.52m
step 01048 (23.85%) | K: 3 | loss: 0.706033 | L1: 0.356471 | L2: 0.349651 | L3: 0.349473 | lrm: 1.00 | dt: 3445.19ms | tok/sec: 152,179 | mfu: 39.63 | epoch: 1 | total time: 59.57m
step 01049 (23.88%) | K: 3 | loss: 0.707417 | L1: 0.357118 | L2: 0.350382 | L3: 0.350216 | lrm: 1.00 | dt: 3448.37ms | tok/sec: 152,039 | mfu: 39.59 | epoch: 1 | total time: 59.63m
step 01050 (23.90%) | K: 3 | loss: 0.708506 | L1: 0.357712 | L2: 0.350886 | L3: 0.350701 | lrm: 1.00 | dt: 3442.73ms | tok/sec: 152,288 | mfu: 39.66 | epoch: 1 | total time: 59.69m
step 01051 (23.92%) | K: 3 | loss: 0.709307 | L1: 0.358042 | L2: 0.351355 | L3: 0.351176 | lrm: 1.00 | dt: 3447.51ms | tok/sec: 152,077 | mfu: 39.60 | epoch: 1 | total time: 59.75m
step 01052 (23.94%) | K: 3 | loss: 0.702380 | L1: 0.354560 | L2: 0.347905 | L3: 0.347734 | lrm: 1.00 | dt: 3441.95ms | tok/sec: 152,322 | mfu: 39.67 | epoch: 1 | total time: 59.80m
step 01053 (23.96%) | K: 3 | loss: 0.704558 | L1: 0.355699 | L2: 0.348958 | L3: 0.348761 | lrm: 1.00 | dt: 3442.44ms | tok/sec: 152,301 | mfu: 39.66 | epoch: 1 | total time: 59.86m
step 01054 (23.98%) | K: 3 | loss: 0.701445 | L1: 0.354133 | L2: 0.347407 | L3: 0.347218 | lrm: 1.00 | dt: 3443.35ms | tok/sec: 152,260 | mfu: 39.65 | epoch: 1 | total time: 59.92m
step 01055 (24.01%) | K: 3 | loss: 0.701420 | L1: 0.354119 | L2: 0.347403 | L3: 0.347201 | lrm: 1.00 | dt: 3443.56ms | tok/sec: 152,251 | mfu: 39.65 | epoch: 1 | total time: 59.98m
step 01056 (24.03%) | K: 3 | loss: 0.700024 | L1: 0.353403 | L2: 0.346718 | L3: 0.346523 | lrm: 1.00 | dt: 3440.39ms | tok/sec: 152,392 | mfu: 39.69 | epoch: 1 | total time: 60.03m
step 01057 (24.05%) | K: 3 | loss: 0.700995 | L1: 0.353881 | L2: 0.347215 | L3: 0.347014 | lrm: 1.00 | dt: 3441.27ms | tok/sec: 152,353 | mfu: 39.68 | epoch: 1 | total time: 60.09m
step 01058 (24.08%) | K: 3 | loss: 0.705940 | L1: 0.356365 | L2: 0.349674 | L3: 0.349476 | lrm: 1.00 | dt: 3440.24ms | tok/sec: 152,398 | mfu: 39.69 | epoch: 1 | total time: 60.15m
step 01059 (24.10%) | K: 3 | loss: 0.706312 | L1: 0.356492 | L2: 0.349909 | L3: 0.349730 | lrm: 1.00 | dt: 3444.05ms | tok/sec: 152,229 | mfu: 39.64 | epoch: 1 | total time: 60.21m
step 01060 (24.12%) | K: 3 | loss: 0.704975 | L1: 0.355911 | L2: 0.349156 | L3: 0.348972 | lrm: 1.00 | dt: 3446.64ms | tok/sec: 152,115 | mfu: 39.61 | epoch: 1 | total time: 60.26m
step 01061 (24.15%) | K: 3 | loss: 0.708596 | L1: 0.357759 | L2: 0.350935 | L3: 0.350740 | lrm: 1.00 | dt: 3444.88ms | tok/sec: 152,193 | mfu: 39.63 | epoch: 1 | total time: 60.32m
step 01062 (24.17%) | K: 3 | loss: 0.708124 | L1: 0.357526 | L2: 0.350688 | L3: 0.350508 | lrm: 1.00 | dt: 3446.08ms | tok/sec: 152,140 | mfu: 39.62 | epoch: 1 | total time: 60.38m
step 01063 (24.19%) | K: 3 | loss: 0.711230 | L1: 0.359058 | L2: 0.352266 | L3: 0.352077 | lrm: 1.00 | dt: 3449.75ms | tok/sec: 151,978 | mfu: 39.58 | epoch: 1 | total time: 60.44m
step 01064 (24.21%) | K: 3 | loss: 0.715452 | L1: 0.361191 | L2: 0.354350 | L3: 0.354171 | lrm: 1.00 | dt: 3454.48ms | tok/sec: 151,770 | mfu: 39.52 | epoch: 1 | total time: 60.49m
step 01065 (24.23%) | K: 3 | loss: 0.716382 | L1: 0.361683 | L2: 0.354786 | L3: 0.354610 | lrm: 1.00 | dt: 3456.20ms | tok/sec: 151,694 | mfu: 39.50 | epoch: 1 | total time: 60.55m
step 01066 (24.26%) | K: 3 | loss: 0.707208 | L1: 0.357036 | L2: 0.350261 | L3: 0.350082 | lrm: 1.00 | dt: 3457.51ms | tok/sec: 151,637 | mfu: 39.49 | epoch: 1 | total time: 60.61m
step 01067 (24.28%) | K: 3 | loss: 0.706705 | L1: 0.356803 | L2: 0.349990 | L3: 0.349814 | lrm: 1.00 | dt: 3455.64ms | tok/sec: 151,719 | mfu: 39.51 | epoch: 1 | total time: 60.67m
step 01068 (24.30%) | K: 3 | loss: 0.707575 | L1: 0.357250 | L2: 0.350415 | L3: 0.350236 | lrm: 1.00 | dt: 3451.92ms | tok/sec: 151,883 | mfu: 39.55 | epoch: 1 | total time: 60.72m
step 01069 (24.33%) | K: 3 | loss: 0.711178 | L1: 0.359019 | L2: 0.352259 | L3: 0.352061 | lrm: 1.00 | dt: 3450.61ms | tok/sec: 151,940 | mfu: 39.57 | epoch: 1 | total time: 60.78m
step 01070 (24.35%) | K: 3 | loss: 0.714901 | L1: 0.360875 | L2: 0.354128 | L3: 0.353924 | lrm: 1.00 | dt: 3447.33ms | tok/sec: 152,085 | mfu: 39.61 | epoch: 1 | total time: 60.84m
step 01071 (24.37%) | K: 3 | loss: 0.715278 | L1: 0.361097 | L2: 0.354277 | L3: 0.354086 | lrm: 1.00 | dt: 3444.49ms | tok/sec: 152,210 | mfu: 39.64 | epoch: 1 | total time: 60.90m
step 01072 (24.40%) | K: 3 | loss: 0.712606 | L1: 0.359740 | L2: 0.352952 | L3: 0.352779 | lrm: 1.00 | dt: 3441.03ms | tok/sec: 152,363 | mfu: 39.68 | epoch: 1 | total time: 60.95m
step 01073 (24.42%) | K: 3 | loss: 0.707737 | L1: 0.357257 | L2: 0.350566 | L3: 0.350394 | lrm: 1.00 | dt: 3440.11ms | tok/sec: 152,404 | mfu: 39.69 | epoch: 1 | total time: 61.01m
step 01074 (24.44%) | K: 3 | loss: 0.709228 | L1: 0.358001 | L2: 0.351317 | L3: 0.351138 | lrm: 1.00 | dt: 3439.93ms | tok/sec: 152,412 | mfu: 39.69 | epoch: 1 | total time: 61.07m
step 01075 (24.46%) | K: 3 | loss: 0.705806 | L1: 0.356264 | L2: 0.349642 | L3: 0.349442 | lrm: 1.00 | dt: 3443.17ms | tok/sec: 152,268 | mfu: 39.65 | epoch: 1 | total time: 61.13m
step 01076 (24.48%) | K: 3 | loss: 0.706809 | L1: 0.356789 | L2: 0.350122 | L3: 0.349918 | lrm: 1.00 | dt: 3443.20ms | tok/sec: 152,267 | mfu: 39.65 | epoch: 1 | total time: 61.18m
step 01077 (24.51%) | K: 3 | loss: 0.707211 | L1: 0.356986 | L2: 0.350329 | L3: 0.350121 | lrm: 1.00 | dt: 3439.71ms | tok/sec: 152,421 | mfu: 39.69 | epoch: 1 | total time: 61.24m
step 01078 (24.53%) | K: 3 | loss: 0.703526 | L1: 0.355163 | L2: 0.348466 | L3: 0.348260 | lrm: 1.00 | dt: 3452.18ms | tok/sec: 151,871 | mfu: 39.55 | epoch: 1 | total time: 61.30m
step 01079 (24.55%) | K: 3 | loss: 0.702892 | L1: 0.354807 | L2: 0.348183 | L3: 0.347985 | lrm: 1.00 | dt: 3450.67ms | tok/sec: 151,938 | mfu: 39.57 | epoch: 1 | total time: 61.35m
step 01080 (24.57%) | K: 3 | loss: 0.708712 | L1: 0.357728 | L2: 0.351082 | L3: 0.350886 | lrm: 1.00 | dt: 3455.44ms | tok/sec: 151,728 | mfu: 39.51 | epoch: 1 | total time: 61.41m
step 01081 (24.59%) | K: 3 | loss: 0.711199 | L1: 0.359003 | L2: 0.352297 | L3: 0.352097 | lrm: 1.00 | dt: 3459.46ms | tok/sec: 151,552 | mfu: 39.47 | epoch: 1 | total time: 61.47m
step 01082 (24.62%) | K: 3 | loss: 0.711670 | L1: 0.359228 | L2: 0.352538 | L3: 0.352345 | lrm: 1.00 | dt: 3461.63ms | tok/sec: 151,457 | mfu: 39.44 | epoch: 1 | total time: 61.53m
step 01083 (24.64%) | K: 3 | loss: 0.716099 | L1: 0.361441 | L2: 0.354756 | L3: 0.354561 | lrm: 1.00 | dt: 3459.07ms | tok/sec: 151,568 | mfu: 39.47 | epoch: 1 | total time: 61.59m
step 01084 (24.66%) | K: 3 | loss: 0.717338 | L1: 0.362074 | L2: 0.355358 | L3: 0.355170 | lrm: 1.00 | dt: 3460.24ms | tok/sec: 151,517 | mfu: 39.46 | epoch: 1 | total time: 61.64m
step 01085 (24.68%) | K: 3 | loss: 0.716184 | L1: 0.361499 | L2: 0.354779 | L3: 0.354591 | lrm: 1.00 | dt: 3458.78ms | tok/sec: 151,581 | mfu: 39.47 | epoch: 1 | total time: 61.70m
step 01086 (24.70%) | K: 3 | loss: 0.715506 | L1: 0.361162 | L2: 0.354434 | L3: 0.354253 | lrm: 1.00 | dt: 3455.47ms | tok/sec: 151,726 | mfu: 39.51 | epoch: 1 | total time: 61.76m
step 01087 (24.73%) | K: 3 | loss: 0.711977 | L1: 0.359390 | L2: 0.352676 | L3: 0.352500 | lrm: 1.00 | dt: 3451.48ms | tok/sec: 151,902 | mfu: 39.56 | epoch: 1 | total time: 61.82m
step 01088 (24.75%) | K: 3 | loss: 0.712899 | L1: 0.359843 | L2: 0.353151 | L3: 0.352961 | lrm: 1.00 | dt: 3448.02ms | tok/sec: 152,054 | mfu: 39.60 | epoch: 1 | total time: 61.87m
step 01089 (24.77%) | K: 3 | loss: 0.709534 | L1: 0.358181 | L2: 0.351460 | L3: 0.351246 | lrm: 1.00 | dt: 3443.89ms | tok/sec: 152,237 | mfu: 39.65 | epoch: 1 | total time: 61.93m
step 01090 (24.80%) | K: 3 | loss: 0.707142 | L1: 0.356995 | L2: 0.350257 | L3: 0.350037 | lrm: 1.00 | dt: 3436.83ms | tok/sec: 152,549 | mfu: 39.73 | epoch: 1 | total time: 61.99m
step 01091 (24.82%) | K: 3 | loss: 0.705326 | L1: 0.356094 | L2: 0.349345 | L3: 0.349120 | lrm: 1.00 | dt: 3441.13ms | tok/sec: 152,359 | mfu: 39.68 | epoch: 1 | total time: 62.05m
step 01092 (24.84%) | K: 3 | loss: 0.706512 | L1: 0.356698 | L2: 0.349926 | L3: 0.349703 | lrm: 1.00 | dt: 3437.65ms | tok/sec: 152,513 | mfu: 39.72 | epoch: 1 | total time: 62.10m
step 01093 (24.86%) | K: 3 | loss: 0.710051 | L1: 0.358500 | L2: 0.351665 | L3: 0.351436 | lrm: 1.00 | dt: 3432.37ms | tok/sec: 152,748 | mfu: 39.78 | epoch: 1 | total time: 62.16m
step 01094 (24.89%) | K: 3 | loss: 0.714115 | L1: 0.360552 | L2: 0.353678 | L3: 0.353449 | lrm: 1.00 | dt: 3437.50ms | tok/sec: 152,520 | mfu: 39.72 | epoch: 1 | total time: 62.22m
step 01095 (24.91%) | K: 3 | loss: 0.711242 | L1: 0.359126 | L2: 0.352227 | L3: 0.352005 | lrm: 1.00 | dt: 3434.52ms | tok/sec: 152,652 | mfu: 39.75 | epoch: 1 | total time: 62.27m
step 01096 (24.93%) | K: 3 | loss: 0.714650 | L1: 0.360881 | L2: 0.353882 | L3: 0.353656 | lrm: 1.00 | dt: 3433.80ms | tok/sec: 152,684 | mfu: 39.76 | epoch: 1 | total time: 62.33m
step 01097 (24.95%) | K: 3 | loss: 0.716269 | L1: 0.361737 | L2: 0.354641 | L3: 0.354423 | lrm: 1.00 | dt: 3436.62ms | tok/sec: 152,559 | mfu: 39.73 | epoch: 1 | total time: 62.39m
step 01098 (24.97%) | K: 3 | loss: 0.719230 | L1: 0.363170 | L2: 0.356161 | L3: 0.355959 | lrm: 1.00 | dt: 3440.10ms | tok/sec: 152,404 | mfu: 39.69 | epoch: 1 | total time: 62.45m
step 01099 (25.00%) | K: 3 | loss: 0.715824 | L1: 0.361444 | L2: 0.354479 | L3: 0.354282 | lrm: 1.00 | dt: 3444.93ms | tok/sec: 152,191 | mfu: 39.63 | epoch: 1 | total time: 62.50m
step 01100 (25.02%) | K: 3 | loss: 0.714750 | L1: 0.360923 | L2: 0.353918 | L3: 0.353734 | lrm: 1.00 | dt: 3449.35ms | tok/sec: 151,996 | mfu: 39.58 | epoch: 1 | total time: 62.56m
step 01101 (25.04%) | K: 3 | loss: 0.713662 | L1: 0.360429 | L2: 0.353334 | L3: 0.353133 | lrm: 1.00 | dt: 3451.40ms | tok/sec: 151,905 | mfu: 39.56 | epoch: 1 | total time: 62.62m
step 01102 (25.06%) | K: 3 | loss: 0.715927 | L1: 0.361581 | L2: 0.354452 | L3: 0.354240 | lrm: 1.00 | dt: 3453.80ms | tok/sec: 151,800 | mfu: 39.53 | epoch: 1 | total time: 62.68m
step 01103 (25.09%) | K: 3 | loss: 0.711565 | L1: 0.359339 | L2: 0.352324 | L3: 0.352128 | lrm: 1.00 | dt: 3455.52ms | tok/sec: 151,724 | mfu: 39.51 | epoch: 1 | total time: 62.73m
step 01104 (25.11%) | K: 3 | loss: 0.717664 | L1: 0.362353 | L2: 0.355407 | L3: 0.355216 | lrm: 1.00 | dt: 3456.22ms | tok/sec: 151,694 | mfu: 39.50 | epoch: 1 | total time: 62.79m
step 01105 (25.13%) | K: 3 | loss: 0.715154 | L1: 0.361078 | L2: 0.354176 | L3: 0.353975 | lrm: 1.00 | dt: 3457.41ms | tok/sec: 151,641 | mfu: 39.49 | epoch: 1 | total time: 62.85m
step 01106 (25.16%) | K: 3 | loss: 0.713063 | L1: 0.360009 | L2: 0.353157 | L3: 0.352951 | lrm: 1.00 | dt: 3456.60ms | tok/sec: 151,677 | mfu: 39.50 | epoch: 1 | total time: 62.91m
step 01107 (25.18%) | K: 3 | loss: 0.711643 | L1: 0.359269 | L2: 0.352476 | L3: 0.352272 | lrm: 1.00 | dt: 3453.96ms | tok/sec: 151,793 | mfu: 39.53 | epoch: 1 | total time: 62.96m
step 01108 (25.20%) | K: 3 | loss: 0.704180 | L1: 0.355507 | L2: 0.348772 | L3: 0.348574 | lrm: 1.00 | dt: 3454.06ms | tok/sec: 151,789 | mfu: 39.53 | epoch: 1 | total time: 63.02m
step 01109 (25.22%) | K: 3 | loss: 0.702871 | L1: 0.354888 | L2: 0.348088 | L3: 0.347879 | lrm: 1.00 | dt: 3451.22ms | tok/sec: 151,913 | mfu: 39.56 | epoch: 1 | total time: 63.08m
step 01110 (25.25%) | K: 3 | loss: 0.706743 | L1: 0.356861 | L2: 0.349988 | L3: 0.349777 | lrm: 1.00 | dt: 3452.40ms | tok/sec: 151,861 | mfu: 39.55 | epoch: 1 | total time: 63.14m
step 01111 (25.27%) | K: 3 | loss: 0.701787 | L1: 0.354356 | L2: 0.347532 | L3: 0.347330 | lrm: 1.00 | dt: 3448.83ms | tok/sec: 152,019 | mfu: 39.59 | epoch: 1 | total time: 63.19m
step 01112 (25.29%) | K: 3 | loss: 0.700601 | L1: 0.353817 | L2: 0.346891 | L3: 0.346677 | lrm: 1.00 | dt: 3448.49ms | tok/sec: 152,034 | mfu: 39.59 | epoch: 1 | total time: 63.25m
step 01113 (25.31%) | K: 3 | loss: 0.701201 | L1: 0.354100 | L2: 0.347205 | L3: 0.346997 | lrm: 1.00 | dt: 3443.29ms | tok/sec: 152,263 | mfu: 39.65 | epoch: 1 | total time: 63.31m
step 01114 (25.34%) | K: 3 | loss: 0.698666 | L1: 0.352858 | L2: 0.345921 | L3: 0.345695 | lrm: 1.00 | dt: 3443.00ms | tok/sec: 152,276 | mfu: 39.66 | epoch: 1 | total time: 63.37m
step 01115 (25.36%) | K: 3 | loss: 0.700320 | L1: 0.353678 | L2: 0.346749 | L3: 0.346534 | lrm: 1.00 | dt: 3443.86ms | tok/sec: 152,238 | mfu: 39.65 | epoch: 1 | total time: 63.42m
step 01116 (25.38%) | K: 3 | loss: 0.700293 | L1: 0.353658 | L2: 0.346743 | L3: 0.346527 | lrm: 1.00 | dt: 3443.49ms | tok/sec: 152,254 | mfu: 39.65 | epoch: 1 | total time: 63.48m
step 01117 (25.40%) | K: 3 | loss: 0.700343 | L1: 0.353717 | L2: 0.346726 | L3: 0.346525 | lrm: 1.00 | dt: 3442.44ms | tok/sec: 152,301 | mfu: 39.66 | epoch: 1 | total time: 63.54m
step 01118 (25.43%) | K: 3 | loss: 0.704090 | L1: 0.355573 | L2: 0.348615 | L3: 0.348420 | lrm: 1.00 | dt: 3440.67ms | tok/sec: 152,379 | mfu: 39.68 | epoch: 1 | total time: 63.60m
step 01119 (25.45%) | K: 3 | loss: 0.703273 | L1: 0.355196 | L2: 0.348173 | L3: 0.347980 | lrm: 1.00 | dt: 3441.67ms | tok/sec: 152,335 | mfu: 39.67 | epoch: 1 | total time: 63.65m
step 01120 (25.47%) | K: 3 | loss: 0.702827 | L1: 0.354932 | L2: 0.347985 | L3: 0.347805 | lrm: 1.00 | dt: 3443.06ms | tok/sec: 152,273 | mfu: 39.65 | epoch: 1 | total time: 63.71m
step 01121 (25.49%) | K: 3 | loss: 0.704047 | L1: 0.355518 | L2: 0.348620 | L3: 0.348438 | lrm: 1.00 | dt: 3445.77ms | tok/sec: 152,154 | mfu: 39.62 | epoch: 1 | total time: 63.77m
step 01122 (25.52%) | K: 3 | loss: 0.703326 | L1: 0.355155 | L2: 0.348257 | L3: 0.348084 | lrm: 1.00 | dt: 3449.16ms | tok/sec: 152,004 | mfu: 39.58 | epoch: 1 | total time: 63.83m
step 01123 (25.54%) | K: 3 | loss: 0.699732 | L1: 0.353342 | L2: 0.346478 | L3: 0.346301 | lrm: 1.00 | dt: 3448.85ms | tok/sec: 152,018 | mfu: 39.59 | epoch: 1 | total time: 63.88m
step 01124 (25.56%) | K: 3 | loss: 0.698545 | L1: 0.352810 | L2: 0.345823 | L3: 0.345647 | lrm: 1.00 | dt: 3454.20ms | tok/sec: 151,782 | mfu: 39.53 | epoch: 1 | total time: 63.94m
step 01125 (25.59%) | K: 3 | loss: 0.698752 | L1: 0.352901 | L2: 0.345946 | L3: 0.345757 | lrm: 1.00 | dt: 3457.44ms | tok/sec: 151,640 | mfu: 39.49 | epoch: 1 | total time: 64.00m
step 01126 (25.61%) | K: 3 | loss: 0.692581 | L1: 0.349797 | L2: 0.342891 | L3: 0.342678 | lrm: 1.00 | dt: 3456.45ms | tok/sec: 151,684 | mfu: 39.50 | epoch: 1 | total time: 64.06m
step 01127 (25.63%) | K: 3 | loss: 0.690111 | L1: 0.348560 | L2: 0.341657 | L3: 0.341444 | lrm: 1.00 | dt: 3456.14ms | tok/sec: 151,697 | mfu: 39.50 | epoch: 1 | total time: 64.11m
step 01128 (25.66%) | K: 3 | loss: 0.690653 | L1: 0.348845 | L2: 0.341918 | L3: 0.341696 | lrm: 1.00 | dt: 3459.20ms | tok/sec: 151,563 | mfu: 39.47 | epoch: 1 | total time: 64.17m
step 01129 (25.68%) | K: 3 | loss: 0.692164 | L1: 0.349577 | L2: 0.342696 | L3: 0.342478 | lrm: 1.00 | dt: 3454.88ms | tok/sec: 151,752 | mfu: 39.52 | epoch: 1 | total time: 64.23m
step 01130 (25.70%) | K: 3 | loss: 0.691856 | L1: 0.349436 | L2: 0.342528 | L3: 0.342311 | lrm: 1.00 | dt: 3454.67ms | tok/sec: 151,762 | mfu: 39.52 | epoch: 1 | total time: 64.29m
step 01131 (25.72%) | K: 3 | loss: 0.698181 | L1: 0.352578 | L2: 0.345714 | L3: 0.345491 | lrm: 1.00 | dt: 3453.17ms | tok/sec: 151,827 | mfu: 39.54 | epoch: 1 | total time: 64.34m
step 01132 (25.75%) | K: 3 | loss: 0.693137 | L1: 0.350032 | L2: 0.343223 | L3: 0.342987 | lrm: 1.00 | dt: 3450.39ms | tok/sec: 151,950 | mfu: 39.57 | epoch: 1 | total time: 64.40m
step 01133 (25.77%) | K: 3 | loss: 0.694553 | L1: 0.350763 | L2: 0.343906 | L3: 0.343674 | lrm: 1.00 | dt: 3450.62ms | tok/sec: 151,940 | mfu: 39.57 | epoch: 1 | total time: 64.46m
step 01134 (25.79%) | K: 3 | loss: 0.692961 | L1: 0.349968 | L2: 0.343109 | L3: 0.342878 | lrm: 1.00 | dt: 3446.37ms | tok/sec: 152,127 | mfu: 39.62 | epoch: 1 | total time: 64.52m
step 01135 (25.82%) | K: 3 | loss: 0.691896 | L1: 0.349485 | L2: 0.342525 | L3: 0.342298 | lrm: 1.00 | dt: 3448.14ms | tok/sec: 152,049 | mfu: 39.60 | epoch: 1 | total time: 64.57m
step 01136 (25.84%) | K: 3 | loss: 0.695984 | L1: 0.351539 | L2: 0.344557 | L3: 0.344333 | lrm: 1.00 | dt: 3438.90ms | tok/sec: 152,457 | mfu: 39.70 | epoch: 1 | total time: 64.63m
step 01137 (25.86%) | K: 3 | loss: 0.696158 | L1: 0.351605 | L2: 0.344655 | L3: 0.344452 | lrm: 1.00 | dt: 3438.74ms | tok/sec: 152,465 | mfu: 39.70 | epoch: 1 | total time: 64.69m
step 01138 (25.88%) | K: 3 | loss: 0.692291 | L1: 0.349651 | L2: 0.342734 | L3: 0.342545 | lrm: 1.00 | dt: 3438.94ms | tok/sec: 152,456 | mfu: 39.70 | epoch: 1 | total time: 64.75m
step 01139 (25.91%) | K: 3 | loss: 0.694063 | L1: 0.350587 | L2: 0.343567 | L3: 0.343385 | lrm: 1.00 | dt: 3437.58ms | tok/sec: 152,516 | mfu: 39.72 | epoch: 1 | total time: 64.80m
step 01140 (25.93%) | K: 3 | loss: 0.694355 | L1: 0.350710 | L2: 0.343741 | L3: 0.343550 | lrm: 1.00 | dt: 3439.11ms | tok/sec: 152,448 | mfu: 39.70 | epoch: 1 | total time: 64.86m
step 01141 (25.95%) | K: 3 | loss: 0.697272 | L1: 0.352197 | L2: 0.345165 | L3: 0.344984 | lrm: 1.00 | dt: 3434.90ms | tok/sec: 152,635 | mfu: 39.75 | epoch: 1 | total time: 64.92m
step 01142 (25.97%) | K: 3 | loss: 0.693041 | L1: 0.350060 | L2: 0.343072 | L3: 0.342888 | lrm: 1.00 | dt: 3442.33ms | tok/sec: 152,306 | mfu: 39.66 | epoch: 1 | total time: 64.98m
step 01143 (26.00%) | K: 3 | loss: 0.692821 | L1: 0.349967 | L2: 0.342943 | L3: 0.342763 | lrm: 1.00 | dt: 3441.83ms | tok/sec: 152,328 | mfu: 39.67 | epoch: 1 | total time: 65.03m
step 01144 (26.02%) | K: 3 | loss: 0.693617 | L1: 0.350355 | L2: 0.343343 | L3: 0.343180 | lrm: 1.00 | dt: 3446.51ms | tok/sec: 152,121 | mfu: 39.62 | epoch: 1 | total time: 65.09m
step 01145 (26.04%) | K: 3 | loss: 0.693029 | L1: 0.350060 | L2: 0.343042 | L3: 0.342896 | lrm: 1.00 | dt: 3444.32ms | tok/sec: 152,218 | mfu: 39.64 | epoch: 1 | total time: 65.15m
step 01146 (26.06%) | K: 3 | loss: 0.696564 | L1: 0.351818 | L2: 0.344817 | L3: 0.344674 | lrm: 1.00 | dt: 3449.02ms | tok/sec: 152,010 | mfu: 39.59 | epoch: 1 | total time: 65.20m
step 01147 (26.08%) | K: 3 | loss: 0.698976 | L1: 0.352996 | L2: 0.346050 | L3: 0.345909 | lrm: 1.00 | dt: 3450.35ms | tok/sec: 151,952 | mfu: 39.57 | epoch: 1 | total time: 65.26m
step 01148 (26.11%) | K: 3 | loss: 0.701668 | L1: 0.354340 | L2: 0.347400 | L3: 0.347257 | lrm: 1.00 | dt: 3448.94ms | tok/sec: 152,014 | mfu: 39.59 | epoch: 1 | total time: 65.32m
step 01149 (26.13%) | K: 3 | loss: 0.698764 | L1: 0.352893 | L2: 0.345943 | L3: 0.345799 | lrm: 1.00 | dt: 3456.15ms | tok/sec: 151,697 | mfu: 39.50 | epoch: 1 | total time: 65.38m
step 01150 (26.15%) | K: 3 | loss: 0.698761 | L1: 0.352926 | L2: 0.345916 | L3: 0.345752 | lrm: 1.00 | dt: 3451.07ms | tok/sec: 151,920 | mfu: 39.56 | epoch: 1 | total time: 65.43m
step 01151 (26.18%) | K: 3 | loss: 0.694514 | L1: 0.350741 | L2: 0.343855 | L3: 0.343691 | lrm: 1.00 | dt: 3452.66ms | tok/sec: 151,850 | mfu: 39.54 | epoch: 1 | total time: 65.49m
step 01152 (26.20%) | K: 3 | loss: 0.699589 | L1: 0.353237 | L2: 0.346438 | L3: 0.346266 | lrm: 1.00 | dt: 3450.81ms | tok/sec: 151,932 | mfu: 39.57 | epoch: 1 | total time: 65.55m
step 01153 (26.22%) | K: 3 | loss: 0.695600 | L1: 0.351217 | L2: 0.344468 | L3: 0.344298 | lrm: 1.00 | dt: 3452.60ms | tok/sec: 151,853 | mfu: 39.55 | epoch: 1 | total time: 65.61m
step 01154 (26.24%) | K: 3 | loss: 0.697764 | L1: 0.352260 | L2: 0.345581 | L3: 0.345427 | lrm: 1.00 | dt: 3454.02ms | tok/sec: 151,790 | mfu: 39.53 | epoch: 1 | total time: 65.67m
step 01155 (26.26%) | K: 3 | loss: 0.698705 | L1: 0.352786 | L2: 0.346005 | L3: 0.345833 | lrm: 1.00 | dt: 3451.52ms | tok/sec: 151,900 | mfu: 39.56 | epoch: 1 | total time: 65.72m
step 01156 (26.29%) | K: 3 | loss: 0.695674 | L1: 0.351265 | L2: 0.344500 | L3: 0.344319 | lrm: 1.00 | dt: 3449.49ms | tok/sec: 151,990 | mfu: 39.58 | epoch: 1 | total time: 65.78m
step 01157 (26.31%) | K: 3 | loss: 0.697804 | L1: 0.352337 | L2: 0.345563 | L3: 0.345370 | lrm: 1.00 | dt: 3442.48ms | tok/sec: 152,299 | mfu: 39.66 | epoch: 1 | total time: 65.84m
step 01158 (26.33%) | K: 3 | loss: 0.700327 | L1: 0.353600 | L2: 0.346819 | L3: 0.346635 | lrm: 1.00 | dt: 3436.34ms | tok/sec: 152,571 | mfu: 39.73 | epoch: 1 | total time: 65.89m
step 01159 (26.36%) | K: 3 | loss: 0.700523 | L1: 0.353701 | L2: 0.346916 | L3: 0.346728 | lrm: 1.00 | dt: 3439.01ms | tok/sec: 152,453 | mfu: 39.70 | epoch: 1 | total time: 65.95m
step 01160 (26.38%) | K: 3 | loss: 0.699934 | L1: 0.353361 | L2: 0.346660 | L3: 0.346486 | lrm: 1.00 | dt: 3437.80ms | tok/sec: 152,506 | mfu: 39.72 | epoch: 1 | total time: 66.01m
step 01161 (26.40%) | K: 3 | loss: 0.699384 | L1: 0.353083 | L2: 0.346386 | L3: 0.346215 | lrm: 1.00 | dt: 3439.59ms | tok/sec: 152,427 | mfu: 39.69 | epoch: 1 | total time: 66.07m
step 01162 (26.42%) | K: 3 | loss: 0.700070 | L1: 0.353423 | L2: 0.346723 | L3: 0.346570 | lrm: 1.00 | dt: 3439.20ms | tok/sec: 152,444 | mfu: 39.70 | epoch: 1 | total time: 66.12m
step 01163 (26.45%) | K: 3 | loss: 0.699091 | L1: 0.352930 | L2: 0.346239 | L3: 0.346083 | lrm: 1.00 | dt: 3447.94ms | tok/sec: 152,058 | mfu: 39.60 | epoch: 1 | total time: 66.18m
step 01164 (26.47%) | K: 3 | loss: 0.701109 | L1: 0.353966 | L2: 0.347213 | L3: 0.347072 | lrm: 1.00 | dt: 3445.15ms | tok/sec: 152,181 | mfu: 39.63 | epoch: 1 | total time: 66.24m
step 01165 (26.49%) | K: 3 | loss: 0.697283 | L1: 0.352095 | L2: 0.345269 | L3: 0.345106 | lrm: 1.00 | dt: 3450.92ms | tok/sec: 151,927 | mfu: 39.56 | epoch: 1 | total time: 66.30m
step 01166 (26.52%) | K: 3 | loss: 0.694069 | L1: 0.350476 | L2: 0.343671 | L3: 0.343515 | lrm: 1.00 | dt: 3452.89ms | tok/sec: 151,840 | mfu: 39.54 | epoch: 1 | total time: 66.35m
step 01167 (26.54%) | K: 3 | loss: 0.696315 | L1: 0.351588 | L2: 0.344803 | L3: 0.344652 | lrm: 1.00 | dt: 3452.72ms | tok/sec: 151,847 | mfu: 39.54 | epoch: 1 | total time: 66.41m
step 01168 (26.56%) | K: 3 | loss: 0.691783 | L1: 0.349297 | L2: 0.342564 | L3: 0.342407 | lrm: 1.00 | dt: 3453.63ms | tok/sec: 151,807 | mfu: 39.53 | epoch: 1 | total time: 66.47m
step 01169 (26.58%) | K: 3 | loss: 0.696003 | L1: 0.351442 | L2: 0.344647 | L3: 0.344476 | lrm: 1.00 | dt: 3455.51ms | tok/sec: 151,725 | mfu: 39.51 | epoch: 1 | total time: 66.53m
step 01170 (26.61%) | K: 3 | loss: 0.688982 | L1: 0.347919 | L2: 0.341153 | L3: 0.340974 | lrm: 1.00 | dt: 3453.10ms | tok/sec: 151,831 | mfu: 39.54 | epoch: 1 | total time: 66.58m
step 01171 (26.63%) | K: 3 | loss: 0.688442 | L1: 0.347671 | L2: 0.340865 | L3: 0.340678 | lrm: 1.00 | dt: 3455.68ms | tok/sec: 151,717 | mfu: 39.51 | epoch: 1 | total time: 66.64m
step 01172 (26.65%) | K: 3 | loss: 0.690982 | L1: 0.348940 | L2: 0.342135 | L3: 0.341950 | lrm: 1.00 | dt: 3457.29ms | tok/sec: 151,646 | mfu: 39.49 | epoch: 1 | total time: 66.70m
step 01173 (26.67%) | K: 3 | loss: 0.692463 | L1: 0.349642 | L2: 0.342912 | L3: 0.342730 | lrm: 1.00 | dt: 3450.60ms | tok/sec: 151,940 | mfu: 39.57 | epoch: 1 | total time: 66.76m
step 01174 (26.70%) | K: 3 | loss: 0.691057 | L1: 0.348956 | L2: 0.342194 | L3: 0.342008 | lrm: 1.00 | dt: 3447.97ms | tok/sec: 152,056 | mfu: 39.60 | epoch: 1 | total time: 66.81m
step 01175 (26.72%) | K: 3 | loss: 0.697055 | L1: 0.351992 | L2: 0.345153 | L3: 0.344973 | lrm: 1.00 | dt: 3448.55ms | tok/sec: 152,031 | mfu: 39.59 | epoch: 1 | total time: 66.87m
step 01176 (26.74%) | K: 3 | loss: 0.694390 | L1: 0.350638 | L2: 0.343843 | L3: 0.343662 | lrm: 1.00 | dt: 3445.35ms | tok/sec: 152,172 | mfu: 39.63 | epoch: 1 | total time: 66.93m
step 01177 (26.76%) | K: 3 | loss: 0.688080 | L1: 0.347470 | L2: 0.340697 | L3: 0.340524 | lrm: 1.00 | dt: 3442.42ms | tok/sec: 152,302 | mfu: 39.66 | epoch: 1 | total time: 66.99m
step 01178 (26.79%) | K: 3 | loss: 0.688749 | L1: 0.347806 | L2: 0.341035 | L3: 0.340850 | lrm: 1.00 | dt: 3443.90ms | tok/sec: 152,236 | mfu: 39.65 | epoch: 1 | total time: 67.04m
step 01179 (26.81%) | K: 3 | loss: 0.689419 | L1: 0.348152 | L2: 0.341358 | L3: 0.341175 | lrm: 1.00 | dt: 3443.88ms | tok/sec: 152,237 | mfu: 39.65 | epoch: 1 | total time: 67.10m
step 01180 (26.83%) | K: 3 | loss: 0.687041 | L1: 0.346992 | L2: 0.340139 | L3: 0.339960 | lrm: 1.00 | dt: 3443.40ms | tok/sec: 152,258 | mfu: 39.65 | epoch: 1 | total time: 67.16m
step 01181 (26.86%) | K: 3 | loss: 0.689686 | L1: 0.348324 | L2: 0.341451 | L3: 0.341272 | lrm: 1.00 | dt: 3439.02ms | tok/sec: 152,452 | mfu: 39.70 | epoch: 1 | total time: 67.22m
step 01182 (26.88%) | K: 3 | loss: 0.687790 | L1: 0.347414 | L2: 0.340464 | L3: 0.340289 | lrm: 1.00 | dt: 3446.42ms | tok/sec: 152,125 | mfu: 39.62 | epoch: 1 | total time: 67.27m
step 01183 (26.90%) | K: 3 | loss: 0.686962 | L1: 0.346983 | L2: 0.340073 | L3: 0.339886 | lrm: 1.00 | dt: 3451.52ms | tok/sec: 151,900 | mfu: 39.56 | epoch: 1 | total time: 67.33m
step 01184 (26.92%) | K: 3 | loss: 0.689220 | L1: 0.348138 | L2: 0.341180 | L3: 0.340983 | lrm: 1.00 | dt: 3450.04ms | tok/sec: 151,965 | mfu: 39.57 | epoch: 1 | total time: 67.39m
step 01185 (26.95%) | K: 3 | loss: 0.689597 | L1: 0.348253 | L2: 0.341444 | L3: 0.341244 | lrm: 1.00 | dt: 3451.17ms | tok/sec: 151,915 | mfu: 39.56 | epoch: 1 | total time: 67.45m
step 01186 (26.97%) | K: 3 | loss: 0.689781 | L1: 0.348371 | L2: 0.341512 | L3: 0.341307 | lrm: 1.00 | dt: 3455.13ms | tok/sec: 151,741 | mfu: 39.52 | epoch: 1 | total time: 67.50m
step 01187 (26.99%) | K: 3 | loss: 0.689512 | L1: 0.348250 | L2: 0.341358 | L3: 0.341166 | lrm: 1.00 | dt: 3455.87ms | tok/sec: 151,709 | mfu: 39.51 | epoch: 1 | total time: 67.56m
step 01188 (27.01%) | K: 3 | loss: 0.693104 | L1: 0.350084 | L2: 0.343122 | L3: 0.342918 | lrm: 1.00 | dt: 3457.22ms | tok/sec: 151,650 | mfu: 39.49 | epoch: 1 | total time: 67.62m
step 01189 (27.04%) | K: 3 | loss: 0.693322 | L1: 0.350165 | L2: 0.343259 | L3: 0.343056 | lrm: 1.00 | dt: 3456.16ms | tok/sec: 151,696 | mfu: 39.50 | epoch: 1 | total time: 67.68m
step 01190 (27.06%) | K: 3 | loss: 0.694194 | L1: 0.350649 | L2: 0.343649 | L3: 0.343441 | lrm: 1.00 | dt: 3454.84ms | tok/sec: 151,754 | mfu: 39.52 | epoch: 1 | total time: 67.73m
step 01191 (27.08%) | K: 3 | loss: 0.694937 | L1: 0.351007 | L2: 0.344030 | L3: 0.343831 | lrm: 1.00 | dt: 3452.59ms | tok/sec: 151,853 | mfu: 39.55 | epoch: 1 | total time: 67.79m
step 01192 (27.10%) | K: 3 | loss: 0.696834 | L1: 0.351965 | L2: 0.344972 | L3: 0.344766 | lrm: 1.00 | dt: 3451.85ms | tok/sec: 151,886 | mfu: 39.55 | epoch: 1 | total time: 67.85m
step 01193 (27.13%) | K: 3 | loss: 0.696143 | L1: 0.351607 | L2: 0.344630 | L3: 0.344440 | lrm: 1.00 | dt: 3449.44ms | tok/sec: 151,992 | mfu: 39.58 | epoch: 1 | total time: 67.91m
step 01194 (27.15%) | K: 3 | loss: 0.696286 | L1: 0.351669 | L2: 0.344710 | L3: 0.344524 | lrm: 1.00 | dt: 3451.14ms | tok/sec: 151,917 | mfu: 39.56 | epoch: 1 | total time: 67.96m
step 01195 (27.17%) | K: 3 | loss: 0.697914 | L1: 0.352508 | L2: 0.345504 | L3: 0.345307 | lrm: 1.00 | dt: 3439.91ms | tok/sec: 152,413 | mfu: 39.69 | epoch: 1 | total time: 68.02m
step 01196 (27.19%) | K: 3 | loss: 0.702447 | L1: 0.354755 | L2: 0.347793 | L3: 0.347589 | lrm: 1.00 | dt: 3440.07ms | tok/sec: 152,406 | mfu: 39.69 | epoch: 1 | total time: 68.08m
step 01197 (27.22%) | K: 3 | loss: 0.701512 | L1: 0.354297 | L2: 0.347326 | L3: 0.347105 | lrm: 1.00 | dt: 3439.82ms | tok/sec: 152,417 | mfu: 39.69 | epoch: 1 | total time: 68.14m
step 01198 (27.24%) | K: 3 | loss: 0.696237 | L1: 0.351651 | L2: 0.344694 | L3: 0.344479 | lrm: 1.00 | dt: 3443.58ms | tok/sec: 152,250 | mfu: 39.65 | epoch: 1 | total time: 68.19m
step 01199 (27.26%) | K: 3 | loss: 0.695909 | L1: 0.351503 | L2: 0.344503 | L3: 0.344309 | lrm: 1.00 | dt: 3439.29ms | tok/sec: 152,440 | mfu: 39.70 | epoch: 1 | total time: 68.25m
step 01200 (27.29%) | K: 3 | loss: 0.693389 | L1: 0.350203 | L2: 0.343288 | L3: 0.343084 | lrm: 1.00 | dt: 3443.96ms | tok/sec: 152,233 | mfu: 39.64 | epoch: 1 | total time: 68.31m
step 01201 (27.31%) | K: 3 | loss: 0.686847 | L1: 0.346929 | L2: 0.340023 | L3: 0.339813 | lrm: 1.00 | dt: 3441.47ms | tok/sec: 152,344 | mfu: 39.67 | epoch: 1 | total time: 68.37m
step 01202 (27.33%) | K: 3 | loss: 0.688012 | L1: 0.347557 | L2: 0.340568 | L3: 0.340343 | lrm: 1.00 | dt: 3439.60ms | tok/sec: 152,426 | mfu: 39.69 | epoch: 1 | total time: 68.42m
step 01203 (27.35%) | K: 3 | loss: 0.687532 | L1: 0.347340 | L2: 0.340308 | L3: 0.340078 | lrm: 1.00 | dt: 3444.50ms | tok/sec: 152,210 | mfu: 39.64 | epoch: 1 | total time: 68.48m
step 01204 (27.38%) | K: 3 | loss: 0.684374 | L1: 0.345776 | L2: 0.338716 | L3: 0.338479 | lrm: 1.00 | dt: 3444.11ms | tok/sec: 152,227 | mfu: 39.64 | epoch: 1 | total time: 68.54m
step 01205 (27.40%) | K: 3 | loss: 0.685625 | L1: 0.346371 | L2: 0.339373 | L3: 0.339134 | lrm: 1.00 | dt: 3447.08ms | tok/sec: 152,096 | mfu: 39.61 | epoch: 1 | total time: 68.60m
step 01206 (27.42%) | K: 3 | loss: 0.681221 | L1: 0.344146 | L2: 0.337195 | L3: 0.336956 | lrm: 1.00 | dt: 3446.48ms | tok/sec: 152,122 | mfu: 39.62 | epoch: 1 | total time: 68.65m
step 01207 (27.44%) | K: 3 | loss: 0.680573 | L1: 0.343839 | L2: 0.336849 | L3: 0.336619 | lrm: 1.00 | dt: 3448.36ms | tok/sec: 152,039 | mfu: 39.59 | epoch: 1 | total time: 68.71m
step 01208 (27.47%) | K: 3 | loss: 0.684041 | L1: 0.345543 | L2: 0.338613 | L3: 0.338383 | lrm: 1.00 | dt: 3447.98ms | tok/sec: 152,056 | mfu: 39.60 | epoch: 1 | total time: 68.77m
step 01209 (27.49%) | K: 3 | loss: 0.684152 | L1: 0.345604 | L2: 0.338655 | L3: 0.338441 | lrm: 1.00 | dt: 3446.18ms | tok/sec: 152,136 | mfu: 39.62 | epoch: 1 | total time: 68.83m
step 01210 (27.51%) | K: 3 | loss: 0.690552 | L1: 0.348754 | L2: 0.341910 | L3: 0.341687 | lrm: 1.00 | dt: 3449.72ms | tok/sec: 151,980 | mfu: 39.58 | epoch: 1 | total time: 68.88m
step 01211 (27.54%) | K: 3 | loss: 0.694150 | L1: 0.350554 | L2: 0.343708 | L3: 0.343483 | lrm: 1.00 | dt: 3451.95ms | tok/sec: 151,881 | mfu: 39.55 | epoch: 1 | total time: 68.94m
step 01212 (27.56%) | K: 3 | loss: 0.693949 | L1: 0.350439 | L2: 0.343630 | L3: 0.343390 | lrm: 1.00 | dt: 3446.15ms | tok/sec: 152,137 | mfu: 39.62 | epoch: 1 | total time: 69.00m
step 01213 (27.58%) | K: 3 | loss: 0.698527 | L1: 0.352676 | L2: 0.345968 | L3: 0.345735 | lrm: 1.00 | dt: 3450.61ms | tok/sec: 151,940 | mfu: 39.57 | epoch: 1 | total time: 69.06m
step 01214 (27.61%) | K: 3 | loss: 0.698174 | L1: 0.352526 | L2: 0.345769 | L3: 0.345527 | lrm: 1.00 | dt: 3450.38ms | tok/sec: 151,950 | mfu: 39.57 | epoch: 1 | total time: 69.11m
step 01215 (27.63%) | K: 3 | loss: 0.697702 | L1: 0.352320 | L2: 0.345503 | L3: 0.345261 | lrm: 1.00 | dt: 3453.97ms | tok/sec: 151,792 | mfu: 39.53 | epoch: 1 | total time: 69.17m
step 01216 (27.65%) | K: 3 | loss: 0.693598 | L1: 0.350261 | L2: 0.343452 | L3: 0.343222 | lrm: 1.00 | dt: 3451.49ms | tok/sec: 151,902 | mfu: 39.56 | epoch: 1 | total time: 69.23m
step 01217 (27.67%) | K: 3 | loss: 0.688565 | L1: 0.347721 | L2: 0.340957 | L3: 0.340732 | lrm: 1.00 | dt: 3448.48ms | tok/sec: 152,034 | mfu: 39.59 | epoch: 1 | total time: 69.29m
step 01218 (27.70%) | K: 3 | loss: 0.689097 | L1: 0.348013 | L2: 0.341192 | L3: 0.340977 | lrm: 1.00 | dt: 3449.75ms | tok/sec: 151,978 | mfu: 39.58 | epoch: 1 | total time: 69.34m
step 01219 (27.72%) | K: 3 | loss: 0.686737 | L1: 0.346873 | L2: 0.339975 | L3: 0.339754 | lrm: 1.00 | dt: 3444.82ms | tok/sec: 152,196 | mfu: 39.63 | epoch: 1 | total time: 69.40m
step 01220 (27.74%) | K: 3 | loss: 0.690753 | L1: 0.348889 | L2: 0.341973 | L3: 0.341755 | lrm: 1.00 | dt: 3442.76ms | tok/sec: 152,287 | mfu: 39.66 | epoch: 1 | total time: 69.46m
step 01221 (27.76%) | K: 3 | loss: 0.689741 | L1: 0.348316 | L2: 0.341533 | L3: 0.341318 | lrm: 1.00 | dt: 3445.69ms | tok/sec: 152,157 | mfu: 39.62 | epoch: 1 | total time: 69.51m
step 01222 (27.78%) | K: 3 | loss: 0.690263 | L1: 0.348569 | L2: 0.341801 | L3: 0.341588 | lrm: 1.00 | dt: 3446.54ms | tok/sec: 152,119 | mfu: 39.61 | epoch: 1 | total time: 69.57m
step 01223 (27.81%) | K: 3 | loss: 0.689964 | L1: 0.348379 | L2: 0.341689 | L3: 0.341482 | lrm: 1.00 | dt: 3448.46ms | tok/sec: 152,035 | mfu: 39.59 | epoch: 1 | total time: 69.63m
step 01224 (27.83%) | K: 3 | loss: 0.690660 | L1: 0.348742 | L2: 0.342024 | L3: 0.341813 | lrm: 1.00 | dt: 3444.54ms | tok/sec: 152,208 | mfu: 39.64 | epoch: 1 | total time: 69.69m
step 01225 (27.85%) | K: 3 | loss: 0.693251 | L1: 0.350056 | L2: 0.343307 | L3: 0.343084 | lrm: 1.00 | dt: 3445.12ms | tok/sec: 152,182 | mfu: 39.63 | epoch: 1 | total time: 69.74m
step 01226 (27.87%) | K: 3 | loss: 0.694067 | L1: 0.350471 | L2: 0.343705 | L3: 0.343486 | lrm: 1.00 | dt: 3442.27ms | tok/sec: 152,308 | mfu: 39.66 | epoch: 1 | total time: 69.80m
step 01227 (27.90%) | K: 3 | loss: 0.695349 | L1: 0.351116 | L2: 0.344339 | L3: 0.344127 | lrm: 1.00 | dt: 3440.60ms | tok/sec: 152,382 | mfu: 39.68 | epoch: 1 | total time: 69.86m
step 01228 (27.92%) | K: 3 | loss: 0.693065 | L1: 0.349959 | L2: 0.343207 | L3: 0.343005 | lrm: 1.00 | dt: 3442.28ms | tok/sec: 152,308 | mfu: 39.66 | epoch: 1 | total time: 69.92m
step 01229 (27.94%) | K: 3 | loss: 0.692319 | L1: 0.349578 | L2: 0.342841 | L3: 0.342641 | lrm: 1.00 | dt: 3436.02ms | tok/sec: 152,585 | mfu: 39.74 | epoch: 1 | total time: 69.97m
step 01230 (27.97%) | K: 3 | loss: 0.693081 | L1: 0.350015 | L2: 0.343173 | L3: 0.342960 | lrm: 1.00 | dt: 3440.28ms | tok/sec: 152,396 | mfu: 39.69 | epoch: 1 | total time: 70.03m
step 01231 (27.99%) | K: 3 | loss: 0.695481 | L1: 0.351191 | L2: 0.344393 | L3: 0.344188 | lrm: 1.00 | dt: 3438.41ms | tok/sec: 152,479 | mfu: 39.71 | epoch: 1 | total time: 70.09m
step 01232 (28.01%) | K: 3 | loss: 0.690306 | L1: 0.348564 | L2: 0.341845 | L3: 0.341641 | lrm: 1.00 | dt: 3432.38ms | tok/sec: 152,747 | mfu: 39.78 | epoch: 1 | total time: 70.15m
step 01233 (28.03%) | K: 3 | loss: 0.689600 | L1: 0.348227 | L2: 0.341471 | L3: 0.341275 | lrm: 1.00 | dt: 3438.98ms | tok/sec: 152,454 | mfu: 39.70 | epoch: 1 | total time: 70.20m
step 01234 (28.06%) | K: 3 | loss: 0.692284 | L1: 0.349593 | L2: 0.342792 | L3: 0.342590 | lrm: 1.00 | dt: 3437.98ms | tok/sec: 152,498 | mfu: 39.71 | epoch: 1 | total time: 70.26m
step 01235 (28.08%) | K: 3 | loss: 0.693411 | L1: 0.350167 | L2: 0.343360 | L3: 0.343127 | lrm: 1.00 | dt: 3445.22ms | tok/sec: 152,178 | mfu: 39.63 | epoch: 1 | total time: 70.32m
step 01236 (28.10%) | K: 3 | loss: 0.696272 | L1: 0.351623 | L2: 0.344752 | L3: 0.344546 | lrm: 1.00 | dt: 3444.48ms | tok/sec: 152,210 | mfu: 39.64 | epoch: 1 | total time: 70.38m
step 01237 (28.12%) | K: 3 | loss: 0.697104 | L1: 0.352032 | L2: 0.345177 | L3: 0.344966 | lrm: 1.00 | dt: 3447.64ms | tok/sec: 152,071 | mfu: 39.60 | epoch: 1 | total time: 70.43m
step 01238 (28.14%) | K: 3 | loss: 0.693898 | L1: 0.350379 | L2: 0.343619 | L3: 0.343419 | lrm: 1.00 | dt: 3447.72ms | tok/sec: 152,068 | mfu: 39.60 | epoch: 1 | total time: 70.49m
step 01239 (28.17%) | K: 3 | loss: 0.695128 | L1: 0.350995 | L2: 0.344229 | L3: 0.344038 | lrm: 1.00 | dt: 3449.75ms | tok/sec: 151,978 | mfu: 39.58 | epoch: 1 | total time: 70.55m
step 01240 (28.19%) | K: 3 | loss: 0.692220 | L1: 0.349513 | L2: 0.342805 | L3: 0.342607 | lrm: 1.00 | dt: 3452.17ms | tok/sec: 151,872 | mfu: 39.55 | epoch: 1 | total time: 70.61m
step 01241 (28.21%) | K: 3 | loss: 0.694103 | L1: 0.350484 | L2: 0.343726 | L3: 0.343511 | lrm: 1.00 | dt: 3452.21ms | tok/sec: 151,870 | mfu: 39.55 | epoch: 1 | total time: 70.66m
step 01242 (28.23%) | K: 3 | loss: 0.691931 | L1: 0.349390 | L2: 0.342650 | L3: 0.342431 | lrm: 1.00 | dt: 3453.71ms | tok/sec: 151,804 | mfu: 39.53 | epoch: 1 | total time: 70.72m
step 01243 (28.26%) | K: 3 | loss: 0.696423 | L1: 0.351618 | L2: 0.344910 | L3: 0.344700 | lrm: 1.00 | dt: 3455.01ms | tok/sec: 151,746 | mfu: 39.52 | epoch: 1 | total time: 70.78m
step 01244 (28.28%) | K: 3 | loss: 0.693299 | L1: 0.350022 | L2: 0.343379 | L3: 0.343174 | lrm: 1.00 | dt: 3454.44ms | tok/sec: 151,772 | mfu: 39.52 | epoch: 1 | total time: 70.84m
step 01245 (28.30%) | K: 3 | loss: 0.689987 | L1: 0.348323 | L2: 0.341767 | L3: 0.341562 | lrm: 1.00 | dt: 3449.62ms | tok/sec: 151,984 | mfu: 39.58 | epoch: 1 | total time: 70.89m
step 01246 (28.32%) | K: 3 | loss: 0.691070 | L1: 0.348918 | L2: 0.342263 | L3: 0.342041 | lrm: 1.00 | dt: 3448.33ms | tok/sec: 152,041 | mfu: 39.59 | epoch: 1 | total time: 70.95m
step 01247 (28.35%) | K: 3 | loss: 0.693971 | L1: 0.350382 | L2: 0.343699 | L3: 0.343479 | lrm: 1.00 | dt: 3445.41ms | tok/sec: 152,169 | mfu: 39.63 | epoch: 1 | total time: 71.01m
step 01248 (28.37%) | K: 3 | loss: 0.692010 | L1: 0.349361 | L2: 0.342750 | L3: 0.342548 | lrm: 1.00 | dt: 3434.32ms | tok/sec: 152,661 | mfu: 39.76 | epoch: 1 | total time: 71.07m
step 01249 (28.39%) | K: 3 | loss: 0.692260 | L1: 0.349472 | L2: 0.342882 | L3: 0.342693 | lrm: 1.00 | dt: 3437.79ms | tok/sec: 152,507 | mfu: 39.72 | epoch: 1 | total time: 71.12m
step 01250 (28.41%) | K: 3 | loss: 0.688898 | L1: 0.347821 | L2: 0.341174 | L3: 0.340981 | lrm: 1.00 | dt: 3433.76ms | tok/sec: 152,686 | mfu: 39.76 | epoch: 1 | total time: 71.18m
Step 01250 | Validation L1 bpb: 0.1870 | L2 bpb: 0.1833 | L3 bpb: 0.1832
step 01251 (28.44%) | K: 3 | loss: 0.691861 | L1: 0.349306 | L2: 0.342655 | L3: 0.342456 | lrm: 1.00 | dt: 3440.39ms | tok/sec: 152,392 | mfu: 39.69 | epoch: 1 | total time: 71.24m
step 01252 (28.46%) | K: 3 | loss: 0.684859 | L1: 0.345794 | L2: 0.339174 | L3: 0.338957 | lrm: 1.00 | dt: 3434.91ms | tok/sec: 152,635 | mfu: 39.75 | epoch: 1 | total time: 71.29m
step 01253 (28.48%) | K: 3 | loss: 0.683950 | L1: 0.345331 | L2: 0.338723 | L3: 0.338514 | lrm: 1.00 | dt: 3440.16ms | tok/sec: 152,402 | mfu: 39.69 | epoch: 1 | total time: 71.35m
step 01254 (28.50%) | K: 3 | loss: 0.690558 | L1: 0.348679 | L2: 0.341991 | L3: 0.341768 | lrm: 1.00 | dt: 3443.36ms | tok/sec: 152,260 | mfu: 39.65 | epoch: 1 | total time: 71.41m
step 01255 (28.53%) | K: 3 | loss: 0.692812 | L1: 0.349780 | L2: 0.343142 | L3: 0.342923 | lrm: 1.00 | dt: 3450.34ms | tok/sec: 151,952 | mfu: 39.57 | epoch: 1 | total time: 71.47m
step 01256 (28.55%) | K: 3 | loss: 0.691532 | L1: 0.349142 | L2: 0.342507 | L3: 0.342272 | lrm: 1.00 | dt: 3447.00ms | tok/sec: 152,099 | mfu: 39.61 | epoch: 1 | total time: 71.52m
step 01257 (28.57%) | K: 3 | loss: 0.697097 | L1: 0.351859 | L2: 0.345349 | L3: 0.345127 | lrm: 1.00 | dt: 3452.51ms | tok/sec: 151,857 | mfu: 39.55 | epoch: 1 | total time: 71.58m
step 01258 (28.60%) | K: 3 | loss: 0.696334 | L1: 0.351516 | L2: 0.344935 | L3: 0.344702 | lrm: 1.00 | dt: 3448.96ms | tok/sec: 152,013 | mfu: 39.59 | epoch: 1 | total time: 71.64m
step 01259 (28.62%) | K: 3 | loss: 0.694136 | L1: 0.350380 | L2: 0.343868 | L3: 0.343645 | lrm: 1.00 | dt: 3450.65ms | tok/sec: 151,939 | mfu: 39.57 | epoch: 1 | total time: 71.70m
step 01260 (28.64%) | K: 3 | loss: 0.694006 | L1: 0.350354 | L2: 0.343770 | L3: 0.343534 | lrm: 1.00 | dt: 3449.06ms | tok/sec: 152,009 | mfu: 39.59 | epoch: 1 | total time: 71.75m
step 01261 (28.66%) | K: 3 | loss: 0.692292 | L1: 0.349507 | L2: 0.342901 | L3: 0.342670 | lrm: 1.00 | dt: 3446.69ms | tok/sec: 152,113 | mfu: 39.61 | epoch: 1 | total time: 71.81m
step 01262 (28.69%) | K: 3 | loss: 0.691890 | L1: 0.349325 | L2: 0.342680 | L3: 0.342449 | lrm: 1.00 | dt: 3447.06ms | tok/sec: 152,097 | mfu: 39.61 | epoch: 1 | total time: 71.87m
step 01263 (28.71%) | K: 3 | loss: 0.690555 | L1: 0.348639 | L2: 0.342025 | L3: 0.341807 | lrm: 1.00 | dt: 3449.57ms | tok/sec: 151,986 | mfu: 39.58 | epoch: 1 | total time: 71.93m
step 01264 (28.73%) | K: 3 | loss: 0.694718 | L1: 0.350806 | L2: 0.344027 | L3: 0.343798 | lrm: 1.00 | dt: 3451.15ms | tok/sec: 151,917 | mfu: 39.56 | epoch: 1 | total time: 71.98m
step 01265 (28.76%) | K: 3 | loss: 0.696451 | L1: 0.351674 | L2: 0.344891 | L3: 0.344663 | lrm: 1.00 | dt: 3449.35ms | tok/sec: 151,995 | mfu: 39.58 | epoch: 1 | total time: 72.04m
step 01266 (28.78%) | K: 3 | loss: 0.694722 | L1: 0.350826 | L2: 0.344019 | L3: 0.343771 | lrm: 1.00 | dt: 3449.09ms | tok/sec: 152,007 | mfu: 39.59 | epoch: 1 | total time: 72.10m
step 01267 (28.80%) | K: 3 | loss: 0.694368 | L1: 0.350645 | L2: 0.343847 | L3: 0.343600 | lrm: 1.00 | dt: 3449.74ms | tok/sec: 151,979 | mfu: 39.58 | epoch: 1 | total time: 72.16m
step 01268 (28.83%) | K: 3 | loss: 0.694934 | L1: 0.350904 | L2: 0.344148 | L3: 0.343912 | lrm: 1.00 | dt: 3446.83ms | tok/sec: 152,107 | mfu: 39.61 | epoch: 1 | total time: 72.21m
step 01269 (28.85%) | K: 3 | loss: 0.694677 | L1: 0.350795 | L2: 0.343991 | L3: 0.343774 | lrm: 1.00 | dt: 3450.56ms | tok/sec: 151,942 | mfu: 39.57 | epoch: 1 | total time: 72.27m
step 01270 (28.87%) | K: 3 | loss: 0.696980 | L1: 0.351953 | L2: 0.345132 | L3: 0.344923 | lrm: 1.00 | dt: 3450.87ms | tok/sec: 151,929 | mfu: 39.57 | epoch: 1 | total time: 72.33m
step 01271 (28.90%) | K: 3 | loss: 0.690674 | L1: 0.348806 | L2: 0.341970 | L3: 0.341766 | lrm: 1.00 | dt: 3452.34ms | tok/sec: 151,864 | mfu: 39.55 | epoch: 1 | total time: 72.39m
step 01272 (28.92%) | K: 3 | loss: 0.683608 | L1: 0.345231 | L2: 0.338489 | L3: 0.338264 | lrm: 1.00 | dt: 3444.23ms | tok/sec: 152,222 | mfu: 39.64 | epoch: 1 | total time: 72.44m
step 01273 (28.94%) | K: 3 | loss: 0.686233 | L1: 0.346569 | L2: 0.339783 | L3: 0.339544 | lrm: 1.00 | dt: 3448.75ms | tok/sec: 152,022 | mfu: 39.59 | epoch: 1 | total time: 72.50m
step 01274 (28.96%) | K: 3 | loss: 0.689334 | L1: 0.348099 | L2: 0.341349 | L3: 0.341121 | lrm: 1.00 | dt: 3441.43ms | tok/sec: 152,346 | mfu: 39.67 | epoch: 1 | total time: 72.56m
step 01275 (28.99%) | K: 3 | loss: 0.685431 | L1: 0.346121 | L2: 0.339424 | L3: 0.339194 | lrm: 1.00 | dt: 3443.23ms | tok/sec: 152,266 | mfu: 39.65 | epoch: 1 | total time: 72.62m
step 01276 (29.01%) | K: 3 | loss: 0.683121 | L1: 0.344920 | L2: 0.338316 | L3: 0.338086 | lrm: 1.00 | dt: 3442.40ms | tok/sec: 152,303 | mfu: 39.66 | epoch: 1 | total time: 72.67m
step 01277 (29.03%) | K: 3 | loss: 0.683106 | L1: 0.344946 | L2: 0.338294 | L3: 0.338027 | lrm: 1.00 | dt: 3439.68ms | tok/sec: 152,423 | mfu: 39.69 | epoch: 1 | total time: 72.73m
step 01278 (29.06%) | K: 3 | loss: 0.682139 | L1: 0.344503 | L2: 0.337761 | L3: 0.337511 | lrm: 1.00 | dt: 3443.69ms | tok/sec: 152,246 | mfu: 39.65 | epoch: 1 | total time: 72.79m
step 01279 (29.08%) | K: 3 | loss: 0.678723 | L1: 0.342775 | L2: 0.336084 | L3: 0.335813 | lrm: 1.00 | dt: 3446.16ms | tok/sec: 152,136 | mfu: 39.62 | epoch: 1 | total time: 72.85m
step 01280 (29.10%) | K: 3 | loss: 0.677904 | L1: 0.342395 | L2: 0.335642 | L3: 0.335377 | lrm: 1.00 | dt: 3446.56ms | tok/sec: 152,119 | mfu: 39.61 | epoch: 1 | total time: 72.90m
step 01281 (29.13%) | K: 3 | loss: 0.680741 | L1: 0.343800 | L2: 0.337086 | L3: 0.336796 | lrm: 1.00 | dt: 3446.13ms | tok/sec: 152,138 | mfu: 39.62 | epoch: 1 | total time: 72.96m
step 01282 (29.15%) | K: 3 | loss: 0.680112 | L1: 0.343520 | L2: 0.336730 | L3: 0.336454 | lrm: 1.00 | dt: 3453.29ms | tok/sec: 151,822 | mfu: 39.54 | epoch: 1 | total time: 73.02m
step 01283 (29.17%) | K: 3 | loss: 0.678893 | L1: 0.342896 | L2: 0.336136 | L3: 0.335858 | lrm: 1.00 | dt: 3450.85ms | tok/sec: 151,929 | mfu: 39.57 | epoch: 1 | total time: 73.08m
step 01284 (29.19%) | K: 3 | loss: 0.678276 | L1: 0.342572 | L2: 0.335840 | L3: 0.335569 | lrm: 1.00 | dt: 3452.72ms | tok/sec: 151,847 | mfu: 39.54 | epoch: 1 | total time: 73.13m
step 01285 (29.22%) | K: 3 | loss: 0.682991 | L1: 0.344933 | L2: 0.338192 | L3: 0.337924 | lrm: 1.00 | dt: 3450.69ms | tok/sec: 151,937 | mfu: 39.57 | epoch: 1 | total time: 73.19m
step 01286 (29.24%) | K: 3 | loss: 0.687491 | L1: 0.347146 | L2: 0.340473 | L3: 0.340216 | lrm: 1.00 | dt: 3451.56ms | tok/sec: 151,899 | mfu: 39.56 | epoch: 1 | total time: 73.25m
step 01287 (29.26%) | K: 3 | loss: 0.681457 | L1: 0.344131 | L2: 0.337447 | L3: 0.337204 | lrm: 1.00 | dt: 3452.07ms | tok/sec: 151,876 | mfu: 39.55 | epoch: 1 | total time: 73.31m
step 01288 (29.29%) | K: 3 | loss: 0.677784 | L1: 0.342321 | L2: 0.335569 | L3: 0.335357 | lrm: 1.00 | dt: 3451.15ms | tok/sec: 151,917 | mfu: 39.56 | epoch: 1 | total time: 73.36m
step 01289 (29.31%) | K: 3 | loss: 0.680923 | L1: 0.343847 | L2: 0.337176 | L3: 0.336975 | lrm: 1.00 | dt: 3448.78ms | tok/sec: 152,021 | mfu: 39.59 | epoch: 1 | total time: 73.42m
step 01290 (29.33%) | K: 3 | loss: 0.680745 | L1: 0.343767 | L2: 0.337085 | L3: 0.336870 | lrm: 1.00 | dt: 3448.01ms | tok/sec: 152,055 | mfu: 39.60 | epoch: 1 | total time: 73.48m
step 01291 (29.35%) | K: 3 | loss: 0.685060 | L1: 0.345907 | L2: 0.339255 | L3: 0.339052 | lrm: 1.00 | dt: 3448.14ms | tok/sec: 152,049 | mfu: 39.60 | epoch: 1 | total time: 73.54m
step 01292 (29.38%) | K: 3 | loss: 0.680903 | L1: 0.343802 | L2: 0.337208 | L3: 0.336994 | lrm: 1.00 | dt: 3439.94ms | tok/sec: 152,412 | mfu: 39.69 | epoch: 1 | total time: 73.59m
step 01293 (29.40%) | K: 3 | loss: 0.676713 | L1: 0.341684 | L2: 0.335134 | L3: 0.334924 | lrm: 1.00 | dt: 3442.67ms | tok/sec: 152,290 | mfu: 39.66 | epoch: 1 | total time: 73.65m
step 01294 (29.42%) | K: 3 | loss: 0.671052 | L1: 0.338856 | L2: 0.332301 | L3: 0.332091 | lrm: 1.00 | dt: 3442.79ms | tok/sec: 152,285 | mfu: 39.66 | epoch: 1 | total time: 73.71m
step 01295 (29.45%) | K: 3 | loss: 0.671469 | L1: 0.339078 | L2: 0.332498 | L3: 0.332285 | lrm: 1.00 | dt: 3442.50ms | tok/sec: 152,298 | mfu: 39.66 | epoch: 1 | total time: 73.77m
step 01296 (29.47%) | K: 3 | loss: 0.675923 | L1: 0.341291 | L2: 0.334755 | L3: 0.334511 | lrm: 1.00 | dt: 3438.08ms | tok/sec: 152,494 | mfu: 39.71 | epoch: 1 | total time: 73.82m
step 01297 (29.49%) | K: 3 | loss: 0.680320 | L1: 0.343514 | L2: 0.336926 | L3: 0.336686 | lrm: 1.00 | dt: 3438.42ms | tok/sec: 152,479 | mfu: 39.71 | epoch: 1 | total time: 73.88m
step 01298 (29.51%) | K: 3 | loss: 0.680977 | L1: 0.343843 | L2: 0.337253 | L3: 0.337015 | lrm: 1.00 | dt: 3441.19ms | tok/sec: 152,356 | mfu: 39.68 | epoch: 1 | total time: 73.94m
step 01299 (29.54%) | K: 3 | loss: 0.683394 | L1: 0.345103 | L2: 0.338417 | L3: 0.338165 | lrm: 1.00 | dt: 3442.98ms | tok/sec: 152,277 | mfu: 39.66 | epoch: 1 | total time: 73.99m
step 01300 (29.56%) | K: 3 | loss: 0.687428 | L1: 0.347046 | L2: 0.340509 | L3: 0.340254 | lrm: 1.00 | dt: 3446.20ms | tok/sec: 152,135 | mfu: 39.62 | epoch: 1 | total time: 74.05m
step 01301 (29.58%) | K: 3 | loss: 0.685082 | L1: 0.345890 | L2: 0.339321 | L3: 0.339062 | lrm: 1.00 | dt: 3449.36ms | tok/sec: 151,995 | mfu: 39.58 | epoch: 1 | total time: 74.11m
step 01302 (29.60%) | K: 3 | loss: 0.684086 | L1: 0.345428 | L2: 0.338790 | L3: 0.338526 | lrm: 1.00 | dt: 3451.68ms | tok/sec: 151,893 | mfu: 39.56 | epoch: 1 | total time: 74.17m
step 01303 (29.63%) | K: 3 | loss: 0.684897 | L1: 0.345835 | L2: 0.339194 | L3: 0.338932 | lrm: 1.00 | dt: 3454.47ms | tok/sec: 151,770 | mfu: 39.52 | epoch: 1 | total time: 74.22m
step 01304 (29.65%) | K: 3 | loss: 0.681487 | L1: 0.344133 | L2: 0.337488 | L3: 0.337221 | lrm: 1.00 | dt: 3457.63ms | tok/sec: 151,632 | mfu: 39.49 | epoch: 1 | total time: 74.28m
step 01305 (29.67%) | K: 3 | loss: 0.683044 | L1: 0.344887 | L2: 0.338287 | L3: 0.338028 | lrm: 1.00 | dt: 3455.69ms | tok/sec: 151,717 | mfu: 39.51 | epoch: 1 | total time: 74.34m
step 01306 (29.69%) | K: 3 | loss: 0.685893 | L1: 0.346333 | L2: 0.339690 | L3: 0.339428 | lrm: 1.00 | dt: 3454.19ms | tok/sec: 151,783 | mfu: 39.53 | epoch: 1 | total time: 74.40m
step 01307 (29.72%) | K: 3 | loss: 0.689260 | L1: 0.348009 | L2: 0.341372 | L3: 0.341130 | lrm: 1.00 | dt: 3448.06ms | tok/sec: 152,053 | mfu: 39.60 | epoch: 1 | total time: 74.45m
step 01308 (29.74%) | K: 3 | loss: 0.689049 | L1: 0.347920 | L2: 0.341253 | L3: 0.341006 | lrm: 1.00 | dt: 3451.18ms | tok/sec: 151,915 | mfu: 39.56 | epoch: 1 | total time: 74.51m
step 01309 (29.76%) | K: 3 | loss: 0.689629 | L1: 0.348204 | L2: 0.341552 | L3: 0.341299 | lrm: 1.00 | dt: 3446.15ms | tok/sec: 152,137 | mfu: 39.62 | epoch: 1 | total time: 74.57m
step 01310 (29.78%) | K: 3 | loss: 0.687427 | L1: 0.347090 | L2: 0.340462 | L3: 0.340212 | lrm: 1.00 | dt: 3443.72ms | tok/sec: 152,244 | mfu: 39.65 | epoch: 1 | total time: 74.63m
step 01311 (29.81%) | K: 3 | loss: 0.682121 | L1: 0.344419 | L2: 0.337820 | L3: 0.337584 | lrm: 1.00 | dt: 3443.31ms | tok/sec: 152,262 | mfu: 39.65 | epoch: 1 | total time: 74.68m
step 01312 (29.83%) | K: 3 | loss: 0.685824 | L1: 0.346286 | L2: 0.339659 | L3: 0.339416 | lrm: 1.00 | dt: 3441.73ms | tok/sec: 152,332 | mfu: 39.67 | epoch: 1 | total time: 74.74m
step 01313 (29.85%) | K: 3 | loss: 0.686331 | L1: 0.346568 | L2: 0.339880 | L3: 0.339647 | lrm: 1.00 | dt: 3444.26ms | tok/sec: 152,220 | mfu: 39.64 | epoch: 1 | total time: 74.80m
step 01314 (29.87%) | K: 3 | loss: 0.685109 | L1: 0.345999 | L2: 0.339235 | L3: 0.338985 | lrm: 1.00 | dt: 3443.90ms | tok/sec: 152,236 | mfu: 39.65 | epoch: 1 | total time: 74.86m
step 01315 (29.90%) | K: 3 | loss: 0.685128 | L1: 0.346017 | L2: 0.339239 | L3: 0.338981 | lrm: 1.00 | dt: 3444.27ms | tok/sec: 152,220 | mfu: 39.64 | epoch: 1 | total time: 74.91m
step 01316 (29.92%) | K: 3 | loss: 0.683885 | L1: 0.345405 | L2: 0.338604 | L3: 0.338357 | lrm: 1.00 | dt: 3447.20ms | tok/sec: 152,091 | mfu: 39.61 | epoch: 1 | total time: 74.97m
step 01317 (29.94%) | K: 3 | loss: 0.683754 | L1: 0.345267 | L2: 0.338605 | L3: 0.338370 | lrm: 1.00 | dt: 3447.61ms | tok/sec: 152,072 | mfu: 39.60 | epoch: 1 | total time: 75.03m
step 01318 (29.96%) | K: 3 | loss: 0.687322 | L1: 0.347080 | L2: 0.340359 | L3: 0.340125 | lrm: 1.00 | dt: 3447.33ms | tok/sec: 152,085 | mfu: 39.61 | epoch: 1 | total time: 75.09m
step 01319 (29.99%) | K: 3 | loss: 0.686923 | L1: 0.346872 | L2: 0.340161 | L3: 0.339943 | lrm: 1.00 | dt: 3450.43ms | tok/sec: 151,948 | mfu: 39.57 | epoch: 1 | total time: 75.14m
step 01320 (30.01%) | K: 3 | loss: 0.684378 | L1: 0.345592 | L2: 0.338899 | L3: 0.338672 | lrm: 1.00 | dt: 3451.45ms | tok/sec: 151,903 | mfu: 39.56 | epoch: 1 | total time: 75.20m
step 01321 (30.03%) | K: 3 | loss: 0.680408 | L1: 0.343598 | L2: 0.336916 | L3: 0.336704 | lrm: 1.00 | dt: 3455.94ms | tok/sec: 151,706 | mfu: 39.51 | epoch: 1 | total time: 75.26m
step 01322 (30.06%) | K: 3 | loss: 0.680476 | L1: 0.343682 | L2: 0.336906 | L3: 0.336681 | lrm: 1.00 | dt: 3455.02ms | tok/sec: 151,746 | mfu: 39.52 | epoch: 1 | total time: 75.32m
step 01323 (30.08%) | K: 3 | loss: 0.678654 | L1: 0.342766 | L2: 0.335995 | L3: 0.335781 | lrm: 1.00 | dt: 3454.68ms | tok/sec: 151,761 | mfu: 39.52 | epoch: 1 | total time: 75.37m
step 01324 (30.10%) | K: 3 | loss: 0.674366 | L1: 0.340575 | L2: 0.333897 | L3: 0.333685 | lrm: 1.00 | dt: 3454.01ms | tok/sec: 151,791 | mfu: 39.53 | epoch: 1 | total time: 75.43m
step 01325 (30.13%) | K: 3 | loss: 0.674817 | L1: 0.340752 | L2: 0.334168 | L3: 0.333962 | lrm: 1.00 | dt: 3453.26ms | tok/sec: 151,823 | mfu: 39.54 | epoch: 1 | total time: 75.49m
step 01326 (30.15%) | K: 3 | loss: 0.671082 | L1: 0.338838 | L2: 0.332346 | L3: 0.332143 | lrm: 1.00 | dt: 3450.79ms | tok/sec: 151,932 | mfu: 39.57 | epoch: 1 | total time: 75.55m
step 01327 (30.17%) | K: 3 | loss: 0.670116 | L1: 0.338358 | L2: 0.331857 | L3: 0.331660 | lrm: 1.00 | dt: 3449.56ms | tok/sec: 151,986 | mfu: 39.58 | epoch: 1 | total time: 75.60m
step 01328 (30.19%) | K: 3 | loss: 0.671004 | L1: 0.338793 | L2: 0.332322 | L3: 0.332100 | lrm: 1.00 | dt: 3445.73ms | tok/sec: 152,155 | mfu: 39.62 | epoch: 1 | total time: 75.66m
step 01329 (30.22%) | K: 3 | loss: 0.673901 | L1: 0.340302 | L2: 0.333704 | L3: 0.333495 | lrm: 1.00 | dt: 3443.61ms | tok/sec: 152,249 | mfu: 39.65 | epoch: 1 | total time: 75.72m
step 01330 (30.24%) | K: 3 | loss: 0.678239 | L1: 0.342465 | L2: 0.335887 | L3: 0.335661 | lrm: 1.00 | dt: 3440.40ms | tok/sec: 152,391 | mfu: 39.69 | epoch: 1 | total time: 75.78m
step 01331 (30.26%) | K: 3 | loss: 0.679952 | L1: 0.343310 | L2: 0.336758 | L3: 0.336525 | lrm: 1.00 | dt: 3440.74ms | tok/sec: 152,376 | mfu: 39.68 | epoch: 1 | total time: 75.83m
step 01332 (30.28%) | K: 3 | loss: 0.681201 | L1: 0.343904 | L2: 0.337405 | L3: 0.337190 | lrm: 1.00 | dt: 3443.53ms | tok/sec: 152,253 | mfu: 39.65 | epoch: 1 | total time: 75.89m
step 01333 (30.31%) | K: 3 | loss: 0.681414 | L1: 0.343987 | L2: 0.337529 | L3: 0.337325 | lrm: 1.00 | dt: 3439.58ms | tok/sec: 152,428 | mfu: 39.70 | epoch: 1 | total time: 75.95m
step 01334 (30.33%) | K: 3 | loss: 0.684881 | L1: 0.345715 | L2: 0.339272 | L3: 0.339060 | lrm: 1.00 | dt: 3439.80ms | tok/sec: 152,418 | mfu: 39.69 | epoch: 1 | total time: 76.01m
step 01335 (30.35%) | K: 3 | loss: 0.682477 | L1: 0.344527 | L2: 0.338053 | L3: 0.337847 | lrm: 1.00 | dt: 3445.23ms | tok/sec: 152,178 | mfu: 39.63 | epoch: 1 | total time: 76.06m
step 01336 (30.37%) | K: 3 | loss: 0.681068 | L1: 0.343844 | L2: 0.337326 | L3: 0.337123 | lrm: 1.00 | dt: 3446.17ms | tok/sec: 152,136 | mfu: 39.62 | epoch: 1 | total time: 76.12m
step 01337 (30.40%) | K: 3 | loss: 0.675858 | L1: 0.341255 | L2: 0.334706 | L3: 0.334499 | lrm: 1.00 | dt: 3446.45ms | tok/sec: 152,123 | mfu: 39.62 | epoch: 1 | total time: 76.18m
step 01338 (30.42%) | K: 3 | loss: 0.673597 | L1: 0.340141 | L2: 0.333561 | L3: 0.333350 | lrm: 1.00 | dt: 3447.80ms | tok/sec: 152,064 | mfu: 39.60 | epoch: 1 | total time: 76.24m
step 01339 (30.44%) | K: 3 | loss: 0.677162 | L1: 0.341913 | L2: 0.335341 | L3: 0.335157 | lrm: 1.00 | dt: 3451.91ms | tok/sec: 151,883 | mfu: 39.55 | epoch: 1 | total time: 76.29m
step 01340 (30.46%) | K: 3 | loss: 0.674189 | L1: 0.340446 | L2: 0.333833 | L3: 0.333654 | lrm: 1.00 | dt: 3450.52ms | tok/sec: 151,944 | mfu: 39.57 | epoch: 1 | total time: 76.35m
step 01341 (30.49%) | K: 3 | loss: 0.675025 | L1: 0.340855 | L2: 0.334256 | L3: 0.334084 | lrm: 1.00 | dt: 3457.71ms | tok/sec: 151,628 | mfu: 39.49 | epoch: 1 | total time: 76.41m
step 01342 (30.51%) | K: 3 | loss: 0.678575 | L1: 0.342661 | L2: 0.336004 | L3: 0.335823 | lrm: 1.00 | dt: 3455.68ms | tok/sec: 151,717 | mfu: 39.51 | epoch: 1 | total time: 76.47m
step 01343 (30.53%) | K: 3 | loss: 0.678106 | L1: 0.342386 | L2: 0.335810 | L3: 0.335631 | lrm: 1.00 | dt: 3450.93ms | tok/sec: 151,926 | mfu: 39.56 | epoch: 1 | total time: 76.52m
step 01344 (30.55%) | K: 3 | loss: 0.676896 | L1: 0.341775 | L2: 0.335216 | L3: 0.335025 | lrm: 1.00 | dt: 3449.91ms | tok/sec: 151,971 | mfu: 39.58 | epoch: 1 | total time: 76.58m
step 01345 (30.58%) | K: 3 | loss: 0.675979 | L1: 0.341318 | L2: 0.334752 | L3: 0.334570 | lrm: 1.00 | dt: 3445.37ms | tok/sec: 152,171 | mfu: 39.63 | epoch: 1 | total time: 76.64m
step 01346 (30.60%) | K: 3 | loss: 0.674433 | L1: 0.340555 | L2: 0.333974 | L3: 0.333782 | lrm: 1.00 | dt: 3439.99ms | tok/sec: 152,409 | mfu: 39.69 | epoch: 1 | total time: 76.70m
step 01347 (30.62%) | K: 3 | loss: 0.676147 | L1: 0.341410 | L2: 0.334836 | L3: 0.334637 | lrm: 1.00 | dt: 3442.89ms | tok/sec: 152,281 | mfu: 39.66 | epoch: 1 | total time: 76.75m
step 01348 (30.65%) | K: 3 | loss: 0.675270 | L1: 0.340984 | L2: 0.334393 | L3: 0.334178 | lrm: 1.00 | dt: 3437.38ms | tok/sec: 152,525 | mfu: 39.72 | epoch: 1 | total time: 76.81m
step 01349 (30.67%) | K: 3 | loss: 0.675821 | L1: 0.341235 | L2: 0.334683 | L3: 0.334490 | lrm: 1.00 | dt: 3435.53ms | tok/sec: 152,607 | mfu: 39.74 | epoch: 1 | total time: 76.87m
step 01350 (30.69%) | K: 3 | loss: 0.676004 | L1: 0.341365 | L2: 0.334743 | L3: 0.334536 | lrm: 1.00 | dt: 3437.60ms | tok/sec: 152,515 | mfu: 39.72 | epoch: 1 | total time: 76.92m
step 01351 (30.71%) | K: 3 | loss: 0.678075 | L1: 0.342426 | L2: 0.335745 | L3: 0.335554 | lrm: 1.00 | dt: 3434.70ms | tok/sec: 152,644 | mfu: 39.75 | epoch: 1 | total time: 76.98m
step 01352 (30.74%) | K: 3 | loss: 0.678731 | L1: 0.342790 | L2: 0.336034 | L3: 0.335849 | lrm: 1.00 | dt: 3444.02ms | tok/sec: 152,231 | mfu: 39.64 | epoch: 1 | total time: 77.04m
step 01353 (30.76%) | K: 3 | loss: 0.674791 | L1: 0.340813 | L2: 0.334069 | L3: 0.333888 | lrm: 1.00 | dt: 3444.45ms | tok/sec: 152,212 | mfu: 39.64 | epoch: 1 | total time: 77.10m
step 01354 (30.78%) | K: 3 | loss: 0.670524 | L1: 0.338672 | L2: 0.331945 | L3: 0.331758 | lrm: 1.00 | dt: 3449.65ms | tok/sec: 151,983 | mfu: 39.58 | epoch: 1 | total time: 77.15m
step 01355 (30.80%) | K: 3 | loss: 0.667507 | L1: 0.337157 | L2: 0.330449 | L3: 0.330249 | lrm: 1.00 | dt: 3451.38ms | tok/sec: 151,906 | mfu: 39.56 | epoch: 1 | total time: 77.21m
step 01356 (30.83%) | K: 3 | loss: 0.671997 | L1: 0.339393 | L2: 0.332703 | L3: 0.332504 | lrm: 1.00 | dt: 3455.23ms | tok/sec: 151,737 | mfu: 39.52 | epoch: 1 | total time: 77.27m
step 01357 (30.85%) | K: 3 | loss: 0.673933 | L1: 0.340348 | L2: 0.333692 | L3: 0.333476 | lrm: 1.00 | dt: 3456.67ms | tok/sec: 151,674 | mfu: 39.50 | epoch: 1 | total time: 77.33m
step 01358 (30.87%) | K: 3 | loss: 0.681081 | L1: 0.343944 | L2: 0.337241 | L3: 0.337033 | lrm: 1.00 | dt: 3456.95ms | tok/sec: 151,661 | mfu: 39.50 | epoch: 1 | total time: 77.38m
step 01359 (30.89%) | K: 3 | loss: 0.677378 | L1: 0.342068 | L2: 0.335410 | L3: 0.335210 | lrm: 1.00 | dt: 3451.11ms | tok/sec: 151,918 | mfu: 39.56 | epoch: 1 | total time: 77.44m
step 01360 (30.92%) | K: 3 | loss: 0.679068 | L1: 0.342941 | L2: 0.336230 | L3: 0.336024 | lrm: 1.00 | dt: 3452.37ms | tok/sec: 151,863 | mfu: 39.55 | epoch: 1 | total time: 77.50m
step 01361 (30.94%) | K: 3 | loss: 0.677419 | L1: 0.342132 | L2: 0.335392 | L3: 0.335181 | lrm: 1.00 | dt: 3450.72ms | tok/sec: 151,936 | mfu: 39.57 | epoch: 1 | total time: 77.56m
step 01362 (30.96%) | K: 3 | loss: 0.676435 | L1: 0.341628 | L2: 0.334916 | L3: 0.334698 | lrm: 1.00 | dt: 3445.02ms | tok/sec: 152,187 | mfu: 39.63 | epoch: 1 | total time: 77.61m
step 01363 (30.98%) | K: 3 | loss: 0.674070 | L1: 0.340415 | L2: 0.333760 | L3: 0.333550 | lrm: 1.00 | dt: 3447.36ms | tok/sec: 152,083 | mfu: 39.61 | epoch: 1 | total time: 77.67m
step 01364 (31.01%) | K: 3 | loss: 0.675421 | L1: 0.341104 | L2: 0.334424 | L3: 0.334209 | lrm: 1.00 | dt: 3444.30ms | tok/sec: 152,219 | mfu: 39.64 | epoch: 1 | total time: 77.73m
step 01365 (31.03%) | K: 3 | loss: 0.674227 | L1: 0.340508 | L2: 0.333833 | L3: 0.333606 | lrm: 1.00 | dt: 3443.76ms | tok/sec: 152,242 | mfu: 39.65 | epoch: 1 | total time: 77.79m
step 01366 (31.05%) | K: 3 | loss: 0.674818 | L1: 0.340792 | L2: 0.334140 | L3: 0.333913 | lrm: 1.00 | dt: 3442.81ms | tok/sec: 152,284 | mfu: 39.66 | epoch: 1 | total time: 77.84m
step 01367 (31.07%) | K: 3 | loss: 0.674198 | L1: 0.340495 | L2: 0.333813 | L3: 0.333592 | lrm: 1.00 | dt: 3445.64ms | tok/sec: 152,159 | mfu: 39.63 | epoch: 1 | total time: 77.90m
step 01368 (31.10%) | K: 3 | loss: 0.677303 | L1: 0.342056 | L2: 0.335368 | L3: 0.335128 | lrm: 1.00 | dt: 3447.41ms | tok/sec: 152,081 | mfu: 39.60 | epoch: 1 | total time: 77.96m
step 01369 (31.12%) | K: 3 | loss: 0.679868 | L1: 0.343403 | L2: 0.336593 | L3: 0.336337 | lrm: 1.00 | dt: 3448.28ms | tok/sec: 152,043 | mfu: 39.59 | epoch: 1 | total time: 78.02m
step 01370 (31.14%) | K: 3 | loss: 0.680165 | L1: 0.343553 | L2: 0.336750 | L3: 0.336476 | lrm: 1.00 | dt: 3449.53ms | tok/sec: 151,988 | mfu: 39.58 | epoch: 1 | total time: 78.07m
step 01371 (31.17%) | K: 3 | loss: 0.677462 | L1: 0.342195 | L2: 0.335402 | L3: 0.335133 | lrm: 1.00 | dt: 3453.68ms | tok/sec: 151,805 | mfu: 39.53 | epoch: 1 | total time: 78.13m
step 01372 (31.19%) | K: 3 | loss: 0.679833 | L1: 0.343361 | L2: 0.336599 | L3: 0.336345 | lrm: 1.00 | dt: 3452.84ms | tok/sec: 151,842 | mfu: 39.54 | epoch: 1 | total time: 78.19m
step 01373 (31.21%) | K: 3 | loss: 0.684259 | L1: 0.345563 | L2: 0.338817 | L3: 0.338576 | lrm: 1.00 | dt: 3452.97ms | tok/sec: 151,836 | mfu: 39.54 | epoch: 1 | total time: 78.25m
step 01374 (31.24%) | K: 3 | loss: 0.684214 | L1: 0.345543 | L2: 0.338792 | L3: 0.338550 | lrm: 1.00 | dt: 3453.49ms | tok/sec: 151,814 | mfu: 39.54 | epoch: 1 | total time: 78.30m
step 01375 (31.26%) | K: 3 | loss: 0.677634 | L1: 0.342258 | L2: 0.335497 | L3: 0.335255 | lrm: 1.00 | dt: 3448.80ms | tok/sec: 152,020 | mfu: 39.59 | epoch: 1 | total time: 78.36m
step 01376 (31.28%) | K: 3 | loss: 0.678983 | L1: 0.342962 | L2: 0.336140 | L3: 0.335903 | lrm: 1.00 | dt: 3444.46ms | tok/sec: 152,211 | mfu: 39.64 | epoch: 1 | total time: 78.42m
step 01377 (31.30%) | K: 3 | loss: 0.678953 | L1: 0.342942 | L2: 0.336124 | L3: 0.335898 | lrm: 1.00 | dt: 3440.29ms | tok/sec: 152,396 | mfu: 39.69 | epoch: 1 | total time: 78.48m
step 01378 (31.33%) | K: 3 | loss: 0.680149 | L1: 0.343519 | L2: 0.336745 | L3: 0.336514 | lrm: 1.00 | dt: 3441.90ms | tok/sec: 152,325 | mfu: 39.67 | epoch: 1 | total time: 78.53m
step 01379 (31.35%) | K: 3 | loss: 0.674906 | L1: 0.340894 | L2: 0.334125 | L3: 0.333898 | lrm: 1.00 | dt: 3436.83ms | tok/sec: 152,549 | mfu: 39.73 | epoch: 1 | total time: 78.59m
step 01380 (31.37%) | K: 3 | loss: 0.676328 | L1: 0.341611 | L2: 0.334827 | L3: 0.334608 | lrm: 1.00 | dt: 3439.83ms | tok/sec: 152,416 | mfu: 39.69 | epoch: 1 | total time: 78.65m
step 01381 (31.39%) | K: 3 | loss: 0.675564 | L1: 0.341209 | L2: 0.334452 | L3: 0.334258 | lrm: 1.00 | dt: 3437.59ms | tok/sec: 152,515 | mfu: 39.72 | epoch: 1 | total time: 78.71m
step 01382 (31.42%) | K: 3 | loss: 0.673838 | L1: 0.340352 | L2: 0.333583 | L3: 0.333389 | lrm: 1.00 | dt: 3444.07ms | tok/sec: 152,229 | mfu: 39.64 | epoch: 1 | total time: 78.76m
step 01383 (31.44%) | K: 3 | loss: 0.673788 | L1: 0.340289 | L2: 0.333599 | L3: 0.333400 | lrm: 1.00 | dt: 3446.74ms | tok/sec: 152,111 | mfu: 39.61 | epoch: 1 | total time: 78.82m
step 01384 (31.46%) | K: 3 | loss: 0.675550 | L1: 0.341190 | L2: 0.334460 | L3: 0.334261 | lrm: 1.00 | dt: 3451.44ms | tok/sec: 151,904 | mfu: 39.56 | epoch: 1 | total time: 78.88m
step 01385 (31.49%) | K: 3 | loss: 0.677654 | L1: 0.342252 | L2: 0.335509 | L3: 0.335295 | lrm: 1.00 | dt: 3453.31ms | tok/sec: 151,821 | mfu: 39.54 | epoch: 1 | total time: 78.94m
step 01386 (31.51%) | K: 3 | loss: 0.676923 | L1: 0.341901 | L2: 0.335128 | L3: 0.334918 | lrm: 1.00 | dt: 3456.78ms | tok/sec: 151,669 | mfu: 39.50 | epoch: 1 | total time: 78.99m
step 01387 (31.53%) | K: 3 | loss: 0.675854 | L1: 0.341349 | L2: 0.334613 | L3: 0.334396 | lrm: 1.00 | dt: 3455.37ms | tok/sec: 151,731 | mfu: 39.51 | epoch: 1 | total time: 79.05m
step 01388 (31.55%) | K: 3 | loss: 0.675132 | L1: 0.340986 | L2: 0.334248 | L3: 0.334045 | lrm: 1.00 | dt: 3456.51ms | tok/sec: 151,681 | mfu: 39.50 | epoch: 1 | total time: 79.11m
step 01389 (31.58%) | K: 3 | loss: 0.674814 | L1: 0.340799 | L2: 0.334115 | L3: 0.333915 | lrm: 1.00 | dt: 3459.26ms | tok/sec: 151,560 | mfu: 39.47 | epoch: 1 | total time: 79.17m
step 01390 (31.60%) | K: 3 | loss: 0.676309 | L1: 0.341560 | L2: 0.334856 | L3: 0.334641 | lrm: 1.00 | dt: 3457.51ms | tok/sec: 151,637 | mfu: 39.49 | epoch: 1 | total time: 79.22m
step 01391 (31.62%) | K: 3 | loss: 0.671187 | L1: 0.338971 | L2: 0.332319 | L3: 0.332113 | lrm: 1.00 | dt: 3455.88ms | tok/sec: 151,708 | mfu: 39.51 | epoch: 1 | total time: 79.28m
step 01392 (31.65%) | K: 3 | loss: 0.667119 | L1: 0.336950 | L2: 0.330274 | L3: 0.330063 | lrm: 1.00 | dt: 3452.16ms | tok/sec: 151,872 | mfu: 39.55 | epoch: 1 | total time: 79.34m
step 01393 (31.67%) | K: 3 | loss: 0.671666 | L1: 0.339191 | L2: 0.332572 | L3: 0.332377 | lrm: 1.00 | dt: 3447.73ms | tok/sec: 152,067 | mfu: 39.60 | epoch: 1 | total time: 79.40m
step 01394 (31.69%) | K: 3 | loss: 0.675317 | L1: 0.341040 | L2: 0.334378 | L3: 0.334175 | lrm: 1.00 | dt: 3449.92ms | tok/sec: 151,971 | mfu: 39.58 | epoch: 1 | total time: 79.45m
step 01395 (31.71%) | K: 3 | loss: 0.675702 | L1: 0.341253 | L2: 0.334548 | L3: 0.334350 | lrm: 1.00 | dt: 3444.88ms | tok/sec: 152,193 | mfu: 39.63 | epoch: 1 | total time: 79.51m
step 01396 (31.74%) | K: 3 | loss: 0.676092 | L1: 0.341405 | L2: 0.334790 | L3: 0.334584 | lrm: 1.00 | dt: 3440.08ms | tok/sec: 152,405 | mfu: 39.69 | epoch: 1 | total time: 79.57m
step 01397 (31.76%) | K: 3 | loss: 0.672185 | L1: 0.339412 | L2: 0.332873 | L3: 0.332672 | lrm: 1.00 | dt: 3441.09ms | tok/sec: 152,360 | mfu: 39.68 | epoch: 1 | total time: 79.63m
step 01398 (31.78%) | K: 3 | loss: 0.666863 | L1: 0.336750 | L2: 0.330232 | L3: 0.329993 | lrm: 1.00 | dt: 3442.87ms | tok/sec: 152,282 | mfu: 39.66 | epoch: 1 | total time: 79.68m
step 01399 (31.80%) | K: 3 | loss: 0.666947 | L1: 0.336803 | L2: 0.330255 | L3: 0.330032 | lrm: 1.00 | dt: 3441.95ms | tok/sec: 152,322 | mfu: 39.67 | epoch: 1 | total time: 79.74m
step 01400 (31.83%) | K: 3 | loss: 0.672764 | L1: 0.339714 | L2: 0.333167 | L3: 0.332934 | lrm: 1.00 | dt: 3441.15ms | tok/sec: 152,358 | mfu: 39.68 | epoch: 1 | total time: 79.80m
step 01401 (31.85%) | K: 3 | loss: 0.668781 | L1: 0.337729 | L2: 0.331173 | L3: 0.330930 | lrm: 1.00 | dt: 3445.62ms | tok/sec: 152,160 | mfu: 39.63 | epoch: 1 | total time: 79.86m
step 01402 (31.87%) | K: 3 | loss: 0.671650 | L1: 0.339236 | L2: 0.332543 | L3: 0.332286 | lrm: 1.00 | dt: 3445.72ms | tok/sec: 152,156 | mfu: 39.62 | epoch: 1 | total time: 79.91m
step 01403 (31.89%) | K: 3 | loss: 0.671312 | L1: 0.339064 | L2: 0.332368 | L3: 0.332128 | lrm: 1.00 | dt: 3445.13ms | tok/sec: 152,182 | mfu: 39.63 | epoch: 1 | total time: 79.97m
step 01404 (31.92%) | K: 3 | loss: 0.669373 | L1: 0.338099 | L2: 0.331399 | L3: 0.331149 | lrm: 1.00 | dt: 3448.16ms | tok/sec: 152,048 | mfu: 39.60 | epoch: 1 | total time: 80.03m
step 01405 (31.94%) | K: 3 | loss: 0.675103 | L1: 0.340937 | L2: 0.334294 | L3: 0.334038 | lrm: 1.00 | dt: 3447.93ms | tok/sec: 152,058 | mfu: 39.60 | epoch: 1 | total time: 80.09m
step 01406 (31.96%) | K: 3 | loss: 0.677835 | L1: 0.342303 | L2: 0.335655 | L3: 0.335409 | lrm: 1.00 | dt: 3453.14ms | tok/sec: 151,829 | mfu: 39.54 | epoch: 1 | total time: 80.14m
step 01407 (31.98%) | K: 3 | loss: 0.674369 | L1: 0.340556 | L2: 0.333935 | L3: 0.333692 | lrm: 1.00 | dt: 3450.17ms | tok/sec: 151,960 | mfu: 39.57 | epoch: 1 | total time: 80.20m
step 01408 (32.00%) | K: 3 | loss: 0.674033 | L1: 0.340381 | L2: 0.333765 | L3: 0.333539 | lrm: 1.00 | dt: 3452.50ms | tok/sec: 151,857 | mfu: 39.55 | epoch: 1 | total time: 80.26m
step 01409 (32.03%) | K: 3 | loss: 0.677560 | L1: 0.342193 | L2: 0.335487 | L3: 0.335248 | lrm: 1.00 | dt: 3453.14ms | tok/sec: 151,829 | mfu: 39.54 | epoch: 1 | total time: 80.32m
step 01410 (32.05%) | K: 3 | loss: 0.678847 | L1: 0.342822 | L2: 0.336138 | L3: 0.335912 | lrm: 1.00 | dt: 3452.64ms | tok/sec: 151,851 | mfu: 39.54 | epoch: 1 | total time: 80.37m
step 01411 (32.07%) | K: 3 | loss: 0.679562 | L1: 0.343176 | L2: 0.336499 | L3: 0.336272 | lrm: 1.00 | dt: 3454.07ms | tok/sec: 151,788 | mfu: 39.53 | epoch: 1 | total time: 80.43m
step 01412 (32.10%) | K: 3 | loss: 0.681829 | L1: 0.344230 | L2: 0.337702 | L3: 0.337496 | lrm: 1.00 | dt: 3445.71ms | tok/sec: 152,156 | mfu: 39.62 | epoch: 1 | total time: 80.49m
step 01413 (32.12%) | K: 3 | loss: 0.678491 | L1: 0.342540 | L2: 0.336045 | L3: 0.335857 | lrm: 1.00 | dt: 3447.28ms | tok/sec: 152,087 | mfu: 39.61 | epoch: 1 | total time: 80.55m
step 01414 (32.14%) | K: 3 | loss: 0.677403 | L1: 0.342034 | L2: 0.335469 | L3: 0.335269 | lrm: 1.00 | dt: 3445.63ms | tok/sec: 152,160 | mfu: 39.63 | epoch: 1 | total time: 80.60m
step 01415 (32.17%) | K: 3 | loss: 0.671400 | L1: 0.339084 | L2: 0.332420 | L3: 0.332212 | lrm: 1.00 | dt: 3442.29ms | tok/sec: 152,307 | mfu: 39.66 | epoch: 1 | total time: 80.66m
step 01416 (32.19%) | K: 3 | loss: 0.673979 | L1: 0.340378 | L2: 0.333703 | L3: 0.333498 | lrm: 1.00 | dt: 3441.02ms | tok/sec: 152,363 | mfu: 39.68 | epoch: 1 | total time: 80.72m
step 01417 (32.21%) | K: 3 | loss: 0.671035 | L1: 0.338923 | L2: 0.332217 | L3: 0.332007 | lrm: 1.00 | dt: 3448.21ms | tok/sec: 152,046 | mfu: 39.60 | epoch: 1 | total time: 80.78m
step 01418 (32.24%) | K: 3 | loss: 0.678739 | L1: 0.342821 | L2: 0.336031 | L3: 0.335806 | lrm: 1.00 | dt: 3447.10ms | tok/sec: 152,095 | mfu: 39.61 | epoch: 1 | total time: 80.83m
step 01419 (32.26%) | K: 3 | loss: 0.678822 | L1: 0.342816 | L2: 0.336117 | L3: 0.335894 | lrm: 1.00 | dt: 3447.86ms | tok/sec: 152,061 | mfu: 39.60 | epoch: 1 | total time: 80.89m
step 01420 (32.28%) | K: 3 | loss: 0.680616 | L1: 0.343693 | L2: 0.337031 | L3: 0.336816 | lrm: 1.00 | dt: 3448.54ms | tok/sec: 152,031 | mfu: 39.59 | epoch: 1 | total time: 80.95m
step 01421 (32.30%) | K: 3 | loss: 0.679178 | L1: 0.342999 | L2: 0.336288 | L3: 0.336069 | lrm: 1.00 | dt: 3450.84ms | tok/sec: 151,930 | mfu: 39.57 | epoch: 1 | total time: 81.01m
step 01422 (32.33%) | K: 3 | loss: 0.678134 | L1: 0.342465 | L2: 0.335770 | L3: 0.335568 | lrm: 1.00 | dt: 3446.28ms | tok/sec: 152,131 | mfu: 39.62 | epoch: 1 | total time: 81.06m
step 01423 (32.35%) | K: 3 | loss: 0.676806 | L1: 0.341835 | L2: 0.335068 | L3: 0.334873 | lrm: 1.00 | dt: 3451.65ms | tok/sec: 151,895 | mfu: 39.56 | epoch: 1 | total time: 81.12m
step 01424 (32.37%) | K: 3 | loss: 0.671637 | L1: 0.339259 | L2: 0.332474 | L3: 0.332281 | lrm: 1.00 | dt: 3453.91ms | tok/sec: 151,795 | mfu: 39.53 | epoch: 1 | total time: 81.18m
step 01425 (32.40%) | K: 3 | loss: 0.669970 | L1: 0.338425 | L2: 0.331629 | L3: 0.331462 | lrm: 1.00 | dt: 3452.14ms | tok/sec: 151,873 | mfu: 39.55 | epoch: 1 | total time: 81.24m
step 01426 (32.42%) | K: 3 | loss: 0.668703 | L1: 0.337798 | L2: 0.330992 | L3: 0.330817 | lrm: 1.00 | dt: 3455.00ms | tok/sec: 151,747 | mfu: 39.52 | epoch: 1 | total time: 81.29m
step 01427 (32.44%) | K: 3 | loss: 0.669170 | L1: 0.338003 | L2: 0.331257 | L3: 0.331078 | lrm: 1.00 | dt: 3456.20ms | tok/sec: 151,694 | mfu: 39.50 | epoch: 1 | total time: 81.35m
step 01428 (32.47%) | K: 3 | loss: 0.668548 | L1: 0.337680 | L2: 0.330957 | L3: 0.330777 | lrm: 1.00 | dt: 3453.47ms | tok/sec: 151,814 | mfu: 39.54 | epoch: 1 | total time: 81.41m
step 01429 (32.49%) | K: 3 | loss: 0.666351 | L1: 0.336537 | L2: 0.329898 | L3: 0.329730 | lrm: 1.00 | dt: 3452.63ms | tok/sec: 151,851 | mfu: 39.54 | epoch: 1 | total time: 81.47m
step 01430 (32.51%) | K: 3 | loss: 0.663518 | L1: 0.335104 | L2: 0.328498 | L3: 0.328330 | lrm: 1.00 | dt: 3449.77ms | tok/sec: 151,977 | mfu: 39.58 | epoch: 1 | total time: 81.52m
step 01431 (32.54%) | K: 3 | loss: 0.660321 | L1: 0.333467 | L2: 0.326942 | L3: 0.326767 | lrm: 1.00 | dt: 3448.04ms | tok/sec: 152,053 | mfu: 39.60 | epoch: 1 | total time: 81.58m
step 01432 (32.56%) | K: 3 | loss: 0.660937 | L1: 0.333783 | L2: 0.327247 | L3: 0.327061 | lrm: 1.00 | dt: 3448.99ms | tok/sec: 152,012 | mfu: 39.59 | epoch: 1 | total time: 81.64m
step 01433 (32.58%) | K: 3 | loss: 0.659503 | L1: 0.333090 | L2: 0.326516 | L3: 0.326309 | lrm: 1.00 | dt: 3445.68ms | tok/sec: 152,157 | mfu: 39.62 | epoch: 1 | total time: 81.70m
step 01434 (32.61%) | K: 3 | loss: 0.657951 | L1: 0.332335 | L2: 0.325722 | L3: 0.325510 | lrm: 1.00 | dt: 3447.55ms | tok/sec: 152,075 | mfu: 39.60 | epoch: 1 | total time: 81.75m
step 01435 (32.63%) | K: 3 | loss: 0.656040 | L1: 0.331357 | L2: 0.324784 | L3: 0.324582 | lrm: 1.00 | dt: 3443.08ms | tok/sec: 152,272 | mfu: 39.65 | epoch: 1 | total time: 81.81m
step 01436 (32.65%) | K: 3 | loss: 0.658000 | L1: 0.332362 | L2: 0.325745 | L3: 0.325531 | lrm: 1.00 | dt: 3443.88ms | tok/sec: 152,237 | mfu: 39.65 | epoch: 1 | total time: 81.87m
step 01437 (32.67%) | K: 3 | loss: 0.659378 | L1: 0.333062 | L2: 0.326425 | L3: 0.326207 | lrm: 1.00 | dt: 3447.13ms | tok/sec: 152,093 | mfu: 39.61 | epoch: 1 | total time: 81.92m
step 01438 (32.70%) | K: 3 | loss: 0.663274 | L1: 0.335026 | L2: 0.328356 | L3: 0.328138 | lrm: 1.00 | dt: 3445.01ms | tok/sec: 152,187 | mfu: 39.63 | epoch: 1 | total time: 81.98m
step 01439 (32.72%) | K: 3 | loss: 0.668402 | L1: 0.337631 | L2: 0.330876 | L3: 0.330667 | lrm: 1.00 | dt: 3448.56ms | tok/sec: 152,030 | mfu: 39.59 | epoch: 1 | total time: 82.04m
step 01440 (32.74%) | K: 3 | loss: 0.666541 | L1: 0.336654 | L2: 0.329983 | L3: 0.329790 | lrm: 1.00 | dt: 3452.57ms | tok/sec: 151,854 | mfu: 39.55 | epoch: 1 | total time: 82.10m
step 01441 (32.76%) | K: 3 | loss: 0.670460 | L1: 0.338608 | L2: 0.331954 | L3: 0.331750 | lrm: 1.00 | dt: 3455.82ms | tok/sec: 151,711 | mfu: 39.51 | epoch: 1 | total time: 82.16m
step 01442 (32.78%) | K: 3 | loss: 0.670817 | L1: 0.338748 | L2: 0.332170 | L3: 0.331968 | lrm: 1.00 | dt: 3458.35ms | tok/sec: 151,600 | mfu: 39.48 | epoch: 1 | total time: 82.21m
step 01443 (32.81%) | K: 3 | loss: 0.672145 | L1: 0.339490 | L2: 0.332758 | L3: 0.332552 | lrm: 1.00 | dt: 3459.56ms | tok/sec: 151,547 | mfu: 39.47 | epoch: 1 | total time: 82.27m
step 01444 (32.83%) | K: 3 | loss: 0.676335 | L1: 0.341627 | L2: 0.334817 | L3: 0.334598 | lrm: 1.00 | dt: 3461.15ms | tok/sec: 151,478 | mfu: 39.45 | epoch: 1 | total time: 82.33m
step 01445 (32.85%) | K: 3 | loss: 0.680121 | L1: 0.343531 | L2: 0.336705 | L3: 0.336475 | lrm: 1.00 | dt: 3459.71ms | tok/sec: 151,540 | mfu: 39.46 | epoch: 1 | total time: 82.39m
step 01446 (32.87%) | K: 3 | loss: 0.677394 | L1: 0.342105 | L2: 0.335397 | L3: 0.335180 | lrm: 1.00 | dt: 3452.55ms | tok/sec: 151,855 | mfu: 39.55 | epoch: 1 | total time: 82.44m
step 01447 (32.90%) | K: 3 | loss: 0.677969 | L1: 0.342421 | L2: 0.335652 | L3: 0.335444 | lrm: 1.00 | dt: 3455.55ms | tok/sec: 151,723 | mfu: 39.51 | epoch: 1 | total time: 82.50m
step 01448 (32.92%) | K: 3 | loss: 0.673524 | L1: 0.340186 | L2: 0.333442 | L3: 0.333234 | lrm: 1.00 | dt: 3455.05ms | tok/sec: 151,745 | mfu: 39.52 | epoch: 1 | total time: 82.56m
step 01449 (32.94%) | K: 3 | loss: 0.671854 | L1: 0.339330 | L2: 0.332627 | L3: 0.332421 | lrm: 1.00 | dt: 3450.24ms | tok/sec: 151,956 | mfu: 39.57 | epoch: 1 | total time: 82.62m
step 01450 (32.96%) | K: 3 | loss: 0.670599 | L1: 0.338678 | L2: 0.332019 | L3: 0.331824 | lrm: 1.00 | dt: 3451.48ms | tok/sec: 151,902 | mfu: 39.56 | epoch: 1 | total time: 82.67m
step 01451 (32.99%) | K: 3 | loss: 0.666994 | L1: 0.336896 | L2: 0.330192 | L3: 0.330004 | lrm: 1.00 | dt: 3449.14ms | tok/sec: 152,005 | mfu: 39.58 | epoch: 1 | total time: 82.73m
step 01452 (33.01%) | K: 3 | loss: 0.665457 | L1: 0.336132 | L2: 0.329418 | L3: 0.329232 | lrm: 1.00 | dt: 3449.56ms | tok/sec: 151,986 | mfu: 39.58 | epoch: 1 | total time: 82.79m
step 01453 (33.03%) | K: 3 | loss: 0.660365 | L1: 0.333559 | L2: 0.326887 | L3: 0.326725 | lrm: 1.00 | dt: 3446.27ms | tok/sec: 152,132 | mfu: 39.62 | epoch: 1 | total time: 82.85m
step 01454 (33.05%) | K: 3 | loss: 0.661737 | L1: 0.334285 | L2: 0.327541 | L3: 0.327361 | lrm: 1.00 | dt: 3442.54ms | tok/sec: 152,296 | mfu: 39.66 | epoch: 1 | total time: 82.90m
step 01455 (33.08%) | K: 3 | loss: 0.658674 | L1: 0.332773 | L2: 0.325991 | L3: 0.325811 | lrm: 1.00 | dt: 3443.59ms | tok/sec: 152,250 | mfu: 39.65 | epoch: 1 | total time: 82.96m
step 01456 (33.10%) | K: 3 | loss: 0.661485 | L1: 0.334164 | L2: 0.327416 | L3: 0.327225 | lrm: 1.00 | dt: 3443.17ms | tok/sec: 152,268 | mfu: 39.65 | epoch: 1 | total time: 83.02m
step 01457 (33.12%) | K: 3 | loss: 0.665039 | L1: 0.335947 | L2: 0.329186 | L3: 0.328998 | lrm: 1.00 | dt: 3444.82ms | tok/sec: 152,196 | mfu: 39.63 | epoch: 1 | total time: 83.08m
step 01458 (33.14%) | K: 3 | loss: 0.661292 | L1: 0.334117 | L2: 0.327281 | L3: 0.327069 | lrm: 1.00 | dt: 3445.34ms | tok/sec: 152,173 | mfu: 39.63 | epoch: 1 | total time: 83.13m
step 01459 (33.17%) | K: 3 | loss: 0.660829 | L1: 0.333873 | L2: 0.327067 | L3: 0.326845 | lrm: 1.00 | dt: 3444.01ms | tok/sec: 152,232 | mfu: 39.64 | epoch: 1 | total time: 83.19m
step 01460 (33.19%) | K: 3 | loss: 0.662224 | L1: 0.334566 | L2: 0.327764 | L3: 0.327551 | lrm: 1.00 | dt: 3442.53ms | tok/sec: 152,297 | mfu: 39.66 | epoch: 1 | total time: 83.25m
step 01461 (33.21%) | K: 3 | loss: 0.663351 | L1: 0.335118 | L2: 0.328342 | L3: 0.328124 | lrm: 1.00 | dt: 3443.74ms | tok/sec: 152,243 | mfu: 39.65 | epoch: 1 | total time: 83.30m
step 01462 (33.24%) | K: 3 | loss: 0.670670 | L1: 0.338804 | L2: 0.331970 | L3: 0.331762 | lrm: 1.00 | dt: 3441.68ms | tok/sec: 152,334 | mfu: 39.67 | epoch: 1 | total time: 83.36m
step 01463 (33.26%) | K: 3 | loss: 0.666940 | L1: 0.336964 | L2: 0.330089 | L3: 0.329863 | lrm: 1.00 | dt: 3442.37ms | tok/sec: 152,304 | mfu: 39.66 | epoch: 1 | total time: 83.42m
step 01464 (33.28%) | K: 3 | loss: 0.668921 | L1: 0.337977 | L2: 0.331050 | L3: 0.330837 | lrm: 1.00 | dt: 3444.08ms | tok/sec: 152,228 | mfu: 39.64 | epoch: 1 | total time: 83.48m
step 01465 (33.30%) | K: 3 | loss: 0.667209 | L1: 0.337126 | L2: 0.330188 | L3: 0.329977 | lrm: 1.00 | dt: 3444.80ms | tok/sec: 152,197 | mfu: 39.63 | epoch: 1 | total time: 83.53m
step 01466 (33.33%) | K: 3 | loss: 0.660579 | L1: 0.333779 | L2: 0.326897 | L3: 0.326703 | lrm: 1.00 | dt: 3445.17ms | tok/sec: 152,180 | mfu: 39.63 | epoch: 1 | total time: 83.59m
step 01467 (33.35%) | K: 3 | loss: 0.663117 | L1: 0.334997 | L2: 0.328216 | L3: 0.328024 | lrm: 1.00 | dt: 3451.76ms | tok/sec: 151,890 | mfu: 39.55 | epoch: 1 | total time: 83.65m
step 01468 (33.37%) | K: 3 | loss: 0.660900 | L1: 0.333894 | L2: 0.327099 | L3: 0.326914 | lrm: 1.00 | dt: 3452.57ms | tok/sec: 151,854 | mfu: 39.55 | epoch: 1 | total time: 83.71m
step 01469 (33.39%) | K: 3 | loss: 0.662358 | L1: 0.334614 | L2: 0.327834 | L3: 0.327654 | lrm: 1.00 | dt: 3455.72ms | tok/sec: 151,715 | mfu: 39.51 | epoch: 1 | total time: 83.76m
step 01470 (33.42%) | K: 3 | loss: 0.662818 | L1: 0.334797 | L2: 0.328116 | L3: 0.327925 | lrm: 1.00 | dt: 3456.69ms | tok/sec: 151,673 | mfu: 39.50 | epoch: 1 | total time: 83.82m
step 01471 (33.44%) | K: 3 | loss: 0.660728 | L1: 0.333760 | L2: 0.327065 | L3: 0.326870 | lrm: 1.00 | dt: 3455.31ms | tok/sec: 151,733 | mfu: 39.51 | epoch: 1 | total time: 83.88m
step 01472 (33.46%) | K: 3 | loss: 0.661674 | L1: 0.334213 | L2: 0.327553 | L3: 0.327370 | lrm: 1.00 | dt: 3461.08ms | tok/sec: 151,480 | mfu: 39.45 | epoch: 1 | total time: 83.94m
step 01473 (33.49%) | K: 3 | loss: 0.662273 | L1: 0.334511 | L2: 0.327849 | L3: 0.327676 | lrm: 1.00 | dt: 3461.40ms | tok/sec: 151,467 | mfu: 39.44 | epoch: 1 | total time: 84.00m
step 01474 (33.51%) | K: 3 | loss: 0.657149 | L1: 0.331913 | L2: 0.325306 | L3: 0.325165 | lrm: 1.00 | dt: 3458.29ms | tok/sec: 151,603 | mfu: 39.48 | epoch: 1 | total time: 84.05m
step 01475 (33.53%) | K: 3 | loss: 0.652145 | L1: 0.329363 | L2: 0.322850 | L3: 0.322712 | lrm: 1.00 | dt: 3462.46ms | tok/sec: 151,420 | mfu: 39.43 | epoch: 1 | total time: 84.11m
step 01476 (33.55%) | K: 3 | loss: 0.650779 | L1: 0.328726 | L2: 0.322131 | L3: 0.321974 | lrm: 1.00 | dt: 3458.11ms | tok/sec: 151,610 | mfu: 39.48 | epoch: 1 | total time: 84.17m
step 01477 (33.58%) | K: 3 | loss: 0.651348 | L1: 0.329000 | L2: 0.322427 | L3: 0.322269 | lrm: 1.00 | dt: 3459.20ms | tok/sec: 151,563 | mfu: 39.47 | epoch: 1 | total time: 84.23m
step 01478 (33.60%) | K: 3 | loss: 0.656735 | L1: 0.331709 | L2: 0.325113 | L3: 0.324938 | lrm: 1.00 | dt: 3455.77ms | tok/sec: 151,713 | mfu: 39.51 | epoch: 1 | total time: 84.28m
step 01479 (33.62%) | K: 3 | loss: 0.658588 | L1: 0.332652 | L2: 0.326032 | L3: 0.325839 | lrm: 1.00 | dt: 3452.65ms | tok/sec: 151,850 | mfu: 39.54 | epoch: 1 | total time: 84.34m
step 01480 (33.64%) | K: 3 | loss: 0.656727 | L1: 0.331723 | L2: 0.325100 | L3: 0.324908 | lrm: 1.00 | dt: 3451.29ms | tok/sec: 151,910 | mfu: 39.56 | epoch: 1 | total time: 84.40m
step 01481 (33.67%) | K: 3 | loss: 0.659851 | L1: 0.333265 | L2: 0.326688 | L3: 0.326483 | lrm: 1.00 | dt: 3448.94ms | tok/sec: 152,014 | mfu: 39.59 | epoch: 1 | total time: 84.46m
step 01482 (33.69%) | K: 3 | loss: 0.656002 | L1: 0.331336 | L2: 0.324762 | L3: 0.324569 | lrm: 1.00 | dt: 3445.81ms | tok/sec: 152,152 | mfu: 39.62 | epoch: 1 | total time: 84.51m
step 01483 (33.71%) | K: 3 | loss: 0.663700 | L1: 0.335175 | L2: 0.328624 | L3: 0.328426 | lrm: 1.00 | dt: 3445.64ms | tok/sec: 152,159 | mfu: 39.63 | epoch: 1 | total time: 84.57m
step 01484 (33.73%) | K: 3 | loss: 0.665580 | L1: 0.336103 | L2: 0.329576 | L3: 0.329378 | lrm: 1.00 | dt: 3441.50ms | tok/sec: 152,342 | mfu: 39.67 | epoch: 1 | total time: 84.63m
step 01485 (33.75%) | K: 3 | loss: 0.662371 | L1: 0.334490 | L2: 0.327981 | L3: 0.327781 | lrm: 1.00 | dt: 3439.28ms | tok/sec: 152,441 | mfu: 39.70 | epoch: 1 | total time: 84.69m
step 01486 (33.78%) | K: 3 | loss: 0.670492 | L1: 0.338614 | L2: 0.331978 | L3: 0.331779 | lrm: 1.00 | dt: 3435.21ms | tok/sec: 152,621 | mfu: 39.75 | epoch: 1 | total time: 84.74m
step 01487 (33.80%) | K: 3 | loss: 0.670914 | L1: 0.338832 | L2: 0.332178 | L3: 0.331986 | lrm: 1.00 | dt: 3435.99ms | tok/sec: 152,587 | mfu: 39.74 | epoch: 1 | total time: 84.80m
step 01488 (33.82%) | K: 3 | loss: 0.679565 | L1: 0.343128 | L2: 0.336520 | L3: 0.336353 | lrm: 1.00 | dt: 3439.17ms | tok/sec: 152,446 | mfu: 39.70 | epoch: 1 | total time: 84.86m
step 01489 (33.84%) | K: 3 | loss: 0.679738 | L1: 0.343201 | L2: 0.336626 | L3: 0.336449 | lrm: 1.00 | dt: 3440.54ms | tok/sec: 152,385 | mfu: 39.68 | epoch: 1 | total time: 84.91m
step 01490 (33.87%) | K: 3 | loss: 0.672435 | L1: 0.339557 | L2: 0.332978 | L3: 0.332777 | lrm: 1.00 | dt: 3442.80ms | tok/sec: 152,285 | mfu: 39.66 | epoch: 1 | total time: 84.97m
step 01491 (33.89%) | K: 3 | loss: 0.669341 | L1: 0.338038 | L2: 0.331403 | L3: 0.331203 | lrm: 1.00 | dt: 3442.92ms | tok/sec: 152,280 | mfu: 39.66 | epoch: 1 | total time: 85.03m
step 01492 (33.91%) | K: 3 | loss: 0.668245 | L1: 0.337485 | L2: 0.330862 | L3: 0.330658 | lrm: 1.00 | dt: 3453.08ms | tok/sec: 151,832 | mfu: 39.54 | epoch: 1 | total time: 85.09m
step 01493 (33.93%) | K: 3 | loss: 0.671131 | L1: 0.338956 | L2: 0.332272 | L3: 0.332078 | lrm: 1.00 | dt: 3450.02ms | tok/sec: 151,966 | mfu: 39.57 | epoch: 1 | total time: 85.14m
step 01494 (33.96%) | K: 3 | loss: 0.670974 | L1: 0.338886 | L2: 0.332189 | L3: 0.331986 | lrm: 1.00 | dt: 3454.86ms | tok/sec: 151,753 | mfu: 39.52 | epoch: 1 | total time: 85.20m
step 01495 (33.98%) | K: 3 | loss: 0.673940 | L1: 0.340382 | L2: 0.333659 | L3: 0.333458 | lrm: 1.00 | dt: 3455.66ms | tok/sec: 151,718 | mfu: 39.51 | epoch: 1 | total time: 85.26m
step 01496 (34.00%) | K: 3 | loss: 0.675602 | L1: 0.341201 | L2: 0.334497 | L3: 0.334306 | lrm: 1.00 | dt: 3455.12ms | tok/sec: 151,742 | mfu: 39.52 | epoch: 1 | total time: 85.32m
step 01497 (34.02%) | K: 3 | loss: 0.672352 | L1: 0.339595 | L2: 0.332860 | L3: 0.332653 | lrm: 1.00 | dt: 3450.56ms | tok/sec: 151,942 | mfu: 39.57 | epoch: 1 | total time: 85.37m
step 01498 (34.05%) | K: 3 | loss: 0.672348 | L1: 0.339578 | L2: 0.332859 | L3: 0.332681 | lrm: 1.00 | dt: 3450.97ms | tok/sec: 151,924 | mfu: 39.56 | epoch: 1 | total time: 85.43m
step 01499 (34.07%) | K: 3 | loss: 0.671595 | L1: 0.339189 | L2: 0.332496 | L3: 0.332317 | lrm: 1.00 | dt: 3438.91ms | tok/sec: 152,457 | mfu: 39.70 | epoch: 1 | total time: 85.49m
step 01500 (34.09%) | K: 3 | loss: 0.671432 | L1: 0.339157 | L2: 0.332375 | L3: 0.332176 | lrm: 1.00 | dt: 3442.66ms | tok/sec: 152,291 | mfu: 39.66 | epoch: 1 | total time: 85.55m
Step 01500 | Validation L1 bpb: 0.1820 | L2 bpb: 0.1783 | L3 bpb: 0.1782
2026-08-27 20:34:09,509 - nanochat.checkpoint_manager - [32m[1mINFO[0m - Saved optimizer state to: /home/jhu/xwang457/work/nanochat_cache/chatsft_checkpoints/d20-lf-k3-openmath-train5m/optim_001500_rank1.pt
2026-08-27 20:34:09,534 - nanochat.checkpoint_manager - [32m[1mINFO[0m - Saved optimizer state to: /home/jhu/xwang457/work/nanochat_cache/chatsft_checkpoints/d20-lf-k3-openmath-train5m/optim_001500_rank3.pt
2026-08-27 20:34:09,537 - nanochat.checkpoint_manager - [32m[1mINFO[0m - Saved optimizer state to: /home/jhu/xwang457/work/nanochat_cache/chatsft_checkpoints/d20-lf-k3-openmath-train5m/optim_001500_rank2.pt
2026-08-27 20:34:10,388 - nanochat.checkpoint_manager - [32m[1mINFO[0m - Saved model parameters to: /home/jhu/xwang457/work/nanochat_cache/chatsft_checkpoints/d20-lf-k3-openmath-train5m/model_001500.pt
2026-08-27 20:34:10,392 - nanochat.checkpoint_manager - [32m[1mINFO[0m - Saved metadata to: /home/jhu/xwang457/work/nanochat_cache/chatsft_checkpoints/d20-lf-k3-openmath-train5m/meta_001500.json
2026-08-27 20:34:10,932 - nanochat.checkpoint_manager - [32m[1mINFO[0m - Saved optimizer state to: /home/jhu/xwang457/work/nanochat_cache/chatsft_checkpoints/d20-lf-k3-openmath-train5m/optim_001500_rank0.pt
step 01501 (34.11%) | K: 3 | loss: 0.675728 | L1: 0.341299 | L2: 0.334533 | L3: 0.334323 | lrm: 1.00 | dt: 3406.70ms | tok/sec: 153,899 | mfu: 40.08 | epoch: 1 | total time: 85.60m
step 01502 (34.14%) | K: 3 | loss: 0.671580 | L1: 0.339212 | L2: 0.332473 | L3: 0.332263 | lrm: 1.00 | dt: 3434.45ms | tok/sec: 152,655 | mfu: 39.75 | epoch: 1 | total time: 85.66m
step 01503 (34.16%) | K: 3 | loss: 0.665834 | L1: 0.336344 | L2: 0.329599 | L3: 0.329382 | lrm: 1.00 | dt: 3432.58ms | tok/sec: 152,738 | mfu: 39.78 | epoch: 1 | total time: 85.72m
step 01504 (34.18%) | K: 3 | loss: 0.663999 | L1: 0.335439 | L2: 0.328672 | L3: 0.328449 | lrm: 1.00 | dt: 3433.61ms | tok/sec: 152,692 | mfu: 39.76 | epoch: 1 | total time: 85.78m
step 01505 (34.20%) | K: 3 | loss: 0.665015 | L1: 0.335949 | L2: 0.329173 | L3: 0.328960 | lrm: 1.00 | dt: 3430.91ms | tok/sec: 152,813 | mfu: 39.80 | epoch: 1 | total time: 85.83m
step 01506 (34.23%) | K: 3 | loss: 0.663425 | L1: 0.335122 | L2: 0.328407 | L3: 0.328200 | lrm: 1.00 | dt: 3430.34ms | tok/sec: 152,838 | mfu: 39.80 | epoch: 1 | total time: 85.89m
step 01507 (34.25%) | K: 3 | loss: 0.660271 | L1: 0.333523 | L2: 0.326847 | L3: 0.326649 | lrm: 1.00 | dt: 3434.22ms | tok/sec: 152,665 | mfu: 39.76 | epoch: 1 | total time: 85.95m
step 01508 (34.27%) | K: 3 | loss: 0.661479 | L1: 0.334081 | L2: 0.327506 | L3: 0.327291 | lrm: 1.00 | dt: 3439.96ms | tok/sec: 152,411 | mfu: 39.69 | epoch: 1 | total time: 86.00m
step 01509 (34.30%) | K: 3 | loss: 0.660345 | L1: 0.333496 | L2: 0.326948 | L3: 0.326750 | lrm: 1.00 | dt: 3439.32ms | tok/sec: 152,439 | mfu: 39.70 | epoch: 1 | total time: 86.06m
step 01510 (34.32%) | K: 3 | loss: 0.661267 | L1: 0.333947 | L2: 0.327423 | L3: 0.327217 | lrm: 1.00 | dt: 3445.50ms | tok/sec: 152,165 | mfu: 39.63 | epoch: 1 | total time: 86.12m
step 01511 (34.34%) | K: 3 | loss: 0.665510 | L1: 0.336106 | L2: 0.329509 | L3: 0.329298 | lrm: 1.00 | dt: 3447.28ms | tok/sec: 152,087 | mfu: 39.61 | epoch: 1 | total time: 86.18m
step 01512 (34.36%) | K: 3 | loss: 0.672004 | L1: 0.339365 | L2: 0.332739 | L3: 0.332540 | lrm: 1.00 | dt: 3448.00ms | tok/sec: 152,055 | mfu: 39.60 | epoch: 1 | total time: 86.23m
step 01513 (34.39%) | K: 3 | loss: 0.670533 | L1: 0.338606 | L2: 0.332022 | L3: 0.331830 | lrm: 1.00 | dt: 3448.46ms | tok/sec: 152,035 | mfu: 39.59 | epoch: 1 | total time: 86.29m
step 01514 (34.41%) | K: 3 | loss: 0.668333 | L1: 0.337544 | L2: 0.330885 | L3: 0.330693 | lrm: 1.00 | dt: 3449.93ms | tok/sec: 151,970 | mfu: 39.58 | epoch: 1 | total time: 86.35m
step 01515 (34.43%) | K: 3 | loss: 0.670843 | L1: 0.338770 | L2: 0.332165 | L3: 0.331982 | lrm: 1.00 | dt: 3446.51ms | tok/sec: 152,121 | mfu: 39.62 | epoch: 1 | total time: 86.41m
step 01516 (34.45%) | K: 3 | loss: 0.668003 | L1: 0.337350 | L2: 0.330745 | L3: 0.330559 | lrm: 1.00 | dt: 3449.94ms | tok/sec: 151,970 | mfu: 39.58 | epoch: 1 | total time: 86.46m
step 01517 (34.48%) | K: 3 | loss: 0.667620 | L1: 0.337172 | L2: 0.330553 | L3: 0.330344 | lrm: 1.00 | dt: 3449.87ms | tok/sec: 151,973 | mfu: 39.58 | epoch: 1 | total time: 86.52m
step 01518 (34.50%) | K: 3 | loss: 0.662479 | L1: 0.334608 | L2: 0.327984 | L3: 0.327759 | lrm: 1.00 | dt: 3444.28ms | tok/sec: 152,220 | mfu: 39.64 | epoch: 1 | total time: 86.58m
step 01519 (34.52%) | K: 3 | loss: 0.661285 | L1: 0.334025 | L2: 0.327366 | L3: 0.327153 | lrm: 1.00 | dt: 3446.54ms | tok/sec: 152,120 | mfu: 39.61 | epoch: 1 | total time: 86.64m
step 01520 (34.55%) | K: 3 | loss: 0.658564 | L1: 0.332619 | L2: 0.326062 | L3: 0.325827 | lrm: 1.00 | dt: 3446.58ms | tok/sec: 152,118 | mfu: 39.61 | epoch: 1 | total time: 86.69m
step 01521 (34.57%) | K: 3 | loss: 0.655537 | L1: 0.331085 | L2: 0.324566 | L3: 0.324340 | lrm: 1.00 | dt: 3443.89ms | tok/sec: 152,237 | mfu: 39.65 | epoch: 1 | total time: 86.75m
step 01522 (34.59%) | K: 3 | loss: 0.661461 | L1: 0.334086 | L2: 0.327491 | L3: 0.327260 | lrm: 1.00 | dt: 3447.83ms | tok/sec: 152,063 | mfu: 39.60 | epoch: 1 | total time: 86.81m
step 01523 (34.61%) | K: 3 | loss: 0.658101 | L1: 0.332404 | L2: 0.325806 | L3: 0.325588 | lrm: 1.00 | dt: 3445.17ms | tok/sec: 152,180 | mfu: 39.63 | epoch: 1 | total time: 86.87m
step 01524 (34.64%) | K: 3 | loss: 0.662392 | L1: 0.334529 | L2: 0.327966 | L3: 0.327762 | lrm: 1.00 | dt: 3448.43ms | tok/sec: 152,036 | mfu: 39.59 | epoch: 1 | total time: 86.92m
step 01525 (34.66%) | K: 3 | loss: 0.661177 | L1: 0.333930 | L2: 0.327349 | L3: 0.327144 | lrm: 1.00 | dt: 3447.95ms | tok/sec: 152,058 | mfu: 39.60 | epoch: 1 | total time: 86.98m
step 01526 (34.68%) | K: 3 | loss: 0.658125 | L1: 0.332423 | L2: 0.325809 | L3: 0.325596 | lrm: 1.00 | dt: 3450.76ms | tok/sec: 151,934 | mfu: 39.57 | epoch: 1 | total time: 87.04m
step 01527 (34.70%) | K: 3 | loss: 0.656538 | L1: 0.331627 | L2: 0.325017 | L3: 0.324806 | lrm: 1.00 | dt: 3452.04ms | tok/sec: 151,877 | mfu: 39.55 | epoch: 1 | total time: 87.10m
step 01528 (34.73%) | K: 3 | loss: 0.656872 | L1: 0.331794 | L2: 0.325178 | L3: 0.324978 | lrm: 1.00 | dt: 3449.59ms | tok/sec: 151,985 | mfu: 39.58 | epoch: 1 | total time: 87.15m
step 01529 (34.75%) | K: 3 | loss: 0.656481 | L1: 0.331668 | L2: 0.324915 | L3: 0.324710 | lrm: 1.00 | dt: 3444.34ms | tok/sec: 152,217 | mfu: 39.64 | epoch: 1 | total time: 87.21m
step 01530 (34.77%) | K: 3 | loss: 0.654474 | L1: 0.330672 | L2: 0.323895 | L3: 0.323709 | lrm: 1.00 | dt: 3442.27ms | tok/sec: 152,308 | mfu: 39.66 | epoch: 1 | total time: 87.27m
step 01531 (34.80%) | K: 3 | loss: 0.653424 | L1: 0.330083 | L2: 0.323436 | L3: 0.323245 | lrm: 1.00 | dt: 3442.33ms | tok/sec: 152,306 | mfu: 39.66 | epoch: 1 | total time: 87.33m
step 01532 (34.82%) | K: 3 | loss: 0.659898 | L1: 0.333335 | L2: 0.326649 | L3: 0.326477 | lrm: 1.00 | dt: 3439.62ms | tok/sec: 152,425 | mfu: 39.69 | epoch: 1 | total time: 87.38m
step 01533 (34.84%) | K: 3 | loss: 0.661456 | L1: 0.334162 | L2: 0.327374 | L3: 0.327215 | lrm: 1.00 | dt: 3438.62ms | tok/sec: 152,470 | mfu: 39.71 | epoch: 1 | total time: 87.44m
step 01534 (34.87%) | K: 3 | loss: 0.657014 | L1: 0.331956 | L2: 0.325137 | L3: 0.324981 | lrm: 1.00 | dt: 3441.89ms | tok/sec: 152,325 | mfu: 39.67 | epoch: 1 | total time: 87.50m
step 01535 (34.89%) | K: 3 | loss: 0.656193 | L1: 0.331492 | L2: 0.324771 | L3: 0.324630 | lrm: 1.00 | dt: 3439.73ms | tok/sec: 152,421 | mfu: 39.69 | epoch: 1 | total time: 87.55m
step 01536 (34.91%) | K: 3 | loss: 0.656084 | L1: 0.331497 | L2: 0.324661 | L3: 0.324513 | lrm: 1.00 | dt: 3445.62ms | tok/sec: 152,160 | mfu: 39.63 | epoch: 1 | total time: 87.61m
step 01537 (34.93%) | K: 3 | loss: 0.655135 | L1: 0.331000 | L2: 0.324203 | L3: 0.324066 | lrm: 1.00 | dt: 3446.03ms | tok/sec: 152,142 | mfu: 39.62 | epoch: 1 | total time: 87.67m
step 01538 (34.96%) | K: 3 | loss: 0.658450 | L1: 0.332598 | L2: 0.325921 | L3: 0.325782 | lrm: 1.00 | dt: 3446.29ms | tok/sec: 152,131 | mfu: 39.62 | epoch: 1 | total time: 87.73m
step 01539 (34.98%) | K: 3 | loss: 0.656855 | L1: 0.331832 | L2: 0.325100 | L3: 0.324947 | lrm: 1.00 | dt: 3445.73ms | tok/sec: 152,155 | mfu: 39.62 | epoch: 1 | total time: 87.78m
step 01540 (35.00%) | K: 3 | loss: 0.652600 | L1: 0.329676 | L2: 0.323003 | L3: 0.322845 | lrm: 1.00 | dt: 3450.99ms | tok/sec: 151,923 | mfu: 39.56 | epoch: 1 | total time: 87.84m
step 01541 (35.02%) | K: 3 | loss: 0.648892 | L1: 0.327821 | L2: 0.321165 | L3: 0.320977 | lrm: 1.00 | dt: 3443.73ms | tok/sec: 152,244 | mfu: 39.65 | epoch: 1 | total time: 87.90m
step 01542 (35.05%) | K: 3 | loss: 0.655860 | L1: 0.331326 | L2: 0.324625 | L3: 0.324443 | lrm: 1.00 | dt: 3444.34ms | tok/sec: 152,217 | mfu: 39.64 | epoch: 1 | total time: 87.96m
step 01543 (35.07%) | K: 3 | loss: 0.655535 | L1: 0.331156 | L2: 0.324473 | L3: 0.324286 | lrm: 1.00 | dt: 3448.95ms | tok/sec: 152,013 | mfu: 39.59 | epoch: 1 | total time: 88.01m
step 01544 (35.09%) | K: 3 | loss: 0.657250 | L1: 0.332041 | L2: 0.325312 | L3: 0.325106 | lrm: 1.00 | dt: 3447.46ms | tok/sec: 152,079 | mfu: 39.60 | epoch: 1 | total time: 88.07m
step 01545 (35.11%) | K: 3 | loss: 0.662245 | L1: 0.334592 | L2: 0.327762 | L3: 0.327543 | lrm: 1.00 | dt: 3453.21ms | tok/sec: 151,826 | mfu: 39.54 | epoch: 1 | total time: 88.13m
step 01546 (35.14%) | K: 3 | loss: 0.662938 | L1: 0.334950 | L2: 0.328105 | L3: 0.327870 | lrm: 1.00 | dt: 3452.91ms | tok/sec: 151,839 | mfu: 39.54 | epoch: 1 | total time: 88.19m
step 01547 (35.16%) | K: 3 | loss: 0.664054 | L1: 0.335494 | L2: 0.328670 | L3: 0.328449 | lrm: 1.00 | dt: 3456.51ms | tok/sec: 151,681 | mfu: 39.50 | epoch: 1 | total time: 88.24m
step 01548 (35.18%) | K: 3 | loss: 0.674532 | L1: 0.340742 | L2: 0.333904 | L3: 0.333678 | lrm: 1.00 | dt: 3456.55ms | tok/sec: 151,679 | mfu: 39.50 | epoch: 1 | total time: 88.30m
step 01549 (35.20%) | K: 3 | loss: 0.675776 | L1: 0.341345 | L2: 0.334529 | L3: 0.334331 | lrm: 1.00 | dt: 3458.61ms | tok/sec: 151,589 | mfu: 39.48 | epoch: 1 | total time: 88.36m
step 01550 (35.23%) | K: 3 | loss: 0.671460 | L1: 0.339183 | L2: 0.332383 | L3: 0.332171 | lrm: 1.00 | dt: 3462.88ms | tok/sec: 151,402 | mfu: 39.43 | epoch: 1 | total time: 88.42m
step 01551 (35.25%) | K: 3 | loss: 0.672181 | L1: 0.339530 | L2: 0.332760 | L3: 0.332541 | lrm: 1.00 | dt: 3459.02ms | tok/sec: 151,571 | mfu: 39.47 | epoch: 1 | total time: 88.48m
step 01552 (35.27%) | K: 3 | loss: 0.673987 | L1: 0.340344 | L2: 0.333746 | L3: 0.333540 | lrm: 1.00 | dt: 3459.32ms | tok/sec: 151,558 | mfu: 39.47 | epoch: 1 | total time: 88.53m
step 01553 (35.30%) | K: 3 | loss: 0.672554 | L1: 0.339627 | L2: 0.333035 | L3: 0.332819 | lrm: 1.00 | dt: 3459.40ms | tok/sec: 151,554 | mfu: 39.47 | epoch: 1 | total time: 88.59m
step 01554 (35.32%) | K: 3 | loss: 0.672536 | L1: 0.339613 | L2: 0.333029 | L3: 0.332816 | lrm: 1.00 | dt: 3457.25ms | tok/sec: 151,648 | mfu: 39.49 | epoch: 1 | total time: 88.65m
step 01555 (35.34%) | K: 3 | loss: 0.673983 | L1: 0.340313 | L2: 0.333778 | L3: 0.333563 | lrm: 1.00 | dt: 3460.05ms | tok/sec: 151,526 | mfu: 39.46 | epoch: 1 | total time: 88.71m
step 01556 (35.37%) | K: 3 | loss: 0.675427 | L1: 0.341022 | L2: 0.334517 | L3: 0.334293 | lrm: 1.00 | dt: 3459.12ms | tok/sec: 151,566 | mfu: 39.47 | epoch: 1 | total time: 88.76m
step 01557 (35.39%) | K: 3 | loss: 0.675220 | L1: 0.340903 | L2: 0.334432 | L3: 0.334203 | lrm: 1.00 | dt: 3452.72ms | tok/sec: 151,847 | mfu: 39.54 | epoch: 1 | total time: 88.82m
step 01558 (35.41%) | K: 3 | loss: 0.671304 | L1: 0.338896 | L2: 0.332520 | L3: 0.332296 | lrm: 1.00 | dt: 3452.42ms | tok/sec: 151,860 | mfu: 39.55 | epoch: 1 | total time: 88.88m
step 01559 (35.43%) | K: 3 | loss: 0.668416 | L1: 0.337442 | L2: 0.331086 | L3: 0.330861 | lrm: 1.00 | dt: 3450.32ms | tok/sec: 151,953 | mfu: 39.57 | epoch: 1 | total time: 88.94m
step 01560 (35.45%) | K: 3 | loss: 0.671559 | L1: 0.339025 | L2: 0.332656 | L3: 0.332413 | lrm: 1.00 | dt: 3452.58ms | tok/sec: 151,853 | mfu: 39.55 | epoch: 1 | total time: 88.99m
step 01561 (35.48%) | K: 3 | loss: 0.672189 | L1: 0.339339 | L2: 0.332971 | L3: 0.332728 | lrm: 1.00 | dt: 3441.95ms | tok/sec: 152,322 | mfu: 39.67 | epoch: 1 | total time: 89.05m
step 01562 (35.50%) | K: 3 | loss: 0.677843 | L1: 0.342159 | L2: 0.335803 | L3: 0.335563 | lrm: 1.00 | dt: 3448.68ms | tok/sec: 152,025 | mfu: 39.59 | epoch: 1 | total time: 89.11m
step 01563 (35.52%) | K: 3 | loss: 0.679025 | L1: 0.342736 | L2: 0.336401 | L3: 0.336177 | lrm: 1.00 | dt: 3443.10ms | tok/sec: 152,271 | mfu: 39.65 | epoch: 1 | total time: 89.17m
step 01564 (35.54%) | K: 3 | loss: 0.677642 | L1: 0.342111 | L2: 0.335644 | L3: 0.335418 | lrm: 1.00 | dt: 3442.75ms | tok/sec: 152,287 | mfu: 39.66 | epoch: 1 | total time: 89.22m
step 01565 (35.57%) | K: 3 | loss: 0.678703 | L1: 0.342689 | L2: 0.336125 | L3: 0.335903 | lrm: 1.00 | dt: 3442.17ms | tok/sec: 152,313 | mfu: 39.67 | epoch: 1 | total time: 89.28m
step 01566 (35.59%) | K: 3 | loss: 0.672154 | L1: 0.339391 | L2: 0.332873 | L3: 0.332653 | lrm: 1.00 | dt: 3441.17ms | tok/sec: 152,357 | mfu: 39.68 | epoch: 1 | total time: 89.34m
step 01567 (35.61%) | K: 3 | loss: 0.671072 | L1: 0.338852 | L2: 0.332329 | L3: 0.332111 | lrm: 1.00 | dt: 3439.38ms | tok/sec: 152,436 | mfu: 39.70 | epoch: 1 | total time: 89.40m
step 01568 (35.63%) | K: 3 | loss: 0.673376 | L1: 0.340005 | L2: 0.333477 | L3: 0.333266 | lrm: 1.00 | dt: 3441.77ms | tok/sec: 152,331 | mfu: 39.67 | epoch: 1 | total time: 89.45m
step 01569 (35.66%) | K: 3 | loss: 0.668363 | L1: 0.337504 | L2: 0.330964 | L3: 0.330754 | lrm: 1.00 | dt: 3443.15ms | tok/sec: 152,269 | mfu: 39.65 | epoch: 1 | total time: 89.51m
step 01570 (35.68%) | K: 3 | loss: 0.675557 | L1: 0.341095 | L2: 0.334559 | L3: 0.334365 | lrm: 1.00 | dt: 3444.47ms | tok/sec: 152,211 | mfu: 39.64 | epoch: 1 | total time: 89.57m
step 01571 (35.70%) | K: 3 | loss: 0.678833 | L1: 0.342793 | L2: 0.336134 | L3: 0.335947 | lrm: 1.00 | dt: 3447.19ms | tok/sec: 152,091 | mfu: 39.61 | epoch: 1 | total time: 89.62m
step 01572 (35.73%) | K: 3 | loss: 0.677874 | L1: 0.342318 | L2: 0.335655 | L3: 0.335457 | lrm: 1.00 | dt: 3450.81ms | tok/sec: 151,931 | mfu: 39.57 | epoch: 1 | total time: 89.68m
step 01573 (35.75%) | K: 3 | loss: 0.682156 | L1: 0.344436 | L2: 0.337801 | L3: 0.337638 | lrm: 1.00 | dt: 3452.60ms | tok/sec: 151,853 | mfu: 39.55 | epoch: 1 | total time: 89.74m
step 01574 (35.77%) | K: 3 | loss: 0.680028 | L1: 0.343341 | L2: 0.336773 | L3: 0.336601 | lrm: 1.00 | dt: 3452.50ms | tok/sec: 151,857 | mfu: 39.55 | epoch: 1 | total time: 89.80m
step 01575 (35.80%) | K: 3 | loss: 0.678563 | L1: 0.342590 | L2: 0.336058 | L3: 0.335888 | lrm: 1.00 | dt: 3454.48ms | tok/sec: 151,770 | mfu: 39.52 | epoch: 1 | total time: 89.86m
step 01576 (35.82%) | K: 3 | loss: 0.680058 | L1: 0.343361 | L2: 0.336793 | L3: 0.336601 | lrm: 1.00 | dt: 3452.82ms | tok/sec: 151,843 | mfu: 39.54 | epoch: 1 | total time: 89.91m
step 01577 (35.84%) | K: 3 | loss: 0.676924 | L1: 0.341830 | L2: 0.335200 | L3: 0.334988 | lrm: 1.00 | dt: 3456.00ms | tok/sec: 151,703 | mfu: 39.51 | epoch: 1 | total time: 89.97m
step 01578 (35.86%) | K: 3 | loss: 0.683208 | L1: 0.344978 | L2: 0.338340 | L3: 0.338120 | lrm: 1.00 | dt: 3452.47ms | tok/sec: 151,858 | mfu: 39.55 | epoch: 1 | total time: 90.03m
step 01579 (35.89%) | K: 3 | loss: 0.680830 | L1: 0.343788 | L2: 0.337147 | L3: 0.336936 | lrm: 1.00 | dt: 3456.04ms | tok/sec: 151,702 | mfu: 39.51 | epoch: 1 | total time: 90.09m
step 01580 (35.91%) | K: 3 | loss: 0.675626 | L1: 0.341157 | L2: 0.334572 | L3: 0.334365 | lrm: 1.00 | dt: 3448.95ms | tok/sec: 152,013 | mfu: 39.59 | epoch: 1 | total time: 90.14m
step 01581 (35.93%) | K: 3 | loss: 0.671075 | L1: 0.338872 | L2: 0.332309 | L3: 0.332097 | lrm: 1.00 | dt: 3451.28ms | tok/sec: 151,910 | mfu: 39.56 | epoch: 1 | total time: 90.20m
step 01582 (35.95%) | K: 3 | loss: 0.668787 | L1: 0.337711 | L2: 0.331186 | L3: 0.330966 | lrm: 1.00 | dt: 3448.94ms | tok/sec: 152,014 | mfu: 39.59 | epoch: 1 | total time: 90.26m
step 01583 (35.98%) | K: 3 | loss: 0.669792 | L1: 0.338249 | L2: 0.331654 | L3: 0.331432 | lrm: 1.00 | dt: 3449.31ms | tok/sec: 151,997 | mfu: 39.58 | epoch: 1 | total time: 90.32m
step 01584 (36.00%) | K: 3 | loss: 0.667492 | L1: 0.337085 | L2: 0.330513 | L3: 0.330302 | lrm: 1.00 | dt: 3454.49ms | tok/sec: 151,769 | mfu: 39.52 | epoch: 1 | total time: 90.37m
step 01585 (36.02%) | K: 3 | loss: 0.661917 | L1: 0.334283 | L2: 0.327738 | L3: 0.327529 | lrm: 1.00 | dt: 3450.75ms | tok/sec: 151,934 | mfu: 39.57 | epoch: 1 | total time: 90.43m
step 01586 (36.05%) | K: 3 | loss: 0.658130 | L1: 0.332381 | L2: 0.325859 | L3: 0.325639 | lrm: 1.00 | dt: 3454.04ms | tok/sec: 151,789 | mfu: 39.53 | epoch: 1 | total time: 90.49m
step 01587 (36.07%) | K: 3 | loss: 0.656304 | L1: 0.331486 | L2: 0.324927 | L3: 0.324710 | lrm: 1.00 | dt: 3453.00ms | tok/sec: 151,835 | mfu: 39.54 | epoch: 1 | total time: 90.55m
step 01588 (36.09%) | K: 3 | loss: 0.656798 | L1: 0.331794 | L2: 0.325120 | L3: 0.324887 | lrm: 1.00 | dt: 3450.56ms | tok/sec: 151,942 | mfu: 39.57 | epoch: 1 | total time: 90.60m
step 01589 (36.12%) | K: 3 | loss: 0.658011 | L1: 0.332429 | L2: 0.325706 | L3: 0.325456 | lrm: 1.00 | dt: 3451.68ms | tok/sec: 151,893 | mfu: 39.56 | epoch: 1 | total time: 90.66m
step 01590 (36.14%) | K: 3 | loss: 0.659834 | L1: 0.333395 | L2: 0.326572 | L3: 0.326305 | lrm: 1.00 | dt: 3446.32ms | tok/sec: 152,129 | mfu: 39.62 | epoch: 1 | total time: 90.72m
step 01591 (36.16%) | K: 3 | loss: 0.661283 | L1: 0.334088 | L2: 0.327322 | L3: 0.327068 | lrm: 1.00 | dt: 3449.92ms | tok/sec: 151,971 | mfu: 39.58 | epoch: 1 | total time: 90.78m
step 01592 (36.18%) | K: 3 | loss: 0.663316 | L1: 0.335134 | L2: 0.328303 | L3: 0.328060 | lrm: 1.00 | dt: 3451.03ms | tok/sec: 151,922 | mfu: 39.56 | epoch: 1 | total time: 90.83m
step 01593 (36.21%) | K: 3 | loss: 0.662588 | L1: 0.334787 | L2: 0.327914 | L3: 0.327687 | lrm: 1.00 | dt: 3448.79ms | tok/sec: 152,020 | mfu: 39.59 | epoch: 1 | total time: 90.89m
step 01594 (36.23%) | K: 3 | loss: 0.656366 | L1: 0.331654 | L2: 0.324825 | L3: 0.324599 | lrm: 1.00 | dt: 3450.43ms | tok/sec: 151,948 | mfu: 39.57 | epoch: 1 | total time: 90.95m
step 01595 (36.25%) | K: 3 | loss: 0.656995 | L1: 0.331926 | L2: 0.325182 | L3: 0.324956 | lrm: 1.00 | dt: 3453.63ms | tok/sec: 151,807 | mfu: 39.53 | epoch: 1 | total time: 91.01m
step 01596 (36.28%) | K: 3 | loss: 0.655114 | L1: 0.330969 | L2: 0.324264 | L3: 0.324026 | lrm: 1.00 | dt: 3453.88ms | tok/sec: 151,796 | mfu: 39.53 | epoch: 1 | total time: 91.06m
step 01597 (36.30%) | K: 3 | loss: 0.652755 | L1: 0.329822 | L2: 0.323050 | L3: 0.322815 | lrm: 1.00 | dt: 3453.66ms | tok/sec: 151,806 | mfu: 39.53 | epoch: 1 | total time: 91.12m
step 01598 (36.32%) | K: 3 | loss: 0.651835 | L1: 0.329350 | L2: 0.322592 | L3: 0.322380 | lrm: 1.00 | dt: 3456.22ms | tok/sec: 151,694 | mfu: 39.50 | epoch: 1 | total time: 91.18m
step 01599 (36.35%) | K: 3 | loss: 0.651230 | L1: 0.329021 | L2: 0.322317 | L3: 0.322101 | lrm: 1.00 | dt: 3455.02ms | tok/sec: 151,746 | mfu: 39.52 | epoch: 1 | total time: 91.24m
step 01600 (36.37%) | K: 3 | loss: 0.651358 | L1: 0.329097 | L2: 0.322358 | L3: 0.322164 | lrm: 1.00 | dt: 3450.73ms | tok/sec: 151,935 | mfu: 39.57 | epoch: 1 | total time: 91.29m
step 01601 (36.39%) | K: 3 | loss: 0.649138 | L1: 0.328014 | L2: 0.321229 | L3: 0.321018 | lrm: 1.00 | dt: 3452.44ms | tok/sec: 151,860 | mfu: 39.55 | epoch: 1 | total time: 91.35m
step 01602 (36.41%) | K: 3 | loss: 0.648980 | L1: 0.327918 | L2: 0.321173 | L3: 0.320953 | lrm: 1.00 | dt: 3458.34ms | tok/sec: 151,601 | mfu: 39.48 | epoch: 1 | total time: 91.41m
step 01603 (36.43%) | K: 3 | loss: 0.648238 | L1: 0.327523 | L2: 0.320823 | L3: 0.320607 | lrm: 1.00 | dt: 3457.50ms | tok/sec: 151,637 | mfu: 39.49 | epoch: 1 | total time: 91.47m
step 01604 (36.46%) | K: 3 | loss: 0.649667 | L1: 0.328154 | L2: 0.321622 | L3: 0.321404 | lrm: 1.00 | dt: 3450.43ms | tok/sec: 151,948 | mfu: 39.57 | epoch: 1 | total time: 91.52m
step 01605 (36.48%) | K: 3 | loss: 0.648451 | L1: 0.327513 | L2: 0.321042 | L3: 0.320835 | lrm: 1.00 | dt: 3454.47ms | tok/sec: 151,770 | mfu: 39.52 | epoch: 1 | total time: 91.58m
step 01606 (36.50%) | K: 3 | loss: 0.649551 | L1: 0.328109 | L2: 0.321550 | L3: 0.321335 | lrm: 1.00 | dt: 3451.26ms | tok/sec: 151,912 | mfu: 39.56 | epoch: 1 | total time: 91.64m
step 01607 (36.53%) | K: 3 | loss: 0.656480 | L1: 0.331600 | L2: 0.324985 | L3: 0.324776 | lrm: 1.00 | dt: 3450.47ms | tok/sec: 151,946 | mfu: 39.57 | epoch: 1 | total time: 91.70m
step 01608 (36.55%) | K: 3 | loss: 0.657302 | L1: 0.332103 | L2: 0.325317 | L3: 0.325081 | lrm: 1.00 | dt: 3448.91ms | tok/sec: 152,015 | mfu: 39.59 | epoch: 1 | total time: 91.75m
step 01609 (36.57%) | K: 3 | loss: 0.652706 | L1: 0.329780 | L2: 0.323043 | L3: 0.322809 | lrm: 1.00 | dt: 3449.45ms | tok/sec: 151,991 | mfu: 39.58 | epoch: 1 | total time: 91.81m
step 01610 (36.60%) | K: 3 | loss: 0.650745 | L1: 0.328804 | L2: 0.322049 | L3: 0.321834 | lrm: 1.00 | dt: 3444.80ms | tok/sec: 152,197 | mfu: 39.63 | epoch: 1 | total time: 91.87m
step 01611 (36.62%) | K: 3 | loss: 0.648312 | L1: 0.327610 | L2: 0.320810 | L3: 0.320594 | lrm: 1.00 | dt: 3446.20ms | tok/sec: 152,135 | mfu: 39.62 | epoch: 1 | total time: 91.93m
step 01612 (36.64%) | K: 3 | loss: 0.645104 | L1: 0.326030 | L2: 0.319188 | L3: 0.318960 | lrm: 1.00 | dt: 3448.59ms | tok/sec: 152,029 | mfu: 39.59 | epoch: 1 | total time: 91.98m
step 01613 (36.66%) | K: 3 | loss: 0.646179 | L1: 0.326485 | L2: 0.319803 | L3: 0.319584 | lrm: 1.00 | dt: 3449.26ms | tok/sec: 152,000 | mfu: 39.58 | epoch: 1 | total time: 92.04m
step 01614 (36.69%) | K: 3 | loss: 0.646630 | L1: 0.326697 | L2: 0.320045 | L3: 0.319822 | lrm: 1.00 | dt: 3452.74ms | tok/sec: 151,846 | mfu: 39.54 | epoch: 1 | total time: 92.10m
step 01615 (36.71%) | K: 3 | loss: 0.646913 | L1: 0.326812 | L2: 0.320213 | L3: 0.319990 | lrm: 1.00 | dt: 3450.35ms | tok/sec: 151,952 | mfu: 39.57 | epoch: 1 | total time: 92.16m
step 01616 (36.73%) | K: 3 | loss: 0.651591 | L1: 0.329151 | L2: 0.322553 | L3: 0.322327 | lrm: 1.00 | dt: 3454.07ms | tok/sec: 151,788 | mfu: 39.53 | epoch: 1 | total time: 92.21m
step 01617 (36.76%) | K: 3 | loss: 0.651789 | L1: 0.329232 | L2: 0.322666 | L3: 0.322448 | lrm: 1.00 | dt: 3458.25ms | tok/sec: 151,604 | mfu: 39.48 | epoch: 1 | total time: 92.27m
step 01618 (36.78%) | K: 3 | loss: 0.653193 | L1: 0.329925 | L2: 0.323370 | L3: 0.323168 | lrm: 1.00 | dt: 3458.18ms | tok/sec: 151,608 | mfu: 39.48 | epoch: 1 | total time: 92.33m
step 01619 (36.80%) | K: 3 | loss: 0.652349 | L1: 0.329484 | L2: 0.322965 | L3: 0.322765 | lrm: 1.00 | dt: 3449.68ms | tok/sec: 151,981 | mfu: 39.58 | epoch: 1 | total time: 92.39m
step 01620 (36.82%) | K: 3 | loss: 0.646759 | L1: 0.326722 | L2: 0.320134 | L3: 0.319940 | lrm: 1.00 | dt: 3454.72ms | tok/sec: 151,760 | mfu: 39.52 | epoch: 1 | total time: 92.44m
step 01621 (36.85%) | K: 3 | loss: 0.651538 | L1: 0.329186 | L2: 0.322451 | L3: 0.322252 | lrm: 1.00 | dt: 3447.34ms | tok/sec: 152,084 | mfu: 39.61 | epoch: 1 | total time: 92.50m
step 01622 (36.87%) | K: 3 | loss: 0.653153 | L1: 0.329963 | L2: 0.323293 | L3: 0.323087 | lrm: 1.00 | dt: 3451.26ms | tok/sec: 151,912 | mfu: 39.56 | epoch: 1 | total time: 92.56m
step 01623 (36.89%) | K: 3 | loss: 0.654802 | L1: 0.330762 | L2: 0.324140 | L3: 0.323940 | lrm: 1.00 | dt: 3447.69ms | tok/sec: 152,069 | mfu: 39.60 | epoch: 1 | total time: 92.62m
step 01624 (36.92%) | K: 3 | loss: 0.658012 | L1: 0.332370 | L2: 0.325747 | L3: 0.325538 | lrm: 1.00 | dt: 3448.71ms | tok/sec: 152,024 | mfu: 39.59 | epoch: 1 | total time: 92.67m
step 01625 (36.94%) | K: 3 | loss: 0.652933 | L1: 0.329798 | L2: 0.323243 | L3: 0.323028 | lrm: 1.00 | dt: 3445.28ms | tok/sec: 152,175 | mfu: 39.63 | epoch: 1 | total time: 92.73m
step 01626 (36.96%) | K: 3 | loss: 0.657682 | L1: 0.332131 | L2: 0.325658 | L3: 0.325445 | lrm: 1.00 | dt: 3440.37ms | tok/sec: 152,392 | mfu: 39.69 | epoch: 1 | total time: 92.79m
step 01627 (36.98%) | K: 3 | loss: 0.655080 | L1: 0.330797 | L2: 0.324385 | L3: 0.324182 | lrm: 1.00 | dt: 3443.16ms | tok/sec: 152,269 | mfu: 39.65 | epoch: 1 | total time: 92.85m
step 01628 (37.01%) | K: 3 | loss: 0.655439 | L1: 0.331023 | L2: 0.324530 | L3: 0.324302 | lrm: 1.00 | dt: 3440.97ms | tok/sec: 152,366 | mfu: 39.68 | epoch: 1 | total time: 92.90m
step 01629 (37.03%) | K: 3 | loss: 0.656122 | L1: 0.331373 | L2: 0.324864 | L3: 0.324633 | lrm: 1.00 | dt: 3445.49ms | tok/sec: 152,166 | mfu: 39.63 | epoch: 1 | total time: 92.96m
step 01630 (37.05%) | K: 3 | loss: 0.655019 | L1: 0.330809 | L2: 0.324320 | L3: 0.324099 | lrm: 1.00 | dt: 3442.65ms | tok/sec: 152,291 | mfu: 39.66 | epoch: 1 | total time: 93.02m
step 01631 (37.07%) | K: 3 | loss: 0.653811 | L1: 0.330244 | L2: 0.323671 | L3: 0.323462 | lrm: 1.00 | dt: 3447.28ms | tok/sec: 152,087 | mfu: 39.61 | epoch: 1 | total time: 93.08m
step 01632 (37.10%) | K: 3 | loss: 0.652601 | L1: 0.329696 | L2: 0.323013 | L3: 0.322798 | lrm: 1.00 | dt: 3448.54ms | tok/sec: 152,031 | mfu: 39.59 | epoch: 1 | total time: 93.13m
step 01633 (37.12%) | K: 3 | loss: 0.657228 | L1: 0.331994 | L2: 0.325342 | L3: 0.325128 | lrm: 1.00 | dt: 3450.77ms | tok/sec: 151,933 | mfu: 39.57 | epoch: 1 | total time: 93.19m
step 01634 (37.14%) | K: 3 | loss: 0.653365 | L1: 0.330051 | L2: 0.323432 | L3: 0.323196 | lrm: 1.00 | dt: 3450.67ms | tok/sec: 151,937 | mfu: 39.57 | epoch: 1 | total time: 93.25m
step 01635 (37.17%) | K: 3 | loss: 0.656072 | L1: 0.331419 | L2: 0.324766 | L3: 0.324540 | lrm: 1.00 | dt: 3449.20ms | tok/sec: 152,002 | mfu: 39.58 | epoch: 1 | total time: 93.31m
step 01636 (37.19%) | K: 3 | loss: 0.650248 | L1: 0.328491 | L2: 0.321877 | L3: 0.321636 | lrm: 1.00 | dt: 3453.08ms | tok/sec: 151,832 | mfu: 39.54 | epoch: 1 | total time: 93.36m
step 01637 (37.21%) | K: 3 | loss: 0.651938 | L1: 0.329339 | L2: 0.322721 | L3: 0.322476 | lrm: 1.00 | dt: 3450.46ms | tok/sec: 151,947 | mfu: 39.57 | epoch: 1 | total time: 93.42m
step 01638 (37.23%) | K: 3 | loss: 0.647252 | L1: 0.326951 | L2: 0.320420 | L3: 0.320181 | lrm: 1.00 | dt: 3448.67ms | tok/sec: 152,026 | mfu: 39.59 | epoch: 1 | total time: 93.48m
step 01639 (37.26%) | K: 3 | loss: 0.648952 | L1: 0.327800 | L2: 0.321275 | L3: 0.321029 | lrm: 1.00 | dt: 3444.46ms | tok/sec: 152,212 | mfu: 39.64 | epoch: 1 | total time: 93.54m
step 01640 (37.28%) | K: 3 | loss: 0.647962 | L1: 0.327319 | L2: 0.320762 | L3: 0.320525 | lrm: 1.00 | dt: 3447.59ms | tok/sec: 152,073 | mfu: 39.60 | epoch: 1 | total time: 93.59m
step 01641 (37.30%) | K: 3 | loss: 0.649208 | L1: 0.327987 | L2: 0.321344 | L3: 0.321096 | lrm: 1.00 | dt: 3442.47ms | tok/sec: 152,300 | mfu: 39.66 | epoch: 1 | total time: 93.65m
step 01642 (37.32%) | K: 3 | loss: 0.647281 | L1: 0.326991 | L2: 0.320419 | L3: 0.320160 | lrm: 1.00 | dt: 3442.68ms | tok/sec: 152,290 | mfu: 39.66 | epoch: 1 | total time: 93.71m
step 01643 (37.35%) | K: 3 | loss: 0.645954 | L1: 0.326368 | L2: 0.319709 | L3: 0.319462 | lrm: 1.00 | dt: 3447.11ms | tok/sec: 152,094 | mfu: 39.61 | epoch: 1 | total time: 93.77m
step 01644 (37.37%) | K: 3 | loss: 0.647925 | L1: 0.327376 | L2: 0.320669 | L3: 0.320429 | lrm: 1.00 | dt: 3446.80ms | tok/sec: 152,108 | mfu: 39.61 | epoch: 1 | total time: 93.82m
step 01645 (37.39%) | K: 3 | loss: 0.648246 | L1: 0.327474 | L2: 0.320894 | L3: 0.320650 | lrm: 1.00 | dt: 3449.16ms | tok/sec: 152,004 | mfu: 39.58 | epoch: 1 | total time: 93.88m
step 01646 (37.41%) | K: 3 | loss: 0.649199 | L1: 0.327941 | L2: 0.321376 | L3: 0.321140 | lrm: 1.00 | dt: 3448.99ms | tok/sec: 152,012 | mfu: 39.59 | epoch: 1 | total time: 93.94m
step 01647 (37.44%) | K: 3 | loss: 0.651977 | L1: 0.329326 | L2: 0.322766 | L3: 0.322537 | lrm: 1.00 | dt: 3448.18ms | tok/sec: 152,047 | mfu: 39.60 | epoch: 1 | total time: 94.00m
step 01648 (37.46%) | K: 3 | loss: 0.653428 | L1: 0.330029 | L2: 0.323513 | L3: 0.323285 | lrm: 1.00 | dt: 3454.46ms | tok/sec: 151,771 | mfu: 39.52 | epoch: 1 | total time: 94.05m
step 01649 (37.48%) | K: 3 | loss: 0.653065 | L1: 0.329877 | L2: 0.323306 | L3: 0.323071 | lrm: 1.00 | dt: 3454.35ms | tok/sec: 151,776 | mfu: 39.53 | epoch: 1 | total time: 94.11m
step 01650 (37.50%) | K: 3 | loss: 0.651881 | L1: 0.329255 | L2: 0.322736 | L3: 0.322516 | lrm: 1.00 | dt: 3456.90ms | tok/sec: 151,664 | mfu: 39.50 | epoch: 1 | total time: 94.17m
step 01651 (37.53%) | K: 3 | loss: 0.651252 | L1: 0.328920 | L2: 0.322438 | L3: 0.322225 | lrm: 1.00 | dt: 3456.51ms | tok/sec: 151,681 | mfu: 39.50 | epoch: 1 | total time: 94.23m
step 01652 (37.55%) | K: 3 | loss: 0.656992 | L1: 0.331801 | L2: 0.325302 | L3: 0.325080 | lrm: 1.00 | dt: 3458.98ms | tok/sec: 151,573 | mfu: 39.47 | epoch: 1 | total time: 94.28m
step 01653 (37.57%) | K: 3 | loss: 0.654592 | L1: 0.330583 | L2: 0.324111 | L3: 0.323908 | lrm: 1.00 | dt: 3459.39ms | tok/sec: 151,554 | mfu: 39.47 | epoch: 1 | total time: 94.34m
step 01654 (37.59%) | K: 3 | loss: 0.657255 | L1: 0.331952 | L2: 0.325397 | L3: 0.325210 | lrm: 1.00 | dt: 3458.31ms | tok/sec: 151,602 | mfu: 39.48 | epoch: 1 | total time: 94.40m
step 01655 (37.62%) | K: 3 | loss: 0.653139 | L1: 0.329853 | L2: 0.323372 | L3: 0.323201 | lrm: 1.00 | dt: 3455.56ms | tok/sec: 151,722 | mfu: 39.51 | epoch: 1 | total time: 94.46m
step 01656 (37.64%) | K: 3 | loss: 0.653275 | L1: 0.329987 | L2: 0.323377 | L3: 0.323199 | lrm: 1.00 | dt: 3451.29ms | tok/sec: 151,910 | mfu: 39.56 | epoch: 1 | total time: 94.51m
step 01657 (37.66%) | K: 3 | loss: 0.648521 | L1: 0.327589 | L2: 0.321023 | L3: 0.320840 | lrm: 1.00 | dt: 3453.80ms | tok/sec: 151,800 | mfu: 39.53 | epoch: 1 | total time: 94.57m
step 01658 (37.69%) | K: 3 | loss: 0.646410 | L1: 0.326482 | L2: 0.320020 | L3: 0.319836 | lrm: 1.00 | dt: 3450.72ms | tok/sec: 151,935 | mfu: 39.57 | epoch: 1 | total time: 94.63m
step 01659 (37.71%) | K: 3 | loss: 0.645791 | L1: 0.326153 | L2: 0.319728 | L3: 0.319547 | lrm: 1.00 | dt: 3452.38ms | tok/sec: 151,862 | mfu: 39.55 | epoch: 1 | total time: 94.69m
step 01660 (37.73%) | K: 3 | loss: 0.650251 | L1: 0.328355 | L2: 0.321978 | L3: 0.321813 | lrm: 1.00 | dt: 3440.17ms | tok/sec: 152,401 | mfu: 39.69 | epoch: 1 | total time: 94.74m
step 01661 (37.75%) | K: 3 | loss: 0.649877 | L1: 0.328151 | L2: 0.321808 | L3: 0.321645 | lrm: 1.00 | dt: 3444.14ms | tok/sec: 152,226 | mfu: 39.64 | epoch: 1 | total time: 94.80m
step 01662 (37.78%) | K: 3 | loss: 0.651909 | L1: 0.329217 | L2: 0.322781 | L3: 0.322602 | lrm: 1.00 | dt: 3441.90ms | tok/sec: 152,325 | mfu: 39.67 | epoch: 1 | total time: 94.86m
step 01663 (37.80%) | K: 3 | loss: 0.654332 | L1: 0.330458 | L2: 0.323961 | L3: 0.323786 | lrm: 1.00 | dt: 3444.61ms | tok/sec: 152,205 | mfu: 39.64 | epoch: 1 | total time: 94.92m
step 01664 (37.82%) | K: 3 | loss: 0.657480 | L1: 0.332006 | L2: 0.325560 | L3: 0.325388 | lrm: 1.00 | dt: 3445.86ms | tok/sec: 152,150 | mfu: 39.62 | epoch: 1 | total time: 94.97m
step 01665 (37.85%) | K: 3 | loss: 0.657241 | L1: 0.331891 | L2: 0.325433 | L3: 0.325266 | lrm: 1.00 | dt: 3441.64ms | tok/sec: 152,336 | mfu: 39.67 | epoch: 1 | total time: 95.03m
step 01666 (37.87%) | K: 3 | loss: 0.655623 | L1: 0.331078 | L2: 0.324630 | L3: 0.324459 | lrm: 1.00 | dt: 3446.73ms | tok/sec: 152,111 | mfu: 39.61 | epoch: 1 | total time: 95.09m
step 01667 (37.89%) | K: 3 | loss: 0.658297 | L1: 0.332405 | L2: 0.325978 | L3: 0.325806 | lrm: 1.00 | dt: 3441.86ms | tok/sec: 152,326 | mfu: 39.67 | epoch: 1 | total time: 95.15m
step 01668 (37.91%) | K: 3 | loss: 0.657572 | L1: 0.332049 | L2: 0.325602 | L3: 0.325443 | lrm: 1.00 | dt: 3450.38ms | tok/sec: 151,950 | mfu: 39.57 | epoch: 1 | total time: 95.20m
step 01669 (37.94%) | K: 3 | loss: 0.657625 | L1: 0.332041 | L2: 0.325660 | L3: 0.325507 | lrm: 1.00 | dt: 3452.78ms | tok/sec: 151,845 | mfu: 39.54 | epoch: 1 | total time: 95.26m
step 01670 (37.96%) | K: 3 | loss: 0.653982 | L1: 0.330207 | L2: 0.323852 | L3: 0.323697 | lrm: 1.00 | dt: 3453.96ms | tok/sec: 151,793 | mfu: 39.53 | epoch: 1 | total time: 95.32m
step 01671 (37.98%) | K: 3 | loss: 0.653692 | L1: 0.330077 | L2: 0.323684 | L3: 0.323546 | lrm: 1.00 | dt: 3456.64ms | tok/sec: 151,675 | mfu: 39.50 | epoch: 1 | total time: 95.38m
step 01672 (38.00%) | K: 3 | loss: 0.659820 | L1: 0.333143 | L2: 0.326748 | L3: 0.326606 | lrm: 1.00 | dt: 3460.82ms | tok/sec: 151,492 | mfu: 39.45 | epoch: 1 | total time: 95.43m
step 01673 (38.03%) | K: 3 | loss: 0.661045 | L1: 0.333745 | L2: 0.327375 | L3: 0.327225 | lrm: 1.00 | dt: 3455.82ms | tok/sec: 151,711 | mfu: 39.51 | epoch: 1 | total time: 95.49m
step 01674 (38.05%) | K: 3 | loss: 0.658900 | L1: 0.332721 | L2: 0.326261 | L3: 0.326097 | lrm: 1.00 | dt: 3456.69ms | tok/sec: 151,673 | mfu: 39.50 | epoch: 1 | total time: 95.55m
step 01675 (38.07%) | K: 3 | loss: 0.656510 | L1: 0.331470 | L2: 0.325116 | L3: 0.324963 | lrm: 1.00 | dt: 3457.58ms | tok/sec: 151,634 | mfu: 39.49 | epoch: 1 | total time: 95.61m
step 01676 (38.10%) | K: 3 | loss: 0.660283 | L1: 0.333361 | L2: 0.327006 | L3: 0.326838 | lrm: 1.00 | dt: 3455.90ms | tok/sec: 151,708 | mfu: 39.51 | epoch: 1 | total time: 95.66m
step 01677 (38.12%) | K: 3 | loss: 0.659322 | L1: 0.332873 | L2: 0.326525 | L3: 0.326372 | lrm: 1.00 | dt: 3453.94ms | tok/sec: 151,793 | mfu: 39.53 | epoch: 1 | total time: 95.72m
step 01678 (38.14%) | K: 3 | loss: 0.660841 | L1: 0.333672 | L2: 0.327258 | L3: 0.327081 | lrm: 1.00 | dt: 3452.12ms | tok/sec: 151,874 | mfu: 39.55 | epoch: 1 | total time: 95.78m
step 01679 (38.17%) | K: 3 | loss: 0.660743 | L1: 0.333614 | L2: 0.327220 | L3: 0.327038 | lrm: 1.00 | dt: 3446.67ms | tok/sec: 152,114 | mfu: 39.61 | epoch: 1 | total time: 95.84m
step 01680 (38.19%) | K: 3 | loss: 0.658327 | L1: 0.332435 | L2: 0.325986 | L3: 0.325797 | lrm: 1.00 | dt: 3446.80ms | tok/sec: 152,108 | mfu: 39.61 | epoch: 1 | total time: 95.89m
step 01681 (38.21%) | K: 3 | loss: 0.660928 | L1: 0.333747 | L2: 0.327272 | L3: 0.327090 | lrm: 1.00 | dt: 3450.91ms | tok/sec: 151,927 | mfu: 39.56 | epoch: 1 | total time: 95.95m
step 01682 (38.23%) | K: 3 | loss: 0.660294 | L1: 0.333415 | L2: 0.326970 | L3: 0.326789 | lrm: 1.00 | dt: 3447.60ms | tok/sec: 152,073 | mfu: 39.60 | epoch: 1 | total time: 96.01m
step 01683 (38.25%) | K: 3 | loss: 0.658645 | L1: 0.332580 | L2: 0.326150 | L3: 0.325980 | lrm: 1.00 | dt: 3448.73ms | tok/sec: 152,023 | mfu: 39.59 | epoch: 1 | total time: 96.07m
step 01684 (38.28%) | K: 3 | loss: 0.653475 | L1: 0.329999 | L2: 0.323564 | L3: 0.323388 | lrm: 1.00 | dt: 3448.76ms | tok/sec: 152,022 | mfu: 39.59 | epoch: 1 | total time: 96.12m
step 01685 (38.30%) | K: 3 | loss: 0.656288 | L1: 0.331426 | L2: 0.324947 | L3: 0.324778 | lrm: 1.00 | dt: 3447.70ms | tok/sec: 152,068 | mfu: 39.60 | epoch: 1 | total time: 96.18m
step 01686 (38.32%) | K: 3 | loss: 0.654047 | L1: 0.330269 | L2: 0.323863 | L3: 0.323693 | lrm: 1.00 | dt: 3448.23ms | tok/sec: 152,045 | mfu: 39.60 | epoch: 1 | total time: 96.24m
step 01687 (38.34%) | K: 3 | loss: 0.653146 | L1: 0.329811 | L2: 0.323429 | L3: 0.323241 | lrm: 1.00 | dt: 3450.26ms | tok/sec: 151,956 | mfu: 39.57 | epoch: 1 | total time: 96.30m
step 01688 (38.37%) | K: 3 | loss: 0.652660 | L1: 0.329576 | L2: 0.323182 | L3: 0.322987 | lrm: 1.00 | dt: 3445.17ms | tok/sec: 152,180 | mfu: 39.63 | epoch: 1 | total time: 96.35m
step 01689 (38.39%) | K: 3 | loss: 0.648574 | L1: 0.327569 | L2: 0.321109 | L3: 0.320901 | lrm: 1.00 | dt: 3448.72ms | tok/sec: 152,024 | mfu: 39.59 | epoch: 1 | total time: 96.41m
step 01690 (38.41%) | K: 3 | loss: 0.645896 | L1: 0.326208 | L2: 0.319791 | L3: 0.319584 | lrm: 1.00 | dt: 3448.24ms | tok/sec: 152,045 | mfu: 39.60 | epoch: 1 | total time: 96.47m
step 01691 (38.43%) | K: 3 | loss: 0.646134 | L1: 0.326350 | L2: 0.319876 | L3: 0.319693 | lrm: 1.00 | dt: 3453.23ms | tok/sec: 151,825 | mfu: 39.54 | epoch: 1 | total time: 96.53m
step 01692 (38.45%) | K: 3 | loss: 0.647580 | L1: 0.327096 | L2: 0.320577 | L3: 0.320391 | lrm: 1.00 | dt: 3452.73ms | tok/sec: 151,847 | mfu: 39.54 | epoch: 1 | total time: 96.58m
step 01693 (38.48%) | K: 3 | loss: 0.651884 | L1: 0.329270 | L2: 0.322709 | L3: 0.322520 | lrm: 1.00 | dt: 3450.06ms | tok/sec: 151,964 | mfu: 39.57 | epoch: 1 | total time: 96.64m
step 01694 (38.50%) | K: 3 | loss: 0.652175 | L1: 0.329446 | L2: 0.322819 | L3: 0.322639 | lrm: 1.00 | dt: 3450.93ms | tok/sec: 151,926 | mfu: 39.56 | epoch: 1 | total time: 96.70m
step 01695 (38.52%) | K: 3 | loss: 0.653938 | L1: 0.330355 | L2: 0.323666 | L3: 0.323499 | lrm: 1.00 | dt: 3446.26ms | tok/sec: 152,132 | mfu: 39.62 | epoch: 1 | total time: 96.76m
step 01696 (38.54%) | K: 3 | loss: 0.653039 | L1: 0.329861 | L2: 0.323267 | L3: 0.323089 | lrm: 1.00 | dt: 3443.70ms | tok/sec: 152,245 | mfu: 39.65 | epoch: 1 | total time: 96.81m
step 01697 (38.57%) | K: 3 | loss: 0.654908 | L1: 0.330809 | L2: 0.324184 | L3: 0.324014 | lrm: 1.00 | dt: 3449.19ms | tok/sec: 152,003 | mfu: 39.58 | epoch: 1 | total time: 96.87m
step 01698 (38.59%) | K: 3 | loss: 0.660386 | L1: 0.333559 | L2: 0.326910 | L3: 0.326743 | lrm: 1.00 | dt: 3444.87ms | tok/sec: 152,193 | mfu: 39.63 | epoch: 1 | total time: 96.93m
step 01699 (38.61%) | K: 3 | loss: 0.662162 | L1: 0.334475 | L2: 0.327769 | L3: 0.327605 | lrm: 1.00 | dt: 3444.59ms | tok/sec: 152,206 | mfu: 39.64 | epoch: 1 | total time: 96.99m
step 01700 (38.63%) | K: 3 | loss: 0.657539 | L1: 0.332182 | L2: 0.325443 | L3: 0.325270 | lrm: 1.00 | dt: 3452.74ms | tok/sec: 151,846 | mfu: 39.54 | epoch: 1 | total time: 97.04m
step 01701 (38.66%) | K: 3 | loss: 0.657712 | L1: 0.332245 | L2: 0.325549 | L3: 0.325386 | lrm: 1.00 | dt: 3452.23ms | tok/sec: 151,869 | mfu: 39.55 | epoch: 1 | total time: 97.10m
step 01702 (38.68%) | K: 3 | loss: 0.658381 | L1: 0.332569 | L2: 0.325894 | L3: 0.325731 | lrm: 1.00 | dt: 3447.43ms | tok/sec: 152,080 | mfu: 39.60 | epoch: 1 | total time: 97.16m
step 01703 (38.70%) | K: 3 | loss: 0.659992 | L1: 0.333308 | L2: 0.326763 | L3: 0.326604 | lrm: 1.00 | dt: 3451.95ms | tok/sec: 151,881 | mfu: 39.55 | epoch: 1 | total time: 97.22m
step 01704 (38.72%) | K: 3 | loss: 0.655636 | L1: 0.331159 | L2: 0.324568 | L3: 0.324386 | lrm: 1.00 | dt: 3455.31ms | tok/sec: 151,733 | mfu: 39.51 | epoch: 1 | total time: 97.27m
step 01705 (38.75%) | K: 3 | loss: 0.652506 | L1: 0.329594 | L2: 0.323003 | L3: 0.322820 | lrm: 1.00 | dt: 3455.64ms | tok/sec: 151,719 | mfu: 39.51 | epoch: 1 | total time: 97.33m
step 01706 (38.77%) | K: 3 | loss: 0.657603 | L1: 0.332172 | L2: 0.325524 | L3: 0.325338 | lrm: 1.00 | dt: 3453.04ms | tok/sec: 151,833 | mfu: 39.54 | epoch: 1 | total time: 97.39m
step 01707 (38.79%) | K: 3 | loss: 0.659463 | L1: 0.333109 | L2: 0.326447 | L3: 0.326262 | lrm: 1.00 | dt: 3453.85ms | tok/sec: 151,798 | mfu: 39.53 | epoch: 1 | total time: 97.45m
step 01708 (38.82%) | K: 3 | loss: 0.657479 | L1: 0.332100 | L2: 0.325470 | L3: 0.325288 | lrm: 1.00 | dt: 3454.35ms | tok/sec: 151,776 | mfu: 39.53 | epoch: 1 | total time: 97.50m
step 01709 (38.84%) | K: 3 | loss: 0.654251 | L1: 0.330510 | L2: 0.323832 | L3: 0.323651 | lrm: 1.00 | dt: 3450.64ms | tok/sec: 151,939 | mfu: 39.57 | epoch: 1 | total time: 97.56m
step 01710 (38.86%) | K: 3 | loss: 0.650720 | L1: 0.328752 | L2: 0.322063 | L3: 0.321873 | lrm: 1.00 | dt: 3447.46ms | tok/sec: 152,079 | mfu: 39.60 | epoch: 1 | total time: 97.62m
step 01711 (38.88%) | K: 3 | loss: 0.646937 | L1: 0.326823 | L2: 0.320216 | L3: 0.320011 | lrm: 1.00 | dt: 3450.11ms | tok/sec: 151,962 | mfu: 39.57 | epoch: 1 | total time: 97.68m
step 01712 (38.91%) | K: 3 | loss: 0.645932 | L1: 0.326338 | L2: 0.319691 | L3: 0.319496 | lrm: 1.00 | dt: 3449.59ms | tok/sec: 151,985 | mfu: 39.58 | epoch: 1 | total time: 97.73m
step 01713 (38.93%) | K: 3 | loss: 0.651849 | L1: 0.329280 | L2: 0.322668 | L3: 0.322469 | lrm: 1.00 | dt: 3445.23ms | tok/sec: 152,178 | mfu: 39.63 | epoch: 1 | total time: 97.79m
step 01714 (38.95%) | K: 3 | loss: 0.652143 | L1: 0.329392 | L2: 0.322854 | L3: 0.322648 | lrm: 1.00 | dt: 3445.03ms | tok/sec: 152,186 | mfu: 39.63 | epoch: 1 | total time: 97.85m
step 01715 (38.97%) | K: 3 | loss: 0.648004 | L1: 0.327295 | L2: 0.320802 | L3: 0.320616 | lrm: 1.00 | dt: 3448.39ms | tok/sec: 152,038 | mfu: 39.59 | epoch: 1 | total time: 97.91m
step 01716 (39.00%) | K: 3 | loss: 0.647403 | L1: 0.326991 | L2: 0.320504 | L3: 0.320318 | lrm: 1.00 | dt: 3450.73ms | tok/sec: 151,935 | mfu: 39.57 | epoch: 1 | total time: 97.96m
step 01717 (39.02%) | K: 3 | loss: 0.650607 | L1: 0.328629 | L2: 0.322079 | L3: 0.321879 | lrm: 1.00 | dt: 3451.22ms | tok/sec: 151,913 | mfu: 39.56 | epoch: 1 | total time: 98.02m
step 01718 (39.04%) | K: 3 | loss: 0.653334 | L1: 0.329960 | L2: 0.323464 | L3: 0.323284 | lrm: 1.00 | dt: 3451.35ms | tok/sec: 151,908 | mfu: 39.56 | epoch: 1 | total time: 98.08m
step 01719 (39.07%) | K: 3 | loss: 0.655606 | L1: 0.331096 | L2: 0.324602 | L3: 0.324418 | lrm: 1.00 | dt: 3453.56ms | tok/sec: 151,810 | mfu: 39.53 | epoch: 1 | total time: 98.14m
step 01720 (39.09%) | K: 3 | loss: 0.653527 | L1: 0.330075 | L2: 0.323543 | L3: 0.323361 | lrm: 1.00 | dt: 3455.46ms | tok/sec: 151,727 | mfu: 39.51 | epoch: 1 | total time: 98.19m
step 01721 (39.11%) | K: 3 | loss: 0.653954 | L1: 0.330251 | L2: 0.323789 | L3: 0.323617 | lrm: 1.00 | dt: 3455.30ms | tok/sec: 151,734 | mfu: 39.51 | epoch: 1 | total time: 98.25m
step 01722 (39.13%) | K: 3 | loss: 0.654630 | L1: 0.330606 | L2: 0.324114 | L3: 0.323935 | lrm: 1.00 | dt: 3452.74ms | tok/sec: 151,846 | mfu: 39.54 | epoch: 1 | total time: 98.31m
step 01723 (39.16%) | K: 3 | loss: 0.655076 | L1: 0.330811 | L2: 0.324350 | L3: 0.324180 | lrm: 1.00 | dt: 3452.00ms | tok/sec: 151,879 | mfu: 39.55 | epoch: 1 | total time: 98.37m
step 01724 (39.18%) | K: 3 | loss: 0.657077 | L1: 0.331785 | L2: 0.325379 | L3: 0.325205 | lrm: 1.00 | dt: 3451.47ms | tok/sec: 151,902 | mfu: 39.56 | epoch: 1 | total time: 98.42m
step 01725 (39.20%) | K: 3 | loss: 0.652753 | L1: 0.329611 | L2: 0.323226 | L3: 0.323058 | lrm: 1.00 | dt: 3452.29ms | tok/sec: 151,866 | mfu: 39.55 | epoch: 1 | total time: 98.48m
step 01726 (39.22%) | K: 3 | loss: 0.657708 | L1: 0.332143 | L2: 0.325657 | L3: 0.325474 | lrm: 1.00 | dt: 3451.43ms | tok/sec: 151,904 | mfu: 39.56 | epoch: 1 | total time: 98.54m
step 01727 (39.25%) | K: 3 | loss: 0.653426 | L1: 0.329936 | L2: 0.323581 | L3: 0.323399 | lrm: 1.00 | dt: 3442.04ms | tok/sec: 152,318 | mfu: 39.67 | epoch: 1 | total time: 98.60m
step 01728 (39.27%) | K: 3 | loss: 0.648625 | L1: 0.327511 | L2: 0.321203 | L3: 0.321026 | lrm: 1.00 | dt: 3444.14ms | tok/sec: 152,225 | mfu: 39.64 | epoch: 1 | total time: 98.65m
step 01729 (39.29%) | K: 3 | loss: 0.645878 | L1: 0.326173 | L2: 0.319794 | L3: 0.319617 | lrm: 1.00 | dt: 3444.34ms | tok/sec: 152,217 | mfu: 39.64 | epoch: 1 | total time: 98.71m
step 01730 (39.31%) | K: 3 | loss: 0.644522 | L1: 0.325475 | L2: 0.319133 | L3: 0.318962 | lrm: 1.00 | dt: 3442.03ms | tok/sec: 152,319 | mfu: 39.67 | epoch: 1 | total time: 98.77m
step 01731 (39.34%) | K: 3 | loss: 0.641868 | L1: 0.324164 | L2: 0.317791 | L3: 0.317616 | lrm: 1.00 | dt: 3441.68ms | tok/sec: 152,334 | mfu: 39.67 | epoch: 1 | total time: 98.83m
step 01732 (39.36%) | K: 3 | loss: 0.642078 | L1: 0.324240 | L2: 0.317922 | L3: 0.317755 | lrm: 1.00 | dt: 3442.94ms | tok/sec: 152,279 | mfu: 39.66 | epoch: 1 | total time: 98.88m
step 01733 (39.38%) | K: 3 | loss: 0.641405 | L1: 0.323858 | L2: 0.317634 | L3: 0.317462 | lrm: 1.00 | dt: 3448.56ms | tok/sec: 152,030 | mfu: 39.59 | epoch: 1 | total time: 98.94m
step 01734 (39.41%) | K: 3 | loss: 0.647130 | L1: 0.326738 | L2: 0.320477 | L3: 0.320307 | lrm: 1.00 | dt: 3449.93ms | tok/sec: 151,970 | mfu: 39.58 | epoch: 1 | total time: 99.00m
step 01735 (39.43%) | K: 3 | loss: 0.649210 | L1: 0.327787 | L2: 0.321509 | L3: 0.321337 | lrm: 1.00 | dt: 3453.76ms | tok/sec: 151,802 | mfu: 39.53 | epoch: 1 | total time: 99.06m
step 01736 (39.45%) | K: 3 | loss: 0.646078 | L1: 0.326230 | L2: 0.319936 | L3: 0.319758 | lrm: 1.00 | dt: 3456.41ms | tok/sec: 151,685 | mfu: 39.50 | epoch: 1 | total time: 99.11m
step 01737 (39.47%) | K: 3 | loss: 0.645915 | L1: 0.326165 | L2: 0.319842 | L3: 0.319658 | lrm: 1.00 | dt: 3456.20ms | tok/sec: 151,694 | mfu: 39.50 | epoch: 1 | total time: 99.17m
step 01738 (39.50%) | K: 3 | loss: 0.646769 | L1: 0.326585 | L2: 0.320277 | L3: 0.320091 | lrm: 1.00 | dt: 3452.57ms | tok/sec: 151,854 | mfu: 39.55 | epoch: 1 | total time: 99.23m
step 01739 (39.52%) | K: 3 | loss: 0.648600 | L1: 0.327484 | L2: 0.321209 | L3: 0.321022 | lrm: 1.00 | dt: 3453.85ms | tok/sec: 151,798 | mfu: 39.53 | epoch: 1 | total time: 99.29m
step 01740 (39.54%) | K: 3 | loss: 0.648059 | L1: 0.327190 | L2: 0.320957 | L3: 0.320781 | lrm: 1.00 | dt: 3452.21ms | tok/sec: 151,870 | mfu: 39.55 | epoch: 1 | total time: 99.34m
step 01741 (39.56%) | K: 3 | loss: 0.649677 | L1: 0.328025 | L2: 0.321740 | L3: 0.321565 | lrm: 1.00 | dt: 3448.13ms | tok/sec: 152,049 | mfu: 39.60 | epoch: 1 | total time: 99.40m
step 01742 (39.59%) | K: 3 | loss: 0.648648 | L1: 0.327526 | L2: 0.321208 | L3: 0.321036 | lrm: 1.00 | dt: 3453.49ms | tok/sec: 151,814 | mfu: 39.54 | epoch: 1 | total time: 99.46m
step 01743 (39.61%) | K: 3 | loss: 0.652629 | L1: 0.329580 | L2: 0.323139 | L3: 0.322960 | lrm: 1.00 | dt: 3447.38ms | tok/sec: 152,082 | mfu: 39.61 | epoch: 1 | total time: 99.52m
step 01744 (39.63%) | K: 3 | loss: 0.653711 | L1: 0.330110 | L2: 0.323688 | L3: 0.323512 | lrm: 1.00 | dt: 3447.73ms | tok/sec: 152,067 | mfu: 39.60 | epoch: 1 | total time: 99.57m
step 01745 (39.65%) | K: 3 | loss: 0.650577 | L1: 0.328552 | L2: 0.322110 | L3: 0.321940 | lrm: 1.00 | dt: 3445.48ms | tok/sec: 152,166 | mfu: 39.63 | epoch: 1 | total time: 99.63m
step 01746 (39.68%) | K: 3 | loss: 0.653348 | L1: 0.329933 | L2: 0.323504 | L3: 0.323327 | lrm: 1.00 | dt: 3445.69ms | tok/sec: 152,157 | mfu: 39.62 | epoch: 1 | total time: 99.69m
step 01747 (39.70%) | K: 3 | loss: 0.651834 | L1: 0.329165 | L2: 0.322754 | L3: 0.322584 | lrm: 1.00 | dt: 3443.61ms | tok/sec: 152,249 | mfu: 39.65 | epoch: 1 | total time: 99.75m
step 01748 (39.72%) | K: 3 | loss: 0.658431 | L1: 0.332388 | L2: 0.326122 | L3: 0.325964 | lrm: 1.00 | dt: 3448.45ms | tok/sec: 152,036 | mfu: 39.59 | epoch: 1 | total time: 99.80m
step 01749 (39.75%) | K: 3 | loss: 0.661948 | L1: 0.334171 | L2: 0.327856 | L3: 0.327700 | lrm: 1.00 | dt: 3445.88ms | tok/sec: 152,149 | mfu: 39.62 | epoch: 1 | total time: 99.86m
step 01750 (39.77%) | K: 3 | loss: 0.664759 | L1: 0.335561 | L2: 0.329278 | L3: 0.329120 | lrm: 1.00 | dt: 3444.08ms | tok/sec: 152,228 | mfu: 39.64 | epoch: 1 | total time: 99.92m
Step 01750 | Validation L1 bpb: 0.1779 | L2 bpb: 0.1743 | L3 bpb: 0.1742
step 01751 (39.79%) | K: 3 | loss: 0.660572 | L1: 0.333492 | L2: 0.327176 | L3: 0.326983 | lrm: 1.00 | dt: 3457.31ms | tok/sec: 151,646 | mfu: 39.49 | epoch: 1 | total time: 99.98m
step 01752 (39.81%) | K: 3 | loss: 0.661762 | L1: 0.334111 | L2: 0.327741 | L3: 0.327562 | lrm: 1.00 | dt: 3452.30ms | tok/sec: 151,866 | mfu: 39.55 | epoch: 1 | total time: 100.03m
step 01753 (39.84%) | K: 3 | loss: 0.659918 | L1: 0.333257 | L2: 0.326751 | L3: 0.326570 | lrm: 1.00 | dt: 3452.61ms | tok/sec: 151,852 | mfu: 39.55 | epoch: 1 | total time: 100.09m
step 01754 (39.86%) | K: 3 | loss: 0.660051 | L1: 0.333321 | L2: 0.326817 | L3: 0.326643 | lrm: 1.00 | dt: 3455.72ms | tok/sec: 151,716 | mfu: 39.51 | epoch: 1 | total time: 100.15m
step 01755 (39.88%) | K: 3 | loss: 0.659304 | L1: 0.332928 | L2: 0.326455 | L3: 0.326297 | lrm: 1.00 | dt: 3453.06ms | tok/sec: 151,833 | mfu: 39.54 | epoch: 1 | total time: 100.21m
step 01756 (39.90%) | K: 3 | loss: 0.661711 | L1: 0.334111 | L2: 0.327681 | L3: 0.327518 | lrm: 1.00 | dt: 3455.93ms | tok/sec: 151,706 | mfu: 39.51 | epoch: 1 | total time: 100.26m
step 01757 (39.93%) | K: 3 | loss: 0.665745 | L1: 0.336148 | L2: 0.329691 | L3: 0.329502 | lrm: 1.00 | dt: 3444.47ms | tok/sec: 152,211 | mfu: 39.64 | epoch: 1 | total time: 100.32m
step 01758 (39.95%) | K: 3 | loss: 0.666313 | L1: 0.336380 | L2: 0.330025 | L3: 0.329840 | lrm: 1.00 | dt: 3457.60ms | tok/sec: 151,633 | mfu: 39.49 | epoch: 1 | total time: 100.38m
step 01759 (39.97%) | K: 3 | loss: 0.668884 | L1: 0.337653 | L2: 0.331317 | L3: 0.331144 | lrm: 1.00 | dt: 3453.07ms | tok/sec: 151,832 | mfu: 39.54 | epoch: 1 | total time: 100.44m
step 01760 (40.00%) | K: 3 | loss: 0.669284 | L1: 0.337842 | L2: 0.331531 | L3: 0.331352 | lrm: 1.00 | dt: 3454.87ms | tok/sec: 151,753 | mfu: 39.52 | epoch: 1 | total time: 100.49m
step 01761 (40.02%) | K: 3 | loss: 0.669120 | L1: 0.337805 | L2: 0.331404 | L3: 0.331226 | lrm: 1.00 | dt: 3450.33ms | tok/sec: 151,952 | mfu: 39.57 | epoch: 1 | total time: 100.55m
step 01762 (40.04%) | K: 3 | loss: 0.667588 | L1: 0.337051 | L2: 0.330625 | L3: 0.330449 | lrm: 1.00 | dt: 3450.60ms | tok/sec: 151,941 | mfu: 39.57 | epoch: 1 | total time: 100.61m
step 01763 (40.06%) | K: 3 | loss: 0.668565 | L1: 0.337550 | L2: 0.331104 | L3: 0.330926 | lrm: 1.00 | dt: 3450.46ms | tok/sec: 151,947 | mfu: 39.57 | epoch: 1 | total time: 100.67m
step 01764 (40.09%) | K: 3 | loss: 0.668824 | L1: 0.337722 | L2: 0.331199 | L3: 0.331005 | lrm: 1.00 | dt: 3450.70ms | tok/sec: 151,936 | mfu: 39.57 | epoch: 1 | total time: 100.72m
step 01765 (40.11%) | K: 3 | loss: 0.664134 | L1: 0.335380 | L2: 0.328845 | L3: 0.328663 | lrm: 1.00 | dt: 3447.46ms | tok/sec: 152,079 | mfu: 39.60 | epoch: 1 | total time: 100.78m
step 01766 (40.13%) | K: 3 | loss: 0.662486 | L1: 0.334568 | L2: 0.327997 | L3: 0.327838 | lrm: 1.00 | dt: 3445.39ms | tok/sec: 152,170 | mfu: 39.63 | epoch: 1 | total time: 100.84m
step 01767 (40.15%) | K: 3 | loss: 0.661334 | L1: 0.333970 | L2: 0.327435 | L3: 0.327293 | lrm: 1.00 | dt: 3443.81ms | tok/sec: 152,240 | mfu: 39.65 | epoch: 1 | total time: 100.90m
step 01768 (40.18%) | K: 3 | loss: 0.657092 | L1: 0.331814 | L2: 0.325348 | L3: 0.325207 | lrm: 1.00 | dt: 3441.28ms | tok/sec: 152,352 | mfu: 39.68 | epoch: 1 | total time: 100.95m
step 01769 (40.20%) | K: 3 | loss: 0.655713 | L1: 0.331132 | L2: 0.324647 | L3: 0.324516 | lrm: 1.00 | dt: 3442.96ms | tok/sec: 152,278 | mfu: 39.66 | epoch: 1 | total time: 101.01m
step 01770 (40.22%) | K: 3 | loss: 0.654037 | L1: 0.330304 | L2: 0.323801 | L3: 0.323665 | lrm: 1.00 | dt: 3443.69ms | tok/sec: 152,245 | mfu: 39.65 | epoch: 1 | total time: 101.07m
step 01771 (40.24%) | K: 3 | loss: 0.657235 | L1: 0.331890 | L2: 0.325413 | L3: 0.325277 | lrm: 1.00 | dt: 3449.13ms | tok/sec: 152,005 | mfu: 39.59 | epoch: 1 | total time: 101.13m
step 01772 (40.27%) | K: 3 | loss: 0.657654 | L1: 0.332090 | L2: 0.325639 | L3: 0.325489 | lrm: 1.00 | dt: 3451.58ms | tok/sec: 151,897 | mfu: 39.56 | epoch: 1 | total time: 101.18m
step 01773 (40.29%) | K: 3 | loss: 0.657420 | L1: 0.332001 | L2: 0.325498 | L3: 0.325340 | lrm: 1.00 | dt: 3451.14ms | tok/sec: 151,917 | mfu: 39.56 | epoch: 1 | total time: 101.24m
step 01774 (40.31%) | K: 3 | loss: 0.657462 | L1: 0.332021 | L2: 0.325525 | L3: 0.325357 | lrm: 1.00 | dt: 3456.00ms | tok/sec: 151,703 | mfu: 39.51 | epoch: 1 | total time: 101.30m
step 01775 (40.34%) | K: 3 | loss: 0.654595 | L1: 0.330565 | L2: 0.324119 | L3: 0.323942 | lrm: 1.00 | dt: 3458.42ms | tok/sec: 151,597 | mfu: 39.48 | epoch: 1 | total time: 101.36m
step 01776 (40.36%) | K: 3 | loss: 0.653803 | L1: 0.330207 | L2: 0.323686 | L3: 0.323506 | lrm: 1.00 | dt: 3461.70ms | tok/sec: 151,454 | mfu: 39.44 | epoch: 1 | total time: 101.41m
step 01777 (40.38%) | K: 3 | loss: 0.655104 | L1: 0.330871 | L2: 0.324333 | L3: 0.324134 | lrm: 1.00 | dt: 3459.36ms | tok/sec: 151,556 | mfu: 39.47 | epoch: 1 | total time: 101.47m
step 01778 (40.41%) | K: 3 | loss: 0.654945 | L1: 0.330839 | L2: 0.324212 | L3: 0.323999 | lrm: 1.00 | dt: 3461.30ms | tok/sec: 151,471 | mfu: 39.45 | epoch: 1 | total time: 101.53m
step 01779 (40.43%) | K: 3 | loss: 0.658251 | L1: 0.332482 | L2: 0.325871 | L3: 0.325667 | lrm: 1.00 | dt: 3454.28ms | tok/sec: 151,779 | mfu: 39.53 | epoch: 1 | total time: 101.59m
step 01780 (40.45%) | K: 3 | loss: 0.654952 | L1: 0.330842 | L2: 0.324222 | L3: 0.323999 | lrm: 1.00 | dt: 3453.36ms | tok/sec: 151,819 | mfu: 39.54 | epoch: 1 | total time: 101.64m
step 01781 (40.47%) | K: 3 | loss: 0.656539 | L1: 0.331659 | L2: 0.324981 | L3: 0.324778 | lrm: 1.00 | dt: 3455.39ms | tok/sec: 151,730 | mfu: 39.51 | epoch: 1 | total time: 101.70m
step 01782 (40.50%) | K: 3 | loss: 0.658875 | L1: 0.332784 | L2: 0.326197 | L3: 0.325985 | lrm: 1.00 | dt: 3458.89ms | tok/sec: 151,577 | mfu: 39.47 | epoch: 1 | total time: 101.76m
step 01783 (40.52%) | K: 3 | loss: 0.657702 | L1: 0.332197 | L2: 0.325623 | L3: 0.325387 | lrm: 1.00 | dt: 3456.32ms | tok/sec: 151,689 | mfu: 39.50 | epoch: 1 | total time: 101.82m
step 01784 (40.55%) | K: 3 | loss: 0.660540 | L1: 0.333589 | L2: 0.327073 | L3: 0.326829 | lrm: 1.00 | dt: 3451.61ms | tok/sec: 151,896 | mfu: 39.56 | epoch: 1 | total time: 101.87m
step 01785 (40.57%) | K: 3 | loss: 0.661298 | L1: 0.333991 | L2: 0.327431 | L3: 0.327182 | lrm: 1.00 | dt: 3447.92ms | tok/sec: 152,059 | mfu: 39.60 | epoch: 1 | total time: 101.93m
step 01786 (40.59%) | K: 3 | loss: 0.664900 | L1: 0.335797 | L2: 0.329226 | L3: 0.328981 | lrm: 1.00 | dt: 3449.91ms | tok/sec: 151,971 | mfu: 39.58 | epoch: 1 | total time: 101.99m
step 01787 (40.61%) | K: 3 | loss: 0.661407 | L1: 0.334021 | L2: 0.327500 | L3: 0.327273 | lrm: 1.00 | dt: 3448.59ms | tok/sec: 152,029 | mfu: 39.59 | epoch: 1 | total time: 102.05m
step 01788 (40.64%) | K: 3 | loss: 0.660549 | L1: 0.333616 | L2: 0.327047 | L3: 0.326820 | lrm: 1.00 | dt: 3448.58ms | tok/sec: 152,030 | mfu: 39.59 | epoch: 1 | total time: 102.10m
step 01789 (40.66%) | K: 3 | loss: 0.658287 | L1: 0.332439 | L2: 0.325952 | L3: 0.325743 | lrm: 1.00 | dt: 3444.60ms | tok/sec: 152,205 | mfu: 39.64 | epoch: 1 | total time: 102.16m
step 01790 (40.68%) | K: 3 | loss: 0.656059 | L1: 0.331328 | L2: 0.324831 | L3: 0.324631 | lrm: 1.00 | dt: 3447.10ms | tok/sec: 152,095 | mfu: 39.61 | epoch: 1 | total time: 102.22m
step 01791 (40.70%) | K: 3 | loss: 0.660421 | L1: 0.333476 | L2: 0.327042 | L3: 0.326847 | lrm: 1.00 | dt: 3444.67ms | tok/sec: 152,202 | mfu: 39.64 | epoch: 1 | total time: 102.28m
step 01792 (40.73%) | K: 3 | loss: 0.656989 | L1: 0.331723 | L2: 0.325357 | L3: 0.325175 | lrm: 1.00 | dt: 3447.77ms | tok/sec: 152,065 | mfu: 39.60 | epoch: 1 | total time: 102.33m
step 01793 (40.75%) | K: 3 | loss: 0.655938 | L1: 0.331214 | L2: 0.324816 | L3: 0.324632 | lrm: 1.00 | dt: 3448.60ms | tok/sec: 152,029 | mfu: 39.59 | epoch: 1 | total time: 102.39m
step 01794 (40.77%) | K: 3 | loss: 0.655342 | L1: 0.330936 | L2: 0.324495 | L3: 0.324317 | lrm: 1.00 | dt: 3450.58ms | tok/sec: 151,941 | mfu: 39.57 | epoch: 1 | total time: 102.45m
step 01795 (40.79%) | K: 3 | loss: 0.654416 | L1: 0.330478 | L2: 0.324027 | L3: 0.323850 | lrm: 1.00 | dt: 3450.00ms | tok/sec: 151,967 | mfu: 39.58 | epoch: 1 | total time: 102.51m
step 01796 (40.82%) | K: 3 | loss: 0.652952 | L1: 0.329729 | L2: 0.323307 | L3: 0.323139 | lrm: 1.00 | dt: 3451.26ms | tok/sec: 151,912 | mfu: 39.56 | epoch: 1 | total time: 102.56m
step 01797 (40.84%) | K: 3 | loss: 0.653205 | L1: 0.329807 | L2: 0.323484 | L3: 0.323313 | lrm: 1.00 | dt: 3453.34ms | tok/sec: 151,820 | mfu: 39.54 | epoch: 1 | total time: 102.62m
step 01798 (40.86%) | K: 3 | loss: 0.651543 | L1: 0.328997 | L2: 0.322635 | L3: 0.322456 | lrm: 1.00 | dt: 3453.66ms | tok/sec: 151,806 | mfu: 39.53 | epoch: 1 | total time: 102.68m
step 01799 (40.89%) | K: 3 | loss: 0.651661 | L1: 0.329012 | L2: 0.322746 | L3: 0.322552 | lrm: 1.00 | dt: 3450.43ms | tok/sec: 151,948 | mfu: 39.57 | epoch: 1 | total time: 102.74m
step 01800 (40.91%) | K: 3 | loss: 0.649452 | L1: 0.327922 | L2: 0.321636 | L3: 0.321424 | lrm: 1.00 | dt: 3448.06ms | tok/sec: 152,053 | mfu: 39.60 | epoch: 1 | total time: 102.79m
step 01801 (40.93%) | K: 3 | loss: 0.646662 | L1: 0.326541 | L2: 0.320225 | L3: 0.320017 | lrm: 1.00 | dt: 3445.88ms | tok/sec: 152,149 | mfu: 39.62 | epoch: 1 | total time: 102.85m
step 01802 (40.96%) | K: 3 | loss: 0.645177 | L1: 0.325812 | L2: 0.319474 | L3: 0.319255 | lrm: 1.00 | dt: 3443.52ms | tok/sec: 152,253 | mfu: 39.65 | epoch: 1 | total time: 102.91m
step 01803 (40.98%) | K: 3 | loss: 0.645667 | L1: 0.326069 | L2: 0.319699 | L3: 0.319498 | lrm: 1.00 | dt: 3442.67ms | tok/sec: 152,290 | mfu: 39.66 | epoch: 1 | total time: 102.97m
step 01804 (41.00%) | K: 3 | loss: 0.651664 | L1: 0.329090 | L2: 0.322682 | L3: 0.322465 | lrm: 1.00 | dt: 3444.67ms | tok/sec: 152,202 | mfu: 39.64 | epoch: 1 | total time: 103.02m
step 01805 (41.02%) | K: 3 | loss: 0.651854 | L1: 0.329168 | L2: 0.322795 | L3: 0.322576 | lrm: 1.00 | dt: 3445.83ms | tok/sec: 152,151 | mfu: 39.62 | epoch: 1 | total time: 103.08m
step 01806 (41.05%) | K: 3 | loss: 0.650161 | L1: 0.328281 | L2: 0.321983 | L3: 0.321775 | lrm: 1.00 | dt: 3445.78ms | tok/sec: 152,153 | mfu: 39.62 | epoch: 1 | total time: 103.14m
step 01807 (41.07%) | K: 3 | loss: 0.648359 | L1: 0.327371 | L2: 0.321096 | L3: 0.320880 | lrm: 1.00 | dt: 3448.78ms | tok/sec: 152,021 | mfu: 39.59 | epoch: 1 | total time: 103.20m
step 01808 (41.09%) | K: 3 | loss: 0.648844 | L1: 0.327606 | L2: 0.321349 | L3: 0.321128 | lrm: 1.00 | dt: 3449.29ms | tok/sec: 151,998 | mfu: 39.58 | epoch: 1 | total time: 103.25m
step 01809 (41.11%) | K: 3 | loss: 0.645750 | L1: 0.326109 | L2: 0.319749 | L3: 0.319533 | lrm: 1.00 | dt: 3452.17ms | tok/sec: 151,871 | mfu: 39.55 | epoch: 1 | total time: 103.31m
step 01810 (41.14%) | K: 3 | loss: 0.647468 | L1: 0.326957 | L2: 0.320613 | L3: 0.320409 | lrm: 1.00 | dt: 3452.12ms | tok/sec: 151,874 | mfu: 39.55 | epoch: 1 | total time: 103.37m
step 01811 (41.16%) | K: 3 | loss: 0.645026 | L1: 0.325713 | L2: 0.319413 | L3: 0.319213 | lrm: 1.00 | dt: 3451.29ms | tok/sec: 151,910 | mfu: 39.56 | epoch: 1 | total time: 103.43m
step 01812 (41.18%) | K: 3 | loss: 0.644845 | L1: 0.325635 | L2: 0.319316 | L3: 0.319106 | lrm: 1.00 | dt: 3445.05ms | tok/sec: 152,186 | mfu: 39.63 | epoch: 1 | total time: 103.48m
step 01813 (41.20%) | K: 3 | loss: 0.645207 | L1: 0.325826 | L2: 0.319490 | L3: 0.319273 | lrm: 1.00 | dt: 3445.18ms | tok/sec: 152,180 | mfu: 39.63 | epoch: 1 | total time: 103.54m
step 01814 (41.23%) | K: 3 | loss: 0.646819 | L1: 0.326605 | L2: 0.320312 | L3: 0.320116 | lrm: 1.00 | dt: 3444.11ms | tok/sec: 152,227 | mfu: 39.64 | epoch: 1 | total time: 103.60m
step 01815 (41.25%) | K: 3 | loss: 0.647388 | L1: 0.326923 | L2: 0.320566 | L3: 0.320365 | lrm: 1.00 | dt: 3445.96ms | tok/sec: 152,145 | mfu: 39.62 | epoch: 1 | total time: 103.66m
step 01816 (41.27%) | K: 3 | loss: 0.650188 | L1: 0.328341 | L2: 0.321943 | L3: 0.321750 | lrm: 1.00 | dt: 3443.62ms | tok/sec: 152,248 | mfu: 39.65 | epoch: 1 | total time: 103.71m
step 01817 (41.29%) | K: 3 | loss: 0.653172 | L1: 0.329806 | L2: 0.323457 | L3: 0.323274 | lrm: 1.00 | dt: 3446.55ms | tok/sec: 152,119 | mfu: 39.61 | epoch: 1 | total time: 103.77m
step 01818 (41.32%) | K: 3 | loss: 0.656266 | L1: 0.331342 | L2: 0.325015 | L3: 0.324832 | lrm: 1.00 | dt: 3444.45ms | tok/sec: 152,212 | mfu: 39.64 | epoch: 1 | total time: 103.83m
step 01819 (41.34%) | K: 3 | loss: 0.657537 | L1: 0.332060 | L2: 0.325570 | L3: 0.325383 | lrm: 1.00 | dt: 3450.56ms | tok/sec: 151,942 | mfu: 39.57 | epoch: 1 | total time: 103.89m
step 01820 (41.36%) | K: 3 | loss: 0.656704 | L1: 0.331634 | L2: 0.325158 | L3: 0.324983 | lrm: 1.00 | dt: 3447.61ms | tok/sec: 152,072 | mfu: 39.60 | epoch: 1 | total time: 103.94m
step 01821 (41.39%) | K: 3 | loss: 0.654646 | L1: 0.330582 | L2: 0.324156 | L3: 0.323971 | lrm: 1.00 | dt: 3454.12ms | tok/sec: 151,786 | mfu: 39.53 | epoch: 1 | total time: 104.00m
step 01822 (41.41%) | K: 3 | loss: 0.656669 | L1: 0.331601 | L2: 0.325156 | L3: 0.324980 | lrm: 1.00 | dt: 3453.34ms | tok/sec: 151,820 | mfu: 39.54 | epoch: 1 | total time: 104.06m
step 01823 (41.43%) | K: 3 | loss: 0.654934 | L1: 0.330742 | L2: 0.324281 | L3: 0.324102 | lrm: 1.00 | dt: 3452.83ms | tok/sec: 151,843 | mfu: 39.54 | epoch: 1 | total time: 104.12m
step 01824 (41.45%) | K: 3 | loss: 0.656246 | L1: 0.331408 | L2: 0.324929 | L3: 0.324748 | lrm: 1.00 | dt: 3451.93ms | tok/sec: 151,882 | mfu: 39.55 | epoch: 1 | total time: 104.17m
step 01825 (41.47%) | K: 3 | loss: 0.651786 | L1: 0.329195 | L2: 0.322678 | L3: 0.322503 | lrm: 1.00 | dt: 3449.61ms | tok/sec: 151,984 | mfu: 39.58 | epoch: 1 | total time: 104.23m
step 01826 (41.50%) | K: 3 | loss: 0.645894 | L1: 0.326265 | L2: 0.319728 | L3: 0.319530 | lrm: 1.00 | dt: 3445.74ms | tok/sec: 152,155 | mfu: 39.62 | epoch: 1 | total time: 104.29m
step 01827 (41.52%) | K: 3 | loss: 0.648656 | L1: 0.327596 | L2: 0.321158 | L3: 0.320963 | lrm: 1.00 | dt: 3444.40ms | tok/sec: 152,214 | mfu: 39.64 | epoch: 1 | total time: 104.35m
step 01828 (41.54%) | K: 3 | loss: 0.650495 | L1: 0.328581 | L2: 0.322009 | L3: 0.321817 | lrm: 1.00 | dt: 3444.48ms | tok/sec: 152,211 | mfu: 39.64 | epoch: 1 | total time: 104.40m
step 01829 (41.57%) | K: 3 | loss: 0.646624 | L1: 0.326658 | L2: 0.320066 | L3: 0.319865 | lrm: 1.00 | dt: 3444.49ms | tok/sec: 152,210 | mfu: 39.64 | epoch: 1 | total time: 104.46m
step 01830 (41.59%) | K: 3 | loss: 0.650355 | L1: 0.328534 | L2: 0.321923 | L3: 0.321720 | lrm: 1.00 | dt: 3439.87ms | tok/sec: 152,415 | mfu: 39.69 | epoch: 1 | total time: 104.52m
step 01831 (41.61%) | K: 3 | loss: 0.650118 | L1: 0.328399 | L2: 0.321823 | L3: 0.321616 | lrm: 1.00 | dt: 3442.86ms | tok/sec: 152,282 | mfu: 39.66 | epoch: 1 | total time: 104.58m
step 01832 (41.63%) | K: 3 | loss: 0.649539 | L1: 0.328086 | L2: 0.321546 | L3: 0.321359 | lrm: 1.00 | dt: 3440.82ms | tok/sec: 152,373 | mfu: 39.68 | epoch: 1 | total time: 104.63m
step 01833 (41.65%) | K: 3 | loss: 0.649945 | L1: 0.328279 | L2: 0.321756 | L3: 0.321576 | lrm: 1.00 | dt: 3445.39ms | tok/sec: 152,170 | mfu: 39.63 | epoch: 1 | total time: 104.69m
step 01834 (41.68%) | K: 3 | loss: 0.651061 | L1: 0.328844 | L2: 0.322310 | L3: 0.322123 | lrm: 1.00 | dt: 3446.91ms | tok/sec: 152,103 | mfu: 39.61 | epoch: 1 | total time: 104.75m
step 01835 (41.70%) | K: 3 | loss: 0.648835 | L1: 0.327750 | L2: 0.321176 | L3: 0.320993 | lrm: 1.00 | dt: 3449.34ms | tok/sec: 151,996 | mfu: 39.58 | epoch: 1 | total time: 104.80m
step 01836 (41.72%) | K: 3 | loss: 0.646307 | L1: 0.326473 | L2: 0.319925 | L3: 0.319742 | lrm: 1.00 | dt: 3449.75ms | tok/sec: 151,978 | mfu: 39.58 | epoch: 1 | total time: 104.86m
step 01837 (41.74%) | K: 3 | loss: 0.649540 | L1: 0.328049 | L2: 0.321579 | L3: 0.321402 | lrm: 1.00 | dt: 3452.33ms | tok/sec: 151,865 | mfu: 39.55 | epoch: 1 | total time: 104.92m
step 01838 (41.77%) | K: 3 | loss: 0.649043 | L1: 0.327818 | L2: 0.321311 | L3: 0.321137 | lrm: 1.00 | dt: 3452.10ms | tok/sec: 151,874 | mfu: 39.55 | epoch: 1 | total time: 104.98m
step 01839 (41.79%) | K: 3 | loss: 0.649122 | L1: 0.327881 | L2: 0.321326 | L3: 0.321156 | lrm: 1.00 | dt: 3449.41ms | tok/sec: 151,993 | mfu: 39.58 | epoch: 1 | total time: 105.03m
step 01840 (41.81%) | K: 3 | loss: 0.647181 | L1: 0.326851 | L2: 0.320412 | L3: 0.320248 | lrm: 1.00 | dt: 3443.69ms | tok/sec: 152,245 | mfu: 39.65 | epoch: 1 | total time: 105.09m
step 01841 (41.83%) | K: 3 | loss: 0.646819 | L1: 0.326730 | L2: 0.320185 | L3: 0.319994 | lrm: 1.00 | dt: 3450.78ms | tok/sec: 151,933 | mfu: 39.57 | epoch: 1 | total time: 105.15m
step 01842 (41.86%) | K: 3 | loss: 0.639928 | L1: 0.323263 | L2: 0.316765 | L3: 0.316566 | lrm: 1.00 | dt: 3450.52ms | tok/sec: 151,944 | mfu: 39.57 | epoch: 1 | total time: 105.21m
step 01843 (41.88%) | K: 3 | loss: 0.637240 | L1: 0.321863 | L2: 0.315478 | L3: 0.315275 | lrm: 1.00 | dt: 3449.19ms | tok/sec: 152,003 | mfu: 39.58 | epoch: 1 | total time: 105.26m
step 01844 (41.90%) | K: 3 | loss: 0.641154 | L1: 0.323837 | L2: 0.317415 | L3: 0.317220 | lrm: 1.00 | dt: 3451.50ms | tok/sec: 151,901 | mfu: 39.56 | epoch: 1 | total time: 105.32m
step 01845 (41.92%) | K: 3 | loss: 0.639406 | L1: 0.322958 | L2: 0.316540 | L3: 0.316357 | lrm: 1.00 | dt: 3450.42ms | tok/sec: 151,948 | mfu: 39.57 | epoch: 1 | total time: 105.38m
step 01846 (41.95%) | K: 3 | loss: 0.649511 | L1: 0.328034 | L2: 0.321572 | L3: 0.321383 | lrm: 1.00 | dt: 3444.98ms | tok/sec: 152,188 | mfu: 39.63 | epoch: 1 | total time: 105.44m
step 01847 (41.97%) | K: 3 | loss: 0.649856 | L1: 0.328186 | L2: 0.321763 | L3: 0.321578 | lrm: 1.00 | dt: 3443.79ms | tok/sec: 152,241 | mfu: 39.65 | epoch: 1 | total time: 105.49m
step 01848 (41.99%) | K: 3 | loss: 0.650573 | L1: 0.328566 | L2: 0.322106 | L3: 0.321908 | lrm: 1.00 | dt: 3444.07ms | tok/sec: 152,229 | mfu: 39.64 | epoch: 1 | total time: 105.55m
step 01849 (42.01%) | K: 3 | loss: 0.655573 | L1: 0.331093 | L2: 0.324576 | L3: 0.324385 | lrm: 1.00 | dt: 3444.27ms | tok/sec: 152,220 | mfu: 39.64 | epoch: 1 | total time: 105.61m
step 01850 (42.04%) | K: 3 | loss: 0.655491 | L1: 0.331080 | L2: 0.324511 | L3: 0.324310 | lrm: 1.00 | dt: 3442.10ms | tok/sec: 152,316 | mfu: 39.67 | epoch: 1 | total time: 105.67m
step 01851 (42.06%) | K: 3 | loss: 0.653644 | L1: 0.330132 | L2: 0.323610 | L3: 0.323413 | lrm: 1.00 | dt: 3443.19ms | tok/sec: 152,268 | mfu: 39.65 | epoch: 1 | total time: 105.72m
step 01852 (42.08%) | K: 3 | loss: 0.654357 | L1: 0.330495 | L2: 0.323969 | L3: 0.323756 | lrm: 1.00 | dt: 3442.73ms | tok/sec: 152,288 | mfu: 39.66 | epoch: 1 | total time: 105.78m
step 01853 (42.10%) | K: 3 | loss: 0.650945 | L1: 0.328773 | L2: 0.322282 | L3: 0.322063 | lrm: 1.00 | dt: 3442.09ms | tok/sec: 152,316 | mfu: 39.67 | epoch: 1 | total time: 105.84m
step 01854 (42.13%) | K: 3 | loss: 0.649450 | L1: 0.328041 | L2: 0.321513 | L3: 0.321305 | lrm: 1.00 | dt: 3448.07ms | tok/sec: 152,052 | mfu: 39.60 | epoch: 1 | total time: 105.90m
step 01855 (42.15%) | K: 3 | loss: 0.643828 | L1: 0.325240 | L2: 0.318694 | L3: 0.318482 | lrm: 1.00 | dt: 3447.77ms | tok/sec: 152,065 | mfu: 39.60 | epoch: 1 | total time: 105.95m
step 01856 (42.17%) | K: 3 | loss: 0.642261 | L1: 0.324443 | L2: 0.317922 | L3: 0.317713 | lrm: 1.00 | dt: 3449.20ms | tok/sec: 152,002 | mfu: 39.58 | epoch: 1 | total time: 106.01m
step 01857 (42.20%) | K: 3 | loss: 0.637620 | L1: 0.322114 | L2: 0.315610 | L3: 0.315400 | lrm: 1.00 | dt: 3450.54ms | tok/sec: 151,943 | mfu: 39.57 | epoch: 1 | total time: 106.07m
step 01858 (42.22%) | K: 3 | loss: 0.636513 | L1: 0.321573 | L2: 0.315047 | L3: 0.314834 | lrm: 1.00 | dt: 3451.23ms | tok/sec: 151,913 | mfu: 39.56 | epoch: 1 | total time: 106.13m
step 01859 (42.24%) | K: 3 | loss: 0.641177 | L1: 0.323904 | L2: 0.317377 | L3: 0.317169 | lrm: 1.00 | dt: 3451.12ms | tok/sec: 151,918 | mfu: 39.56 | epoch: 1 | total time: 106.18m
step 01860 (42.27%) | K: 3 | loss: 0.636301 | L1: 0.321463 | L2: 0.314942 | L3: 0.314735 | lrm: 1.00 | dt: 3453.43ms | tok/sec: 151,816 | mfu: 39.54 | epoch: 1 | total time: 106.24m
step 01861 (42.29%) | K: 3 | loss: 0.638331 | L1: 0.322449 | L2: 0.315991 | L3: 0.315772 | lrm: 1.00 | dt: 3454.18ms | tok/sec: 151,783 | mfu: 39.53 | epoch: 1 | total time: 106.30m
step 01862 (42.31%) | K: 3 | loss: 0.635858 | L1: 0.321194 | L2: 0.314764 | L3: 0.314565 | lrm: 1.00 | dt: 3449.80ms | tok/sec: 151,976 | mfu: 39.58 | epoch: 1 | total time: 106.36m
step 01863 (42.33%) | K: 3 | loss: 0.634490 | L1: 0.320553 | L2: 0.314027 | L3: 0.313847 | lrm: 1.00 | dt: 3456.46ms | tok/sec: 151,683 | mfu: 39.50 | epoch: 1 | total time: 106.41m
step 01864 (42.36%) | K: 3 | loss: 0.633440 | L1: 0.320033 | L2: 0.313503 | L3: 0.313311 | lrm: 1.00 | dt: 3450.54ms | tok/sec: 151,943 | mfu: 39.57 | epoch: 1 | total time: 106.47m
step 01865 (42.38%) | K: 3 | loss: 0.638965 | L1: 0.322793 | L2: 0.316270 | L3: 0.316073 | lrm: 1.00 | dt: 3449.16ms | tok/sec: 152,004 | mfu: 39.58 | epoch: 1 | total time: 106.53m
step 01866 (42.40%) | K: 3 | loss: 0.641187 | L1: 0.323903 | L2: 0.317377 | L3: 0.317190 | lrm: 1.00 | dt: 3449.61ms | tok/sec: 151,984 | mfu: 39.58 | epoch: 1 | total time: 106.59m
step 01867 (42.42%) | K: 3 | loss: 0.637873 | L1: 0.322264 | L2: 0.315695 | L3: 0.315524 | lrm: 1.00 | dt: 3442.54ms | tok/sec: 152,296 | mfu: 39.66 | epoch: 1 | total time: 106.64m
step 01868 (42.45%) | K: 3 | loss: 0.640523 | L1: 0.323549 | L2: 0.317062 | L3: 0.316887 | lrm: 1.00 | dt: 3446.29ms | tok/sec: 152,131 | mfu: 39.62 | epoch: 1 | total time: 106.70m
step 01869 (42.47%) | K: 3 | loss: 0.644762 | L1: 0.325683 | L2: 0.319166 | L3: 0.318993 | lrm: 1.00 | dt: 3446.62ms | tok/sec: 152,116 | mfu: 39.61 | epoch: 1 | total time: 106.76m
step 01870 (42.49%) | K: 3 | loss: 0.645120 | L1: 0.325873 | L2: 0.319344 | L3: 0.319150 | lrm: 1.00 | dt: 3446.40ms | tok/sec: 152,126 | mfu: 39.62 | epoch: 1 | total time: 106.82m
step 01871 (42.51%) | K: 3 | loss: 0.641038 | L1: 0.323831 | L2: 0.317294 | L3: 0.317120 | lrm: 1.00 | dt: 3445.07ms | tok/sec: 152,184 | mfu: 39.63 | epoch: 1 | total time: 106.87m
step 01872 (42.54%) | K: 3 | loss: 0.641588 | L1: 0.324112 | L2: 0.317565 | L3: 0.317388 | lrm: 1.00 | dt: 3441.80ms | tok/sec: 152,329 | mfu: 39.67 | epoch: 1 | total time: 106.93m
step 01873 (42.56%) | K: 3 | loss: 0.640280 | L1: 0.323450 | L2: 0.316910 | L3: 0.316749 | lrm: 1.00 | dt: 3445.52ms | tok/sec: 152,165 | mfu: 39.63 | epoch: 1 | total time: 106.99m
step 01874 (42.58%) | K: 3 | loss: 0.647813 | L1: 0.327176 | L2: 0.320718 | L3: 0.320555 | lrm: 1.00 | dt: 3445.67ms | tok/sec: 152,158 | mfu: 39.62 | epoch: 1 | total time: 107.05m
step 01875 (42.61%) | K: 3 | loss: 0.650084 | L1: 0.328304 | L2: 0.321873 | L3: 0.321686 | lrm: 1.00 | dt: 3443.45ms | tok/sec: 152,256 | mfu: 39.65 | epoch: 1 | total time: 107.10m
step 01876 (42.63%) | K: 3 | loss: 0.649203 | L1: 0.327884 | L2: 0.321416 | L3: 0.321222 | lrm: 1.00 | dt: 3448.36ms | tok/sec: 152,039 | mfu: 39.59 | epoch: 1 | total time: 107.16m
step 01877 (42.65%) | K: 3 | loss: 0.642416 | L1: 0.324507 | L2: 0.318014 | L3: 0.317804 | lrm: 1.00 | dt: 3449.47ms | tok/sec: 151,990 | mfu: 39.58 | epoch: 1 | total time: 107.22m
step 01878 (42.67%) | K: 3 | loss: 0.643591 | L1: 0.325156 | L2: 0.318536 | L3: 0.318334 | lrm: 1.00 | dt: 3445.51ms | tok/sec: 152,165 | mfu: 39.63 | epoch: 1 | total time: 107.28m
step 01879 (42.70%) | K: 3 | loss: 0.635802 | L1: 0.321216 | L2: 0.314687 | L3: 0.314485 | lrm: 1.00 | dt: 3447.39ms | tok/sec: 152,082 | mfu: 39.61 | epoch: 1 | total time: 107.33m
step 01880 (42.72%) | K: 3 | loss: 0.633956 | L1: 0.320338 | L2: 0.313712 | L3: 0.313524 | lrm: 1.00 | dt: 3447.25ms | tok/sec: 152,088 | mfu: 39.61 | epoch: 1 | total time: 107.39m
step 01881 (42.74%) | K: 3 | loss: 0.632112 | L1: 0.319390 | L2: 0.312808 | L3: 0.312635 | lrm: 1.00 | dt: 3440.78ms | tok/sec: 152,374 | mfu: 39.68 | epoch: 1 | total time: 107.45m
step 01882 (42.77%) | K: 3 | loss: 0.632309 | L1: 0.319471 | L2: 0.312924 | L3: 0.312752 | lrm: 1.00 | dt: 3444.57ms | tok/sec: 152,206 | mfu: 39.64 | epoch: 1 | total time: 107.51m
step 01883 (42.79%) | K: 3 | loss: 0.632703 | L1: 0.319678 | L2: 0.313120 | L3: 0.312931 | lrm: 1.00 | dt: 3445.66ms | tok/sec: 152,158 | mfu: 39.62 | epoch: 1 | total time: 107.56m
step 01884 (42.81%) | K: 3 | loss: 0.631925 | L1: 0.319285 | L2: 0.312732 | L3: 0.312547 | lrm: 1.00 | dt: 3445.95ms | tok/sec: 152,146 | mfu: 39.62 | epoch: 1 | total time: 107.62m
step 01885 (42.84%) | K: 3 | loss: 0.633789 | L1: 0.320228 | L2: 0.313658 | L3: 0.313463 | lrm: 1.00 | dt: 3445.38ms | tok/sec: 152,171 | mfu: 39.63 | epoch: 1 | total time: 107.68m
step 01886 (42.86%) | K: 3 | loss: 0.633992 | L1: 0.320319 | L2: 0.313772 | L3: 0.313575 | lrm: 1.00 | dt: 3443.83ms | tok/sec: 152,239 | mfu: 39.65 | epoch: 1 | total time: 107.74m
step 01887 (42.88%) | K: 3 | loss: 0.638151 | L1: 0.322426 | L2: 0.315827 | L3: 0.315623 | lrm: 1.00 | dt: 3443.33ms | tok/sec: 152,261 | mfu: 39.65 | epoch: 1 | total time: 107.79m
step 01888 (42.90%) | K: 3 | loss: 0.638584 | L1: 0.322640 | L2: 0.316042 | L3: 0.315847 | lrm: 1.00 | dt: 3445.10ms | tok/sec: 152,183 | mfu: 39.63 | epoch: 1 | total time: 107.85m
step 01889 (42.92%) | K: 3 | loss: 0.641920 | L1: 0.324338 | L2: 0.317685 | L3: 0.317479 | lrm: 1.00 | dt: 3445.02ms | tok/sec: 152,187 | mfu: 39.63 | epoch: 1 | total time: 107.91m
step 01890 (42.94%) | K: 3 | loss: 0.644246 | L1: 0.325496 | L2: 0.318857 | L3: 0.318643 | lrm: 1.00 | dt: 3446.18ms | tok/sec: 152,136 | mfu: 39.62 | epoch: 1 | total time: 107.96m
step 01891 (42.97%) | K: 3 | loss: 0.644667 | L1: 0.325661 | L2: 0.319111 | L3: 0.318902 | lrm: 1.00 | dt: 3448.42ms | tok/sec: 152,036 | mfu: 39.59 | epoch: 1 | total time: 108.02m
step 01892 (42.99%) | K: 3 | loss: 0.646135 | L1: 0.326375 | L2: 0.319872 | L3: 0.319648 | lrm: 1.00 | dt: 3445.57ms | tok/sec: 152,163 | mfu: 39.63 | epoch: 1 | total time: 108.08m
step 01893 (43.01%) | K: 3 | loss: 0.643708 | L1: 0.325186 | L2: 0.318631 | L3: 0.318414 | lrm: 1.00 | dt: 3443.07ms | tok/sec: 152,273 | mfu: 39.65 | epoch: 1 | total time: 108.14m
step 01894 (43.03%) | K: 3 | loss: 0.647353 | L1: 0.327024 | L2: 0.320431 | L3: 0.320228 | lrm: 1.00 | dt: 3451.13ms | tok/sec: 151,917 | mfu: 39.56 | epoch: 1 | total time: 108.19m
step 01895 (43.06%) | K: 3 | loss: 0.647241 | L1: 0.326956 | L2: 0.320380 | L3: 0.320190 | lrm: 1.00 | dt: 3450.28ms | tok/sec: 151,955 | mfu: 39.57 | epoch: 1 | total time: 108.25m
step 01896 (43.08%) | K: 3 | loss: 0.649277 | L1: 0.327952 | L2: 0.321425 | L3: 0.321224 | lrm: 1.00 | dt: 3451.14ms | tok/sec: 151,917 | mfu: 39.56 | epoch: 1 | total time: 108.31m
step 01897 (43.10%) | K: 3 | loss: 0.645933 | L1: 0.326254 | L2: 0.319776 | L3: 0.319581 | lrm: 1.00 | dt: 3454.37ms | tok/sec: 151,775 | mfu: 39.53 | epoch: 1 | total time: 108.37m
step 01898 (43.12%) | K: 3 | loss: 0.647056 | L1: 0.326831 | L2: 0.320319 | L3: 0.320131 | lrm: 1.00 | dt: 3458.92ms | tok/sec: 151,575 | mfu: 39.47 | epoch: 1 | total time: 108.42m
step 01899 (43.15%) | K: 3 | loss: 0.648443 | L1: 0.327474 | L2: 0.321063 | L3: 0.320873 | lrm: 1.00 | dt: 3452.25ms | tok/sec: 151,868 | mfu: 39.55 | epoch: 1 | total time: 108.48m
step 01900 (43.17%) | K: 3 | loss: 0.648009 | L1: 0.327219 | L2: 0.320880 | L3: 0.320699 | lrm: 1.00 | dt: 3453.26ms | tok/sec: 151,823 | mfu: 39.54 | epoch: 1 | total time: 108.54m
step 01901 (43.19%) | K: 3 | loss: 0.648900 | L1: 0.327648 | L2: 0.321338 | L3: 0.321165 | lrm: 1.00 | dt: 3455.76ms | tok/sec: 151,714 | mfu: 39.51 | epoch: 1 | total time: 108.60m
step 01902 (43.22%) | K: 3 | loss: 0.644561 | L1: 0.325494 | L2: 0.319149 | L3: 0.318985 | lrm: 1.00 | dt: 3453.12ms | tok/sec: 151,830 | mfu: 39.54 | epoch: 1 | total time: 108.66m
step 01903 (43.24%) | K: 3 | loss: 0.642797 | L1: 0.324647 | L2: 0.318249 | L3: 0.318051 | lrm: 1.00 | dt: 3454.82ms | tok/sec: 151,755 | mfu: 39.52 | epoch: 1 | total time: 108.71m
step 01904 (43.26%) | K: 3 | loss: 0.641346 | L1: 0.323920 | L2: 0.317518 | L3: 0.317335 | lrm: 1.00 | dt: 3447.51ms | tok/sec: 152,077 | mfu: 39.60 | epoch: 1 | total time: 108.77m
step 01905 (43.29%) | K: 3 | loss: 0.641029 | L1: 0.323785 | L2: 0.317343 | L3: 0.317145 | lrm: 1.00 | dt: 3447.72ms | tok/sec: 152,067 | mfu: 39.60 | epoch: 1 | total time: 108.83m
step 01906 (43.31%) | K: 3 | loss: 0.644867 | L1: 0.325732 | L2: 0.319234 | L3: 0.319035 | lrm: 1.00 | dt: 3444.38ms | tok/sec: 152,215 | mfu: 39.64 | epoch: 1 | total time: 108.89m
step 01907 (43.33%) | K: 3 | loss: 0.646358 | L1: 0.326465 | L2: 0.319988 | L3: 0.319799 | lrm: 1.00 | dt: 3444.29ms | tok/sec: 152,219 | mfu: 39.64 | epoch: 1 | total time: 108.94m
step 01908 (43.35%) | K: 3 | loss: 0.644848 | L1: 0.325699 | L2: 0.319247 | L3: 0.319052 | lrm: 1.00 | dt: 3441.74ms | tok/sec: 152,332 | mfu: 39.67 | epoch: 1 | total time: 109.00m
step 01909 (43.38%) | K: 3 | loss: 0.645793 | L1: 0.326164 | L2: 0.319726 | L3: 0.319534 | lrm: 1.00 | dt: 3444.59ms | tok/sec: 152,206 | mfu: 39.64 | epoch: 1 | total time: 109.06m
step 01910 (43.40%) | K: 3 | loss: 0.644440 | L1: 0.325484 | L2: 0.319044 | L3: 0.318868 | lrm: 1.00 | dt: 3443.00ms | tok/sec: 152,276 | mfu: 39.66 | epoch: 1 | total time: 109.11m
step 01911 (43.42%) | K: 3 | loss: 0.641885 | L1: 0.324203 | L2: 0.317772 | L3: 0.317592 | lrm: 1.00 | dt: 3445.52ms | tok/sec: 152,165 | mfu: 39.63 | epoch: 1 | total time: 109.17m
step 01912 (43.45%) | K: 3 | loss: 0.641390 | L1: 0.323983 | L2: 0.317498 | L3: 0.317317 | lrm: 1.00 | dt: 3444.43ms | tok/sec: 152,213 | mfu: 39.64 | epoch: 1 | total time: 109.23m
step 01913 (43.47%) | K: 3 | loss: 0.645494 | L1: 0.326036 | L2: 0.319555 | L3: 0.319361 | lrm: 1.00 | dt: 3443.79ms | tok/sec: 152,241 | mfu: 39.65 | epoch: 1 | total time: 109.29m
step 01914 (43.49%) | K: 3 | loss: 0.643085 | L1: 0.324774 | L2: 0.318407 | L3: 0.318215 | lrm: 1.00 | dt: 3447.13ms | tok/sec: 152,094 | mfu: 39.61 | epoch: 1 | total time: 109.34m
step 01915 (43.51%) | K: 3 | loss: 0.643345 | L1: 0.324924 | L2: 0.318512 | L3: 0.318330 | lrm: 1.00 | dt: 3447.07ms | tok/sec: 152,096 | mfu: 39.61 | epoch: 1 | total time: 109.40m
step 01916 (43.53%) | K: 3 | loss: 0.645306 | L1: 0.325914 | L2: 0.319479 | L3: 0.319304 | lrm: 1.00 | dt: 3451.27ms | tok/sec: 151,911 | mfu: 39.56 | epoch: 1 | total time: 109.46m
step 01917 (43.56%) | K: 3 | loss: 0.645381 | L1: 0.325957 | L2: 0.319520 | L3: 0.319326 | lrm: 1.00 | dt: 3458.43ms | tok/sec: 151,597 | mfu: 39.48 | epoch: 1 | total time: 109.52m
step 01918 (43.58%) | K: 3 | loss: 0.640005 | L1: 0.323239 | L2: 0.316862 | L3: 0.316671 | lrm: 1.00 | dt: 3460.13ms | tok/sec: 151,522 | mfu: 39.46 | epoch: 1 | total time: 109.57m
step 01919 (43.60%) | K: 3 | loss: 0.637515 | L1: 0.321964 | L2: 0.315649 | L3: 0.315455 | lrm: 1.00 | dt: 3457.34ms | tok/sec: 151,644 | mfu: 39.49 | epoch: 1 | total time: 109.63m
step 01920 (43.62%) | K: 3 | loss: 0.647436 | L1: 0.326937 | L2: 0.320590 | L3: 0.320407 | lrm: 1.00 | dt: 3461.69ms | tok/sec: 151,454 | mfu: 39.44 | epoch: 1 | total time: 109.69m
step 01921 (43.65%) | K: 3 | loss: 0.649661 | L1: 0.328062 | L2: 0.321697 | L3: 0.321500 | lrm: 1.00 | dt: 3461.49ms | tok/sec: 151,463 | mfu: 39.44 | epoch: 1 | total time: 109.75m
step 01922 (43.67%) | K: 3 | loss: 0.649874 | L1: 0.328209 | L2: 0.321759 | L3: 0.321571 | lrm: 1.00 | dt: 3458.92ms | tok/sec: 151,575 | mfu: 39.47 | epoch: 1 | total time: 109.81m
step 01923 (43.69%) | K: 3 | loss: 0.651788 | L1: 0.329123 | L2: 0.322752 | L3: 0.322578 | lrm: 1.00 | dt: 3456.69ms | tok/sec: 151,673 | mfu: 39.50 | epoch: 1 | total time: 109.86m
step 01924 (43.71%) | K: 3 | loss: 0.649267 | L1: 0.327879 | L2: 0.321473 | L3: 0.321303 | lrm: 1.00 | dt: 3455.07ms | tok/sec: 151,744 | mfu: 39.52 | epoch: 1 | total time: 109.92m
step 01925 (43.73%) | K: 3 | loss: 0.647219 | L1: 0.326854 | L2: 0.320450 | L3: 0.320282 | lrm: 1.00 | dt: 3450.88ms | tok/sec: 151,928 | mfu: 39.57 | epoch: 1 | total time: 109.98m
step 01926 (43.76%) | K: 3 | loss: 0.642027 | L1: 0.324297 | L2: 0.317826 | L3: 0.317633 | lrm: 1.00 | dt: 3448.88ms | tok/sec: 152,016 | mfu: 39.59 | epoch: 1 | total time: 110.04m
step 01927 (43.78%) | K: 3 | loss: 0.642040 | L1: 0.324335 | L2: 0.317801 | L3: 0.317610 | lrm: 1.00 | dt: 3444.95ms | tok/sec: 152,190 | mfu: 39.63 | epoch: 1 | total time: 110.09m
step 01928 (43.80%) | K: 3 | loss: 0.640401 | L1: 0.323507 | L2: 0.316994 | L3: 0.316794 | lrm: 1.00 | dt: 3445.31ms | tok/sec: 152,174 | mfu: 39.63 | epoch: 1 | total time: 110.15m
step 01929 (43.82%) | K: 3 | loss: 0.642131 | L1: 0.324387 | L2: 0.317852 | L3: 0.317636 | lrm: 1.00 | dt: 3439.25ms | tok/sec: 152,442 | mfu: 39.70 | epoch: 1 | total time: 110.21m
step 01930 (43.85%) | K: 3 | loss: 0.644348 | L1: 0.325504 | L2: 0.318960 | L3: 0.318730 | lrm: 1.00 | dt: 3433.92ms | tok/sec: 152,679 | mfu: 39.76 | epoch: 1 | total time: 110.26m
step 01931 (43.87%) | K: 3 | loss: 0.646213 | L1: 0.326452 | L2: 0.319876 | L3: 0.319647 | lrm: 1.00 | dt: 3432.22ms | tok/sec: 152,754 | mfu: 39.78 | epoch: 1 | total time: 110.32m
step 01932 (43.89%) | K: 3 | loss: 0.648220 | L1: 0.327409 | L2: 0.320919 | L3: 0.320702 | lrm: 1.00 | dt: 3433.87ms | tok/sec: 152,681 | mfu: 39.76 | epoch: 1 | total time: 110.38m
step 01933 (43.92%) | K: 3 | loss: 0.651280 | L1: 0.328858 | L2: 0.322522 | L3: 0.322322 | lrm: 1.00 | dt: 3431.83ms | tok/sec: 152,772 | mfu: 39.78 | epoch: 1 | total time: 110.44m
step 01934 (43.94%) | K: 3 | loss: 0.649521 | L1: 0.327959 | L2: 0.321665 | L3: 0.321458 | lrm: 1.00 | dt: 3437.73ms | tok/sec: 152,510 | mfu: 39.72 | epoch: 1 | total time: 110.49m
step 01935 (43.96%) | K: 3 | loss: 0.649208 | L1: 0.327796 | L2: 0.321519 | L3: 0.321306 | lrm: 1.00 | dt: 3438.98ms | tok/sec: 152,454 | mfu: 39.70 | epoch: 1 | total time: 110.55m
step 01936 (43.98%) | K: 3 | loss: 0.653056 | L1: 0.329708 | L2: 0.323450 | L3: 0.323246 | lrm: 1.00 | dt: 3446.17ms | tok/sec: 152,136 | mfu: 39.62 | epoch: 1 | total time: 110.61m
step 01937 (44.00%) | K: 3 | loss: 0.650406 | L1: 0.328416 | L2: 0.322101 | L3: 0.321881 | lrm: 1.00 | dt: 3449.08ms | tok/sec: 152,008 | mfu: 39.59 | epoch: 1 | total time: 110.67m
step 01938 (44.03%) | K: 3 | loss: 0.649842 | L1: 0.328152 | L2: 0.321802 | L3: 0.321580 | lrm: 1.00 | dt: 3452.18ms | tok/sec: 151,871 | mfu: 39.55 | epoch: 1 | total time: 110.72m
step 01939 (44.05%) | K: 3 | loss: 0.647120 | L1: 0.326791 | L2: 0.320442 | L3: 0.320215 | lrm: 1.00 | dt: 3453.88ms | tok/sec: 151,796 | mfu: 39.53 | epoch: 1 | total time: 110.78m
step 01940 (44.07%) | K: 3 | loss: 0.647080 | L1: 0.326810 | L2: 0.320387 | L3: 0.320153 | lrm: 1.00 | dt: 3457.61ms | tok/sec: 151,633 | mfu: 39.49 | epoch: 1 | total time: 110.84m
step 01941 (44.09%) | K: 3 | loss: 0.645499 | L1: 0.325992 | L2: 0.319622 | L3: 0.319390 | lrm: 1.00 | dt: 3461.50ms | tok/sec: 151,462 | mfu: 39.44 | epoch: 1 | total time: 110.90m
step 01942 (44.12%) | K: 3 | loss: 0.647002 | L1: 0.326709 | L2: 0.320408 | L3: 0.320180 | lrm: 1.00 | dt: 3462.27ms | tok/sec: 151,428 | mfu: 39.43 | epoch: 1 | total time: 110.95m
step 01943 (44.14%) | K: 3 | loss: 0.643750 | L1: 0.325063 | L2: 0.318803 | L3: 0.318571 | lrm: 1.00 | dt: 3458.71ms | tok/sec: 151,584 | mfu: 39.48 | epoch: 1 | total time: 111.01m
step 01944 (44.16%) | K: 3 | loss: 0.643739 | L1: 0.325107 | L2: 0.318750 | L3: 0.318514 | lrm: 1.00 | dt: 3456.06ms | tok/sec: 151,701 | mfu: 39.51 | epoch: 1 | total time: 111.07m
step 01945 (44.18%) | K: 3 | loss: 0.646238 | L1: 0.326409 | L2: 0.319942 | L3: 0.319716 | lrm: 1.00 | dt: 3452.91ms | tok/sec: 151,839 | mfu: 39.54 | epoch: 1 | total time: 111.13m
step 01946 (44.21%) | K: 3 | loss: 0.640485 | L1: 0.323494 | L2: 0.317102 | L3: 0.316880 | lrm: 1.00 | dt: 3444.51ms | tok/sec: 152,209 | mfu: 39.64 | epoch: 1 | total time: 111.18m
step 01947 (44.23%) | K: 3 | loss: 0.638187 | L1: 0.322302 | L2: 0.315996 | L3: 0.315773 | lrm: 1.00 | dt: 3447.57ms | tok/sec: 152,074 | mfu: 39.60 | epoch: 1 | total time: 111.24m
step 01948 (44.25%) | K: 3 | loss: 0.641330 | L1: 0.323899 | L2: 0.317544 | L3: 0.317318 | lrm: 1.00 | dt: 3442.19ms | tok/sec: 152,312 | mfu: 39.66 | epoch: 1 | total time: 111.30m
step 01949 (44.27%) | K: 3 | loss: 0.638090 | L1: 0.322203 | L2: 0.315996 | L3: 0.315778 | lrm: 1.00 | dt: 3444.74ms | tok/sec: 152,199 | mfu: 39.64 | epoch: 1 | total time: 111.36m
step 01950 (44.30%) | K: 3 | loss: 0.644370 | L1: 0.325348 | L2: 0.319129 | L3: 0.318915 | lrm: 1.00 | dt: 3445.72ms | tok/sec: 152,156 | mfu: 39.62 | epoch: 1 | total time: 111.41m
step 01951 (44.32%) | K: 3 | loss: 0.646283 | L1: 0.326322 | L2: 0.320067 | L3: 0.319854 | lrm: 1.00 | dt: 3443.24ms | tok/sec: 152,265 | mfu: 39.65 | epoch: 1 | total time: 111.47m
step 01952 (44.34%) | K: 3 | loss: 0.647768 | L1: 0.327066 | L2: 0.320813 | L3: 0.320590 | lrm: 1.00 | dt: 3448.57ms | tok/sec: 152,030 | mfu: 39.59 | epoch: 1 | total time: 111.53m
step 01953 (44.37%) | K: 3 | loss: 0.651779 | L1: 0.329128 | L2: 0.322758 | L3: 0.322544 | lrm: 1.00 | dt: 3450.18ms | tok/sec: 151,959 | mfu: 39.57 | epoch: 1 | total time: 111.59m
step 01954 (44.39%) | K: 3 | loss: 0.650270 | L1: 0.328409 | L2: 0.321972 | L3: 0.321751 | lrm: 1.00 | dt: 3454.72ms | tok/sec: 151,759 | mfu: 39.52 | epoch: 1 | total time: 111.64m
step 01955 (44.41%) | K: 3 | loss: 0.647920 | L1: 0.327308 | L2: 0.320719 | L3: 0.320504 | lrm: 1.00 | dt: 3452.06ms | tok/sec: 151,876 | mfu: 39.55 | epoch: 1 | total time: 111.70m
step 01956 (44.44%) | K: 3 | loss: 0.650521 | L1: 0.328624 | L2: 0.322004 | L3: 0.321789 | lrm: 1.00 | dt: 3451.71ms | tok/sec: 151,892 | mfu: 39.56 | epoch: 1 | total time: 111.76m
step 01957 (44.46%) | K: 3 | loss: 0.648842 | L1: 0.327751 | L2: 0.321199 | L3: 0.320982 | lrm: 1.00 | dt: 3449.77ms | tok/sec: 151,977 | mfu: 39.58 | epoch: 1 | total time: 111.82m
step 01958 (44.48%) | K: 3 | loss: 0.647533 | L1: 0.327136 | L2: 0.320511 | L3: 0.320283 | lrm: 1.00 | dt: 3446.94ms | tok/sec: 152,102 | mfu: 39.61 | epoch: 1 | total time: 111.87m
step 01959 (44.50%) | K: 3 | loss: 0.643981 | L1: 0.325342 | L2: 0.318746 | L3: 0.318531 | lrm: 1.00 | dt: 3446.19ms | tok/sec: 152,135 | mfu: 39.62 | epoch: 1 | total time: 111.93m
step 01960 (44.53%) | K: 3 | loss: 0.640377 | L1: 0.323467 | L2: 0.317024 | L3: 0.316797 | lrm: 1.00 | dt: 3443.36ms | tok/sec: 152,260 | mfu: 39.65 | epoch: 1 | total time: 111.99m
step 01961 (44.55%) | K: 3 | loss: 0.639769 | L1: 0.323177 | L2: 0.316707 | L3: 0.316476 | lrm: 1.00 | dt: 3438.44ms | tok/sec: 152,478 | mfu: 39.71 | epoch: 1 | total time: 112.05m
step 01962 (44.57%) | K: 3 | loss: 0.644490 | L1: 0.325537 | L2: 0.319068 | L3: 0.318839 | lrm: 1.00 | dt: 3429.20ms | tok/sec: 152,889 | mfu: 39.82 | epoch: 1 | total time: 112.10m
step 01963 (44.60%) | K: 3 | loss: 0.643252 | L1: 0.324884 | L2: 0.318482 | L3: 0.318255 | lrm: 1.00 | dt: 3435.91ms | tok/sec: 152,590 | mfu: 39.74 | epoch: 1 | total time: 112.16m
step 01964 (44.62%) | K: 3 | loss: 0.640990 | L1: 0.323725 | L2: 0.317372 | L3: 0.317157 | lrm: 1.00 | dt: 3434.96ms | tok/sec: 152,633 | mfu: 39.75 | epoch: 1 | total time: 112.22m
step 01965 (44.64%) | K: 3 | loss: 0.639743 | L1: 0.323101 | L2: 0.316743 | L3: 0.316542 | lrm: 1.00 | dt: 3438.04ms | tok/sec: 152,496 | mfu: 39.71 | epoch: 1 | total time: 112.28m
step 01966 (44.67%) | K: 3 | loss: 0.636871 | L1: 0.321643 | L2: 0.315324 | L3: 0.315131 | lrm: 1.00 | dt: 3440.16ms | tok/sec: 152,402 | mfu: 39.69 | epoch: 1 | total time: 112.33m
step 01967 (44.69%) | K: 3 | loss: 0.642411 | L1: 0.324401 | L2: 0.318102 | L3: 0.317919 | lrm: 1.00 | dt: 3442.22ms | tok/sec: 152,311 | mfu: 39.66 | epoch: 1 | total time: 112.39m
step 01968 (44.71%) | K: 3 | loss: 0.641010 | L1: 0.323673 | L2: 0.317425 | L3: 0.317249 | lrm: 1.00 | dt: 3444.31ms | tok/sec: 152,218 | mfu: 39.64 | epoch: 1 | total time: 112.45m
step 01969 (44.73%) | K: 3 | loss: 0.639760 | L1: 0.323093 | L2: 0.316749 | L3: 0.316583 | lrm: 1.00 | dt: 3453.64ms | tok/sec: 151,807 | mfu: 39.53 | epoch: 1 | total time: 112.50m
step 01970 (44.76%) | K: 3 | loss: 0.642309 | L1: 0.324385 | L2: 0.318014 | L3: 0.317834 | lrm: 1.00 | dt: 3453.50ms | tok/sec: 151,813 | mfu: 39.53 | epoch: 1 | total time: 112.56m
step 01971 (44.78%) | K: 3 | loss: 0.642099 | L1: 0.324286 | L2: 0.317905 | L3: 0.317722 | lrm: 1.00 | dt: 3455.63ms | tok/sec: 151,720 | mfu: 39.51 | epoch: 1 | total time: 112.62m
step 01972 (44.80%) | K: 3 | loss: 0.644985 | L1: 0.325764 | L2: 0.319317 | L3: 0.319125 | lrm: 1.00 | dt: 3455.30ms | tok/sec: 151,734 | mfu: 39.51 | epoch: 1 | total time: 112.68m
step 01973 (44.82%) | K: 3 | loss: 0.641740 | L1: 0.324117 | L2: 0.317725 | L3: 0.317522 | lrm: 1.00 | dt: 3453.66ms | tok/sec: 151,806 | mfu: 39.53 | epoch: 1 | total time: 112.73m
step 01974 (44.85%) | K: 3 | loss: 0.641083 | L1: 0.323772 | L2: 0.317410 | L3: 0.317211 | lrm: 1.00 | dt: 3452.88ms | tok/sec: 151,840 | mfu: 39.54 | epoch: 1 | total time: 112.79m
step 01975 (44.87%) | K: 3 | loss: 0.641843 | L1: 0.324114 | L2: 0.317834 | L3: 0.317624 | lrm: 1.00 | dt: 3452.99ms | tok/sec: 151,836 | mfu: 39.54 | epoch: 1 | total time: 112.85m
step 01976 (44.89%) | K: 3 | loss: 0.641677 | L1: 0.324045 | L2: 0.317739 | L3: 0.317525 | lrm: 1.00 | dt: 3451.11ms | tok/sec: 151,918 | mfu: 39.56 | epoch: 1 | total time: 112.91m
step 01977 (44.92%) | K: 3 | loss: 0.645153 | L1: 0.325801 | L2: 0.319455 | L3: 0.319248 | lrm: 1.00 | dt: 3441.57ms | tok/sec: 152,339 | mfu: 39.67 | epoch: 1 | total time: 112.96m
step 01978 (44.94%) | K: 3 | loss: 0.646333 | L1: 0.326408 | L2: 0.320037 | L3: 0.319812 | lrm: 1.00 | dt: 3442.12ms | tok/sec: 152,315 | mfu: 39.67 | epoch: 1 | total time: 113.02m
step 01979 (44.96%) | K: 3 | loss: 0.649214 | L1: 0.327843 | L2: 0.321472 | L3: 0.321270 | lrm: 1.00 | dt: 3437.54ms | tok/sec: 152,518 | mfu: 39.72 | epoch: 1 | total time: 113.08m
step 01980 (44.98%) | K: 3 | loss: 0.652183 | L1: 0.329336 | L2: 0.322950 | L3: 0.322743 | lrm: 1.00 | dt: 3437.03ms | tok/sec: 152,541 | mfu: 39.72 | epoch: 1 | total time: 113.14m
step 01981 (45.01%) | K: 3 | loss: 0.652584 | L1: 0.329548 | L2: 0.323133 | L3: 0.322941 | lrm: 1.00 | dt: 3439.21ms | tok/sec: 152,444 | mfu: 39.70 | epoch: 1 | total time: 113.19m
step 01982 (45.03%) | K: 3 | loss: 0.647351 | L1: 0.326949 | L2: 0.320501 | L3: 0.320303 | lrm: 1.00 | dt: 3436.99ms | tok/sec: 152,542 | mfu: 39.72 | epoch: 1 | total time: 113.25m
step 01983 (45.05%) | K: 3 | loss: 0.645224 | L1: 0.325930 | L2: 0.319394 | L3: 0.319195 | lrm: 1.00 | dt: 3440.42ms | tok/sec: 152,390 | mfu: 39.69 | epoch: 1 | total time: 113.31m
step 01984 (45.07%) | K: 3 | loss: 0.648391 | L1: 0.327516 | L2: 0.320965 | L3: 0.320786 | lrm: 1.00 | dt: 3445.93ms | tok/sec: 152,146 | mfu: 39.62 | epoch: 1 | total time: 113.37m
step 01985 (45.10%) | K: 3 | loss: 0.650731 | L1: 0.328688 | L2: 0.322135 | L3: 0.321952 | lrm: 1.00 | dt: 3442.99ms | tok/sec: 152,277 | mfu: 39.66 | epoch: 1 | total time: 113.42m
step 01986 (45.12%) | K: 3 | loss: 0.650270 | L1: 0.328477 | L2: 0.321885 | L3: 0.321701 | lrm: 1.00 | dt: 3446.60ms | tok/sec: 152,117 | mfu: 39.61 | epoch: 1 | total time: 113.48m
step 01987 (45.14%) | K: 3 | loss: 0.652938 | L1: 0.329836 | L2: 0.323198 | L3: 0.323006 | lrm: 1.00 | dt: 3451.68ms | tok/sec: 151,893 | mfu: 39.56 | epoch: 1 | total time: 113.54m
step 01988 (45.17%) | K: 3 | loss: 0.648101 | L1: 0.327350 | L2: 0.320841 | L3: 0.320659 | lrm: 1.00 | dt: 3456.77ms | tok/sec: 151,669 | mfu: 39.50 | epoch: 1 | total time: 113.60m
step 01989 (45.19%) | K: 3 | loss: 0.652172 | L1: 0.329407 | L2: 0.322853 | L3: 0.322677 | lrm: 1.00 | dt: 3453.12ms | tok/sec: 151,830 | mfu: 39.54 | epoch: 1 | total time: 113.65m
step 01990 (45.21%) | K: 3 | loss: 0.648155 | L1: 0.327364 | L2: 0.320880 | L3: 0.320703 | lrm: 1.00 | dt: 3454.88ms | tok/sec: 151,752 | mfu: 39.52 | epoch: 1 | total time: 113.71m
step 01991 (45.23%) | K: 3 | loss: 0.648317 | L1: 0.327426 | L2: 0.320986 | L3: 0.320795 | lrm: 1.00 | dt: 3455.50ms | tok/sec: 151,725 | mfu: 39.51 | epoch: 1 | total time: 113.77m
step 01992 (45.26%) | K: 3 | loss: 0.643201 | L1: 0.324819 | L2: 0.318478 | L3: 0.318285 | lrm: 1.00 | dt: 3453.67ms | tok/sec: 151,805 | mfu: 39.53 | epoch: 1 | total time: 113.83m
step 01993 (45.28%) | K: 3 | loss: 0.648864 | L1: 0.327652 | L2: 0.321304 | L3: 0.321120 | lrm: 1.00 | dt: 3451.15ms | tok/sec: 151,917 | mfu: 39.56 | epoch: 1 | total time: 113.88m
step 01994 (45.30%) | K: 3 | loss: 0.646886 | L1: 0.326686 | L2: 0.320303 | L3: 0.320096 | lrm: 1.00 | dt: 3448.76ms | tok/sec: 152,022 | mfu: 39.59 | epoch: 1 | total time: 113.94m
step 01995 (45.32%) | K: 3 | loss: 0.648933 | L1: 0.327745 | L2: 0.321292 | L3: 0.321085 | lrm: 1.00 | dt: 3443.50ms | tok/sec: 152,254 | mfu: 39.65 | epoch: 1 | total time: 114.00m
step 01996 (45.35%) | K: 3 | loss: 0.647077 | L1: 0.326858 | L2: 0.320328 | L3: 0.320110 | lrm: 1.00 | dt: 3442.77ms | tok/sec: 152,286 | mfu: 39.66 | epoch: 1 | total time: 114.06m
step 01997 (45.37%) | K: 3 | loss: 0.646173 | L1: 0.326423 | L2: 0.319855 | L3: 0.319644 | lrm: 1.00 | dt: 3444.60ms | tok/sec: 152,205 | mfu: 39.64 | epoch: 1 | total time: 114.11m
step 01998 (45.39%) | K: 3 | loss: 0.644787 | L1: 0.325717 | L2: 0.319174 | L3: 0.318965 | lrm: 1.00 | dt: 3439.98ms | tok/sec: 152,410 | mfu: 39.69 | epoch: 1 | total time: 114.17m
step 01999 (45.41%) | K: 3 | loss: 0.646223 | L1: 0.326425 | L2: 0.319913 | L3: 0.319683 | lrm: 1.00 | dt: 3441.30ms | tok/sec: 152,351 | mfu: 39.68 | epoch: 1 | total time: 114.23m
step 02000 (45.44%) | K: 3 | loss: 0.644962 | L1: 0.325749 | L2: 0.319324 | L3: 0.319103 | lrm: 1.00 | dt: 3442.36ms | tok/sec: 152,304 | mfu: 39.66 | epoch: 1 | total time: 114.29m
Step 02000 | Validation L1 bpb: 0.1745 | L2 bpb: 0.1709 | L3 bpb: 0.1708
2026-08-27 21:03:01,242 - nanochat.checkpoint_manager - [32m[1mINFO[0m - Saved optimizer state to: /home/jhu/xwang457/work/nanochat_cache/chatsft_checkpoints/d20-lf-k3-openmath-train5m/optim_002000_rank1.pt
2026-08-27 21:03:01,282 - nanochat.checkpoint_manager - [32m[1mINFO[0m - Saved optimizer state to: /home/jhu/xwang457/work/nanochat_cache/chatsft_checkpoints/d20-lf-k3-openmath-train5m/optim_002000_rank3.pt
2026-08-27 21:03:01,300 - nanochat.checkpoint_manager - [32m[1mINFO[0m - Saved optimizer state to: /home/jhu/xwang457/work/nanochat_cache/chatsft_checkpoints/d20-lf-k3-openmath-train5m/optim_002000_rank2.pt
2026-08-27 21:03:02,001 - nanochat.checkpoint_manager - [32m[1mINFO[0m - Saved model parameters to: /home/jhu/xwang457/work/nanochat_cache/chatsft_checkpoints/d20-lf-k3-openmath-train5m/model_002000.pt
2026-08-27 21:03:02,004 - nanochat.checkpoint_manager - [32m[1mINFO[0m - Saved metadata to: /home/jhu/xwang457/work/nanochat_cache/chatsft_checkpoints/d20-lf-k3-openmath-train5m/meta_002000.json
2026-08-27 21:03:02,485 - nanochat.checkpoint_manager - [32m[1mINFO[0m - Saved optimizer state to: /home/jhu/xwang457/work/nanochat_cache/chatsft_checkpoints/d20-lf-k3-openmath-train5m/optim_002000_rank0.pt
step 02001 (45.46%) | K: 3 | loss: 0.645612 | L1: 0.326079 | L2: 0.319640 | L3: 0.319426 | lrm: 1.00 | dt: 3413.02ms | tok/sec: 153,614 | mfu: 40.00 | epoch: 1 | total time: 114.34m
step 02002 (45.48%) | K: 3 | loss: 0.643572 | L1: 0.325059 | L2: 0.318629 | L3: 0.318398 | lrm: 1.00 | dt: 3433.69ms | tok/sec: 152,689 | mfu: 39.76 | epoch: 1 | total time: 114.40m
step 02003 (45.51%) | K: 3 | loss: 0.644658 | L1: 0.325646 | L2: 0.319136 | L3: 0.318889 | lrm: 1.00 | dt: 3440.63ms | tok/sec: 152,381 | mfu: 39.68 | epoch: 1 | total time: 114.46m
step 02004 (45.53%) | K: 3 | loss: 0.648240 | L1: 0.327483 | L2: 0.320876 | L3: 0.320638 | lrm: 1.00 | dt: 3435.07ms | tok/sec: 152,627 | mfu: 39.75 | epoch: 1 | total time: 114.51m
step 02005 (45.55%) | K: 3 | loss: 0.645724 | L1: 0.326236 | L2: 0.319604 | L3: 0.319373 | lrm: 1.00 | dt: 3430.65ms | tok/sec: 152,824 | mfu: 39.80 | epoch: 1 | total time: 114.57m
step 02006 (45.57%) | K: 3 | loss: 0.645220 | L1: 0.325987 | L2: 0.319347 | L3: 0.319119 | lrm: 1.00 | dt: 3430.52ms | tok/sec: 152,830 | mfu: 39.80 | epoch: 1 | total time: 114.63m
step 02007 (45.59%) | K: 3 | loss: 0.647067 | L1: 0.326918 | L2: 0.320265 | L3: 0.320035 | lrm: 1.00 | dt: 3431.09ms | tok/sec: 152,805 | mfu: 39.79 | epoch: 1 | total time: 114.69m
step 02008 (45.62%) | K: 3 | loss: 0.647915 | L1: 0.327313 | L2: 0.320723 | L3: 0.320482 | lrm: 1.00 | dt: 3433.04ms | tok/sec: 152,718 | mfu: 39.77 | epoch: 1 | total time: 114.74m
step 02009 (45.64%) | K: 3 | loss: 0.649707 | L1: 0.328235 | L2: 0.321593 | L3: 0.321351 | lrm: 1.00 | dt: 3436.91ms | tok/sec: 152,546 | mfu: 39.73 | epoch: 1 | total time: 114.80m
step 02010 (45.66%) | K: 3 | loss: 0.649181 | L1: 0.327904 | L2: 0.321385 | L3: 0.321169 | lrm: 1.00 | dt: 3445.04ms | tok/sec: 152,186 | mfu: 39.63 | epoch: 1 | total time: 114.86m
step 02011 (45.69%) | K: 3 | loss: 0.646942 | L1: 0.326750 | L2: 0.320292 | L3: 0.320092 | lrm: 1.00 | dt: 3443.26ms | tok/sec: 152,265 | mfu: 39.65 | epoch: 1 | total time: 114.92m
step 02012 (45.71%) | K: 3 | loss: 0.644833 | L1: 0.325637 | L2: 0.319295 | L3: 0.319095 | lrm: 1.00 | dt: 3447.59ms | tok/sec: 152,073 | mfu: 39.60 | epoch: 1 | total time: 114.97m
step 02013 (45.73%) | K: 3 | loss: 0.643327 | L1: 0.324918 | L2: 0.318513 | L3: 0.318307 | lrm: 1.00 | dt: 3452.88ms | tok/sec: 151,840 | mfu: 39.54 | epoch: 1 | total time: 115.03m
step 02014 (45.75%) | K: 3 | loss: 0.644388 | L1: 0.325480 | L2: 0.319023 | L3: 0.318795 | lrm: 1.00 | dt: 3452.23ms | tok/sec: 151,869 | mfu: 39.55 | epoch: 1 | total time: 115.09m
step 02015 (45.77%) | K: 3 | loss: 0.643741 | L1: 0.325136 | L2: 0.318710 | L3: 0.318498 | lrm: 1.00 | dt: 3449.29ms | tok/sec: 151,998 | mfu: 39.58 | epoch: 1 | total time: 115.15m
step 02016 (45.80%) | K: 3 | loss: 0.644689 | L1: 0.325645 | L2: 0.319149 | L3: 0.318939 | lrm: 1.00 | dt: 3453.34ms | tok/sec: 151,820 | mfu: 39.54 | epoch: 1 | total time: 115.20m
step 02017 (45.82%) | K: 3 | loss: 0.650445 | L1: 0.328565 | L2: 0.322005 | L3: 0.321756 | lrm: 1.00 | dt: 3451.85ms | tok/sec: 151,885 | mfu: 39.55 | epoch: 1 | total time: 115.26m
step 02018 (45.84%) | K: 3 | loss: 0.648462 | L1: 0.327544 | L2: 0.321039 | L3: 0.320797 | lrm: 1.00 | dt: 3456.82ms | tok/sec: 151,667 | mfu: 39.50 | epoch: 1 | total time: 115.32m
step 02019 (45.87%) | K: 3 | loss: 0.647513 | L1: 0.327067 | L2: 0.320567 | L3: 0.320324 | lrm: 1.00 | dt: 3455.29ms | tok/sec: 151,735 | mfu: 39.51 | epoch: 1 | total time: 115.38m
step 02020 (45.89%) | K: 3 | loss: 0.649040 | L1: 0.327794 | L2: 0.321360 | L3: 0.321133 | lrm: 1.00 | dt: 3455.39ms | tok/sec: 151,730 | mfu: 39.51 | epoch: 1 | total time: 115.43m
step 02021 (45.91%) | K: 3 | loss: 0.647711 | L1: 0.327097 | L2: 0.320725 | L3: 0.320502 | lrm: 1.00 | dt: 3453.95ms | tok/sec: 151,793 | mfu: 39.53 | epoch: 1 | total time: 115.49m
step 02022 (45.93%) | K: 3 | loss: 0.644829 | L1: 0.325690 | L2: 0.319255 | L3: 0.319022 | lrm: 1.00 | dt: 3456.55ms | tok/sec: 151,679 | mfu: 39.50 | epoch: 1 | total time: 115.55m
step 02023 (45.96%) | K: 3 | loss: 0.641862 | L1: 0.324169 | L2: 0.317805 | L3: 0.317581 | lrm: 1.00 | dt: 3456.02ms | tok/sec: 151,702 | mfu: 39.51 | epoch: 1 | total time: 115.61m
step 02024 (45.98%) | K: 3 | loss: 0.640976 | L1: 0.323740 | L2: 0.317348 | L3: 0.317123 | lrm: 1.00 | dt: 3451.28ms | tok/sec: 151,911 | mfu: 39.56 | epoch: 1 | total time: 115.66m
step 02025 (46.00%) | K: 3 | loss: 0.641390 | L1: 0.323987 | L2: 0.317523 | L3: 0.317283 | lrm: 1.00 | dt: 3453.73ms | tok/sec: 151,803 | mfu: 39.53 | epoch: 1 | total time: 115.72m
step 02026 (46.02%) | K: 3 | loss: 0.639781 | L1: 0.323194 | L2: 0.316707 | L3: 0.316468 | lrm: 1.00 | dt: 3446.97ms | tok/sec: 152,101 | mfu: 39.61 | epoch: 1 | total time: 115.78m
step 02027 (46.05%) | K: 3 | loss: 0.639684 | L1: 0.323098 | L2: 0.316701 | L3: 0.316470 | lrm: 1.00 | dt: 3437.45ms | tok/sec: 152,522 | mfu: 39.72 | epoch: 1 | total time: 115.84m
step 02028 (46.07%) | K: 3 | loss: 0.640286 | L1: 0.323355 | L2: 0.317046 | L3: 0.316816 | lrm: 1.00 | dt: 3438.78ms | tok/sec: 152,463 | mfu: 39.70 | epoch: 1 | total time: 115.89m
step 02029 (46.09%) | K: 3 | loss: 0.639594 | L1: 0.323084 | L2: 0.316631 | L3: 0.316390 | lrm: 1.00 | dt: 3437.98ms | tok/sec: 152,498 | mfu: 39.71 | epoch: 1 | total time: 115.95m
step 02030 (46.11%) | K: 3 | loss: 0.645287 | L1: 0.325937 | L2: 0.319475 | L3: 0.319223 | lrm: 1.00 | dt: 3435.67ms | tok/sec: 152,601 | mfu: 39.74 | epoch: 1 | total time: 116.01m
step 02031 (46.14%) | K: 3 | loss: 0.643141 | L1: 0.324858 | L2: 0.318409 | L3: 0.318157 | lrm: 1.00 | dt: 3436.50ms | tok/sec: 152,564 | mfu: 39.73 | epoch: 1 | total time: 116.06m
step 02032 (46.16%) | K: 3 | loss: 0.643867 | L1: 0.325243 | L2: 0.318753 | L3: 0.318495 | lrm: 1.00 | dt: 3433.67ms | tok/sec: 152,690 | mfu: 39.76 | epoch: 1 | total time: 116.12m
step 02033 (46.18%) | K: 3 | loss: 0.640684 | L1: 0.323630 | L2: 0.317181 | L3: 0.316927 | lrm: 1.00 | dt: 3438.52ms | tok/sec: 152,475 | mfu: 39.71 | epoch: 1 | total time: 116.18m
step 02034 (46.20%) | K: 3 | loss: 0.637115 | L1: 0.321853 | L2: 0.315390 | L3: 0.315135 | lrm: 1.00 | dt: 3444.39ms | tok/sec: 152,214 | mfu: 39.64 | epoch: 1 | total time: 116.24m
step 02035 (46.22%) | K: 3 | loss: 0.632616 | L1: 0.319560 | L2: 0.313176 | L3: 0.312936 | lrm: 1.00 | dt: 3449.25ms | tok/sec: 152,000 | mfu: 39.58 | epoch: 1 | total time: 116.29m
step 02036 (46.25%) | K: 3 | loss: 0.635386 | L1: 0.320970 | L2: 0.314531 | L3: 0.314301 | lrm: 1.00 | dt: 3449.66ms | tok/sec: 151,982 | mfu: 39.58 | epoch: 1 | total time: 116.35m
step 02037 (46.27%) | K: 3 | loss: 0.634804 | L1: 0.320671 | L2: 0.314248 | L3: 0.314019 | lrm: 1.00 | dt: 3457.08ms | tok/sec: 151,656 | mfu: 39.49 | epoch: 1 | total time: 116.41m
step 02038 (46.29%) | K: 3 | loss: 0.638779 | L1: 0.322644 | L2: 0.316256 | L3: 0.316014 | lrm: 1.00 | dt: 3452.57ms | tok/sec: 151,854 | mfu: 39.55 | epoch: 1 | total time: 116.47m
step 02039 (46.32%) | K: 3 | loss: 0.640582 | L1: 0.323587 | L2: 0.317107 | L3: 0.316883 | lrm: 1.00 | dt: 3461.11ms | tok/sec: 151,479 | mfu: 39.45 | epoch: 1 | total time: 116.52m
step 02040 (46.34%) | K: 3 | loss: 0.639341 | L1: 0.322976 | L2: 0.316472 | L3: 0.316257 | lrm: 1.00 | dt: 3454.25ms | tok/sec: 151,780 | mfu: 39.53 | epoch: 1 | total time: 116.58m
step 02041 (46.36%) | K: 3 | loss: 0.642253 | L1: 0.324465 | L2: 0.317893 | L3: 0.317682 | lrm: 1.00 | dt: 3455.60ms | tok/sec: 151,721 | mfu: 39.51 | epoch: 1 | total time: 116.64m
step 02042 (46.38%) | K: 3 | loss: 0.643194 | L1: 0.324952 | L2: 0.318351 | L3: 0.318132 | lrm: 1.00 | dt: 3456.51ms | tok/sec: 151,681 | mfu: 39.50 | epoch: 1 | total time: 116.70m
step 02043 (46.40%) | K: 3 | loss: 0.640521 | L1: 0.323588 | L2: 0.317037 | L3: 0.316829 | lrm: 1.00 | dt: 3452.48ms | tok/sec: 151,858 | mfu: 39.55 | epoch: 1 | total time: 116.76m
step 02044 (46.43%) | K: 3 | loss: 0.636286 | L1: 0.321475 | L2: 0.314911 | L3: 0.314711 | lrm: 1.00 | dt: 3451.97ms | tok/sec: 151,880 | mfu: 39.55 | epoch: 1 | total time: 116.81m
step 02045 (46.45%) | K: 3 | loss: 0.636284 | L1: 0.321417 | L2: 0.314968 | L3: 0.314765 | lrm: 1.00 | dt: 3438.90ms | tok/sec: 152,457 | mfu: 39.70 | epoch: 1 | total time: 116.87m
step 02046 (46.47%) | K: 3 | loss: 0.637492 | L1: 0.321982 | L2: 0.315607 | L3: 0.315412 | lrm: 1.00 | dt: 3443.33ms | tok/sec: 152,261 | mfu: 39.65 | epoch: 1 | total time: 116.93m
step 02047 (46.49%) | K: 3 | loss: 0.642136 | L1: 0.324270 | L2: 0.317953 | L3: 0.317777 | lrm: 1.00 | dt: 3436.31ms | tok/sec: 152,572 | mfu: 39.73 | epoch: 1 | total time: 116.98m
step 02048 (46.52%) | K: 3 | loss: 0.638423 | L1: 0.322423 | L2: 0.316093 | L3: 0.315907 | lrm: 1.00 | dt: 3431.28ms | tok/sec: 152,796 | mfu: 39.79 | epoch: 1 | total time: 117.04m
step 02049 (46.54%) | K: 3 | loss: 0.636596 | L1: 0.321481 | L2: 0.315211 | L3: 0.315020 | lrm: 1.00 | dt: 3435.29ms | tok/sec: 152,618 | mfu: 39.74 | epoch: 1 | total time: 117.10m
step 02050 (46.56%) | K: 3 | loss: 0.642280 | L1: 0.324378 | L2: 0.317999 | L3: 0.317804 | lrm: 1.00 | dt: 3437.90ms | tok/sec: 152,502 | mfu: 39.71 | epoch: 1 | total time: 117.16m
step 02051 (46.58%) | K: 3 | loss: 0.643174 | L1: 0.324835 | L2: 0.318438 | L3: 0.318240 | lrm: 1.00 | dt: 3434.74ms | tok/sec: 152,642 | mfu: 39.75 | epoch: 1 | total time: 117.21m
step 02052 (46.61%) | K: 3 | loss: 0.639692 | L1: 0.323100 | L2: 0.316683 | L3: 0.316501 | lrm: 1.00 | dt: 3446.78ms | tok/sec: 152,109 | mfu: 39.61 | epoch: 1 | total time: 117.27m
step 02053 (46.63%) | K: 3 | loss: 0.644792 | L1: 0.325667 | L2: 0.319220 | L3: 0.319030 | lrm: 1.00 | dt: 3448.25ms | tok/sec: 152,044 | mfu: 39.60 | epoch: 1 | total time: 117.33m
step 02054 (46.65%) | K: 3 | loss: 0.638414 | L1: 0.322467 | L2: 0.316048 | L3: 0.315846 | lrm: 1.00 | dt: 3448.59ms | tok/sec: 152,029 | mfu: 39.59 | epoch: 1 | total time: 117.39m
step 02055 (46.68%) | K: 3 | loss: 0.634435 | L1: 0.320459 | L2: 0.314076 | L3: 0.313876 | lrm: 1.00 | dt: 3453.79ms | tok/sec: 151,800 | mfu: 39.53 | epoch: 1 | total time: 117.44m
step 02056 (46.70%) | K: 3 | loss: 0.634751 | L1: 0.320598 | L2: 0.314245 | L3: 0.314062 | lrm: 1.00 | dt: 3452.76ms | tok/sec: 151,845 | mfu: 39.54 | epoch: 1 | total time: 117.50m
step 02057 (46.72%) | K: 3 | loss: 0.636310 | L1: 0.321362 | L2: 0.315046 | L3: 0.314850 | lrm: 1.00 | dt: 3455.34ms | tok/sec: 151,732 | mfu: 39.51 | epoch: 1 | total time: 117.56m
step 02058 (46.74%) | K: 3 | loss: 0.640342 | L1: 0.323353 | L2: 0.317087 | L3: 0.316891 | lrm: 1.00 | dt: 3457.30ms | tok/sec: 151,646 | mfu: 39.49 | epoch: 1 | total time: 117.62m
step 02059 (46.77%) | K: 3 | loss: 0.637648 | L1: 0.321999 | L2: 0.315742 | L3: 0.315556 | lrm: 1.00 | dt: 3453.63ms | tok/sec: 151,807 | mfu: 39.53 | epoch: 1 | total time: 117.67m
step 02060 (46.79%) | K: 3 | loss: 0.643411 | L1: 0.324969 | L2: 0.318544 | L3: 0.318340 | lrm: 1.00 | dt: 3450.98ms | tok/sec: 151,924 | mfu: 39.56 | epoch: 1 | total time: 117.73m
step 02061 (46.81%) | K: 3 | loss: 0.646836 | L1: 0.326702 | L2: 0.320242 | L3: 0.320027 | lrm: 1.00 | dt: 3448.64ms | tok/sec: 152,027 | mfu: 39.59 | epoch: 1 | total time: 117.79m
step 02062 (46.84%) | K: 3 | loss: 0.648295 | L1: 0.327437 | L2: 0.320972 | L3: 0.320744 | lrm: 1.00 | dt: 3446.05ms | tok/sec: 152,141 | mfu: 39.62 | epoch: 1 | total time: 117.85m
step 02063 (46.86%) | K: 3 | loss: 0.644495 | L1: 0.325579 | L2: 0.319033 | L3: 0.318800 | lrm: 1.00 | dt: 3443.94ms | tok/sec: 152,234 | mfu: 39.64 | epoch: 1 | total time: 117.90m
step 02064 (46.88%) | K: 3 | loss: 0.644433 | L1: 0.325531 | L2: 0.319005 | L3: 0.318800 | lrm: 1.00 | dt: 3446.29ms | tok/sec: 152,130 | mfu: 39.62 | epoch: 1 | total time: 117.96m
step 02065 (46.90%) | K: 3 | loss: 0.644030 | L1: 0.325320 | L2: 0.318815 | L3: 0.318605 | lrm: 1.00 | dt: 3448.98ms | tok/sec: 152,012 | mfu: 39.59 | epoch: 1 | total time: 118.02m
step 02066 (46.93%) | K: 3 | loss: 0.646728 | L1: 0.326683 | L2: 0.320149 | L3: 0.319939 | lrm: 1.00 | dt: 3444.14ms | tok/sec: 152,226 | mfu: 39.64 | epoch: 1 | total time: 118.08m
step 02067 (46.95%) | K: 3 | loss: 0.644363 | L1: 0.325513 | L2: 0.318941 | L3: 0.318758 | lrm: 1.00 | dt: 3446.19ms | tok/sec: 152,135 | mfu: 39.62 | epoch: 1 | total time: 118.13m
step 02068 (46.97%) | K: 3 | loss: 0.642952 | L1: 0.324799 | L2: 0.318245 | L3: 0.318062 | lrm: 1.00 | dt: 3441.60ms | tok/sec: 152,338 | mfu: 39.67 | epoch: 1 | total time: 118.19m
step 02069 (47.00%) | K: 3 | loss: 0.646318 | L1: 0.326484 | L2: 0.319937 | L3: 0.319731 | lrm: 1.00 | dt: 3447.14ms | tok/sec: 152,093 | mfu: 39.61 | epoch: 1 | total time: 118.25m
step 02070 (47.02%) | K: 3 | loss: 0.645158 | L1: 0.325883 | L2: 0.319381 | L3: 0.319170 | lrm: 1.00 | dt: 3451.45ms | tok/sec: 151,903 | mfu: 39.56 | epoch: 1 | total time: 118.31m
step 02071 (47.04%) | K: 3 | loss: 0.639010 | L1: 0.322768 | L2: 0.316347 | L3: 0.316137 | lrm: 1.00 | dt: 3451.96ms | tok/sec: 151,881 | mfu: 39.55 | epoch: 1 | total time: 118.36m
step 02072 (47.06%) | K: 3 | loss: 0.640216 | L1: 0.323356 | L2: 0.316964 | L3: 0.316755 | lrm: 1.00 | dt: 3451.08ms | tok/sec: 151,920 | mfu: 39.56 | epoch: 1 | total time: 118.42m
step 02073 (47.08%) | K: 3 | loss: 0.638188 | L1: 0.322372 | L2: 0.315929 | L3: 0.315704 | lrm: 1.00 | dt: 3444.26ms | tok/sec: 152,220 | mfu: 39.64 | epoch: 1 | total time: 118.48m
step 02074 (47.10%) | K: 3 | loss: 0.638652 | L1: 0.322567 | L2: 0.316184 | L3: 0.315985 | lrm: 1.00 | dt: 3451.18ms | tok/sec: 151,915 | mfu: 39.56 | epoch: 1 | total time: 118.54m
step 02075 (47.13%) | K: 3 | loss: 0.636236 | L1: 0.321346 | L2: 0.314985 | L3: 0.314796 | lrm: 1.00 | dt: 3448.39ms | tok/sec: 152,038 | mfu: 39.59 | epoch: 1 | total time: 118.59m
step 02076 (47.15%) | K: 3 | loss: 0.634203 | L1: 0.320344 | L2: 0.313949 | L3: 0.313769 | lrm: 1.00 | dt: 3448.93ms | tok/sec: 152,014 | mfu: 39.59 | epoch: 1 | total time: 118.65m
step 02077 (47.17%) | K: 3 | loss: 0.636190 | L1: 0.321360 | L2: 0.314926 | L3: 0.314735 | lrm: 1.00 | dt: 3444.15ms | tok/sec: 152,225 | mfu: 39.64 | epoch: 1 | total time: 118.71m
step 02078 (47.19%) | K: 3 | loss: 0.639111 | L1: 0.322815 | L2: 0.316394 | L3: 0.316199 | lrm: 1.00 | dt: 3443.79ms | tok/sec: 152,241 | mfu: 39.65 | epoch: 1 | total time: 118.77m
step 02079 (47.22%) | K: 3 | loss: 0.632601 | L1: 0.319583 | L2: 0.313115 | L3: 0.312921 | lrm: 1.00 | dt: 3441.10ms | tok/sec: 152,360 | mfu: 39.68 | epoch: 1 | total time: 118.82m
step 02080 (47.24%) | K: 3 | loss: 0.629171 | L1: 0.317809 | L2: 0.311460 | L3: 0.311263 | lrm: 1.00 | dt: 3437.38ms | tok/sec: 152,525 | mfu: 39.72 | epoch: 1 | total time: 118.88m
step 02081 (47.26%) | K: 3 | loss: 0.632897 | L1: 0.319723 | L2: 0.313279 | L3: 0.313070 | lrm: 1.00 | dt: 3439.11ms | tok/sec: 152,448 | mfu: 39.70 | epoch: 1 | total time: 118.94m
step 02082 (47.28%) | K: 3 | loss: 0.634372 | L1: 0.320454 | L2: 0.314013 | L3: 0.313824 | lrm: 1.00 | dt: 3441.99ms | tok/sec: 152,321 | mfu: 39.67 | epoch: 1 | total time: 118.99m
step 02083 (47.31%) | K: 3 | loss: 0.630917 | L1: 0.318702 | L2: 0.312302 | L3: 0.312127 | lrm: 1.00 | dt: 3442.72ms | tok/sec: 152,288 | mfu: 39.66 | epoch: 1 | total time: 119.05m
step 02084 (47.33%) | K: 3 | loss: 0.633954 | L1: 0.320258 | L2: 0.313782 | L3: 0.313610 | lrm: 1.00 | dt: 3445.00ms | tok/sec: 152,188 | mfu: 39.63 | epoch: 1 | total time: 119.11m
step 02085 (47.35%) | K: 3 | loss: 0.635386 | L1: 0.320933 | L2: 0.314540 | L3: 0.314365 | lrm: 1.00 | dt: 3447.22ms | tok/sec: 152,090 | mfu: 39.61 | epoch: 1 | total time: 119.17m
step 02086 (47.38%) | K: 3 | loss: 0.635560 | L1: 0.321033 | L2: 0.314616 | L3: 0.314439 | lrm: 1.00 | dt: 3447.59ms | tok/sec: 152,073 | mfu: 39.60 | epoch: 1 | total time: 119.22m
step 02087 (47.40%) | K: 3 | loss: 0.637150 | L1: 0.321846 | L2: 0.315394 | L3: 0.315213 | lrm: 1.00 | dt: 3448.76ms | tok/sec: 152,022 | mfu: 39.59 | epoch: 1 | total time: 119.28m
step 02088 (47.42%) | K: 3 | loss: 0.638314 | L1: 0.322469 | L2: 0.315934 | L3: 0.315756 | lrm: 1.00 | dt: 3450.59ms | tok/sec: 151,941 | mfu: 39.57 | epoch: 1 | total time: 119.34m
step 02089 (47.44%) | K: 3 | loss: 0.644930 | L1: 0.325808 | L2: 0.319203 | L3: 0.319040 | lrm: 1.00 | dt: 3447.48ms | tok/sec: 152,078 | mfu: 39.60 | epoch: 1 | total time: 119.40m
step 02090 (47.47%) | K: 3 | loss: 0.644973 | L1: 0.325820 | L2: 0.319241 | L3: 0.319064 | lrm: 1.00 | dt: 3447.59ms | tok/sec: 152,073 | mfu: 39.60 | epoch: 1 | total time: 119.45m
step 02091 (47.49%) | K: 3 | loss: 0.644495 | L1: 0.325562 | L2: 0.319027 | L3: 0.318839 | lrm: 1.00 | dt: 3447.30ms | tok/sec: 152,086 | mfu: 39.61 | epoch: 1 | total time: 119.51m
step 02092 (47.51%) | K: 3 | loss: 0.644785 | L1: 0.325749 | L2: 0.319127 | L3: 0.318945 | lrm: 1.00 | dt: 3445.87ms | tok/sec: 152,149 | mfu: 39.62 | epoch: 1 | total time: 119.57m
step 02093 (47.53%) | K: 3 | loss: 0.644667 | L1: 0.325686 | L2: 0.319078 | L3: 0.318886 | lrm: 1.00 | dt: 3443.77ms | tok/sec: 152,242 | mfu: 39.65 | epoch: 1 | total time: 119.63m
step 02094 (47.56%) | K: 3 | loss: 0.643272 | L1: 0.324974 | L2: 0.318403 | L3: 0.318194 | lrm: 1.00 | dt: 3440.04ms | tok/sec: 152,407 | mfu: 39.69 | epoch: 1 | total time: 119.68m
step 02095 (47.58%) | K: 3 | loss: 0.644602 | L1: 0.325626 | L2: 0.319081 | L3: 0.318871 | lrm: 1.00 | dt: 3439.74ms | tok/sec: 152,420 | mfu: 39.69 | epoch: 1 | total time: 119.74m
step 02096 (47.60%) | K: 3 | loss: 0.642870 | L1: 0.324784 | L2: 0.318197 | L3: 0.317975 | lrm: 1.00 | dt: 3438.37ms | tok/sec: 152,481 | mfu: 39.71 | epoch: 1 | total time: 119.80m
step 02097 (47.63%) | K: 3 | loss: 0.638483 | L1: 0.322563 | L2: 0.316026 | L3: 0.315814 | lrm: 1.00 | dt: 3441.17ms | tok/sec: 152,357 | mfu: 39.68 | epoch: 1 | total time: 119.86m
step 02098 (47.65%) | K: 3 | loss: 0.637441 | L1: 0.322045 | L2: 0.315513 | L3: 0.315278 | lrm: 1.00 | dt: 3441.22ms | tok/sec: 152,355 | mfu: 39.68 | epoch: 1 | total time: 119.91m
step 02099 (47.67%) | K: 3 | loss: 0.635195 | L1: 0.320912 | L2: 0.314400 | L3: 0.314164 | lrm: 1.00 | dt: 3446.59ms | tok/sec: 152,118 | mfu: 39.61 | epoch: 1 | total time: 119.97m
step 02100 (47.69%) | K: 3 | loss: 0.635140 | L1: 0.320870 | L2: 0.314382 | L3: 0.314158 | lrm: 1.00 | dt: 3449.38ms | tok/sec: 151,994 | mfu: 39.58 | epoch: 1 | total time: 120.03m
step 02101 (47.72%) | K: 3 | loss: 0.637823 | L1: 0.322206 | L2: 0.315725 | L3: 0.315508 | lrm: 1.00 | dt: 3449.49ms | tok/sec: 151,989 | mfu: 39.58 | epoch: 1 | total time: 120.09m
step 02102 (47.74%) | K: 3 | loss: 0.641522 | L1: 0.324081 | L2: 0.317555 | L3: 0.317327 | lrm: 1.00 | dt: 3453.48ms | tok/sec: 151,814 | mfu: 39.54 | epoch: 1 | total time: 120.14m
step 02103 (47.76%) | K: 3 | loss: 0.644036 | L1: 0.325304 | L2: 0.318839 | L3: 0.318624 | lrm: 1.00 | dt: 3456.33ms | tok/sec: 151,689 | mfu: 39.50 | epoch: 1 | total time: 120.20m
step 02104 (47.78%) | K: 3 | loss: 0.637658 | L1: 0.322106 | L2: 0.315659 | L3: 0.315445 | lrm: 1.00 | dt: 3454.30ms | tok/sec: 151,778 | mfu: 39.53 | epoch: 1 | total time: 120.26m
step 02105 (47.81%) | K: 3 | loss: 0.643277 | L1: 0.324945 | L2: 0.318441 | L3: 0.318223 | lrm: 1.00 | dt: 3460.92ms | tok/sec: 151,487 | mfu: 39.45 | epoch: 1 | total time: 120.32m
step 02106 (47.83%) | K: 3 | loss: 0.642711 | L1: 0.324611 | L2: 0.318213 | L3: 0.317987 | lrm: 1.00 | dt: 3455.47ms | tok/sec: 151,727 | mfu: 39.51 | epoch: 1 | total time: 120.37m
step 02107 (47.85%) | K: 3 | loss: 0.643299 | L1: 0.324902 | L2: 0.318495 | L3: 0.318299 | lrm: 1.00 | dt: 3459.72ms | tok/sec: 151,540 | mfu: 39.46 | epoch: 1 | total time: 120.43m
step 02108 (47.88%) | K: 3 | loss: 0.648756 | L1: 0.327644 | L2: 0.321213 | L3: 0.321012 | lrm: 1.00 | dt: 3458.75ms | tok/sec: 151,582 | mfu: 39.47 | epoch: 1 | total time: 120.49m
step 02109 (47.90%) | K: 3 | loss: 0.653312 | L1: 0.329939 | L2: 0.323477 | L3: 0.323269 | lrm: 1.00 | dt: 3452.22ms | tok/sec: 151,869 | mfu: 39.55 | epoch: 1 | total time: 120.55m
step 02110 (47.92%) | K: 3 | loss: 0.651940 | L1: 0.329209 | L2: 0.322829 | L3: 0.322633 | lrm: 1.00 | dt: 3450.76ms | tok/sec: 151,934 | mfu: 39.57 | epoch: 1 | total time: 120.60m
step 02111 (47.94%) | K: 3 | loss: 0.654331 | L1: 0.330428 | L2: 0.324009 | L3: 0.323796 | lrm: 1.00 | dt: 3448.33ms | tok/sec: 152,041 | mfu: 39.59 | epoch: 1 | total time: 120.66m
step 02112 (47.97%) | K: 3 | loss: 0.655423 | L1: 0.330922 | L2: 0.324606 | L3: 0.324395 | lrm: 1.00 | dt: 3443.32ms | tok/sec: 152,262 | mfu: 39.65 | epoch: 1 | total time: 120.72m
step 02113 (47.99%) | K: 3 | loss: 0.652573 | L1: 0.329485 | L2: 0.323183 | L3: 0.322992 | lrm: 1.00 | dt: 3440.33ms | tok/sec: 152,394 | mfu: 39.69 | epoch: 1 | total time: 120.78m
step 02114 (48.01%) | K: 3 | loss: 0.644357 | L1: 0.325363 | L2: 0.319088 | L3: 0.318901 | lrm: 1.00 | dt: 3444.07ms | tok/sec: 152,229 | mfu: 39.64 | epoch: 1 | total time: 120.83m
step 02115 (48.03%) | K: 3 | loss: 0.644959 | L1: 0.325666 | L2: 0.319390 | L3: 0.319196 | lrm: 1.00 | dt: 3447.71ms | tok/sec: 152,068 | mfu: 39.60 | epoch: 1 | total time: 120.89m
step 02116 (48.06%) | K: 3 | loss: 0.645870 | L1: 0.326127 | L2: 0.319838 | L3: 0.319650 | lrm: 1.00 | dt: 3445.06ms | tok/sec: 152,185 | mfu: 39.63 | epoch: 1 | total time: 120.95m
step 02117 (48.08%) | K: 3 | loss: 0.641131 | L1: 0.323748 | L2: 0.317489 | L3: 0.317279 | lrm: 1.00 | dt: 3446.02ms | tok/sec: 152,142 | mfu: 39.62 | epoch: 1 | total time: 121.01m
step 02118 (48.10%) | K: 3 | loss: 0.638175 | L1: 0.322262 | L2: 0.316017 | L3: 0.315809 | lrm: 1.00 | dt: 3451.91ms | tok/sec: 151,883 | mfu: 39.55 | epoch: 1 | total time: 121.06m
step 02119 (48.12%) | K: 3 | loss: 0.635049 | L1: 0.320689 | L2: 0.314462 | L3: 0.314259 | lrm: 1.00 | dt: 3455.51ms | tok/sec: 151,725 | mfu: 39.51 | epoch: 1 | total time: 121.12m
step 02120 (48.15%) | K: 3 | loss: 0.634178 | L1: 0.320255 | L2: 0.314024 | L3: 0.313822 | lrm: 1.00 | dt: 3453.21ms | tok/sec: 151,826 | mfu: 39.54 | epoch: 1 | total time: 121.18m
step 02121 (48.17%) | K: 3 | loss: 0.637249 | L1: 0.321824 | L2: 0.315522 | L3: 0.315329 | lrm: 1.00 | dt: 3455.35ms | tok/sec: 151,732 | mfu: 39.51 | epoch: 1 | total time: 121.24m
step 02122 (48.19%) | K: 3 | loss: 0.637343 | L1: 0.321855 | L2: 0.315585 | L3: 0.315392 | lrm: 1.00 | dt: 3458.88ms | tok/sec: 151,577 | mfu: 39.47 | epoch: 1 | total time: 121.29m
step 02123 (48.22%) | K: 3 | loss: 0.639732 | L1: 0.323045 | L2: 0.316781 | L3: 0.316595 | lrm: 1.00 | dt: 3457.65ms | tok/sec: 151,631 | mfu: 39.49 | epoch: 1 | total time: 121.35m
step 02124 (48.24%) | K: 3 | loss: 0.636927 | L1: 0.321632 | L2: 0.315399 | L3: 0.315190 | lrm: 1.00 | dt: 3455.50ms | tok/sec: 151,725 | mfu: 39.51 | epoch: 1 | total time: 121.41m
step 02125 (48.26%) | K: 3 | loss: 0.638820 | L1: 0.322623 | L2: 0.316312 | L3: 0.316082 | lrm: 1.00 | dt: 3462.83ms | tok/sec: 151,404 | mfu: 39.43 | epoch: 1 | total time: 121.47m
step 02126 (48.28%) | K: 3 | loss: 0.643131 | L1: 0.324803 | L2: 0.318433 | L3: 0.318224 | lrm: 1.00 | dt: 3455.60ms | tok/sec: 151,721 | mfu: 39.51 | epoch: 1 | total time: 121.52m
step 02127 (48.31%) | K: 3 | loss: 0.640531 | L1: 0.323512 | L2: 0.317121 | L3: 0.316916 | lrm: 1.00 | dt: 3450.55ms | tok/sec: 151,943 | mfu: 39.57 | epoch: 1 | total time: 121.58m
step 02128 (48.33%) | K: 3 | loss: 0.637016 | L1: 0.321715 | L2: 0.315401 | L3: 0.315201 | lrm: 1.00 | dt: 3445.42ms | tok/sec: 152,169 | mfu: 39.63 | epoch: 1 | total time: 121.64m
step 02129 (48.35%) | K: 3 | loss: 0.635623 | L1: 0.321051 | L2: 0.314679 | L3: 0.314465 | lrm: 1.00 | dt: 3443.14ms | tok/sec: 152,270 | mfu: 39.65 | epoch: 1 | total time: 121.70m
step 02130 (48.37%) | K: 3 | loss: 0.640993 | L1: 0.323757 | L2: 0.317346 | L3: 0.317126 | lrm: 1.00 | dt: 3438.68ms | tok/sec: 152,467 | mfu: 39.71 | epoch: 1 | total time: 121.75m
step 02131 (48.40%) | K: 3 | loss: 0.640064 | L1: 0.323328 | L2: 0.316850 | L3: 0.316621 | lrm: 1.00 | dt: 3437.82ms | tok/sec: 152,505 | mfu: 39.72 | epoch: 1 | total time: 121.81m
step 02132 (48.42%) | K: 3 | loss: 0.646582 | L1: 0.326597 | L2: 0.320096 | L3: 0.319874 | lrm: 1.00 | dt: 3437.68ms | tok/sec: 152,512 | mfu: 39.72 | epoch: 1 | total time: 121.87m
step 02133 (48.44%) | K: 3 | loss: 0.645850 | L1: 0.326202 | L2: 0.319755 | L3: 0.319542 | lrm: 1.00 | dt: 3435.66ms | tok/sec: 152,601 | mfu: 39.74 | epoch: 1 | total time: 121.93m
step 02134 (48.46%) | K: 3 | loss: 0.646814 | L1: 0.326706 | L2: 0.320222 | L3: 0.319996 | lrm: 1.00 | dt: 3436.26ms | tok/sec: 152,575 | mfu: 39.73 | epoch: 1 | total time: 121.98m
step 02135 (48.49%) | K: 3 | loss: 0.642194 | L1: 0.324422 | L2: 0.317881 | L3: 0.317664 | lrm: 1.00 | dt: 3442.79ms | tok/sec: 152,285 | mfu: 39.66 | epoch: 1 | total time: 122.04m
step 02136 (48.51%) | K: 3 | loss: 0.646092 | L1: 0.326403 | L2: 0.319791 | L3: 0.319587 | lrm: 1.00 | dt: 3443.21ms | tok/sec: 152,267 | mfu: 39.65 | epoch: 1 | total time: 122.10m
step 02137 (48.53%) | K: 3 | loss: 0.648731 | L1: 0.327718 | L2: 0.321112 | L3: 0.320914 | lrm: 1.00 | dt: 3443.79ms | tok/sec: 152,241 | mfu: 39.65 | epoch: 1 | total time: 122.16m
step 02138 (48.55%) | K: 3 | loss: 0.649156 | L1: 0.327899 | L2: 0.321360 | L3: 0.321154 | lrm: 1.00 | dt: 3442.39ms | tok/sec: 152,303 | mfu: 39.66 | epoch: 1 | total time: 122.21m
step 02139 (48.57%) | K: 3 | loss: 0.655443 | L1: 0.331043 | L2: 0.324505 | L3: 0.324295 | lrm: 1.00 | dt: 3452.98ms | tok/sec: 151,836 | mfu: 39.54 | epoch: 1 | total time: 122.27m
step 02140 (48.60%) | K: 3 | loss: 0.652519 | L1: 0.329579 | L2: 0.323051 | L3: 0.322828 | lrm: 1.00 | dt: 3457.54ms | tok/sec: 151,636 | mfu: 39.49 | epoch: 1 | total time: 122.33m
step 02141 (48.62%) | K: 3 | loss: 0.651655 | L1: 0.329117 | L2: 0.322641 | L3: 0.322436 | lrm: 1.00 | dt: 3457.82ms | tok/sec: 151,623 | mfu: 39.49 | epoch: 1 | total time: 122.39m
step 02142 (48.64%) | K: 3 | loss: 0.650212 | L1: 0.328397 | L2: 0.321929 | L3: 0.321702 | lrm: 1.00 | dt: 3456.95ms | tok/sec: 151,661 | mfu: 39.50 | epoch: 1 | total time: 122.44m
step 02143 (48.66%) | K: 3 | loss: 0.650329 | L1: 0.328449 | L2: 0.321989 | L3: 0.321772 | lrm: 1.00 | dt: 3461.02ms | tok/sec: 151,483 | mfu: 39.45 | epoch: 1 | total time: 122.50m
step 02144 (48.69%) | K: 3 | loss: 0.648991 | L1: 0.327798 | L2: 0.321302 | L3: 0.321084 | lrm: 1.00 | dt: 3462.36ms | tok/sec: 151,425 | mfu: 39.43 | epoch: 1 | total time: 122.56m
step 02145 (48.71%) | K: 3 | loss: 0.645055 | L1: 0.325826 | L2: 0.319342 | L3: 0.319118 | lrm: 1.00 | dt: 3458.50ms | tok/sec: 151,594 | mfu: 39.48 | epoch: 1 | total time: 122.62m
step 02146 (48.73%) | K: 3 | loss: 0.645294 | L1: 0.325931 | L2: 0.319466 | L3: 0.319259 | lrm: 1.00 | dt: 3458.08ms | tok/sec: 151,612 | mfu: 39.48 | epoch: 1 | total time: 122.67m
step 02147 (48.76%) | K: 3 | loss: 0.646288 | L1: 0.326454 | L2: 0.319938 | L3: 0.319730 | lrm: 1.00 | dt: 3460.40ms | tok/sec: 151,510 | mfu: 39.46 | epoch: 1 | total time: 122.73m
step 02148 (48.78%) | K: 3 | loss: 0.640276 | L1: 0.323430 | L2: 0.316948 | L3: 0.316745 | lrm: 1.00 | dt: 3461.77ms | tok/sec: 151,451 | mfu: 39.44 | epoch: 1 | total time: 122.79m
step 02149 (48.80%) | K: 3 | loss: 0.645610 | L1: 0.326120 | L2: 0.319597 | L3: 0.319384 | lrm: 1.00 | dt: 3458.56ms | tok/sec: 151,591 | mfu: 39.48 | epoch: 1 | total time: 122.85m
step 02150 (48.83%) | K: 3 | loss: 0.652795 | L1: 0.329703 | L2: 0.323204 | L3: 0.322982 | lrm: 1.00 | dt: 3456.15ms | tok/sec: 151,697 | mfu: 39.50 | epoch: 1 | total time: 122.90m
step 02151 (48.85%) | K: 3 | loss: 0.654928 | L1: 0.330713 | L2: 0.324324 | L3: 0.324107 | lrm: 1.00 | dt: 3454.17ms | tok/sec: 151,784 | mfu: 39.53 | epoch: 1 | total time: 122.96m
step 02152 (48.87%) | K: 3 | loss: 0.654934 | L1: 0.330744 | L2: 0.324296 | L3: 0.324084 | lrm: 1.00 | dt: 3447.57ms | tok/sec: 152,074 | mfu: 39.60 | epoch: 1 | total time: 123.02m
step 02153 (48.89%) | K: 3 | loss: 0.652530 | L1: 0.329579 | L2: 0.323063 | L3: 0.322839 | lrm: 1.00 | dt: 3446.24ms | tok/sec: 152,133 | mfu: 39.62 | epoch: 1 | total time: 123.08m
step 02154 (48.92%) | K: 3 | loss: 0.651235 | L1: 0.328923 | L2: 0.322418 | L3: 0.322206 | lrm: 1.00 | dt: 3440.99ms | tok/sec: 152,365 | mfu: 39.68 | epoch: 1 | total time: 123.13m
step 02155 (48.94%) | K: 3 | loss: 0.648883 | L1: 0.327690 | L2: 0.321296 | L3: 0.321089 | lrm: 1.00 | dt: 3439.25ms | tok/sec: 152,442 | mfu: 39.70 | epoch: 1 | total time: 123.19m
step 02156 (48.96%) | K: 3 | loss: 0.650299 | L1: 0.328447 | L2: 0.321968 | L3: 0.321735 | lrm: 1.00 | dt: 3435.98ms | tok/sec: 152,587 | mfu: 39.74 | epoch: 1 | total time: 123.25m
step 02157 (48.98%) | K: 3 | loss: 0.652294 | L1: 0.329407 | L2: 0.322999 | L3: 0.322776 | lrm: 1.00 | dt: 3430.24ms | tok/sec: 152,843 | mfu: 39.80 | epoch: 1 | total time: 123.31m
step 02158 (49.01%) | K: 3 | loss: 0.649101 | L1: 0.327753 | L2: 0.321452 | L3: 0.321245 | lrm: 1.00 | dt: 3435.14ms | tok/sec: 152,624 | mfu: 39.75 | epoch: 1 | total time: 123.36m
step 02159 (49.03%) | K: 3 | loss: 0.648122 | L1: 0.327268 | L2: 0.320959 | L3: 0.320748 | lrm: 1.00 | dt: 3434.56ms | tok/sec: 152,650 | mfu: 39.75 | epoch: 1 | total time: 123.42m
step 02160 (49.05%) | K: 3 | loss: 0.644228 | L1: 0.325332 | L2: 0.318997 | L3: 0.318795 | lrm: 1.00 | dt: 3437.18ms | tok/sec: 152,534 | mfu: 39.72 | epoch: 1 | total time: 123.48m
step 02161 (49.07%) | K: 3 | loss: 0.643661 | L1: 0.325071 | L2: 0.318688 | L3: 0.318492 | lrm: 1.00 | dt: 3437.55ms | tok/sec: 152,518 | mfu: 39.72 | epoch: 1 | total time: 123.54m
step 02162 (49.09%) | K: 3 | loss: 0.645088 | L1: 0.325772 | L2: 0.319417 | L3: 0.319216 | lrm: 1.00 | dt: 3443.28ms | tok/sec: 152,264 | mfu: 39.65 | epoch: 1 | total time: 123.59m
step 02163 (49.12%) | K: 3 | loss: 0.640996 | L1: 0.323716 | L2: 0.317383 | L3: 0.317177 | lrm: 1.00 | dt: 3445.93ms | tok/sec: 152,147 | mfu: 39.62 | epoch: 1 | total time: 123.65m
step 02164 (49.14%) | K: 3 | loss: 0.639856 | L1: 0.323189 | L2: 0.316768 | L3: 0.316568 | lrm: 1.00 | dt: 3451.07ms | tok/sec: 151,920 | mfu: 39.56 | epoch: 1 | total time: 123.71m
step 02165 (49.16%) | K: 3 | loss: 0.640096 | L1: 0.323288 | L2: 0.316909 | L3: 0.316707 | lrm: 1.00 | dt: 3456.38ms | tok/sec: 151,686 | mfu: 39.50 | epoch: 1 | total time: 123.77m
step 02166 (49.19%) | K: 3 | loss: 0.641093 | L1: 0.323785 | L2: 0.317408 | L3: 0.317208 | lrm: 1.00 | dt: 3457.59ms | tok/sec: 151,633 | mfu: 39.49 | epoch: 1 | total time: 123.82m
step 02167 (49.21%) | K: 3 | loss: 0.641758 | L1: 0.324101 | L2: 0.317759 | L3: 0.317554 | lrm: 1.00 | dt: 3453.52ms | tok/sec: 151,812 | mfu: 39.53 | epoch: 1 | total time: 123.88m
step 02168 (49.23%) | K: 3 | loss: 0.638385 | L1: 0.322407 | L2: 0.316080 | L3: 0.315877 | lrm: 1.00 | dt: 3449.04ms | tok/sec: 152,009 | mfu: 39.59 | epoch: 1 | total time: 123.94m
step 02169 (49.25%) | K: 3 | loss: 0.642869 | L1: 0.324646 | L2: 0.318325 | L3: 0.318120 | lrm: 1.00 | dt: 3449.53ms | tok/sec: 151,988 | mfu: 39.58 | epoch: 1 | total time: 124.00m
step 02170 (49.28%) | K: 3 | loss: 0.642381 | L1: 0.324403 | L2: 0.318080 | L3: 0.317875 | lrm: 1.00 | dt: 3441.91ms | tok/sec: 152,324 | mfu: 39.67 | epoch: 1 | total time: 124.05m
step 02171 (49.30%) | K: 3 | loss: 0.636843 | L1: 0.321578 | L2: 0.315371 | L3: 0.315160 | lrm: 1.00 | dt: 3444.97ms | tok/sec: 152,189 | mfu: 39.63 | epoch: 1 | total time: 124.11m
step 02172 (49.32%) | K: 3 | loss: 0.639730 | L1: 0.323084 | L2: 0.316745 | L3: 0.316546 | lrm: 1.00 | dt: 3444.17ms | tok/sec: 152,224 | mfu: 39.64 | epoch: 1 | total time: 124.17m
step 02173 (49.34%) | K: 3 | loss: 0.642711 | L1: 0.324591 | L2: 0.318221 | L3: 0.318020 | lrm: 1.00 | dt: 3444.44ms | tok/sec: 152,212 | mfu: 39.64 | epoch: 1 | total time: 124.22m
step 02174 (49.37%) | K: 3 | loss: 0.643044 | L1: 0.324758 | L2: 0.318389 | L3: 0.318185 | lrm: 1.00 | dt: 3443.61ms | tok/sec: 152,249 | mfu: 39.65 | epoch: 1 | total time: 124.28m
step 02175 (49.39%) | K: 3 | loss: 0.636123 | L1: 0.321260 | L2: 0.314972 | L3: 0.314753 | lrm: 1.00 | dt: 3435.53ms | tok/sec: 152,607 | mfu: 39.74 | epoch: 1 | total time: 124.34m
step 02176 (49.41%) | K: 3 | loss: 0.635534 | L1: 0.320921 | L2: 0.314718 | L3: 0.314509 | lrm: 1.00 | dt: 3443.11ms | tok/sec: 152,271 | mfu: 39.65 | epoch: 1 | total time: 124.40m
step 02177 (49.44%) | K: 3 | loss: 0.631171 | L1: 0.318727 | L2: 0.312541 | L3: 0.312346 | lrm: 1.00 | dt: 3444.07ms | tok/sec: 152,229 | mfu: 39.64 | epoch: 1 | total time: 124.45m
step 02178 (49.46%) | K: 3 | loss: 0.628389 | L1: 0.317331 | L2: 0.311151 | L3: 0.310964 | lrm: 1.00 | dt: 3447.82ms | tok/sec: 152,063 | mfu: 39.60 | epoch: 1 | total time: 124.51m
step 02179 (49.48%) | K: 3 | loss: 0.630567 | L1: 0.318452 | L2: 0.312214 | L3: 0.312015 | lrm: 1.00 | dt: 3451.44ms | tok/sec: 151,904 | mfu: 39.56 | epoch: 1 | total time: 124.57m
step 02180 (49.50%) | K: 3 | loss: 0.634675 | L1: 0.320569 | L2: 0.314208 | L3: 0.314005 | lrm: 1.00 | dt: 3454.62ms | tok/sec: 151,764 | mfu: 39.52 | epoch: 1 | total time: 124.63m
step 02181 (49.53%) | K: 3 | loss: 0.633519 | L1: 0.320020 | L2: 0.313592 | L3: 0.313406 | lrm: 1.00 | dt: 3452.89ms | tok/sec: 151,840 | mfu: 39.54 | epoch: 1 | total time: 124.68m
step 02182 (49.55%) | K: 3 | loss: 0.632211 | L1: 0.319354 | L2: 0.312959 | L3: 0.312753 | lrm: 1.00 | dt: 3456.12ms | tok/sec: 151,698 | mfu: 39.50 | epoch: 1 | total time: 124.74m
step 02183 (49.58%) | K: 3 | loss: 0.630404 | L1: 0.318402 | L2: 0.312099 | L3: 0.311904 | lrm: 1.00 | dt: 3460.73ms | tok/sec: 151,496 | mfu: 39.45 | epoch: 1 | total time: 124.80m
step 02184 (49.60%) | K: 3 | loss: 0.631134 | L1: 0.318780 | L2: 0.312455 | L3: 0.312254 | lrm: 1.00 | dt: 3458.48ms | tok/sec: 151,594 | mfu: 39.48 | epoch: 1 | total time: 124.86m
step 02185 (49.62%) | K: 3 | loss: 0.633802 | L1: 0.320086 | L2: 0.313815 | L3: 0.313617 | lrm: 1.00 | dt: 3461.08ms | tok/sec: 151,480 | mfu: 39.45 | epoch: 1 | total time: 124.92m
step 02186 (49.65%) | K: 3 | loss: 0.628990 | L1: 0.317705 | L2: 0.311387 | L3: 0.311183 | lrm: 1.00 | dt: 3458.26ms | tok/sec: 151,604 | mfu: 39.48 | epoch: 1 | total time: 124.97m
step 02187 (49.67%) | K: 3 | loss: 0.622767 | L1: 0.314542 | L2: 0.308323 | L3: 0.308127 | lrm: 1.00 | dt: 3462.86ms | tok/sec: 151,403 | mfu: 39.43 | epoch: 1 | total time: 125.03m
step 02188 (49.69%) | K: 3 | loss: 0.623054 | L1: 0.314697 | L2: 0.308456 | L3: 0.308257 | lrm: 1.00 | dt: 3462.99ms | tok/sec: 151,397 | mfu: 39.43 | epoch: 1 | total time: 125.09m
step 02189 (49.71%) | K: 3 | loss: 0.624407 | L1: 0.315422 | L2: 0.309098 | L3: 0.308873 | lrm: 1.00 | dt: 3460.05ms | tok/sec: 151,526 | mfu: 39.46 | epoch: 1 | total time: 125.15m
step 02190 (49.73%) | K: 3 | loss: 0.621328 | L1: 0.313925 | L2: 0.307518 | L3: 0.307288 | lrm: 1.00 | dt: 3456.64ms | tok/sec: 151,675 | mfu: 39.50 | epoch: 1 | total time: 125.20m
step 02191 (49.76%) | K: 3 | loss: 0.623001 | L1: 0.314750 | L2: 0.308357 | L3: 0.308144 | lrm: 1.00 | dt: 3452.49ms | tok/sec: 151,857 | mfu: 39.55 | epoch: 1 | total time: 125.26m
step 02192 (49.78%) | K: 3 | loss: 0.623534 | L1: 0.315031 | L2: 0.308604 | L3: 0.308401 | lrm: 1.00 | dt: 3445.54ms | tok/sec: 152,164 | mfu: 39.63 | epoch: 1 | total time: 125.32m
step 02193 (49.80%) | K: 3 | loss: 0.623924 | L1: 0.315198 | L2: 0.308823 | L3: 0.308630 | lrm: 1.00 | dt: 3440.83ms | tok/sec: 152,372 | mfu: 39.68 | epoch: 1 | total time: 125.38m
step 02194 (49.83%) | K: 3 | loss: 0.630428 | L1: 0.318472 | L2: 0.312064 | L3: 0.311848 | lrm: 1.00 | dt: 3441.17ms | tok/sec: 152,357 | mfu: 39.68 | epoch: 1 | total time: 125.43m
step 02195 (49.85%) | K: 3 | loss: 0.629269 | L1: 0.317893 | L2: 0.311485 | L3: 0.311266 | lrm: 1.00 | dt: 3435.36ms | tok/sec: 152,615 | mfu: 39.74 | epoch: 1 | total time: 125.49m
step 02196 (49.87%) | K: 3 | loss: 0.630895 | L1: 0.318676 | L2: 0.312333 | L3: 0.312106 | lrm: 1.00 | dt: 3439.94ms | tok/sec: 152,412 | mfu: 39.69 | epoch: 1 | total time: 125.55m
step 02197 (49.89%) | K: 3 | loss: 0.632887 | L1: 0.319645 | L2: 0.313363 | L3: 0.313121 | lrm: 1.00 | dt: 3433.10ms | tok/sec: 152,715 | mfu: 39.77 | epoch: 1 | total time: 125.60m
step 02198 (49.92%) | K: 3 | loss: 0.628396 | L1: 0.317407 | L2: 0.311108 | L3: 0.310871 | lrm: 1.00 | dt: 3439.49ms | tok/sec: 152,431 | mfu: 39.70 | epoch: 1 | total time: 125.66m
step 02199 (49.94%) | K: 3 | loss: 0.628610 | L1: 0.317554 | L2: 0.311181 | L3: 0.310931 | lrm: 1.00 | dt: 3438.83ms | tok/sec: 152,461 | mfu: 39.70 | epoch: 1 | total time: 125.72m
step 02200 (49.96%) | K: 3 | loss: 0.632660 | L1: 0.319599 | L2: 0.313188 | L3: 0.312934 | lrm: 1.00 | dt: 3446.77ms | tok/sec: 152,110 | mfu: 39.61 | epoch: 1 | total time: 125.78m
step 02201 (49.99%) | K: 3 | loss: 0.632220 | L1: 0.319374 | L2: 0.312975 | L3: 0.312717 | lrm: 1.00 | dt: 3449.35ms | tok/sec: 151,996 | mfu: 39.58 | epoch: 1 | total time: 125.83m
step 02202 (50.01%) | K: 3 | loss: 0.636117 | L1: 0.321308 | L2: 0.314941 | L3: 0.314677 | lrm: 1.00 | dt: 3450.87ms | tok/sec: 151,929 | mfu: 39.57 | epoch: 1 | total time: 125.89m
step 02203 (50.03%) | K: 3 | loss: 0.635053 | L1: 0.320760 | L2: 0.314431 | L3: 0.314155 | lrm: 1.00 | dt: 3454.79ms | tok/sec: 151,756 | mfu: 39.52 | epoch: 1 | total time: 125.95m
step 02204 (50.05%) | K: 3 | loss: 0.631790 | L1: 0.319116 | L2: 0.312811 | L3: 0.312537 | lrm: 1.00 | dt: 3455.21ms | tok/sec: 151,738 | mfu: 39.52 | epoch: 1 | total time: 126.01m
step 02205 (50.08%) | K: 3 | loss: 0.632154 | L1: 0.319338 | L2: 0.312939 | L3: 0.312694 | lrm: 1.00 | dt: 3455.41ms | tok/sec: 151,729 | mfu: 39.51 | epoch: 1 | total time: 126.06m
step 02206 (50.10%) | K: 3 | loss: 0.628574 | L1: 0.317530 | L2: 0.311163 | L3: 0.310926 | lrm: 1.00 | dt: 3454.82ms | tok/sec: 151,755 | mfu: 39.52 | epoch: 1 | total time: 126.12m
step 02207 (50.12%) | K: 3 | loss: 0.627893 | L1: 0.317156 | L2: 0.310850 | L3: 0.310626 | lrm: 1.00 | dt: 3449.98ms | tok/sec: 151,968 | mfu: 39.58 | epoch: 1 | total time: 126.18m
step 02208 (50.15%) | K: 3 | loss: 0.625970 | L1: 0.316196 | L2: 0.309898 | L3: 0.309650 | lrm: 1.00 | dt: 3453.65ms | tok/sec: 151,806 | mfu: 39.53 | epoch: 1 | total time: 126.24m
step 02209 (50.17%) | K: 3 | loss: 0.625909 | L1: 0.316246 | L2: 0.309791 | L3: 0.309533 | lrm: 1.00 | dt: 3450.83ms | tok/sec: 151,930 | mfu: 39.57 | epoch: 1 | total time: 126.29m
step 02210 (50.19%) | K: 3 | loss: 0.627458 | L1: 0.316983 | L2: 0.310590 | L3: 0.310360 | lrm: 1.00 | dt: 3451.37ms | tok/sec: 151,907 | mfu: 39.56 | epoch: 1 | total time: 126.35m
step 02211 (50.21%) | K: 3 | loss: 0.627109 | L1: 0.316828 | L2: 0.310401 | L3: 0.310163 | lrm: 1.00 | dt: 3446.93ms | tok/sec: 152,102 | mfu: 39.61 | epoch: 1 | total time: 126.41m
step 02212 (50.24%) | K: 3 | loss: 0.628782 | L1: 0.317643 | L2: 0.311258 | L3: 0.311021 | lrm: 1.00 | dt: 3447.25ms | tok/sec: 152,088 | mfu: 39.61 | epoch: 1 | total time: 126.47m
step 02213 (50.26%) | K: 3 | loss: 0.629095 | L1: 0.317799 | L2: 0.311410 | L3: 0.311181 | lrm: 0.99 | dt: 3446.30ms | tok/sec: 152,130 | mfu: 39.62 | epoch: 1 | total time: 126.52m
step 02214 (50.28%) | K: 3 | loss: 0.629041 | L1: 0.317755 | L2: 0.311394 | L3: 0.311177 | lrm: 0.99 | dt: 3445.30ms | tok/sec: 152,175 | mfu: 39.63 | epoch: 1 | total time: 126.58m
step 02215 (50.31%) | K: 3 | loss: 0.623543 | L1: 0.314948 | L2: 0.308700 | L3: 0.308490 | lrm: 0.99 | dt: 3444.49ms | tok/sec: 152,210 | mfu: 39.64 | epoch: 1 | total time: 126.64m
step 02216 (50.33%) | K: 3 | loss: 0.628424 | L1: 0.317393 | L2: 0.311137 | L3: 0.310924 | lrm: 0.99 | dt: 3442.18ms | tok/sec: 152,312 | mfu: 39.66 | epoch: 1 | total time: 126.70m
step 02217 (50.35%) | K: 3 | loss: 0.635132 | L1: 0.320784 | L2: 0.314458 | L3: 0.314237 | lrm: 0.99 | dt: 3444.34ms | tok/sec: 152,217 | mfu: 39.64 | epoch: 1 | total time: 126.75m
step 02218 (50.37%) | K: 3 | loss: 0.643654 | L1: 0.325046 | L2: 0.318730 | L3: 0.318485 | lrm: 0.99 | dt: 3447.95ms | tok/sec: 152,057 | mfu: 39.60 | epoch: 1 | total time: 126.81m
step 02219 (50.40%) | K: 3 | loss: 0.640215 | L1: 0.323323 | L2: 0.317016 | L3: 0.316768 | lrm: 0.99 | dt: 3448.12ms | tok/sec: 152,050 | mfu: 39.60 | epoch: 1 | total time: 126.87m
step 02220 (50.42%) | K: 3 | loss: 0.639255 | L1: 0.322828 | L2: 0.316552 | L3: 0.316303 | lrm: 0.99 | dt: 3452.88ms | tok/sec: 151,840 | mfu: 39.54 | epoch: 1 | total time: 126.93m
step 02221 (50.44%) | K: 3 | loss: 0.634850 | L1: 0.320624 | L2: 0.314345 | L3: 0.314107 | lrm: 0.99 | dt: 3449.98ms | tok/sec: 151,968 | mfu: 39.58 | epoch: 1 | total time: 126.98m
step 02222 (50.46%) | K: 3 | loss: 0.638678 | L1: 0.322548 | L2: 0.316250 | L3: 0.316011 | lrm: 0.99 | dt: 3453.39ms | tok/sec: 151,818 | mfu: 39.54 | epoch: 1 | total time: 127.04m
step 02223 (50.49%) | K: 3 | loss: 0.634051 | L1: 0.320202 | L2: 0.313960 | L3: 0.313737 | lrm: 0.99 | dt: 3457.35ms | tok/sec: 151,644 | mfu: 39.49 | epoch: 1 | total time: 127.10m
step 02224 (50.51%) | K: 3 | loss: 0.629786 | L1: 0.318083 | L2: 0.311824 | L3: 0.311581 | lrm: 0.99 | dt: 3457.88ms | tok/sec: 151,621 | mfu: 39.48 | epoch: 1 | total time: 127.16m
step 02225 (50.53%) | K: 3 | loss: 0.634639 | L1: 0.320512 | L2: 0.314251 | L3: 0.314005 | lrm: 0.99 | dt: 3454.72ms | tok/sec: 151,760 | mfu: 39.52 | epoch: 1 | total time: 127.21m
step 02226 (50.55%) | K: 3 | loss: 0.633669 | L1: 0.320021 | L2: 0.313765 | L3: 0.313532 | lrm: 0.99 | dt: 3449.81ms | tok/sec: 151,975 | mfu: 39.58 | epoch: 1 | total time: 127.27m
step 02227 (50.58%) | K: 3 | loss: 0.632769 | L1: 0.319594 | L2: 0.313294 | L3: 0.313056 | lrm: 0.99 | dt: 3445.15ms | tok/sec: 152,181 | mfu: 39.63 | epoch: 1 | total time: 127.33m
step 02228 (50.60%) | K: 3 | loss: 0.631061 | L1: 0.318717 | L2: 0.312457 | L3: 0.312231 | lrm: 0.99 | dt: 3448.03ms | tok/sec: 152,054 | mfu: 39.60 | epoch: 1 | total time: 127.39m
step 02229 (50.62%) | K: 3 | loss: 0.630061 | L1: 0.318279 | L2: 0.311900 | L3: 0.311663 | lrm: 0.99 | dt: 3439.47ms | tok/sec: 152,432 | mfu: 39.70 | epoch: 1 | total time: 127.44m
step 02230 (50.64%) | K: 3 | loss: 0.629882 | L1: 0.318217 | L2: 0.311786 | L3: 0.311543 | lrm: 0.99 | dt: 3442.50ms | tok/sec: 152,298 | mfu: 39.66 | epoch: 1 | total time: 127.50m
step 02231 (50.67%) | K: 3 | loss: 0.629175 | L1: 0.317850 | L2: 0.311450 | L3: 0.311201 | lrm: 0.99 | dt: 3442.93ms | tok/sec: 152,279 | mfu: 39.66 | epoch: 1 | total time: 127.56m
step 02232 (50.69%) | K: 3 | loss: 0.627525 | L1: 0.317019 | L2: 0.310628 | L3: 0.310385 | lrm: 0.99 | dt: 3442.09ms | tok/sec: 152,316 | mfu: 39.67 | epoch: 1 | total time: 127.62m
step 02233 (50.71%) | K: 3 | loss: 0.628405 | L1: 0.317423 | L2: 0.311101 | L3: 0.310862 | lrm: 0.99 | dt: 3438.38ms | tok/sec: 152,481 | mfu: 39.71 | epoch: 1 | total time: 127.67m
step 02234 (50.74%) | K: 3 | loss: 0.629304 | L1: 0.317805 | L2: 0.311613 | L3: 0.311385 | lrm: 0.99 | dt: 3443.12ms | tok/sec: 152,271 | mfu: 39.65 | epoch: 1 | total time: 127.73m
step 02235 (50.76%) | K: 3 | loss: 0.626810 | L1: 0.316544 | L2: 0.310379 | L3: 0.310154 | lrm: 0.98 | dt: 3442.34ms | tok/sec: 152,305 | mfu: 39.66 | epoch: 1 | total time: 127.79m
step 02236 (50.78%) | K: 3 | loss: 0.630804 | L1: 0.318534 | L2: 0.312376 | L3: 0.312165 | lrm: 0.98 | dt: 3444.76ms | tok/sec: 152,198 | mfu: 39.64 | epoch: 1 | total time: 127.85m
step 02237 (50.80%) | K: 3 | loss: 0.632534 | L1: 0.319384 | L2: 0.313249 | L3: 0.313051 | lrm: 0.98 | dt: 3450.56ms | tok/sec: 151,943 | mfu: 39.57 | epoch: 1 | total time: 127.90m
step 02238 (50.83%) | K: 3 | loss: 0.638906 | L1: 0.322589 | L2: 0.316413 | L3: 0.316223 | lrm: 0.98 | dt: 3446.70ms | tok/sec: 152,113 | mfu: 39.61 | epoch: 1 | total time: 127.96m
step 02239 (50.85%) | K: 3 | loss: 0.638771 | L1: 0.322521 | L2: 0.316338 | L3: 0.316161 | lrm: 0.98 | dt: 3445.30ms | tok/sec: 152,175 | mfu: 39.63 | epoch: 1 | total time: 128.02m
step 02240 (50.87%) | K: 3 | loss: 0.637740 | L1: 0.322038 | L2: 0.315793 | L3: 0.315610 | lrm: 0.98 | dt: 3454.65ms | tok/sec: 151,763 | mfu: 39.52 | epoch: 1 | total time: 128.08m
step 02241 (50.90%) | K: 3 | loss: 0.635718 | L1: 0.321064 | L2: 0.314744 | L3: 0.314563 | lrm: 0.98 | dt: 3453.68ms | tok/sec: 151,805 | mfu: 39.53 | epoch: 1 | total time: 128.13m
step 02242 (50.92%) | K: 3 | loss: 0.632729 | L1: 0.319605 | L2: 0.313217 | L3: 0.313032 | lrm: 0.98 | dt: 3457.00ms | tok/sec: 151,660 | mfu: 39.49 | epoch: 1 | total time: 128.19m
step 02243 (50.94%) | K: 3 | loss: 0.637094 | L1: 0.321840 | L2: 0.315351 | L3: 0.315159 | lrm: 0.98 | dt: 3453.65ms | tok/sec: 151,807 | mfu: 39.53 | epoch: 1 | total time: 128.25m
step 02244 (50.96%) | K: 3 | loss: 0.639504 | L1: 0.323043 | L2: 0.316558 | L3: 0.316363 | lrm: 0.98 | dt: 3453.77ms | tok/sec: 151,801 | mfu: 39.53 | epoch: 1 | total time: 128.31m
step 02245 (50.99%) | K: 3 | loss: 0.636154 | L1: 0.321388 | L2: 0.314872 | L3: 0.314660 | lrm: 0.98 | dt: 3450.00ms | tok/sec: 151,967 | mfu: 39.58 | epoch: 1 | total time: 128.36m
step 02246 (51.01%) | K: 3 | loss: 0.638210 | L1: 0.322439 | L2: 0.315878 | L3: 0.315663 | lrm: 0.98 | dt: 3450.26ms | tok/sec: 151,956 | mfu: 39.57 | epoch: 1 | total time: 128.42m
step 02247 (51.03%) | K: 3 | loss: 0.640679 | L1: 0.323735 | L2: 0.317050 | L3: 0.316839 | lrm: 0.98 | dt: 3445.95ms | tok/sec: 152,146 | mfu: 39.62 | epoch: 1 | total time: 128.48m
step 02248 (51.06%) | K: 3 | loss: 0.636619 | L1: 0.321635 | L2: 0.315094 | L3: 0.314873 | lrm: 0.98 | dt: 3441.40ms | tok/sec: 152,347 | mfu: 39.67 | epoch: 1 | total time: 128.54m
step 02249 (51.08%) | K: 3 | loss: 0.638258 | L1: 0.322454 | L2: 0.315910 | L3: 0.315697 | lrm: 0.98 | dt: 3443.64ms | tok/sec: 152,248 | mfu: 39.65 | epoch: 1 | total time: 128.59m
step 02250 (51.10%) | K: 3 | loss: 0.636613 | L1: 0.321600 | L2: 0.315119 | L3: 0.314909 | lrm: 0.98 | dt: 3439.60ms | tok/sec: 152,427 | mfu: 39.69 | epoch: 1 | total time: 128.65m
Step 02250 | Validation L1 bpb: 0.1717 | L2 bpb: 0.1681 | L3 bpb: 0.1680
step 02251 (51.12%) | K: 3 | loss: 0.638124 | L1: 0.322380 | L2: 0.315854 | L3: 0.315633 | lrm: 0.98 | dt: 3449.69ms | tok/sec: 151,981 | mfu: 39.58 | epoch: 1 | total time: 128.71m
step 02252 (51.15%) | K: 3 | loss: 0.633863 | L1: 0.320246 | L2: 0.313735 | L3: 0.313498 | lrm: 0.98 | dt: 3446.84ms | tok/sec: 152,106 | mfu: 39.61 | epoch: 1 | total time: 128.77m
step 02253 (51.17%) | K: 3 | loss: 0.634657 | L1: 0.320629 | L2: 0.314142 | L3: 0.313914 | lrm: 0.98 | dt: 3445.64ms | tok/sec: 152,159 | mfu: 39.63 | epoch: 1 | total time: 128.82m
step 02254 (51.19%) | K: 3 | loss: 0.631222 | L1: 0.318880 | L2: 0.312452 | L3: 0.312231 | lrm: 0.98 | dt: 3450.89ms | tok/sec: 151,928 | mfu: 39.56 | epoch: 1 | total time: 128.88m
step 02255 (51.21%) | K: 3 | loss: 0.631266 | L1: 0.318916 | L2: 0.312468 | L3: 0.312232 | lrm: 0.98 | dt: 3451.07ms | tok/sec: 151,920 | mfu: 39.56 | epoch: 1 | total time: 128.94m
step 02256 (51.24%) | K: 3 | loss: 0.629691 | L1: 0.318102 | L2: 0.311698 | L3: 0.311479 | lrm: 0.98 | dt: 3449.62ms | tok/sec: 151,984 | mfu: 39.58 | epoch: 1 | total time: 129.00m
step 02257 (51.26%) | K: 3 | loss: 0.628583 | L1: 0.317506 | L2: 0.311184 | L3: 0.310970 | lrm: 0.97 | dt: 3451.72ms | tok/sec: 151,891 | mfu: 39.56 | epoch: 1 | total time: 129.05m
step 02258 (51.28%) | K: 3 | loss: 0.631225 | L1: 0.318798 | L2: 0.312525 | L3: 0.312328 | lrm: 0.97 | dt: 3454.07ms | tok/sec: 151,788 | mfu: 39.53 | epoch: 1 | total time: 129.11m
step 02259 (51.31%) | K: 3 | loss: 0.629563 | L1: 0.317939 | L2: 0.311723 | L3: 0.311524 | lrm: 0.97 | dt: 3453.83ms | tok/sec: 151,799 | mfu: 39.53 | epoch: 1 | total time: 129.17m
step 02260 (51.33%) | K: 3 | loss: 0.631672 | L1: 0.319025 | L2: 0.312740 | L3: 0.312553 | lrm: 0.97 | dt: 3453.22ms | tok/sec: 151,825 | mfu: 39.54 | epoch: 1 | total time: 129.23m
step 02261 (51.35%) | K: 3 | loss: 0.634578 | L1: 0.320537 | L2: 0.314138 | L3: 0.313944 | lrm: 0.97 | dt: 3450.81ms | tok/sec: 151,931 | mfu: 39.57 | epoch: 1 | total time: 129.28m
step 02262 (51.38%) | K: 3 | loss: 0.634062 | L1: 0.320240 | L2: 0.313909 | L3: 0.313734 | lrm: 0.97 | dt: 3452.94ms | tok/sec: 151,838 | mfu: 39.54 | epoch: 1 | total time: 129.34m
step 02263 (51.40%) | K: 3 | loss: 0.633311 | L1: 0.319850 | L2: 0.313552 | L3: 0.313369 | lrm: 0.97 | dt: 3449.97ms | tok/sec: 151,968 | mfu: 39.58 | epoch: 1 | total time: 129.40m
step 02264 (51.42%) | K: 3 | loss: 0.634993 | L1: 0.320670 | L2: 0.314416 | L3: 0.314229 | lrm: 0.97 | dt: 3445.25ms | tok/sec: 152,176 | mfu: 39.63 | epoch: 1 | total time: 129.46m
step 02265 (51.44%) | K: 3 | loss: 0.636254 | L1: 0.321327 | L2: 0.315022 | L3: 0.314832 | lrm: 0.97 | dt: 3446.24ms | tok/sec: 152,133 | mfu: 39.62 | epoch: 1 | total time: 129.51m
step 02266 (51.47%) | K: 3 | loss: 0.638166 | L1: 0.322231 | L2: 0.316015 | L3: 0.315855 | lrm: 0.97 | dt: 3443.46ms | tok/sec: 152,256 | mfu: 39.65 | epoch: 1 | total time: 129.57m
step 02267 (51.49%) | K: 3 | loss: 0.639507 | L1: 0.322896 | L2: 0.316694 | L3: 0.316527 | lrm: 0.97 | dt: 3445.62ms | tok/sec: 152,160 | mfu: 39.63 | epoch: 1 | total time: 129.63m
step 02268 (51.51%) | K: 3 | loss: 0.634746 | L1: 0.320485 | L2: 0.314342 | L3: 0.314180 | lrm: 0.97 | dt: 3444.39ms | tok/sec: 152,215 | mfu: 39.64 | epoch: 1 | total time: 129.69m
step 02269 (51.53%) | K: 3 | loss: 0.632229 | L1: 0.319208 | L2: 0.313101 | L3: 0.312941 | lrm: 0.97 | dt: 3442.87ms | tok/sec: 152,282 | mfu: 39.66 | epoch: 1 | total time: 129.74m
step 02270 (51.56%) | K: 3 | loss: 0.629832 | L1: 0.317990 | L2: 0.311924 | L3: 0.311760 | lrm: 0.97 | dt: 3448.38ms | tok/sec: 152,039 | mfu: 39.59 | epoch: 1 | total time: 129.80m
step 02271 (51.58%) | K: 3 | loss: 0.633824 | L1: 0.319964 | L2: 0.313942 | L3: 0.313778 | lrm: 0.97 | dt: 3447.57ms | tok/sec: 152,074 | mfu: 39.60 | epoch: 1 | total time: 129.86m
step 02272 (51.60%) | K: 3 | loss: 0.626927 | L1: 0.316499 | L2: 0.310518 | L3: 0.310338 | lrm: 0.97 | dt: 3447.99ms | tok/sec: 152,056 | mfu: 39.60 | epoch: 1 | total time: 129.92m
step 02273 (51.63%) | K: 3 | loss: 0.631950 | L1: 0.319066 | L2: 0.312981 | L3: 0.312786 | lrm: 0.97 | dt: 3443.24ms | tok/sec: 152,265 | mfu: 39.65 | epoch: 1 | total time: 129.97m
step 02274 (51.65%) | K: 3 | loss: 0.631659 | L1: 0.318955 | L2: 0.312799 | L3: 0.312609 | lrm: 0.97 | dt: 3444.16ms | tok/sec: 152,225 | mfu: 39.64 | epoch: 1 | total time: 130.03m
step 02275 (51.67%) | K: 3 | loss: 0.629224 | L1: 0.317730 | L2: 0.311586 | L3: 0.311401 | lrm: 0.97 | dt: 3442.85ms | tok/sec: 152,283 | mfu: 39.66 | epoch: 1 | total time: 130.09m
step 02276 (51.69%) | K: 3 | loss: 0.626522 | L1: 0.316414 | L2: 0.310207 | L3: 0.310009 | lrm: 0.97 | dt: 3439.86ms | tok/sec: 152,415 | mfu: 39.69 | epoch: 1 | total time: 130.14m
step 02277 (51.72%) | K: 3 | loss: 0.626251 | L1: 0.316246 | L2: 0.310107 | L3: 0.309903 | lrm: 0.97 | dt: 3438.94ms | tok/sec: 152,456 | mfu: 39.70 | epoch: 1 | total time: 130.20m
step 02278 (51.74%) | K: 3 | loss: 0.632032 | L1: 0.319189 | L2: 0.312945 | L3: 0.312740 | lrm: 0.97 | dt: 3436.63ms | tok/sec: 152,558 | mfu: 39.73 | epoch: 1 | total time: 130.26m
step 02279 (51.76%) | K: 3 | loss: 0.629697 | L1: 0.318042 | L2: 0.311764 | L3: 0.311546 | lrm: 0.96 | dt: 3440.52ms | tok/sec: 152,386 | mfu: 39.68 | epoch: 1 | total time: 130.32m
step 02280 (51.78%) | K: 3 | loss: 0.627355 | L1: 0.316844 | L2: 0.310619 | L3: 0.310402 | lrm: 0.96 | dt: 3444.98ms | tok/sec: 152,189 | mfu: 39.63 | epoch: 1 | total time: 130.37m
step 02281 (51.81%) | K: 3 | loss: 0.623742 | L1: 0.315025 | L2: 0.308825 | L3: 0.308609 | lrm: 0.96 | dt: 3445.68ms | tok/sec: 152,158 | mfu: 39.62 | epoch: 1 | total time: 130.43m
step 02282 (51.83%) | K: 3 | loss: 0.622455 | L1: 0.314409 | L2: 0.308159 | L3: 0.307933 | lrm: 0.96 | dt: 3446.90ms | tok/sec: 152,104 | mfu: 39.61 | epoch: 1 | total time: 130.49m
step 02283 (51.85%) | K: 3 | loss: 0.627562 | L1: 0.316975 | L2: 0.310692 | L3: 0.310482 | lrm: 0.96 | dt: 3449.54ms | tok/sec: 151,987 | mfu: 39.58 | epoch: 1 | total time: 130.55m
step 02284 (51.87%) | K: 3 | loss: 0.625665 | L1: 0.316014 | L2: 0.309751 | L3: 0.309551 | lrm: 0.96 | dt: 3454.06ms | tok/sec: 151,789 | mfu: 39.53 | epoch: 1 | total time: 130.60m
step 02285 (51.90%) | K: 3 | loss: 0.621459 | L1: 0.313892 | L2: 0.307670 | L3: 0.307464 | lrm: 0.96 | dt: 3450.22ms | tok/sec: 151,957 | mfu: 39.57 | epoch: 1 | total time: 130.66m
step 02286 (51.92%) | K: 3 | loss: 0.621305 | L1: 0.313839 | L2: 0.307567 | L3: 0.307365 | lrm: 0.96 | dt: 3456.10ms | tok/sec: 151,699 | mfu: 39.51 | epoch: 1 | total time: 130.72m
step 02287 (51.94%) | K: 3 | loss: 0.627451 | L1: 0.316948 | L2: 0.310604 | L3: 0.310402 | lrm: 0.96 | dt: 3455.15ms | tok/sec: 151,741 | mfu: 39.52 | epoch: 1 | total time: 130.78m
step 02288 (51.96%) | K: 3 | loss: 0.627304 | L1: 0.316881 | L2: 0.310527 | L3: 0.310320 | lrm: 0.96 | dt: 3456.15ms | tok/sec: 151,697 | mfu: 39.50 | epoch: 1 | total time: 130.83m
step 02289 (51.99%) | K: 3 | loss: 0.625266 | L1: 0.315833 | L2: 0.309536 | L3: 0.309331 | lrm: 0.96 | dt: 3457.18ms | tok/sec: 151,651 | mfu: 39.49 | epoch: 1 | total time: 130.89m
step 02290 (52.01%) | K: 3 | loss: 0.627692 | L1: 0.317045 | L2: 0.310746 | L3: 0.310549 | lrm: 0.96 | dt: 3452.91ms | tok/sec: 151,839 | mfu: 39.54 | epoch: 1 | total time: 130.95m
step 02291 (52.03%) | K: 3 | loss: 0.627449 | L1: 0.316944 | L2: 0.310599 | L3: 0.310411 | lrm: 0.96 | dt: 3449.06ms | tok/sec: 152,008 | mfu: 39.59 | epoch: 1 | total time: 131.01m
step 02292 (52.05%) | K: 3 | loss: 0.631727 | L1: 0.319057 | L2: 0.312752 | L3: 0.312587 | lrm: 0.96 | dt: 3450.82ms | tok/sec: 151,931 | mfu: 39.57 | epoch: 1 | total time: 131.06m
step 02293 (52.08%) | K: 3 | loss: 0.626930 | L1: 0.316611 | L2: 0.310387 | L3: 0.310251 | lrm: 0.96 | dt: 3448.73ms | tok/sec: 152,023 | mfu: 39.59 | epoch: 1 | total time: 131.12m
step 02294 (52.10%) | K: 3 | loss: 0.625637 | L1: 0.315975 | L2: 0.309719 | L3: 0.309604 | lrm: 0.96 | dt: 3449.42ms | tok/sec: 151,993 | mfu: 39.58 | epoch: 1 | total time: 131.18m
step 02295 (52.12%) | K: 3 | loss: 0.625524 | L1: 0.315919 | L2: 0.309672 | L3: 0.309538 | lrm: 0.96 | dt: 3442.59ms | tok/sec: 152,294 | mfu: 39.66 | epoch: 1 | total time: 131.24m
step 02296 (52.14%) | K: 3 | loss: 0.626863 | L1: 0.316636 | L2: 0.310295 | L3: 0.310159 | lrm: 0.96 | dt: 3439.81ms | tok/sec: 152,417 | mfu: 39.69 | epoch: 1 | total time: 131.29m
step 02297 (52.17%) | K: 3 | loss: 0.627094 | L1: 0.316739 | L2: 0.310430 | L3: 0.310280 | lrm: 0.96 | dt: 3438.88ms | tok/sec: 152,459 | mfu: 39.70 | epoch: 1 | total time: 131.35m
step 02298 (52.19%) | K: 3 | loss: 0.625306 | L1: 0.315853 | L2: 0.309524 | L3: 0.309382 | lrm: 0.96 | dt: 3440.76ms | tok/sec: 152,375 | mfu: 39.68 | epoch: 1 | total time: 131.41m
step 02299 (52.21%) | K: 3 | loss: 0.626046 | L1: 0.316241 | L2: 0.309867 | L3: 0.309744 | lrm: 0.96 | dt: 3439.10ms | tok/sec: 152,449 | mfu: 39.70 | epoch: 1 | total time: 131.47m
step 02300 (52.23%) | K: 3 | loss: 0.631483 | L1: 0.318959 | L2: 0.312593 | L3: 0.312455 | lrm: 0.96 | dt: 3445.71ms | tok/sec: 152,156 | mfu: 39.62 | epoch: 1 | total time: 131.52m
step 02301 (52.26%) | K: 3 | loss: 0.633178 | L1: 0.319821 | L2: 0.313429 | L3: 0.313287 | lrm: 0.95 | dt: 3449.27ms | tok/sec: 151,999 | mfu: 39.58 | epoch: 1 | total time: 131.58m
step 02302 (52.28%) | K: 3 | loss: 0.639423 | L1: 0.322959 | L2: 0.316528 | L3: 0.316400 | lrm: 0.95 | dt: 3450.14ms | tok/sec: 151,961 | mfu: 39.57 | epoch: 1 | total time: 131.64m
step 02303 (52.30%) | K: 3 | loss: 0.638041 | L1: 0.322197 | L2: 0.315905 | L3: 0.315783 | lrm: 0.95 | dt: 3456.39ms | tok/sec: 151,686 | mfu: 39.50 | epoch: 1 | total time: 131.70m
step 02304 (52.33%) | K: 3 | loss: 0.634199 | L1: 0.320262 | L2: 0.314011 | L3: 0.313864 | lrm: 0.95 | dt: 3455.40ms | tok/sec: 151,730 | mfu: 39.51 | epoch: 1 | total time: 131.75m
step 02305 (52.35%) | K: 3 | loss: 0.631102 | L1: 0.318714 | L2: 0.312465 | L3: 0.312313 | lrm: 0.95 | dt: 3458.66ms | tok/sec: 151,587 | mfu: 39.48 | epoch: 1 | total time: 131.81m
step 02306 (52.37%) | K: 3 | loss: 0.632417 | L1: 0.319384 | L2: 0.313116 | L3: 0.312950 | lrm: 0.95 | dt: 3456.20ms | tok/sec: 151,695 | mfu: 39.50 | epoch: 1 | total time: 131.87m
step 02307 (52.39%) | K: 3 | loss: 0.635282 | L1: 0.320849 | L2: 0.314523 | L3: 0.314343 | lrm: 0.95 | dt: 3449.03ms | tok/sec: 152,010 | mfu: 39.59 | epoch: 1 | total time: 131.93m
step 02308 (52.42%) | K: 3 | loss: 0.635909 | L1: 0.321177 | L2: 0.314820 | L3: 0.314644 | lrm: 0.95 | dt: 3454.52ms | tok/sec: 151,768 | mfu: 39.52 | epoch: 1 | total time: 131.98m
step 02309 (52.44%) | K: 3 | loss: 0.632130 | L1: 0.319281 | L2: 0.312940 | L3: 0.312759 | lrm: 0.95 | dt: 3451.00ms | tok/sec: 151,923 | mfu: 39.56 | epoch: 1 | total time: 132.04m
step 02310 (52.46%) | K: 3 | loss: 0.635823 | L1: 0.321139 | L2: 0.314780 | L3: 0.314589 | lrm: 0.95 | dt: 3444.34ms | tok/sec: 152,217 | mfu: 39.64 | epoch: 1 | total time: 132.10m
step 02311 (52.48%) | K: 3 | loss: 0.636185 | L1: 0.321280 | L2: 0.314996 | L3: 0.314813 | lrm: 0.95 | dt: 3439.58ms | tok/sec: 152,427 | mfu: 39.69 | epoch: 1 | total time: 132.16m
step 02312 (52.51%) | K: 3 | loss: 0.634364 | L1: 0.320385 | L2: 0.314075 | L3: 0.313882 | lrm: 0.95 | dt: 3440.86ms | tok/sec: 152,371 | mfu: 39.68 | epoch: 1 | total time: 132.21m
step 02313 (52.53%) | K: 3 | loss: 0.633454 | L1: 0.319989 | L2: 0.313561 | L3: 0.313369 | lrm: 0.95 | dt: 3433.20ms | tok/sec: 152,711 | mfu: 39.77 | epoch: 1 | total time: 132.27m
step 02314 (52.55%) | K: 3 | loss: 0.633731 | L1: 0.320082 | L2: 0.313743 | L3: 0.313555 | lrm: 0.95 | dt: 3438.09ms | tok/sec: 152,494 | mfu: 39.71 | epoch: 1 | total time: 132.33m
step 02315 (52.57%) | K: 3 | loss: 0.634630 | L1: 0.320524 | L2: 0.314198 | L3: 0.314014 | lrm: 0.95 | dt: 3436.47ms | tok/sec: 152,565 | mfu: 39.73 | epoch: 1 | total time: 132.39m
step 02316 (52.60%) | K: 3 | loss: 0.637374 | L1: 0.321960 | L2: 0.315504 | L3: 0.315325 | lrm: 0.95 | dt: 3438.14ms | tok/sec: 152,491 | mfu: 39.71 | epoch: 1 | total time: 132.44m
step 02317 (52.62%) | K: 3 | loss: 0.633628 | L1: 0.320089 | L2: 0.313631 | L3: 0.313448 | lrm: 0.95 | dt: 3441.52ms | tok/sec: 152,341 | mfu: 39.67 | epoch: 1 | total time: 132.50m
step 02318 (52.64%) | K: 3 | loss: 0.629190 | L1: 0.317901 | L2: 0.311391 | L3: 0.311187 | lrm: 0.95 | dt: 3441.58ms | tok/sec: 152,339 | mfu: 39.67 | epoch: 1 | total time: 132.56m
step 02319 (52.66%) | K: 3 | loss: 0.629301 | L1: 0.317961 | L2: 0.311452 | L3: 0.311227 | lrm: 0.95 | dt: 3446.29ms | tok/sec: 152,131 | mfu: 39.62 | epoch: 1 | total time: 132.61m
step 02320 (52.69%) | K: 3 | loss: 0.628418 | L1: 0.317531 | L2: 0.310998 | L3: 0.310777 | lrm: 0.95 | dt: 3453.80ms | tok/sec: 151,800 | mfu: 39.53 | epoch: 1 | total time: 132.67m
step 02321 (52.71%) | K: 3 | loss: 0.630285 | L1: 0.318419 | L2: 0.311969 | L3: 0.311762 | lrm: 0.95 | dt: 3455.03ms | tok/sec: 151,746 | mfu: 39.52 | epoch: 1 | total time: 132.73m
step 02322 (52.73%) | K: 3 | loss: 0.627506 | L1: 0.316984 | L2: 0.310627 | L3: 0.310418 | lrm: 0.95 | dt: 3457.99ms | tok/sec: 151,616 | mfu: 39.48 | epoch: 1 | total time: 132.79m
step 02323 (52.76%) | K: 3 | loss: 0.629057 | L1: 0.317764 | L2: 0.311393 | L3: 0.311193 | lrm: 0.94 | dt: 3457.75ms | tok/sec: 151,627 | mfu: 39.49 | epoch: 1 | total time: 132.85m
step 02324 (52.78%) | K: 3 | loss: 0.627844 | L1: 0.317184 | L2: 0.310757 | L3: 0.310563 | lrm: 0.94 | dt: 3454.48ms | tok/sec: 151,770 | mfu: 39.52 | epoch: 1 | total time: 132.90m
step 02325 (52.80%) | K: 3 | loss: 0.628873 | L1: 0.317695 | L2: 0.311280 | L3: 0.311075 | lrm: 0.94 | dt: 3454.58ms | tok/sec: 151,766 | mfu: 39.52 | epoch: 1 | total time: 132.96m
step 02326 (52.82%) | K: 3 | loss: 0.627041 | L1: 0.316746 | L2: 0.310396 | L3: 0.310193 | lrm: 0.94 | dt: 3450.41ms | tok/sec: 151,949 | mfu: 39.57 | epoch: 1 | total time: 133.02m
step 02327 (52.85%) | K: 3 | loss: 0.628492 | L1: 0.317492 | L2: 0.311102 | L3: 0.310898 | lrm: 0.94 | dt: 3446.23ms | tok/sec: 152,133 | mfu: 39.62 | epoch: 1 | total time: 133.08m
step 02328 (52.87%) | K: 3 | loss: 0.630357 | L1: 0.318431 | L2: 0.312018 | L3: 0.311834 | lrm: 0.94 | dt: 3441.99ms | tok/sec: 152,321 | mfu: 39.67 | epoch: 1 | total time: 133.13m
step 02329 (52.89%) | K: 3 | loss: 0.627397 | L1: 0.316975 | L2: 0.310514 | L3: 0.310330 | lrm: 0.94 | dt: 3441.88ms | tok/sec: 152,326 | mfu: 39.67 | epoch: 1 | total time: 133.19m
step 02330 (52.91%) | K: 3 | loss: 0.627651 | L1: 0.317109 | L2: 0.310629 | L3: 0.310454 | lrm: 0.94 | dt: 3441.02ms | tok/sec: 152,364 | mfu: 39.68 | epoch: 1 | total time: 133.25m
step 02331 (52.94%) | K: 3 | loss: 0.628966 | L1: 0.317747 | L2: 0.311314 | L3: 0.311124 | lrm: 0.94 | dt: 3434.90ms | tok/sec: 152,635 | mfu: 39.75 | epoch: 1 | total time: 133.30m
step 02332 (52.96%) | K: 3 | loss: 0.624631 | L1: 0.315588 | L2: 0.309148 | L3: 0.308939 | lrm: 0.94 | dt: 3432.17ms | tok/sec: 152,756 | mfu: 39.78 | epoch: 1 | total time: 133.36m
step 02333 (52.98%) | K: 3 | loss: 0.623042 | L1: 0.314800 | L2: 0.308345 | L3: 0.308140 | lrm: 0.94 | dt: 3437.23ms | tok/sec: 152,532 | mfu: 39.72 | epoch: 1 | total time: 133.42m
step 02334 (53.01%) | K: 3 | loss: 0.627038 | L1: 0.316796 | L2: 0.310349 | L3: 0.310133 | lrm: 0.94 | dt: 3433.20ms | tok/sec: 152,711 | mfu: 39.77 | epoch: 1 | total time: 133.48m
step 02335 (53.03%) | K: 3 | loss: 0.625201 | L1: 0.315885 | L2: 0.309422 | L3: 0.309209 | lrm: 0.94 | dt: 3434.60ms | tok/sec: 152,648 | mfu: 39.75 | epoch: 1 | total time: 133.53m
step 02336 (53.05%) | K: 3 | loss: 0.627851 | L1: 0.317196 | L2: 0.310754 | L3: 0.310557 | lrm: 0.94 | dt: 3440.64ms | tok/sec: 152,380 | mfu: 39.68 | epoch: 1 | total time: 133.59m
step 02337 (53.07%) | K: 3 | loss: 0.631257 | L1: 0.318876 | L2: 0.312474 | L3: 0.312287 | lrm: 0.94 | dt: 3444.12ms | tok/sec: 152,227 | mfu: 39.64 | epoch: 1 | total time: 133.65m
step 02338 (53.10%) | K: 3 | loss: 0.630053 | L1: 0.318261 | L2: 0.311877 | L3: 0.311707 | lrm: 0.94 | dt: 3446.11ms | tok/sec: 152,139 | mfu: 39.62 | epoch: 1 | total time: 133.71m
step 02339 (53.12%) | K: 3 | loss: 0.625463 | L1: 0.315924 | L2: 0.309623 | L3: 0.309456 | lrm: 0.94 | dt: 3449.35ms | tok/sec: 151,996 | mfu: 39.58 | epoch: 1 | total time: 133.76m
step 02340 (53.14%) | K: 3 | loss: 0.621885 | L1: 0.314150 | L2: 0.307828 | L3: 0.307642 | lrm: 0.94 | dt: 3449.92ms | tok/sec: 151,970 | mfu: 39.58 | epoch: 1 | total time: 133.82m
step 02341 (53.17%) | K: 3 | loss: 0.625230 | L1: 0.315786 | L2: 0.309535 | L3: 0.309353 | lrm: 0.94 | dt: 3454.62ms | tok/sec: 151,764 | mfu: 39.52 | epoch: 1 | total time: 133.88m
step 02342 (53.19%) | K: 3 | loss: 0.624998 | L1: 0.315715 | L2: 0.309380 | L3: 0.309185 | lrm: 0.94 | dt: 3457.32ms | tok/sec: 151,645 | mfu: 39.49 | epoch: 1 | total time: 133.94m
step 02343 (53.21%) | K: 3 | loss: 0.623834 | L1: 0.315110 | L2: 0.308825 | L3: 0.308623 | lrm: 0.94 | dt: 3458.72ms | tok/sec: 151,584 | mfu: 39.48 | epoch: 1 | total time: 133.99m
step 02344 (53.23%) | K: 3 | loss: 0.623129 | L1: 0.314785 | L2: 0.308453 | L3: 0.308236 | lrm: 0.94 | dt: 3459.90ms | tok/sec: 151,532 | mfu: 39.46 | epoch: 1 | total time: 134.05m
step 02345 (53.25%) | K: 3 | loss: 0.628473 | L1: 0.317479 | L2: 0.311109 | L3: 0.310879 | lrm: 0.93 | dt: 3461.26ms | tok/sec: 151,472 | mfu: 39.45 | epoch: 1 | total time: 134.11m
step 02346 (53.28%) | K: 3 | loss: 0.631475 | L1: 0.318996 | L2: 0.312590 | L3: 0.312368 | lrm: 0.93 | dt: 3458.07ms | tok/sec: 151,612 | mfu: 39.48 | epoch: 1 | total time: 134.17m
step 02347 (53.30%) | K: 3 | loss: 0.628824 | L1: 0.317650 | L2: 0.311280 | L3: 0.311068 | lrm: 0.93 | dt: 3457.62ms | tok/sec: 151,632 | mfu: 39.49 | epoch: 1 | total time: 134.22m
step 02348 (53.32%) | K: 3 | loss: 0.629947 | L1: 0.318190 | L2: 0.311857 | L3: 0.311659 | lrm: 0.93 | dt: 3457.05ms | tok/sec: 151,657 | mfu: 39.49 | epoch: 1 | total time: 134.28m
step 02349 (53.34%) | K: 3 | loss: 0.629121 | L1: 0.317744 | L2: 0.311473 | L3: 0.311281 | lrm: 0.93 | dt: 3456.26ms | tok/sec: 151,692 | mfu: 39.50 | epoch: 1 | total time: 134.34m
step 02350 (53.37%) | K: 3 | loss: 0.628962 | L1: 0.317650 | L2: 0.311404 | L3: 0.311220 | lrm: 0.93 | dt: 3450.56ms | tok/sec: 151,942 | mfu: 39.57 | epoch: 1 | total time: 134.40m
step 02351 (53.39%) | K: 3 | loss: 0.626544 | L1: 0.316415 | L2: 0.310221 | L3: 0.310038 | lrm: 0.93 | dt: 3450.89ms | tok/sec: 151,928 | mfu: 39.56 | epoch: 1 | total time: 134.45m
step 02352 (53.41%) | K: 3 | loss: 0.633831 | L1: 0.320062 | L2: 0.313869 | L3: 0.313670 | lrm: 0.93 | dt: 3445.00ms | tok/sec: 152,188 | mfu: 39.63 | epoch: 1 | total time: 134.51m
step 02353 (53.43%) | K: 3 | loss: 0.631484 | L1: 0.318890 | L2: 0.312689 | L3: 0.312499 | lrm: 0.93 | dt: 3446.37ms | tok/sec: 152,127 | mfu: 39.62 | epoch: 1 | total time: 134.57m
step 02354 (53.46%) | K: 3 | loss: 0.632925 | L1: 0.319637 | L2: 0.313384 | L3: 0.313191 | lrm: 0.93 | dt: 3443.07ms | tok/sec: 152,273 | mfu: 39.65 | epoch: 1 | total time: 134.63m
step 02355 (53.48%) | K: 3 | loss: 0.633522 | L1: 0.319960 | L2: 0.313665 | L3: 0.313460 | lrm: 0.93 | dt: 3443.67ms | tok/sec: 152,246 | mfu: 39.65 | epoch: 1 | total time: 134.68m
step 02356 (53.50%) | K: 3 | loss: 0.628846 | L1: 0.317612 | L2: 0.311329 | L3: 0.311139 | lrm: 0.93 | dt: 3439.64ms | tok/sec: 152,425 | mfu: 39.69 | epoch: 1 | total time: 134.74m
step 02357 (53.53%) | K: 3 | loss: 0.626843 | L1: 0.316652 | L2: 0.310282 | L3: 0.310099 | lrm: 0.93 | dt: 3449.20ms | tok/sec: 152,002 | mfu: 39.58 | epoch: 1 | total time: 134.80m
step 02358 (53.55%) | K: 3 | loss: 0.629412 | L1: 0.317929 | L2: 0.311581 | L3: 0.311385 | lrm: 0.93 | dt: 3444.35ms | tok/sec: 152,216 | mfu: 39.64 | epoch: 1 | total time: 134.86m
step 02359 (53.57%) | K: 3 | loss: 0.630376 | L1: 0.318409 | L2: 0.312068 | L3: 0.311866 | lrm: 0.93 | dt: 3447.62ms | tok/sec: 152,072 | mfu: 39.60 | epoch: 1 | total time: 134.91m
step 02360 (53.59%) | K: 3 | loss: 0.630615 | L1: 0.318560 | L2: 0.312161 | L3: 0.311949 | lrm: 0.93 | dt: 3448.92ms | tok/sec: 152,015 | mfu: 39.59 | epoch: 1 | total time: 134.97m
step 02361 (53.62%) | K: 3 | loss: 0.628617 | L1: 0.317542 | L2: 0.311173 | L3: 0.310978 | lrm: 0.93 | dt: 3446.11ms | tok/sec: 152,139 | mfu: 39.62 | epoch: 1 | total time: 135.03m
step 02362 (53.64%) | K: 3 | loss: 0.627805 | L1: 0.317102 | L2: 0.310796 | L3: 0.310610 | lrm: 0.93 | dt: 3447.47ms | tok/sec: 152,079 | mfu: 39.60 | epoch: 1 | total time: 135.09m
step 02363 (53.66%) | K: 3 | loss: 0.627706 | L1: 0.317073 | L2: 0.310726 | L3: 0.310541 | lrm: 0.93 | dt: 3439.77ms | tok/sec: 152,419 | mfu: 39.69 | epoch: 1 | total time: 135.14m
step 02364 (53.68%) | K: 3 | loss: 0.630504 | L1: 0.318455 | L2: 0.312147 | L3: 0.311952 | lrm: 0.93 | dt: 3443.18ms | tok/sec: 152,268 | mfu: 39.65 | epoch: 1 | total time: 135.20m
step 02365 (53.71%) | K: 3 | loss: 0.626774 | L1: 0.316572 | L2: 0.310303 | L3: 0.310099 | lrm: 0.93 | dt: 3437.47ms | tok/sec: 152,521 | mfu: 39.72 | epoch: 1 | total time: 135.26m
step 02366 (53.73%) | K: 3 | loss: 0.629799 | L1: 0.318116 | L2: 0.311785 | L3: 0.311581 | lrm: 0.93 | dt: 3444.20ms | tok/sec: 152,223 | mfu: 39.64 | epoch: 1 | total time: 135.32m
step 02367 (53.75%) | K: 3 | loss: 0.626010 | L1: 0.316180 | L2: 0.309925 | L3: 0.309736 | lrm: 0.92 | dt: 3446.93ms | tok/sec: 152,103 | mfu: 39.61 | epoch: 1 | total time: 135.37m
step 02368 (53.77%) | K: 3 | loss: 0.627043 | L1: 0.316666 | L2: 0.310469 | L3: 0.310285 | lrm: 0.92 | dt: 3442.75ms | tok/sec: 152,287 | mfu: 39.66 | epoch: 1 | total time: 135.43m
step 02369 (53.80%) | K: 3 | loss: 0.620909 | L1: 0.313582 | L2: 0.307409 | L3: 0.307244 | lrm: 0.92 | dt: 3446.10ms | tok/sec: 152,139 | mfu: 39.62 | epoch: 1 | total time: 135.49m
step 02370 (53.82%) | K: 3 | loss: 0.619005 | L1: 0.312645 | L2: 0.306437 | L3: 0.306284 | lrm: 0.92 | dt: 3444.21ms | tok/sec: 152,222 | mfu: 39.64 | epoch: 1 | total time: 135.55m
step 02371 (53.84%) | K: 3 | loss: 0.619630 | L1: 0.312987 | L2: 0.306728 | L3: 0.306558 | lrm: 0.92 | dt: 3449.27ms | tok/sec: 151,999 | mfu: 39.58 | epoch: 1 | total time: 135.60m
step 02372 (53.87%) | K: 3 | loss: 0.619278 | L1: 0.312825 | L2: 0.306541 | L3: 0.306365 | lrm: 0.92 | dt: 3446.72ms | tok/sec: 152,112 | mfu: 39.61 | epoch: 1 | total time: 135.66m
step 02373 (53.89%) | K: 3 | loss: 0.622392 | L1: 0.314366 | L2: 0.308119 | L3: 0.307934 | lrm: 0.92 | dt: 3445.46ms | tok/sec: 152,167 | mfu: 39.63 | epoch: 1 | total time: 135.72m
step 02374 (53.91%) | K: 3 | loss: 0.624848 | L1: 0.315584 | L2: 0.309351 | L3: 0.309178 | lrm: 0.92 | dt: 3443.72ms | tok/sec: 152,244 | mfu: 39.65 | epoch: 1 | total time: 135.78m
step 02375 (53.93%) | K: 3 | loss: 0.631475 | L1: 0.318879 | L2: 0.312680 | L3: 0.312513 | lrm: 0.92 | dt: 3448.55ms | tok/sec: 152,031 | mfu: 39.59 | epoch: 1 | total time: 135.83m
step 02376 (53.96%) | K: 3 | loss: 0.629311 | L1: 0.317807 | L2: 0.311584 | L3: 0.311423 | lrm: 0.92 | dt: 3447.61ms | tok/sec: 152,072 | mfu: 39.60 | epoch: 1 | total time: 135.89m
step 02377 (53.98%) | K: 3 | loss: 0.628198 | L1: 0.317264 | L2: 0.311023 | L3: 0.310846 | lrm: 0.92 | dt: 3452.21ms | tok/sec: 151,870 | mfu: 39.55 | epoch: 1 | total time: 135.95m
step 02378 (54.00%) | K: 3 | loss: 0.628992 | L1: 0.317666 | L2: 0.311416 | L3: 0.311237 | lrm: 0.92 | dt: 3456.09ms | tok/sec: 151,699 | mfu: 39.51 | epoch: 1 | total time: 136.01m
step 02379 (54.02%) | K: 3 | loss: 0.634154 | L1: 0.320290 | L2: 0.313959 | L3: 0.313769 | lrm: 0.92 | dt: 3460.48ms | tok/sec: 151,507 | mfu: 39.46 | epoch: 1 | total time: 136.06m
step 02380 (54.05%) | K: 3 | loss: 0.633944 | L1: 0.320225 | L2: 0.313816 | L3: 0.313623 | lrm: 0.92 | dt: 3463.46ms | tok/sec: 151,376 | mfu: 39.42 | epoch: 1 | total time: 136.12m
step 02381 (54.07%) | K: 3 | loss: 0.635917 | L1: 0.321195 | L2: 0.314817 | L3: 0.314627 | lrm: 0.92 | dt: 3459.50ms | tok/sec: 151,550 | mfu: 39.47 | epoch: 1 | total time: 136.18m
step 02382 (54.09%) | K: 3 | loss: 0.639224 | L1: 0.322813 | L2: 0.316515 | L3: 0.316307 | lrm: 0.92 | dt: 3460.86ms | tok/sec: 151,490 | mfu: 39.45 | epoch: 1 | total time: 136.24m
step 02383 (54.12%) | K: 3 | loss: 0.638626 | L1: 0.322500 | L2: 0.316231 | L3: 0.316021 | lrm: 0.92 | dt: 3459.56ms | tok/sec: 151,547 | mfu: 39.47 | epoch: 1 | total time: 136.29m
step 02384 (54.14%) | K: 3 | loss: 0.634339 | L1: 0.320376 | L2: 0.314062 | L3: 0.313864 | lrm: 0.92 | dt: 3457.93ms | tok/sec: 151,619 | mfu: 39.48 | epoch: 1 | total time: 136.35m
step 02385 (54.16%) | K: 3 | loss: 0.633284 | L1: 0.319877 | L2: 0.313510 | L3: 0.313303 | lrm: 0.92 | dt: 3459.01ms | tok/sec: 151,571 | mfu: 39.47 | epoch: 1 | total time: 136.41m
step 02386 (54.18%) | K: 3 | loss: 0.631610 | L1: 0.319058 | L2: 0.312658 | L3: 0.312447 | lrm: 0.92 | dt: 3459.14ms | tok/sec: 151,565 | mfu: 39.47 | epoch: 1 | total time: 136.47m
step 02387 (54.21%) | K: 3 | loss: 0.627025 | L1: 0.316736 | L2: 0.310392 | L3: 0.310186 | lrm: 0.92 | dt: 3456.73ms | tok/sec: 151,671 | mfu: 39.50 | epoch: 1 | total time: 136.52m
step 02388 (54.23%) | K: 3 | loss: 0.627655 | L1: 0.317047 | L2: 0.310705 | L3: 0.310511 | lrm: 0.92 | dt: 3449.23ms | tok/sec: 152,001 | mfu: 39.58 | epoch: 1 | total time: 136.58m
step 02389 (54.25%) | K: 3 | loss: 0.625169 | L1: 0.315792 | L2: 0.309477 | L3: 0.309277 | lrm: 0.91 | dt: 3444.35ms | tok/sec: 152,216 | mfu: 39.64 | epoch: 1 | total time: 136.64m
step 02390 (54.28%) | K: 3 | loss: 0.624671 | L1: 0.315541 | L2: 0.309231 | L3: 0.309028 | lrm: 0.91 | dt: 3446.72ms | tok/sec: 152,112 | mfu: 39.61 | epoch: 1 | total time: 136.70m
step 02391 (54.30%) | K: 3 | loss: 0.622314 | L1: 0.314369 | L2: 0.308040 | L3: 0.307851 | lrm: 0.91 | dt: 3440.94ms | tok/sec: 152,367 | mfu: 39.68 | epoch: 1 | total time: 136.75m
step 02392 (54.32%) | K: 3 | loss: 0.619240 | L1: 0.312838 | L2: 0.306491 | L3: 0.306314 | lrm: 0.91 | dt: 3440.72ms | tok/sec: 152,377 | mfu: 39.68 | epoch: 1 | total time: 136.81m
step 02393 (54.35%) | K: 3 | loss: 0.617997 | L1: 0.312163 | L2: 0.305928 | L3: 0.305740 | lrm: 0.91 | dt: 3437.80ms | tok/sec: 152,506 | mfu: 39.72 | epoch: 1 | total time: 136.87m
step 02394 (54.37%) | K: 3 | loss: 0.620270 | L1: 0.313292 | L2: 0.307058 | L3: 0.306899 | lrm: 0.91 | dt: 3440.52ms | tok/sec: 152,386 | mfu: 39.68 | epoch: 1 | total time: 136.93m
step 02395 (54.39%) | K: 3 | loss: 0.622014 | L1: 0.314175 | L2: 0.307923 | L3: 0.307755 | lrm: 0.91 | dt: 3441.04ms | tok/sec: 152,363 | mfu: 39.68 | epoch: 1 | total time: 136.98m
step 02396 (54.41%) | K: 3 | loss: 0.620810 | L1: 0.313582 | L2: 0.307311 | L3: 0.307145 | lrm: 0.91 | dt: 3441.35ms | tok/sec: 152,349 | mfu: 39.67 | epoch: 1 | total time: 137.04m
step 02397 (54.43%) | K: 3 | loss: 0.619342 | L1: 0.312876 | L2: 0.306555 | L3: 0.306377 | lrm: 0.91 | dt: 3444.91ms | tok/sec: 152,192 | mfu: 39.63 | epoch: 1 | total time: 137.10m
step 02398 (54.46%) | K: 3 | loss: 0.621494 | L1: 0.313992 | L2: 0.307602 | L3: 0.307403 | lrm: 0.91 | dt: 3447.55ms | tok/sec: 152,075 | mfu: 39.60 | epoch: 1 | total time: 137.16m
step 02399 (54.48%) | K: 3 | loss: 0.622594 | L1: 0.314559 | L2: 0.308139 | L3: 0.307931 | lrm: 0.91 | dt: 3448.59ms | tok/sec: 152,029 | mfu: 39.59 | epoch: 1 | total time: 137.21m
step 02400 (54.50%) | K: 3 | loss: 0.618247 | L1: 0.312379 | L2: 0.305978 | L3: 0.305759 | lrm: 0.91 | dt: 3453.29ms | tok/sec: 151,822 | mfu: 39.54 | epoch: 1 | total time: 137.27m
step 02401 (54.53%) | K: 3 | loss: 0.619412 | L1: 0.312980 | L2: 0.306546 | L3: 0.306318 | lrm: 0.91 | dt: 3458.89ms | tok/sec: 151,576 | mfu: 39.47 | epoch: 1 | total time: 137.33m
step 02402 (54.55%) | K: 3 | loss: 0.619672 | L1: 0.313091 | L2: 0.306693 | L3: 0.306470 | lrm: 0.91 | dt: 3458.71ms | tok/sec: 151,584 | mfu: 39.48 | epoch: 1 | total time: 137.39m
step 02403 (54.57%) | K: 3 | loss: 0.618831 | L1: 0.312660 | L2: 0.306285 | L3: 0.306055 | lrm: 0.91 | dt: 3455.06ms | tok/sec: 151,745 | mfu: 39.52 | epoch: 1 | total time: 137.44m
step 02404 (54.60%) | K: 3 | loss: 0.616371 | L1: 0.311453 | L2: 0.305033 | L3: 0.304805 | lrm: 0.91 | dt: 3459.57ms | tok/sec: 151,547 | mfu: 39.47 | epoch: 1 | total time: 137.50m
step 02405 (54.62%) | K: 3 | loss: 0.617721 | L1: 0.312119 | L2: 0.305713 | L3: 0.305492 | lrm: 0.91 | dt: 3457.17ms | tok/sec: 151,652 | mfu: 39.49 | epoch: 1 | total time: 137.56m
step 02406 (54.64%) | K: 3 | loss: 0.619143 | L1: 0.312770 | L2: 0.306478 | L3: 0.306266 | lrm: 0.91 | dt: 3456.67ms | tok/sec: 151,674 | mfu: 39.50 | epoch: 1 | total time: 137.62m
step 02407 (54.66%) | K: 3 | loss: 0.616992 | L1: 0.311654 | L2: 0.305436 | L3: 0.305239 | lrm: 0.91 | dt: 3452.89ms | tok/sec: 151,840 | mfu: 39.54 | epoch: 1 | total time: 137.67m
step 02408 (54.69%) | K: 3 | loss: 0.613559 | L1: 0.309916 | L2: 0.303738 | L3: 0.303548 | lrm: 0.91 | dt: 3452.63ms | tok/sec: 151,851 | mfu: 39.54 | epoch: 1 | total time: 137.73m
step 02409 (54.71%) | K: 3 | loss: 0.613679 | L1: 0.309987 | L2: 0.303782 | L3: 0.303601 | lrm: 0.91 | dt: 3448.62ms | tok/sec: 152,028 | mfu: 39.59 | epoch: 1 | total time: 137.79m
step 02410 (54.73%) | K: 3 | loss: 0.615532 | L1: 0.310909 | L2: 0.304714 | L3: 0.304533 | lrm: 0.91 | dt: 3449.33ms | tok/sec: 151,996 | mfu: 39.58 | epoch: 1 | total time: 137.85m
step 02411 (54.75%) | K: 3 | loss: 0.614701 | L1: 0.310456 | L2: 0.304330 | L3: 0.304160 | lrm: 0.90 | dt: 3443.49ms | tok/sec: 152,254 | mfu: 39.65 | epoch: 1 | total time: 137.90m
step 02412 (54.78%) | K: 3 | loss: 0.611202 | L1: 0.308691 | L2: 0.302591 | L3: 0.302431 | lrm: 0.90 | dt: 3442.14ms | tok/sec: 152,314 | mfu: 39.67 | epoch: 1 | total time: 137.96m
step 02413 (54.80%) | K: 3 | loss: 0.609898 | L1: 0.308011 | L2: 0.301970 | L3: 0.301806 | lrm: 0.90 | dt: 3446.64ms | tok/sec: 152,115 | mfu: 39.61 | epoch: 1 | total time: 138.02m
step 02414 (54.82%) | K: 3 | loss: 0.609657 | L1: 0.307867 | L2: 0.301871 | L3: 0.301709 | lrm: 0.90 | dt: 3441.50ms | tok/sec: 152,342 | mfu: 39.67 | epoch: 1 | total time: 138.08m
step 02415 (54.85%) | K: 3 | loss: 0.607771 | L1: 0.306941 | L2: 0.300918 | L3: 0.300742 | lrm: 0.90 | dt: 3442.65ms | tok/sec: 152,291 | mfu: 39.66 | epoch: 1 | total time: 138.13m
step 02416 (54.87%) | K: 3 | loss: 0.611612 | L1: 0.308892 | L2: 0.302812 | L3: 0.302628 | lrm: 0.90 | dt: 3440.26ms | tok/sec: 152,397 | mfu: 39.69 | epoch: 1 | total time: 138.19m
step 02417 (54.89%) | K: 3 | loss: 0.618571 | L1: 0.312435 | L2: 0.306230 | L3: 0.306043 | lrm: 0.90 | dt: 3445.48ms | tok/sec: 152,166 | mfu: 39.63 | epoch: 1 | total time: 138.25m
step 02418 (54.91%) | K: 3 | loss: 0.614941 | L1: 0.310608 | L2: 0.304419 | L3: 0.304247 | lrm: 0.90 | dt: 3445.30ms | tok/sec: 152,174 | mfu: 39.63 | epoch: 1 | total time: 138.31m
step 02419 (54.94%) | K: 3 | loss: 0.611603 | L1: 0.308930 | L2: 0.302756 | L3: 0.302590 | lrm: 0.90 | dt: 3448.44ms | tok/sec: 152,036 | mfu: 39.59 | epoch: 1 | total time: 138.36m
step 02420 (54.96%) | K: 3 | loss: 0.607931 | L1: 0.307032 | L2: 0.300981 | L3: 0.300817 | lrm: 0.90 | dt: 3450.27ms | tok/sec: 151,955 | mfu: 39.57 | epoch: 1 | total time: 138.42m
step 02421 (54.98%) | K: 3 | loss: 0.613595 | L1: 0.309864 | L2: 0.303822 | L3: 0.303642 | lrm: 0.90 | dt: 3449.39ms | tok/sec: 151,994 | mfu: 39.58 | epoch: 1 | total time: 138.48m
step 02422 (55.01%) | K: 3 | loss: 0.613453 | L1: 0.309781 | L2: 0.303759 | L3: 0.303586 | lrm: 0.90 | dt: 3450.28ms | tok/sec: 151,955 | mfu: 39.57 | epoch: 1 | total time: 138.54m
step 02423 (55.03%) | K: 3 | loss: 0.617585 | L1: 0.311875 | L2: 0.305800 | L3: 0.305619 | lrm: 0.90 | dt: 3454.52ms | tok/sec: 151,768 | mfu: 39.52 | epoch: 1 | total time: 138.59m
step 02424 (55.05%) | K: 3 | loss: 0.619090 | L1: 0.312629 | L2: 0.306546 | L3: 0.306377 | lrm: 0.90 | dt: 3454.44ms | tok/sec: 151,772 | mfu: 39.52 | epoch: 1 | total time: 138.65m
step 02425 (55.07%) | K: 3 | loss: 0.620050 | L1: 0.313110 | L2: 0.307023 | L3: 0.306855 | lrm: 0.90 | dt: 3453.71ms | tok/sec: 151,804 | mfu: 39.53 | epoch: 1 | total time: 138.71m
step 02426 (55.10%) | K: 3 | loss: 0.616010 | L1: 0.311075 | L2: 0.305025 | L3: 0.304845 | lrm: 0.90 | dt: 3454.44ms | tok/sec: 151,772 | mfu: 39.52 | epoch: 1 | total time: 138.77m
step 02427 (55.12%) | K: 3 | loss: 0.614525 | L1: 0.310312 | L2: 0.304305 | L3: 0.304122 | lrm: 0.90 | dt: 3449.81ms | tok/sec: 151,975 | mfu: 39.58 | epoch: 1 | total time: 138.82m
step 02428 (55.14%) | K: 3 | loss: 0.617988 | L1: 0.312043 | L2: 0.306033 | L3: 0.305857 | lrm: 0.90 | dt: 3448.14ms | tok/sec: 152,049 | mfu: 39.60 | epoch: 1 | total time: 138.88m
step 02429 (55.16%) | K: 3 | loss: 0.615299 | L1: 0.310742 | L2: 0.304649 | L3: 0.304464 | lrm: 0.90 | dt: 3445.15ms | tok/sec: 152,181 | mfu: 39.63 | epoch: 1 | total time: 138.94m
step 02430 (55.18%) | K: 3 | loss: 0.612314 | L1: 0.309229 | L2: 0.303184 | L3: 0.302986 | lrm: 0.90 | dt: 3448.87ms | tok/sec: 152,017 | mfu: 39.59 | epoch: 1 | total time: 139.00m
step 02431 (55.21%) | K: 3 | loss: 0.610315 | L1: 0.308263 | L2: 0.302154 | L3: 0.301949 | lrm: 0.90 | dt: 3442.36ms | tok/sec: 152,304 | mfu: 39.66 | epoch: 1 | total time: 139.05m
step 02432 (55.23%) | K: 3 | loss: 0.611385 | L1: 0.308831 | L2: 0.302666 | L3: 0.302441 | lrm: 0.90 | dt: 3447.73ms | tok/sec: 152,067 | mfu: 39.60 | epoch: 1 | total time: 139.11m
step 02433 (55.25%) | K: 3 | loss: 0.617538 | L1: 0.311912 | L2: 0.305735 | L3: 0.305517 | lrm: 0.90 | dt: 3446.93ms | tok/sec: 152,102 | mfu: 39.61 | epoch: 1 | total time: 139.17m
step 02434 (55.27%) | K: 3 | loss: 0.620825 | L1: 0.313591 | L2: 0.307337 | L3: 0.307132 | lrm: 0.89 | dt: 3443.43ms | tok/sec: 152,257 | mfu: 39.65 | epoch: 1 | total time: 139.23m
step 02435 (55.29%) | K: 3 | loss: 0.617512 | L1: 0.311934 | L2: 0.305686 | L3: 0.305471 | lrm: 0.89 | dt: 3443.45ms | tok/sec: 152,256 | mfu: 39.65 | epoch: 1 | total time: 139.28m
step 02436 (55.32%) | K: 3 | loss: 0.618876 | L1: 0.312585 | L2: 0.306397 | L3: 0.306185 | lrm: 0.89 | dt: 3445.17ms | tok/sec: 152,180 | mfu: 39.63 | epoch: 1 | total time: 139.34m
step 02437 (55.34%) | K: 3 | loss: 0.619443 | L1: 0.312895 | L2: 0.306654 | L3: 0.306442 | lrm: 0.89 | dt: 3441.40ms | tok/sec: 152,347 | mfu: 39.67 | epoch: 1 | total time: 139.40m
step 02438 (55.36%) | K: 3 | loss: 0.623031 | L1: 0.314674 | L2: 0.308462 | L3: 0.308252 | lrm: 0.89 | dt: 3445.26ms | tok/sec: 152,176 | mfu: 39.63 | epoch: 1 | total time: 139.45m
step 02439 (55.38%) | K: 3 | loss: 0.625004 | L1: 0.315704 | L2: 0.309400 | L3: 0.309198 | lrm: 0.89 | dt: 3449.59ms | tok/sec: 151,985 | mfu: 39.58 | epoch: 1 | total time: 139.51m
step 02440 (55.41%) | K: 3 | loss: 0.622979 | L1: 0.314688 | L2: 0.308391 | L3: 0.308190 | lrm: 0.89 | dt: 3453.26ms | tok/sec: 151,824 | mfu: 39.54 | epoch: 1 | total time: 139.57m
step 02441 (55.43%) | K: 3 | loss: 0.620964 | L1: 0.313708 | L2: 0.307359 | L3: 0.307152 | lrm: 0.89 | dt: 3454.15ms | tok/sec: 151,784 | mfu: 39.53 | epoch: 1 | total time: 139.63m
step 02442 (55.45%) | K: 3 | loss: 0.622298 | L1: 0.314373 | L2: 0.308025 | L3: 0.307825 | lrm: 0.89 | dt: 3455.73ms | tok/sec: 151,715 | mfu: 39.51 | epoch: 1 | total time: 139.69m
step 02443 (55.48%) | K: 3 | loss: 0.621884 | L1: 0.314164 | L2: 0.307819 | L3: 0.307621 | lrm: 0.89 | dt: 3453.84ms | tok/sec: 151,798 | mfu: 39.53 | epoch: 1 | total time: 139.74m
step 02444 (55.50%) | K: 3 | loss: 0.624090 | L1: 0.315215 | L2: 0.308972 | L3: 0.308777 | lrm: 0.89 | dt: 3453.62ms | tok/sec: 151,808 | mfu: 39.53 | epoch: 1 | total time: 139.80m
step 02445 (55.52%) | K: 3 | loss: 0.623430 | L1: 0.314880 | L2: 0.308652 | L3: 0.308449 | lrm: 0.89 | dt: 3453.86ms | tok/sec: 151,797 | mfu: 39.53 | epoch: 1 | total time: 139.86m
step 02446 (55.54%) | K: 3 | loss: 0.623854 | L1: 0.315075 | L2: 0.308884 | L3: 0.308674 | lrm: 0.89 | dt: 3453.63ms | tok/sec: 151,807 | mfu: 39.53 | epoch: 1 | total time: 139.92m
step 02447 (55.57%) | K: 3 | loss: 0.627308 | L1: 0.316822 | L2: 0.310603 | L3: 0.310368 | lrm: 0.89 | dt: 3446.97ms | tok/sec: 152,101 | mfu: 39.61 | epoch: 1 | total time: 139.97m
step 02448 (55.59%) | K: 3 | loss: 0.624287 | L1: 0.315291 | L2: 0.309112 | L3: 0.308880 | lrm: 0.89 | dt: 3447.20ms | tok/sec: 152,090 | mfu: 39.61 | epoch: 1 | total time: 140.03m
step 02449 (55.61%) | K: 3 | loss: 0.622421 | L1: 0.314351 | L2: 0.308176 | L3: 0.307964 | lrm: 0.89 | dt: 3444.24ms | tok/sec: 152,221 | mfu: 39.64 | epoch: 1 | total time: 140.09m
step 02450 (55.63%) | K: 3 | loss: 0.621385 | L1: 0.313801 | L2: 0.307693 | L3: 0.307476 | lrm: 0.89 | dt: 3443.40ms | tok/sec: 152,258 | mfu: 39.65 | epoch: 1 | total time: 140.14m
step 02451 (55.65%) | K: 3 | loss: 0.618025 | L1: 0.312148 | L2: 0.305990 | L3: 0.305764 | lrm: 0.89 | dt: 3443.82ms | tok/sec: 152,240 | mfu: 39.65 | epoch: 1 | total time: 140.20m
step 02452 (55.68%) | K: 3 | loss: 0.620130 | L1: 0.313195 | L2: 0.307052 | L3: 0.306820 | lrm: 0.89 | dt: 3442.73ms | tok/sec: 152,288 | mfu: 39.66 | epoch: 1 | total time: 140.26m
step 02453 (55.70%) | K: 3 | loss: 0.622490 | L1: 0.314378 | L2: 0.308226 | L3: 0.307998 | lrm: 0.89 | dt: 3446.99ms | tok/sec: 152,100 | mfu: 39.61 | epoch: 1 | total time: 140.32m
step 02454 (55.72%) | K: 3 | loss: 0.622940 | L1: 0.314640 | L2: 0.308417 | L3: 0.308184 | lrm: 0.89 | dt: 3449.96ms | tok/sec: 151,969 | mfu: 39.58 | epoch: 1 | total time: 140.37m
step 02455 (55.74%) | K: 3 | loss: 0.619375 | L1: 0.312859 | L2: 0.306627 | L3: 0.306405 | lrm: 0.89 | dt: 3448.94ms | tok/sec: 152,014 | mfu: 39.59 | epoch: 1 | total time: 140.43m
step 02456 (55.77%) | K: 3 | loss: 0.620331 | L1: 0.313300 | L2: 0.307130 | L3: 0.306930 | lrm: 0.88 | dt: 3449.21ms | tok/sec: 152,002 | mfu: 39.58 | epoch: 1 | total time: 140.49m
step 02457 (55.79%) | K: 3 | loss: 0.621491 | L1: 0.313871 | L2: 0.307725 | L3: 0.307517 | lrm: 0.88 | dt: 3453.53ms | tok/sec: 151,812 | mfu: 39.53 | epoch: 1 | total time: 140.55m
step 02458 (55.81%) | K: 3 | loss: 0.622548 | L1: 0.314422 | L2: 0.308233 | L3: 0.308019 | lrm: 0.88 | dt: 3457.03ms | tok/sec: 151,658 | mfu: 39.49 | epoch: 1 | total time: 140.60m
step 02459 (55.83%) | K: 3 | loss: 0.623000 | L1: 0.314681 | L2: 0.308425 | L3: 0.308214 | lrm: 0.88 | dt: 3458.08ms | tok/sec: 151,612 | mfu: 39.48 | epoch: 1 | total time: 140.66m
step 02460 (55.86%) | K: 3 | loss: 0.615352 | L1: 0.310827 | L2: 0.304630 | L3: 0.304421 | lrm: 0.88 | dt: 3458.22ms | tok/sec: 151,606 | mfu: 39.48 | epoch: 1 | total time: 140.72m
step 02461 (55.88%) | K: 3 | loss: 0.619519 | L1: 0.312915 | L2: 0.306708 | L3: 0.306500 | lrm: 0.88 | dt: 3455.03ms | tok/sec: 151,746 | mfu: 39.52 | epoch: 1 | total time: 140.78m
step 02462 (55.90%) | K: 3 | loss: 0.618434 | L1: 0.312390 | L2: 0.306152 | L3: 0.305936 | lrm: 0.88 | dt: 3446.74ms | tok/sec: 152,111 | mfu: 39.61 | epoch: 1 | total time: 140.84m
step 02463 (55.92%) | K: 3 | loss: 0.617011 | L1: 0.311656 | L2: 0.305470 | L3: 0.305241 | lrm: 0.88 | dt: 3452.90ms | tok/sec: 151,839 | mfu: 39.54 | epoch: 1 | total time: 140.89m
step 02464 (55.95%) | K: 3 | loss: 0.615829 | L1: 0.311113 | L2: 0.304840 | L3: 0.304592 | lrm: 0.88 | dt: 3451.71ms | tok/sec: 151,892 | mfu: 39.56 | epoch: 1 | total time: 140.95m
step 02465 (55.97%) | K: 3 | loss: 0.616785 | L1: 0.311604 | L2: 0.305312 | L3: 0.305049 | lrm: 0.88 | dt: 3452.63ms | tok/sec: 151,851 | mfu: 39.54 | epoch: 1 | total time: 141.01m
step 02466 (55.99%) | K: 3 | loss: 0.617569 | L1: 0.311994 | L2: 0.305711 | L3: 0.305438 | lrm: 0.88 | dt: 3447.17ms | tok/sec: 152,092 | mfu: 39.61 | epoch: 1 | total time: 141.07m
step 02467 (56.01%) | K: 3 | loss: 0.617896 | L1: 0.312203 | L2: 0.305821 | L3: 0.305564 | lrm: 0.88 | dt: 3445.34ms | tok/sec: 152,172 | mfu: 39.63 | epoch: 1 | total time: 141.12m
step 02468 (56.03%) | K: 3 | loss: 0.618056 | L1: 0.312270 | L2: 0.305902 | L3: 0.305670 | lrm: 0.88 | dt: 3446.77ms | tok/sec: 152,110 | mfu: 39.61 | epoch: 1 | total time: 141.18m
step 02469 (56.06%) | K: 3 | loss: 0.617422 | L1: 0.311948 | L2: 0.305584 | L3: 0.305364 | lrm: 0.88 | dt: 3436.60ms | tok/sec: 152,560 | mfu: 39.73 | epoch: 1 | total time: 141.24m
step 02470 (56.08%) | K: 3 | loss: 0.620925 | L1: 0.313676 | L2: 0.307359 | L3: 0.307139 | lrm: 0.88 | dt: 3434.47ms | tok/sec: 152,654 | mfu: 39.75 | epoch: 1 | total time: 141.29m
step 02471 (56.10%) | K: 3 | loss: 0.618039 | L1: 0.312228 | L2: 0.305917 | L3: 0.305706 | lrm: 0.88 | dt: 3432.63ms | tok/sec: 152,736 | mfu: 39.78 | epoch: 1 | total time: 141.35m
step 02472 (56.13%) | K: 3 | loss: 0.614824 | L1: 0.310599 | L2: 0.304327 | L3: 0.304123 | lrm: 0.88 | dt: 3434.55ms | tok/sec: 152,650 | mfu: 39.75 | epoch: 1 | total time: 141.41m
step 02473 (56.15%) | K: 3 | loss: 0.620415 | L1: 0.313433 | L2: 0.307078 | L3: 0.306885 | lrm: 0.88 | dt: 3435.10ms | tok/sec: 152,626 | mfu: 39.75 | epoch: 1 | total time: 141.47m
step 02474 (56.17%) | K: 3 | loss: 0.619166 | L1: 0.312799 | L2: 0.306463 | L3: 0.306271 | lrm: 0.88 | dt: 3436.19ms | tok/sec: 152,578 | mfu: 39.73 | epoch: 1 | total time: 141.52m
step 02475 (56.19%) | K: 3 | loss: 0.615679 | L1: 0.311077 | L2: 0.304696 | L3: 0.304508 | lrm: 0.88 | dt: 3440.80ms | tok/sec: 152,373 | mfu: 39.68 | epoch: 1 | total time: 141.58m
step 02476 (56.22%) | K: 3 | loss: 0.620010 | L1: 0.313232 | L2: 0.306872 | L3: 0.306684 | lrm: 0.88 | dt: 3445.14ms | tok/sec: 152,182 | mfu: 39.63 | epoch: 1 | total time: 141.64m
step 02477 (56.24%) | K: 3 | loss: 0.619381 | L1: 0.312873 | L2: 0.306599 | L3: 0.306416 | lrm: 0.88 | dt: 3446.68ms | tok/sec: 152,113 | mfu: 39.61 | epoch: 1 | total time: 141.70m
step 02478 (56.26%) | K: 3 | loss: 0.616503 | L1: 0.311429 | L2: 0.305178 | L3: 0.304971 | lrm: 0.87 | dt: 3455.83ms | tok/sec: 151,710 | mfu: 39.51 | epoch: 1 | total time: 141.75m
step 02479 (56.28%) | K: 3 | loss: 0.612900 | L1: 0.309585 | L2: 0.303418 | L3: 0.303214 | lrm: 0.87 | dt: 3453.95ms | tok/sec: 151,793 | mfu: 39.53 | epoch: 1 | total time: 141.81m
step 02480 (56.31%) | K: 3 | loss: 0.614159 | L1: 0.310210 | L2: 0.304043 | L3: 0.303856 | lrm: 0.87 | dt: 3450.67ms | tok/sec: 151,938 | mfu: 39.57 | epoch: 1 | total time: 141.87m
step 02481 (56.33%) | K: 3 | loss: 0.612972 | L1: 0.309619 | L2: 0.303436 | L3: 0.303270 | lrm: 0.87 | dt: 3451.70ms | tok/sec: 151,892 | mfu: 39.56 | epoch: 1 | total time: 141.93m
step 02482 (56.36%) | K: 3 | loss: 0.613881 | L1: 0.310067 | L2: 0.303893 | L3: 0.303735 | lrm: 0.87 | dt: 3452.65ms | tok/sec: 151,850 | mfu: 39.54 | epoch: 1 | total time: 141.98m
step 02483 (56.38%) | K: 3 | loss: 0.612653 | L1: 0.309456 | L2: 0.303280 | L3: 0.303113 | lrm: 0.87 | dt: 3454.92ms | tok/sec: 151,751 | mfu: 39.52 | epoch: 1 | total time: 142.04m
step 02484 (56.40%) | K: 3 | loss: 0.614101 | L1: 0.310166 | L2: 0.304017 | L3: 0.303854 | lrm: 0.87 | dt: 3451.32ms | tok/sec: 151,909 | mfu: 39.56 | epoch: 1 | total time: 142.10m
step 02485 (56.43%) | K: 3 | loss: 0.616392 | L1: 0.311310 | L2: 0.305167 | L3: 0.304996 | lrm: 0.87 | dt: 3455.02ms | tok/sec: 151,746 | mfu: 39.52 | epoch: 1 | total time: 142.16m
step 02486 (56.45%) | K: 3 | loss: 0.616986 | L1: 0.311608 | L2: 0.305464 | L3: 0.305291 | lrm: 0.87 | dt: 3450.78ms | tok/sec: 151,933 | mfu: 39.57 | epoch: 1 | total time: 142.21m
step 02487 (56.47%) | K: 3 | loss: 0.619396 | L1: 0.312865 | L2: 0.306615 | L3: 0.306448 | lrm: 0.87 | dt: 3453.06ms | tok/sec: 151,833 | mfu: 39.54 | epoch: 1 | total time: 142.27m
step 02488 (56.49%) | K: 3 | loss: 0.619978 | L1: 0.313116 | L2: 0.306944 | L3: 0.306781 | lrm: 0.87 | dt: 3450.46ms | tok/sec: 151,947 | mfu: 39.57 | epoch: 1 | total time: 142.33m
step 02489 (56.52%) | K: 3 | loss: 0.622584 | L1: 0.314464 | L2: 0.308206 | L3: 0.308034 | lrm: 0.87 | dt: 3447.66ms | tok/sec: 152,070 | mfu: 39.60 | epoch: 1 | total time: 142.39m
step 02490 (56.54%) | K: 3 | loss: 0.622686 | L1: 0.314531 | L2: 0.308249 | L3: 0.308062 | lrm: 0.87 | dt: 3448.80ms | tok/sec: 152,020 | mfu: 39.59 | epoch: 1 | total time: 142.44m
step 02491 (56.56%) | K: 3 | loss: 0.628401 | L1: 0.317395 | L2: 0.311098 | L3: 0.310914 | lrm: 0.87 | dt: 3444.32ms | tok/sec: 152,218 | mfu: 39.64 | epoch: 1 | total time: 142.50m
step 02492 (56.58%) | K: 3 | loss: 0.628694 | L1: 0.317517 | L2: 0.311262 | L3: 0.311093 | lrm: 0.87 | dt: 3442.73ms | tok/sec: 152,288 | mfu: 39.66 | epoch: 1 | total time: 142.56m
step 02493 (56.60%) | K: 3 | loss: 0.627752 | L1: 0.317043 | L2: 0.310792 | L3: 0.310627 | lrm: 0.87 | dt: 3441.48ms | tok/sec: 152,343 | mfu: 39.67 | epoch: 1 | total time: 142.62m
step 02494 (56.63%) | K: 3 | loss: 0.631412 | L1: 0.318900 | L2: 0.312599 | L3: 0.312426 | lrm: 0.87 | dt: 3438.91ms | tok/sec: 152,457 | mfu: 39.70 | epoch: 1 | total time: 142.67m
step 02495 (56.65%) | K: 3 | loss: 0.629482 | L1: 0.317952 | L2: 0.311609 | L3: 0.311451 | lrm: 0.87 | dt: 3437.62ms | tok/sec: 152,514 | mfu: 39.72 | epoch: 1 | total time: 142.73m
step 02496 (56.67%) | K: 3 | loss: 0.631596 | L1: 0.319043 | L2: 0.312634 | L3: 0.312472 | lrm: 0.87 | dt: 3439.60ms | tok/sec: 152,427 | mfu: 39.69 | epoch: 1 | total time: 142.79m
step 02497 (56.70%) | K: 3 | loss: 0.628465 | L1: 0.317512 | L2: 0.311033 | L3: 0.310874 | lrm: 0.87 | dt: 3442.50ms | tok/sec: 152,298 | mfu: 39.66 | epoch: 1 | total time: 142.85m
step 02498 (56.72%) | K: 3 | loss: 0.627176 | L1: 0.316868 | L2: 0.310380 | L3: 0.310237 | lrm: 0.87 | dt: 3446.47ms | tok/sec: 152,123 | mfu: 39.62 | epoch: 1 | total time: 142.90m
step 02499 (56.74%) | K: 3 | loss: 0.626193 | L1: 0.316373 | L2: 0.309896 | L3: 0.309745 | lrm: 0.87 | dt: 3444.99ms | tok/sec: 152,188 | mfu: 39.63 | epoch: 1 | total time: 142.96m
step 02500 (56.76%) | K: 3 | loss: 0.624574 | L1: 0.315548 | L2: 0.309106 | L3: 0.308946 | lrm: 0.86 | dt: 3453.37ms | tok/sec: 151,819 | mfu: 39.54 | epoch: 1 | total time: 143.02m
Step 02500 | Validation L1 bpb: 0.1686 | L2 bpb: 0.1651 | L3 bpb: 0.1650
2026-08-27 21:31:52,342 - nanochat.checkpoint_manager - [32m[1mINFO[0m - Saved optimizer state to: /home/jhu/xwang457/work/nanochat_cache/chatsft_checkpoints/d20-lf-k3-openmath-train5m/optim_002500_rank1.pt
2026-08-27 21:31:52,382 - nanochat.checkpoint_manager - [32m[1mINFO[0m - Saved optimizer state to: /home/jhu/xwang457/work/nanochat_cache/chatsft_checkpoints/d20-lf-k3-openmath-train5m/optim_002500_rank3.pt
2026-08-27 21:31:52,385 - nanochat.checkpoint_manager - [32m[1mINFO[0m - Saved optimizer state to: /home/jhu/xwang457/work/nanochat_cache/chatsft_checkpoints/d20-lf-k3-openmath-train5m/optim_002500_rank2.pt
2026-08-27 21:31:53,257 - nanochat.checkpoint_manager - [32m[1mINFO[0m - Saved model parameters to: /home/jhu/xwang457/work/nanochat_cache/chatsft_checkpoints/d20-lf-k3-openmath-train5m/model_002500.pt
2026-08-27 21:31:53,259 - nanochat.checkpoint_manager - [32m[1mINFO[0m - Saved metadata to: /home/jhu/xwang457/work/nanochat_cache/chatsft_checkpoints/d20-lf-k3-openmath-train5m/meta_002500.json
2026-08-27 21:31:53,760 - nanochat.checkpoint_manager - [32m[1mINFO[0m - Saved optimizer state to: /home/jhu/xwang457/work/nanochat_cache/chatsft_checkpoints/d20-lf-k3-openmath-train5m/optim_002500_rank0.pt
step 02501 (56.78%) | K: 3 | loss: 0.623068 | L1: 0.314762 | L2: 0.308383 | L3: 0.308229 | lrm: 0.86 | dt: 3412.22ms | tok/sec: 153,650 | mfu: 40.01 | epoch: 1 | total time: 143.07m
step 02502 (56.81%) | K: 3 | loss: 0.629678 | L1: 0.318057 | L2: 0.311705 | L3: 0.311538 | lrm: 0.86 | dt: 3447.69ms | tok/sec: 152,069 | mfu: 39.60 | epoch: 1 | total time: 143.13m
step 02503 (56.83%) | K: 3 | loss: 0.628223 | L1: 0.317282 | L2: 0.311022 | L3: 0.310861 | lrm: 0.86 | dt: 3440.03ms | tok/sec: 152,408 | mfu: 39.69 | epoch: 1 | total time: 143.19m
step 02504 (56.85%) | K: 3 | loss: 0.633445 | L1: 0.319902 | L2: 0.313622 | L3: 0.313462 | lrm: 0.86 | dt: 3441.32ms | tok/sec: 152,351 | mfu: 39.67 | epoch: 1 | total time: 143.25m
step 02505 (56.88%) | K: 3 | loss: 0.628417 | L1: 0.317373 | L2: 0.311115 | L3: 0.310973 | lrm: 0.86 | dt: 3439.23ms | tok/sec: 152,443 | mfu: 39.70 | epoch: 1 | total time: 143.30m
step 02506 (56.90%) | K: 3 | loss: 0.630682 | L1: 0.318509 | L2: 0.312251 | L3: 0.312094 | lrm: 0.86 | dt: 3436.89ms | tok/sec: 152,547 | mfu: 39.73 | epoch: 1 | total time: 143.36m
step 02507 (56.92%) | K: 3 | loss: 0.632804 | L1: 0.319565 | L2: 0.313327 | L3: 0.313152 | lrm: 0.86 | dt: 3435.86ms | tok/sec: 152,592 | mfu: 39.74 | epoch: 1 | total time: 143.42m
step 02508 (56.94%) | K: 3 | loss: 0.633916 | L1: 0.320169 | L2: 0.313827 | L3: 0.313669 | lrm: 0.86 | dt: 3431.33ms | tok/sec: 152,794 | mfu: 39.79 | epoch: 1 | total time: 143.48m
step 02509 (56.97%) | K: 3 | loss: 0.630473 | L1: 0.318445 | L2: 0.312101 | L3: 0.311954 | lrm: 0.86 | dt: 3434.01ms | tok/sec: 152,675 | mfu: 39.76 | epoch: 1 | total time: 143.53m
step 02510 (56.99%) | K: 3 | loss: 0.628191 | L1: 0.317275 | L2: 0.310990 | L3: 0.310841 | lrm: 0.86 | dt: 3434.89ms | tok/sec: 152,636 | mfu: 39.75 | epoch: 1 | total time: 143.59m
step 02511 (57.01%) | K: 3 | loss: 0.626856 | L1: 0.316638 | L2: 0.310302 | L3: 0.310134 | lrm: 0.86 | dt: 3440.99ms | tok/sec: 152,365 | mfu: 39.68 | epoch: 1 | total time: 143.65m
step 02512 (57.03%) | K: 3 | loss: 0.624938 | L1: 0.315671 | L2: 0.309346 | L3: 0.309188 | lrm: 0.86 | dt: 3445.15ms | tok/sec: 152,181 | mfu: 39.63 | epoch: 1 | total time: 143.70m
step 02513 (57.06%) | K: 3 | loss: 0.620262 | L1: 0.313288 | L2: 0.307049 | L3: 0.306899 | lrm: 0.86 | dt: 3446.52ms | tok/sec: 152,121 | mfu: 39.62 | epoch: 1 | total time: 143.76m
step 02514 (57.08%) | K: 3 | loss: 0.618005 | L1: 0.312154 | L2: 0.305928 | L3: 0.305775 | lrm: 0.86 | dt: 3450.76ms | tok/sec: 151,934 | mfu: 39.57 | epoch: 1 | total time: 143.82m
step 02515 (57.10%) | K: 3 | loss: 0.620957 | L1: 0.313668 | L2: 0.307363 | L3: 0.307214 | lrm: 0.86 | dt: 3451.18ms | tok/sec: 151,915 | mfu: 39.56 | epoch: 1 | total time: 143.88m
step 02516 (57.13%) | K: 3 | loss: 0.615136 | L1: 0.310728 | L2: 0.304479 | L3: 0.304336 | lrm: 0.86 | dt: 3455.60ms | tok/sec: 151,721 | mfu: 39.51 | epoch: 1 | total time: 143.93m
step 02517 (57.15%) | K: 3 | loss: 0.617048 | L1: 0.311707 | L2: 0.305418 | L3: 0.305264 | lrm: 0.86 | dt: 3453.90ms | tok/sec: 151,795 | mfu: 39.53 | epoch: 1 | total time: 143.99m
step 02518 (57.17%) | K: 3 | loss: 0.616639 | L1: 0.311492 | L2: 0.305229 | L3: 0.305065 | lrm: 0.86 | dt: 3452.88ms | tok/sec: 151,840 | mfu: 39.54 | epoch: 1 | total time: 144.05m
step 02519 (57.19%) | K: 3 | loss: 0.615857 | L1: 0.311127 | L2: 0.304816 | L3: 0.304643 | lrm: 0.86 | dt: 3449.20ms | tok/sec: 152,002 | mfu: 39.58 | epoch: 1 | total time: 144.11m
step 02520 (57.22%) | K: 3 | loss: 0.615921 | L1: 0.311161 | L2: 0.304852 | L3: 0.304668 | lrm: 0.86 | dt: 3449.25ms | tok/sec: 152,000 | mfu: 39.58 | epoch: 1 | total time: 144.17m
step 02521 (57.24%) | K: 3 | loss: 0.616602 | L1: 0.311540 | L2: 0.305151 | L3: 0.304972 | lrm: 0.86 | dt: 3447.33ms | tok/sec: 152,085 | mfu: 39.61 | epoch: 1 | total time: 144.22m
step 02522 (57.26%) | K: 3 | loss: 0.622133 | L1: 0.314328 | L2: 0.307900 | L3: 0.307710 | lrm: 0.85 | dt: 3447.60ms | tok/sec: 152,073 | mfu: 39.60 | epoch: 1 | total time: 144.28m
step 02523 (57.28%) | K: 3 | loss: 0.624354 | L1: 0.315436 | L2: 0.309010 | L3: 0.308825 | lrm: 0.85 | dt: 3445.76ms | tok/sec: 152,154 | mfu: 39.62 | epoch: 1 | total time: 144.34m
step 02524 (57.31%) | K: 3 | loss: 0.626746 | L1: 0.316639 | L2: 0.310200 | L3: 0.310015 | lrm: 0.85 | dt: 3443.70ms | tok/sec: 152,245 | mfu: 39.65 | epoch: 1 | total time: 144.39m
step 02525 (57.33%) | K: 3 | loss: 0.626211 | L1: 0.316329 | L2: 0.309964 | L3: 0.309800 | lrm: 0.85 | dt: 3446.33ms | tok/sec: 152,129 | mfu: 39.62 | epoch: 1 | total time: 144.45m
step 02526 (57.35%) | K: 3 | loss: 0.627668 | L1: 0.317042 | L2: 0.310709 | L3: 0.310542 | lrm: 0.85 | dt: 3445.59ms | tok/sec: 152,161 | mfu: 39.63 | epoch: 1 | total time: 144.51m
step 02527 (57.38%) | K: 3 | loss: 0.630407 | L1: 0.318390 | L2: 0.312115 | L3: 0.311920 | lrm: 0.85 | dt: 3445.24ms | tok/sec: 152,177 | mfu: 39.63 | epoch: 1 | total time: 144.57m
step 02528 (57.40%) | K: 3 | loss: 0.629277 | L1: 0.317773 | L2: 0.311594 | L3: 0.311415 | lrm: 0.85 | dt: 3445.55ms | tok/sec: 152,164 | mfu: 39.63 | epoch: 1 | total time: 144.62m
step 02529 (57.42%) | K: 3 | loss: 0.627863 | L1: 0.317078 | L2: 0.310874 | L3: 0.310696 | lrm: 0.85 | dt: 3446.71ms | tok/sec: 152,112 | mfu: 39.61 | epoch: 1 | total time: 144.68m
step 02530 (57.45%) | K: 3 | loss: 0.625656 | L1: 0.316006 | L2: 0.309744 | L3: 0.309556 | lrm: 0.85 | dt: 3447.56ms | tok/sec: 152,075 | mfu: 39.60 | epoch: 1 | total time: 144.74m
step 02531 (57.47%) | K: 3 | loss: 0.628894 | L1: 0.317650 | L2: 0.311342 | L3: 0.311146 | lrm: 0.85 | dt: 3449.41ms | tok/sec: 151,993 | mfu: 39.58 | epoch: 1 | total time: 144.80m
step 02532 (57.49%) | K: 3 | loss: 0.633889 | L1: 0.320143 | L2: 0.313836 | L3: 0.313656 | lrm: 0.85 | dt: 3449.83ms | tok/sec: 151,975 | mfu: 39.58 | epoch: 1 | total time: 144.85m
step 02533 (57.51%) | K: 3 | loss: 0.630200 | L1: 0.318300 | L2: 0.311985 | L3: 0.311814 | lrm: 0.85 | dt: 3447.14ms | tok/sec: 152,093 | mfu: 39.61 | epoch: 1 | total time: 144.91m
step 02534 (57.54%) | K: 3 | loss: 0.627636 | L1: 0.317002 | L2: 0.310728 | L3: 0.310541 | lrm: 0.85 | dt: 3450.19ms | tok/sec: 151,959 | mfu: 39.57 | epoch: 1 | total time: 144.97m
step 02535 (57.56%) | K: 3 | loss: 0.623098 | L1: 0.314678 | L2: 0.308514 | L3: 0.308326 | lrm: 0.85 | dt: 3451.47ms | tok/sec: 151,902 | mfu: 39.56 | epoch: 1 | total time: 145.03m
step 02536 (57.58%) | K: 3 | loss: 0.619644 | L1: 0.312966 | L2: 0.306784 | L3: 0.306574 | lrm: 0.85 | dt: 3449.96ms | tok/sec: 151,969 | mfu: 39.58 | epoch: 1 | total time: 145.08m
step 02537 (57.60%) | K: 3 | loss: 0.619249 | L1: 0.312861 | L2: 0.306504 | L3: 0.306273 | lrm: 0.85 | dt: 3450.18ms | tok/sec: 151,959 | mfu: 39.57 | epoch: 1 | total time: 145.14m
step 02538 (57.63%) | K: 3 | loss: 0.620716 | L1: 0.313581 | L2: 0.307243 | L3: 0.307027 | lrm: 0.85 | dt: 3451.14ms | tok/sec: 151,917 | mfu: 39.56 | epoch: 1 | total time: 145.20m
step 02539 (57.65%) | K: 3 | loss: 0.618723 | L1: 0.312534 | L2: 0.306298 | L3: 0.306080 | lrm: 0.85 | dt: 3443.59ms | tok/sec: 152,250 | mfu: 39.65 | epoch: 1 | total time: 145.26m
step 02540 (57.67%) | K: 3 | loss: 0.621905 | L1: 0.314138 | L2: 0.307872 | L3: 0.307661 | lrm: 0.85 | dt: 3442.76ms | tok/sec: 152,286 | mfu: 39.66 | epoch: 1 | total time: 145.31m
step 02541 (57.69%) | K: 3 | loss: 0.621331 | L1: 0.313828 | L2: 0.307606 | L3: 0.307400 | lrm: 0.85 | dt: 3447.06ms | tok/sec: 152,097 | mfu: 39.61 | epoch: 1 | total time: 145.37m
step 02542 (57.72%) | K: 3 | loss: 0.617928 | L1: 0.312095 | L2: 0.305935 | L3: 0.305731 | lrm: 0.85 | dt: 3443.74ms | tok/sec: 152,243 | mfu: 39.65 | epoch: 1 | total time: 145.43m
step 02543 (57.74%) | K: 3 | loss: 0.618507 | L1: 0.312392 | L2: 0.306208 | L3: 0.306022 | lrm: 0.85 | dt: 3440.99ms | tok/sec: 152,365 | mfu: 39.68 | epoch: 1 | total time: 145.49m
step 02544 (57.76%) | K: 3 | loss: 0.618901 | L1: 0.312577 | L2: 0.306425 | L3: 0.306224 | lrm: 0.84 | dt: 3442.40ms | tok/sec: 152,303 | mfu: 39.66 | epoch: 1 | total time: 145.54m
step 02545 (57.78%) | K: 3 | loss: 0.620122 | L1: 0.313205 | L2: 0.307020 | L3: 0.306815 | lrm: 0.84 | dt: 3448.38ms | tok/sec: 152,038 | mfu: 39.59 | epoch: 1 | total time: 145.60m
step 02546 (57.81%) | K: 3 | loss: 0.620276 | L1: 0.313326 | L2: 0.307045 | L3: 0.306856 | lrm: 0.84 | dt: 3447.53ms | tok/sec: 152,076 | mfu: 39.60 | epoch: 1 | total time: 145.66m
step 02547 (57.83%) | K: 3 | loss: 0.617165 | L1: 0.311798 | L2: 0.305457 | L3: 0.305278 | lrm: 0.84 | dt: 3450.33ms | tok/sec: 151,953 | mfu: 39.57 | epoch: 1 | total time: 145.72m
step 02548 (57.85%) | K: 3 | loss: 0.614046 | L1: 0.310244 | L2: 0.303899 | L3: 0.303704 | lrm: 0.84 | dt: 3449.97ms | tok/sec: 151,969 | mfu: 39.58 | epoch: 1 | total time: 145.77m
step 02549 (57.87%) | K: 3 | loss: 0.612506 | L1: 0.309461 | L2: 0.303145 | L3: 0.302947 | lrm: 0.84 | dt: 3454.29ms | tok/sec: 151,778 | mfu: 39.53 | epoch: 1 | total time: 145.83m
step 02550 (57.90%) | K: 3 | loss: 0.611326 | L1: 0.308875 | L2: 0.302545 | L3: 0.302356 | lrm: 0.84 | dt: 3453.21ms | tok/sec: 151,826 | mfu: 39.54 | epoch: 1 | total time: 145.89m
step 02551 (57.92%) | K: 3 | loss: 0.607514 | L1: 0.306959 | L2: 0.300658 | L3: 0.300451 | lrm: 0.84 | dt: 3454.45ms | tok/sec: 151,771 | mfu: 39.52 | epoch: 1 | total time: 145.95m
step 02552 (57.94%) | K: 3 | loss: 0.606149 | L1: 0.306245 | L2: 0.300019 | L3: 0.299789 | lrm: 0.84 | dt: 3450.74ms | tok/sec: 151,935 | mfu: 39.57 | epoch: 1 | total time: 146.00m
step 02553 (57.96%) | K: 3 | loss: 0.604531 | L1: 0.305443 | L2: 0.299205 | L3: 0.298970 | lrm: 0.84 | dt: 3454.95ms | tok/sec: 151,749 | mfu: 39.52 | epoch: 1 | total time: 146.06m
step 02554 (57.99%) | K: 3 | loss: 0.609698 | L1: 0.308033 | L2: 0.301782 | L3: 0.301549 | lrm: 0.84 | dt: 3451.80ms | tok/sec: 151,888 | mfu: 39.55 | epoch: 1 | total time: 146.12m
step 02555 (58.01%) | K: 3 | loss: 0.611236 | L1: 0.308801 | L2: 0.302553 | L3: 0.302317 | lrm: 0.84 | dt: 3451.58ms | tok/sec: 151,898 | mfu: 39.56 | epoch: 1 | total time: 146.18m
step 02556 (58.03%) | K: 3 | loss: 0.612249 | L1: 0.309302 | L2: 0.303070 | L3: 0.302825 | lrm: 0.84 | dt: 3449.57ms | tok/sec: 151,986 | mfu: 39.58 | epoch: 1 | total time: 146.23m
step 02557 (58.05%) | K: 3 | loss: 0.611863 | L1: 0.309112 | L2: 0.302874 | L3: 0.302628 | lrm: 0.84 | dt: 3443.56ms | tok/sec: 152,251 | mfu: 39.65 | epoch: 1 | total time: 146.29m
step 02558 (58.08%) | K: 3 | loss: 0.609154 | L1: 0.307718 | L2: 0.301546 | L3: 0.301326 | lrm: 0.84 | dt: 3444.56ms | tok/sec: 152,207 | mfu: 39.64 | epoch: 1 | total time: 146.35m
step 02559 (58.10%) | K: 3 | loss: 0.608302 | L1: 0.307329 | L2: 0.301085 | L3: 0.300861 | lrm: 0.84 | dt: 3439.77ms | tok/sec: 152,419 | mfu: 39.69 | epoch: 1 | total time: 146.41m
step 02560 (58.12%) | K: 3 | loss: 0.611473 | L1: 0.308926 | L2: 0.302656 | L3: 0.302437 | lrm: 0.84 | dt: 3441.87ms | tok/sec: 152,326 | mfu: 39.67 | epoch: 1 | total time: 146.46m
step 02561 (58.14%) | K: 3 | loss: 0.608740 | L1: 0.307527 | L2: 0.301332 | L3: 0.301093 | lrm: 0.84 | dt: 3442.24ms | tok/sec: 152,310 | mfu: 39.66 | epoch: 1 | total time: 146.52m
step 02562 (58.16%) | K: 3 | loss: 0.611326 | L1: 0.308859 | L2: 0.302589 | L3: 0.302346 | lrm: 0.84 | dt: 3445.74ms | tok/sec: 152,155 | mfu: 39.62 | epoch: 1 | total time: 146.58m
step 02563 (58.19%) | K: 3 | loss: 0.614848 | L1: 0.310649 | L2: 0.304315 | L3: 0.304083 | lrm: 0.84 | dt: 3442.63ms | tok/sec: 152,293 | mfu: 39.66 | epoch: 1 | total time: 146.64m
step 02564 (58.21%) | K: 3 | loss: 0.619142 | L1: 0.312815 | L2: 0.306436 | L3: 0.306218 | lrm: 0.84 | dt: 3446.66ms | tok/sec: 152,114 | mfu: 39.61 | epoch: 1 | total time: 146.69m
step 02565 (58.23%) | K: 3 | loss: 0.622395 | L1: 0.314464 | L2: 0.308046 | L3: 0.307816 | lrm: 0.84 | dt: 3450.33ms | tok/sec: 151,953 | mfu: 39.57 | epoch: 1 | total time: 146.75m
step 02566 (58.25%) | K: 3 | loss: 0.619421 | L1: 0.312988 | L2: 0.306547 | L3: 0.306318 | lrm: 0.83 | dt: 3451.83ms | tok/sec: 151,886 | mfu: 39.55 | epoch: 1 | total time: 146.81m
step 02567 (58.27%) | K: 3 | loss: 0.622855 | L1: 0.314737 | L2: 0.308230 | L3: 0.308005 | lrm: 0.83 | dt: 3456.67ms | tok/sec: 151,674 | mfu: 39.50 | epoch: 1 | total time: 146.87m
step 02568 (58.30%) | K: 3 | loss: 0.627703 | L1: 0.317216 | L2: 0.310605 | L3: 0.310370 | lrm: 0.83 | dt: 3454.81ms | tok/sec: 151,756 | mfu: 39.52 | epoch: 1 | total time: 146.92m
step 02569 (58.32%) | K: 3 | loss: 0.628080 | L1: 0.317411 | L2: 0.310784 | L3: 0.310554 | lrm: 0.83 | dt: 3459.52ms | tok/sec: 151,549 | mfu: 39.47 | epoch: 1 | total time: 146.98m
step 02570 (58.34%) | K: 3 | loss: 0.632055 | L1: 0.319357 | L2: 0.312808 | L3: 0.312588 | lrm: 0.83 | dt: 3458.37ms | tok/sec: 151,599 | mfu: 39.48 | epoch: 1 | total time: 147.04m
step 02571 (58.37%) | K: 3 | loss: 0.630657 | L1: 0.318641 | L2: 0.312121 | L3: 0.311910 | lrm: 0.83 | dt: 3461.17ms | tok/sec: 151,477 | mfu: 39.45 | epoch: 1 | total time: 147.10m
step 02572 (58.39%) | K: 3 | loss: 0.628998 | L1: 0.317798 | L2: 0.311310 | L3: 0.311090 | lrm: 0.83 | dt: 3458.20ms | tok/sec: 151,607 | mfu: 39.48 | epoch: 1 | total time: 147.15m
step 02573 (58.41%) | K: 3 | loss: 0.626465 | L1: 0.316534 | L2: 0.310040 | L3: 0.309822 | lrm: 0.83 | dt: 3458.01ms | tok/sec: 151,615 | mfu: 39.48 | epoch: 1 | total time: 147.21m
step 02574 (58.44%) | K: 3 | loss: 0.623059 | L1: 0.314779 | L2: 0.308386 | L3: 0.308174 | lrm: 0.83 | dt: 3453.29ms | tok/sec: 151,822 | mfu: 39.54 | epoch: 1 | total time: 147.27m
step 02575 (58.46%) | K: 3 | loss: 0.621506 | L1: 0.313979 | L2: 0.307626 | L3: 0.307428 | lrm: 0.83 | dt: 3447.71ms | tok/sec: 152,068 | mfu: 39.60 | epoch: 1 | total time: 147.33m
step 02576 (58.48%) | K: 3 | loss: 0.626517 | L1: 0.316487 | L2: 0.310119 | L3: 0.309941 | lrm: 0.83 | dt: 3445.90ms | tok/sec: 152,148 | mfu: 39.62 | epoch: 1 | total time: 147.38m
step 02577 (58.51%) | K: 3 | loss: 0.626153 | L1: 0.316272 | L2: 0.309962 | L3: 0.309801 | lrm: 0.83 | dt: 3444.65ms | tok/sec: 152,203 | mfu: 39.64 | epoch: 1 | total time: 147.44m
step 02578 (58.53%) | K: 3 | loss: 0.630023 | L1: 0.318215 | L2: 0.311886 | L3: 0.311730 | lrm: 0.83 | dt: 3435.51ms | tok/sec: 152,608 | mfu: 39.74 | epoch: 1 | total time: 147.50m
step 02579 (58.55%) | K: 3 | loss: 0.633820 | L1: 0.320099 | L2: 0.313797 | L3: 0.313645 | lrm: 0.83 | dt: 3440.00ms | tok/sec: 152,409 | mfu: 39.69 | epoch: 1 | total time: 147.56m
step 02580 (58.57%) | K: 3 | loss: 0.634926 | L1: 0.320657 | L2: 0.314346 | L3: 0.314193 | lrm: 0.83 | dt: 3433.66ms | tok/sec: 152,690 | mfu: 39.76 | epoch: 1 | total time: 147.61m
step 02581 (58.60%) | K: 3 | loss: 0.632785 | L1: 0.319571 | L2: 0.313287 | L3: 0.313141 | lrm: 0.83 | dt: 3442.78ms | tok/sec: 152,286 | mfu: 39.66 | epoch: 1 | total time: 147.67m
step 02582 (58.62%) | K: 3 | loss: 0.630071 | L1: 0.318171 | L2: 0.311978 | L3: 0.311822 | lrm: 0.83 | dt: 3447.57ms | tok/sec: 152,074 | mfu: 39.60 | epoch: 1 | total time: 147.73m
step 02583 (58.64%) | K: 3 | loss: 0.625556 | L1: 0.315931 | L2: 0.309696 | L3: 0.309554 | lrm: 0.83 | dt: 3450.94ms | tok/sec: 151,926 | mfu: 39.56 | epoch: 1 | total time: 147.79m
step 02584 (58.66%) | K: 3 | loss: 0.621520 | L1: 0.313909 | L2: 0.307691 | L3: 0.307531 | lrm: 0.83 | dt: 3453.55ms | tok/sec: 151,811 | mfu: 39.53 | epoch: 1 | total time: 147.84m
step 02585 (58.68%) | K: 3 | loss: 0.625447 | L1: 0.315933 | L2: 0.309590 | L3: 0.309438 | lrm: 0.83 | dt: 3457.46ms | tok/sec: 151,639 | mfu: 39.49 | epoch: 1 | total time: 147.90m
step 02586 (58.71%) | K: 3 | loss: 0.623820 | L1: 0.315130 | L2: 0.308775 | L3: 0.308605 | lrm: 0.83 | dt: 3459.46ms | tok/sec: 151,551 | mfu: 39.47 | epoch: 1 | total time: 147.96m
step 02587 (58.73%) | K: 3 | loss: 0.622257 | L1: 0.314290 | L2: 0.308052 | L3: 0.307881 | lrm: 0.83 | dt: 3459.43ms | tok/sec: 151,553 | mfu: 39.47 | epoch: 1 | total time: 148.02m
step 02588 (58.75%) | K: 3 | loss: 0.618423 | L1: 0.312377 | L2: 0.306131 | L3: 0.305960 | lrm: 0.82 | dt: 3462.05ms | tok/sec: 151,438 | mfu: 39.44 | epoch: 1 | total time: 148.07m
step 02589 (58.78%) | K: 3 | loss: 0.618737 | L1: 0.312513 | L2: 0.306309 | L3: 0.306138 | lrm: 0.82 | dt: 3460.05ms | tok/sec: 151,526 | mfu: 39.46 | epoch: 1 | total time: 148.13m
step 02590 (58.80%) | K: 3 | loss: 0.620585 | L1: 0.313469 | L2: 0.307200 | L3: 0.307032 | lrm: 0.82 | dt: 3462.12ms | tok/sec: 151,435 | mfu: 39.44 | epoch: 1 | total time: 148.19m
step 02591 (58.82%) | K: 3 | loss: 0.618591 | L1: 0.312464 | L2: 0.306225 | L3: 0.306028 | lrm: 0.82 | dt: 3456.60ms | tok/sec: 151,677 | mfu: 39.50 | epoch: 1 | total time: 148.25m
step 02592 (58.84%) | K: 3 | loss: 0.616096 | L1: 0.311205 | L2: 0.304985 | L3: 0.304798 | lrm: 0.82 | dt: 3455.07ms | tok/sec: 151,744 | mfu: 39.52 | epoch: 1 | total time: 148.30m
step 02593 (58.86%) | K: 3 | loss: 0.618988 | L1: 0.312631 | L2: 0.306444 | L3: 0.306271 | lrm: 0.82 | dt: 3452.42ms | tok/sec: 151,861 | mfu: 39.55 | epoch: 1 | total time: 148.36m
step 02594 (58.89%) | K: 3 | loss: 0.620347 | L1: 0.313343 | L2: 0.307086 | L3: 0.306923 | lrm: 0.82 | dt: 3449.02ms | tok/sec: 152,010 | mfu: 39.59 | epoch: 1 | total time: 148.42m
step 02595 (58.91%) | K: 3 | loss: 0.621174 | L1: 0.313768 | L2: 0.307493 | L3: 0.307319 | lrm: 0.82 | dt: 3444.54ms | tok/sec: 152,208 | mfu: 39.64 | epoch: 1 | total time: 148.48m
step 02596 (58.93%) | K: 3 | loss: 0.624419 | L1: 0.315385 | L2: 0.309118 | L3: 0.308950 | lrm: 0.82 | dt: 3441.74ms | tok/sec: 152,332 | mfu: 39.67 | epoch: 1 | total time: 148.53m
step 02597 (58.95%) | K: 3 | loss: 0.625613 | L1: 0.316041 | L2: 0.309659 | L3: 0.309486 | lrm: 0.82 | dt: 3439.71ms | tok/sec: 152,422 | mfu: 39.69 | epoch: 1 | total time: 148.59m
step 02598 (58.98%) | K: 3 | loss: 0.624403 | L1: 0.315446 | L2: 0.309048 | L3: 0.308867 | lrm: 0.82 | dt: 3436.98ms | tok/sec: 152,543 | mfu: 39.72 | epoch: 1 | total time: 148.65m
step 02599 (59.00%) | K: 3 | loss: 0.620496 | L1: 0.313473 | L2: 0.307116 | L3: 0.306930 | lrm: 0.82 | dt: 3432.56ms | tok/sec: 152,739 | mfu: 39.78 | epoch: 1 | total time: 148.71m
step 02600 (59.02%) | K: 3 | loss: 0.622340 | L1: 0.314395 | L2: 0.308043 | L3: 0.307848 | lrm: 0.82 | dt: 3436.32ms | tok/sec: 152,572 | mfu: 39.73 | epoch: 1 | total time: 148.76m
step 02601 (59.04%) | K: 3 | loss: 0.619746 | L1: 0.313074 | L2: 0.306766 | L3: 0.306578 | lrm: 0.82 | dt: 3438.47ms | tok/sec: 152,476 | mfu: 39.71 | epoch: 1 | total time: 148.82m
step 02602 (59.07%) | K: 3 | loss: 0.618873 | L1: 0.312604 | L2: 0.306366 | L3: 0.306171 | lrm: 0.82 | dt: 3437.94ms | tok/sec: 152,500 | mfu: 39.71 | epoch: 1 | total time: 148.88m
step 02603 (59.09%) | K: 3 | loss: 0.613747 | L1: 0.310048 | L2: 0.303796 | L3: 0.303602 | lrm: 0.82 | dt: 3444.23ms | tok/sec: 152,222 | mfu: 39.64 | epoch: 1 | total time: 148.94m
step 02604 (59.11%) | K: 3 | loss: 0.615037 | L1: 0.310681 | L2: 0.304456 | L3: 0.304258 | lrm: 0.82 | dt: 3443.14ms | tok/sec: 152,270 | mfu: 39.65 | epoch: 1 | total time: 148.99m
step 02605 (59.13%) | K: 3 | loss: 0.611066 | L1: 0.308686 | L2: 0.302478 | L3: 0.302281 | lrm: 0.82 | dt: 3448.47ms | tok/sec: 152,034 | mfu: 39.59 | epoch: 1 | total time: 149.05m
step 02606 (59.16%) | K: 3 | loss: 0.604512 | L1: 0.305399 | L2: 0.299207 | L3: 0.299017 | lrm: 0.82 | dt: 3448.45ms | tok/sec: 152,035 | mfu: 39.59 | epoch: 1 | total time: 149.11m
step 02607 (59.18%) | K: 3 | loss: 0.605626 | L1: 0.305968 | L2: 0.299754 | L3: 0.299561 | lrm: 0.82 | dt: 3449.98ms | tok/sec: 151,968 | mfu: 39.58 | epoch: 1 | total time: 149.17m
step 02608 (59.20%) | K: 3 | loss: 0.607420 | L1: 0.306871 | L2: 0.300646 | L3: 0.300451 | lrm: 0.82 | dt: 3450.01ms | tok/sec: 151,967 | mfu: 39.58 | epoch: 1 | total time: 149.22m
step 02609 (59.23%) | K: 3 | loss: 0.606650 | L1: 0.306497 | L2: 0.300260 | L3: 0.300046 | lrm: 0.82 | dt: 3452.86ms | tok/sec: 151,841 | mfu: 39.54 | epoch: 1 | total time: 149.28m
step 02610 (59.25%) | K: 3 | loss: 0.604365 | L1: 0.305318 | L2: 0.299167 | L3: 0.298927 | lrm: 0.82 | dt: 3455.89ms | tok/sec: 151,708 | mfu: 39.51 | epoch: 1 | total time: 149.34m
step 02611 (59.27%) | K: 3 | loss: 0.605213 | L1: 0.305717 | L2: 0.299611 | L3: 0.299380 | lrm: 0.81 | dt: 3457.27ms | tok/sec: 151,648 | mfu: 39.49 | epoch: 1 | total time: 149.40m
step 02612 (59.29%) | K: 3 | loss: 0.608398 | L1: 0.307333 | L2: 0.301189 | L3: 0.300941 | lrm: 0.81 | dt: 3452.11ms | tok/sec: 151,874 | mfu: 39.55 | epoch: 1 | total time: 149.45m
step 02613 (59.32%) | K: 3 | loss: 0.607083 | L1: 0.306675 | L2: 0.300529 | L3: 0.300286 | lrm: 0.81 | dt: 3452.62ms | tok/sec: 151,852 | mfu: 39.55 | epoch: 1 | total time: 149.51m
step 02614 (59.34%) | K: 3 | loss: 0.601792 | L1: 0.304027 | L2: 0.297885 | L3: 0.297646 | lrm: 0.81 | dt: 3452.00ms | tok/sec: 151,879 | mfu: 39.55 | epoch: 1 | total time: 149.57m
step 02615 (59.36%) | K: 3 | loss: 0.602439 | L1: 0.304362 | L2: 0.298181 | L3: 0.297973 | lrm: 0.81 | dt: 3450.61ms | tok/sec: 151,940 | mfu: 39.57 | epoch: 1 | total time: 149.63m
step 02616 (59.38%) | K: 3 | loss: 0.603414 | L1: 0.304856 | L2: 0.298668 | L3: 0.298448 | lrm: 0.81 | dt: 3451.52ms | tok/sec: 151,900 | mfu: 39.56 | epoch: 1 | total time: 149.68m
step 02617 (59.41%) | K: 3 | loss: 0.603989 | L1: 0.305139 | L2: 0.298959 | L3: 0.298741 | lrm: 0.81 | dt: 3448.20ms | tok/sec: 152,046 | mfu: 39.60 | epoch: 1 | total time: 149.74m
step 02618 (59.43%) | K: 3 | loss: 0.603641 | L1: 0.304971 | L2: 0.298786 | L3: 0.298555 | lrm: 0.81 | dt: 3449.93ms | tok/sec: 151,970 | mfu: 39.58 | epoch: 1 | total time: 149.80m
step 02619 (59.45%) | K: 3 | loss: 0.603114 | L1: 0.304689 | L2: 0.298536 | L3: 0.298313 | lrm: 0.81 | dt: 3448.55ms | tok/sec: 152,031 | mfu: 39.59 | epoch: 1 | total time: 149.86m
step 02620 (59.48%) | K: 3 | loss: 0.601571 | L1: 0.303900 | L2: 0.297778 | L3: 0.297563 | lrm: 0.81 | dt: 3451.14ms | tok/sec: 151,917 | mfu: 39.56 | epoch: 1 | total time: 149.91m
step 02621 (59.50%) | K: 3 | loss: 0.604655 | L1: 0.305418 | L2: 0.299335 | L3: 0.299138 | lrm: 0.81 | dt: 3448.69ms | tok/sec: 152,025 | mfu: 39.59 | epoch: 1 | total time: 149.97m
step 02622 (59.52%) | K: 3 | loss: 0.605920 | L1: 0.306062 | L2: 0.299948 | L3: 0.299768 | lrm: 0.81 | dt: 3451.21ms | tok/sec: 151,914 | mfu: 39.56 | epoch: 1 | total time: 150.03m
step 02623 (59.54%) | K: 3 | loss: 0.608680 | L1: 0.307499 | L2: 0.301288 | L3: 0.301073 | lrm: 0.81 | dt: 3452.09ms | tok/sec: 151,875 | mfu: 39.55 | epoch: 1 | total time: 150.09m
step 02624 (59.57%) | K: 3 | loss: 0.606777 | L1: 0.306516 | L2: 0.300369 | L3: 0.300153 | lrm: 0.81 | dt: 3456.28ms | tok/sec: 151,691 | mfu: 39.50 | epoch: 1 | total time: 150.14m
step 02625 (59.59%) | K: 3 | loss: 0.606284 | L1: 0.306334 | L2: 0.300056 | L3: 0.299845 | lrm: 0.81 | dt: 3451.60ms | tok/sec: 151,896 | mfu: 39.56 | epoch: 1 | total time: 150.20m
step 02626 (59.61%) | K: 3 | loss: 0.605086 | L1: 0.305696 | L2: 0.299493 | L3: 0.299286 | lrm: 0.81 | dt: 3451.85ms | tok/sec: 151,885 | mfu: 39.55 | epoch: 1 | total time: 150.26m
step 02627 (59.63%) | K: 3 | loss: 0.604210 | L1: 0.305269 | L2: 0.299047 | L3: 0.298834 | lrm: 0.81 | dt: 3453.47ms | tok/sec: 151,814 | mfu: 39.54 | epoch: 1 | total time: 150.32m
step 02628 (59.65%) | K: 3 | loss: 0.603859 | L1: 0.305067 | L2: 0.298896 | L3: 0.298690 | lrm: 0.81 | dt: 3446.19ms | tok/sec: 152,135 | mfu: 39.62 | epoch: 1 | total time: 150.37m
step 02629 (59.68%) | K: 3 | loss: 0.605641 | L1: 0.305974 | L2: 0.299769 | L3: 0.299565 | lrm: 0.81 | dt: 3455.17ms | tok/sec: 151,740 | mfu: 39.52 | epoch: 1 | total time: 150.43m
step 02630 (59.70%) | K: 3 | loss: 0.608173 | L1: 0.307235 | L2: 0.301038 | L3: 0.300838 | lrm: 0.81 | dt: 3442.68ms | tok/sec: 152,290 | mfu: 39.66 | epoch: 1 | total time: 150.49m
step 02631 (59.72%) | K: 3 | loss: 0.610470 | L1: 0.308390 | L2: 0.302174 | L3: 0.301987 | lrm: 0.81 | dt: 3447.31ms | tok/sec: 152,086 | mfu: 39.61 | epoch: 1 | total time: 150.55m
step 02632 (59.75%) | K: 3 | loss: 0.609491 | L1: 0.307859 | L2: 0.301722 | L3: 0.301543 | lrm: 0.81 | dt: 3443.51ms | tok/sec: 152,253 | mfu: 39.65 | epoch: 1 | total time: 150.60m
step 02633 (59.77%) | K: 3 | loss: 0.611780 | L1: 0.308980 | L2: 0.302893 | L3: 0.302705 | lrm: 0.80 | dt: 3449.09ms | tok/sec: 152,007 | mfu: 39.59 | epoch: 1 | total time: 150.66m
step 02634 (59.79%) | K: 3 | loss: 0.614512 | L1: 0.310341 | L2: 0.304262 | L3: 0.304080 | lrm: 0.80 | dt: 3449.66ms | tok/sec: 151,982 | mfu: 39.58 | epoch: 1 | total time: 150.72m
step 02635 (59.82%) | K: 3 | loss: 0.614011 | L1: 0.310065 | L2: 0.304028 | L3: 0.303863 | lrm: 0.80 | dt: 3445.64ms | tok/sec: 152,159 | mfu: 39.63 | epoch: 1 | total time: 150.78m
step 02636 (59.84%) | K: 3 | loss: 0.614802 | L1: 0.310507 | L2: 0.304368 | L3: 0.304223 | lrm: 0.80 | dt: 3444.66ms | tok/sec: 152,203 | mfu: 39.64 | epoch: 1 | total time: 150.83m
step 02637 (59.86%) | K: 3 | loss: 0.614166 | L1: 0.310191 | L2: 0.304058 | L3: 0.303892 | lrm: 0.80 | dt: 3452.11ms | tok/sec: 151,874 | mfu: 39.55 | epoch: 1 | total time: 150.89m
step 02638 (59.88%) | K: 3 | loss: 0.614091 | L1: 0.310137 | L2: 0.304039 | L3: 0.303868 | lrm: 0.80 | dt: 3449.41ms | tok/sec: 151,993 | mfu: 39.58 | epoch: 1 | total time: 150.95m
step 02639 (59.90%) | K: 3 | loss: 0.614334 | L1: 0.310280 | L2: 0.304147 | L3: 0.303961 | lrm: 0.80 | dt: 3451.21ms | tok/sec: 151,914 | mfu: 39.56 | epoch: 1 | total time: 151.01m
step 02640 (59.93%) | K: 3 | loss: 0.611897 | L1: 0.309054 | L2: 0.302925 | L3: 0.302760 | lrm: 0.80 | dt: 3450.95ms | tok/sec: 151,925 | mfu: 39.56 | epoch: 1 | total time: 151.06m
step 02641 (59.95%) | K: 3 | loss: 0.611893 | L1: 0.309138 | L2: 0.302839 | L3: 0.302671 | lrm: 0.80 | dt: 3455.24ms | tok/sec: 151,737 | mfu: 39.52 | epoch: 1 | total time: 151.12m
step 02642 (59.97%) | K: 3 | loss: 0.614213 | L1: 0.310309 | L2: 0.303989 | L3: 0.303819 | lrm: 0.80 | dt: 3453.78ms | tok/sec: 151,801 | mfu: 39.53 | epoch: 1 | total time: 151.18m
step 02643 (60.00%) | K: 3 | loss: 0.615894 | L1: 0.311187 | L2: 0.304805 | L3: 0.304609 | lrm: 0.80 | dt: 3456.39ms | tok/sec: 151,686 | mfu: 39.50 | epoch: 1 | total time: 151.24m
step 02644 (60.02%) | K: 3 | loss: 0.613468 | L1: 0.309961 | L2: 0.303602 | L3: 0.303412 | lrm: 0.80 | dt: 3455.81ms | tok/sec: 151,712 | mfu: 39.51 | epoch: 1 | total time: 151.29m
step 02645 (60.04%) | K: 3 | loss: 0.609076 | L1: 0.307720 | L2: 0.301449 | L3: 0.301264 | lrm: 0.80 | dt: 3453.49ms | tok/sec: 151,814 | mfu: 39.54 | epoch: 1 | total time: 151.35m
step 02646 (60.07%) | K: 3 | loss: 0.614490 | L1: 0.310386 | L2: 0.304191 | L3: 0.304017 | lrm: 0.80 | dt: 3452.19ms | tok/sec: 151,871 | mfu: 39.55 | epoch: 1 | total time: 151.41m
step 02647 (60.09%) | K: 3 | loss: 0.614599 | L1: 0.310411 | L2: 0.304278 | L3: 0.304099 | lrm: 0.80 | dt: 3450.30ms | tok/sec: 151,954 | mfu: 39.57 | epoch: 1 | total time: 151.47m
step 02648 (60.11%) | K: 3 | loss: 0.610341 | L1: 0.308279 | L2: 0.302151 | L3: 0.301971 | lrm: 0.80 | dt: 3448.51ms | tok/sec: 152,033 | mfu: 39.59 | epoch: 1 | total time: 151.52m
step 02649 (60.14%) | K: 3 | loss: 0.611375 | L1: 0.308804 | L2: 0.302660 | L3: 0.302481 | lrm: 0.80 | dt: 3452.54ms | tok/sec: 151,855 | mfu: 39.55 | epoch: 1 | total time: 151.58m
step 02650 (60.16%) | K: 3 | loss: 0.615266 | L1: 0.310763 | L2: 0.304591 | L3: 0.304415 | lrm: 0.80 | dt: 3448.51ms | tok/sec: 152,033 | mfu: 39.59 | epoch: 1 | total time: 151.64m
step 02651 (60.18%) | K: 3 | loss: 0.617326 | L1: 0.311817 | L2: 0.305592 | L3: 0.305428 | lrm: 0.80 | dt: 3448.12ms | tok/sec: 152,050 | mfu: 39.60 | epoch: 1 | total time: 151.70m
step 02652 (60.20%) | K: 3 | loss: 0.616561 | L1: 0.311398 | L2: 0.305233 | L3: 0.305093 | lrm: 0.80 | dt: 3445.07ms | tok/sec: 152,184 | mfu: 39.63 | epoch: 1 | total time: 151.75m
step 02653 (60.23%) | K: 3 | loss: 0.616508 | L1: 0.311393 | L2: 0.305191 | L3: 0.305040 | lrm: 0.80 | dt: 3444.83ms | tok/sec: 152,195 | mfu: 39.63 | epoch: 1 | total time: 151.81m
step 02654 (60.25%) | K: 3 | loss: 0.614385 | L1: 0.310291 | L2: 0.304170 | L3: 0.304018 | lrm: 0.80 | dt: 3443.90ms | tok/sec: 152,236 | mfu: 39.65 | epoch: 1 | total time: 151.87m
step 02655 (60.27%) | K: 3 | loss: 0.617540 | L1: 0.311889 | L2: 0.305737 | L3: 0.305566 | lrm: 0.79 | dt: 3443.11ms | tok/sec: 152,271 | mfu: 39.65 | epoch: 1 | total time: 151.93m
step 02656 (60.29%) | K: 3 | loss: 0.615683 | L1: 0.310954 | L2: 0.304815 | L3: 0.304644 | lrm: 0.79 | dt: 3443.39ms | tok/sec: 152,259 | mfu: 39.65 | epoch: 1 | total time: 151.98m
step 02657 (60.32%) | K: 3 | loss: 0.614510 | L1: 0.310426 | L2: 0.304170 | L3: 0.303999 | lrm: 0.79 | dt: 3444.12ms | tok/sec: 152,226 | mfu: 39.64 | epoch: 1 | total time: 152.04m
step 02658 (60.34%) | K: 3 | loss: 0.614831 | L1: 0.310545 | L2: 0.304367 | L3: 0.304206 | lrm: 0.79 | dt: 3451.11ms | tok/sec: 151,918 | mfu: 39.56 | epoch: 1 | total time: 152.10m
step 02659 (60.36%) | K: 3 | loss: 0.614545 | L1: 0.310397 | L2: 0.304229 | L3: 0.304066 | lrm: 0.79 | dt: 3444.74ms | tok/sec: 152,199 | mfu: 39.64 | epoch: 1 | total time: 152.16m
step 02660 (60.38%) | K: 3 | loss: 0.611869 | L1: 0.309066 | L2: 0.302882 | L3: 0.302725 | lrm: 0.79 | dt: 3448.35ms | tok/sec: 152,040 | mfu: 39.59 | epoch: 1 | total time: 152.21m
step 02661 (60.41%) | K: 3 | loss: 0.614133 | L1: 0.310197 | L2: 0.304013 | L3: 0.303858 | lrm: 0.79 | dt: 3441.45ms | tok/sec: 152,344 | mfu: 39.67 | epoch: 1 | total time: 152.27m
step 02662 (60.43%) | K: 3 | loss: 0.614159 | L1: 0.310197 | L2: 0.304043 | L3: 0.303880 | lrm: 0.79 | dt: 3444.89ms | tok/sec: 152,192 | mfu: 39.63 | epoch: 1 | total time: 152.33m
step 02663 (60.45%) | K: 3 | loss: 0.617524 | L1: 0.311939 | L2: 0.305674 | L3: 0.305495 | lrm: 0.79 | dt: 3446.79ms | tok/sec: 152,109 | mfu: 39.61 | epoch: 1 | total time: 152.38m
step 02664 (60.47%) | K: 3 | loss: 0.616623 | L1: 0.311473 | L2: 0.305235 | L3: 0.305065 | lrm: 0.79 | dt: 3443.97ms | tok/sec: 152,233 | mfu: 39.64 | epoch: 1 | total time: 152.44m
step 02665 (60.50%) | K: 3 | loss: 0.613746 | L1: 0.310058 | L2: 0.303777 | L3: 0.303601 | lrm: 0.79 | dt: 3446.41ms | tok/sec: 152,126 | mfu: 39.62 | epoch: 1 | total time: 152.50m
step 02666 (60.52%) | K: 3 | loss: 0.614683 | L1: 0.310562 | L2: 0.304211 | L3: 0.304032 | lrm: 0.79 | dt: 3454.05ms | tok/sec: 151,789 | mfu: 39.53 | epoch: 1 | total time: 152.56m
step 02667 (60.54%) | K: 3 | loss: 0.614115 | L1: 0.310273 | L2: 0.303933 | L3: 0.303751 | lrm: 0.79 | dt: 3454.31ms | tok/sec: 151,777 | mfu: 39.53 | epoch: 1 | total time: 152.61m
step 02668 (60.56%) | K: 3 | loss: 0.617502 | L1: 0.312011 | L2: 0.305590 | L3: 0.305392 | lrm: 0.79 | dt: 3454.21ms | tok/sec: 151,782 | mfu: 39.53 | epoch: 1 | total time: 152.67m
step 02669 (60.59%) | K: 3 | loss: 0.617895 | L1: 0.312209 | L2: 0.305797 | L3: 0.305573 | lrm: 0.79 | dt: 3448.86ms | tok/sec: 152,017 | mfu: 39.59 | epoch: 1 | total time: 152.73m
step 02670 (60.61%) | K: 3 | loss: 0.617417 | L1: 0.311981 | L2: 0.305533 | L3: 0.305339 | lrm: 0.79 | dt: 3447.43ms | tok/sec: 152,080 | mfu: 39.60 | epoch: 1 | total time: 152.79m
step 02671 (60.63%) | K: 3 | loss: 0.616155 | L1: 0.311315 | L2: 0.304942 | L3: 0.304739 | lrm: 0.79 | dt: 3442.67ms | tok/sec: 152,291 | mfu: 39.66 | epoch: 1 | total time: 152.84m
step 02672 (60.65%) | K: 3 | loss: 0.613306 | L1: 0.309832 | L2: 0.303576 | L3: 0.303373 | lrm: 0.79 | dt: 3445.89ms | tok/sec: 152,148 | mfu: 39.62 | epoch: 1 | total time: 152.90m
step 02673 (60.68%) | K: 3 | loss: 0.612384 | L1: 0.309374 | L2: 0.303117 | L3: 0.302903 | lrm: 0.79 | dt: 3442.58ms | tok/sec: 152,295 | mfu: 39.66 | epoch: 1 | total time: 152.96m
step 02674 (60.70%) | K: 3 | loss: 0.613166 | L1: 0.309723 | L2: 0.303549 | L3: 0.303336 | lrm: 0.79 | dt: 3440.97ms | tok/sec: 152,366 | mfu: 39.68 | epoch: 1 | total time: 153.02m
step 02675 (60.73%) | K: 3 | loss: 0.613041 | L1: 0.309632 | L2: 0.303511 | L3: 0.303306 | lrm: 0.79 | dt: 3439.72ms | tok/sec: 152,421 | mfu: 39.69 | epoch: 1 | total time: 153.07m
step 02676 (60.75%) | K: 3 | loss: 0.615303 | L1: 0.310740 | L2: 0.304665 | L3: 0.304460 | lrm: 0.79 | dt: 3433.41ms | tok/sec: 152,701 | mfu: 39.77 | epoch: 1 | total time: 153.13m
step 02677 (60.77%) | K: 3 | loss: 0.618535 | L1: 0.312394 | L2: 0.306243 | L3: 0.306041 | lrm: 0.78 | dt: 3439.38ms | tok/sec: 152,436 | mfu: 39.70 | epoch: 1 | total time: 153.19m
step 02678 (60.80%) | K: 3 | loss: 0.619805 | L1: 0.313001 | L2: 0.306905 | L3: 0.306703 | lrm: 0.78 | dt: 3438.88ms | tok/sec: 152,458 | mfu: 39.70 | epoch: 1 | total time: 153.25m
step 02679 (60.82%) | K: 3 | loss: 0.624421 | L1: 0.315358 | L2: 0.309166 | L3: 0.308960 | lrm: 0.78 | dt: 3442.58ms | tok/sec: 152,294 | mfu: 39.66 | epoch: 1 | total time: 153.30m
step 02680 (60.84%) | K: 3 | loss: 0.623032 | L1: 0.314683 | L2: 0.308447 | L3: 0.308250 | lrm: 0.78 | dt: 3446.05ms | tok/sec: 152,141 | mfu: 39.62 | epoch: 1 | total time: 153.36m
step 02681 (60.87%) | K: 3 | loss: 0.626682 | L1: 0.316553 | L2: 0.310226 | L3: 0.310031 | lrm: 0.78 | dt: 3446.02ms | tok/sec: 152,142 | mfu: 39.62 | epoch: 1 | total time: 153.42m
step 02682 (60.89%) | K: 3 | loss: 0.623196 | L1: 0.314754 | L2: 0.308537 | L3: 0.308348 | lrm: 0.78 | dt: 3445.07ms | tok/sec: 152,185 | mfu: 39.63 | epoch: 1 | total time: 153.48m
step 02683 (60.91%) | K: 3 | loss: 0.624671 | L1: 0.315524 | L2: 0.309242 | L3: 0.309052 | lrm: 0.78 | dt: 3455.62ms | tok/sec: 151,720 | mfu: 39.51 | epoch: 1 | total time: 153.53m
step 02684 (60.94%) | K: 3 | loss: 0.626946 | L1: 0.316680 | L2: 0.310359 | L3: 0.310173 | lrm: 0.78 | dt: 3458.30ms | tok/sec: 151,602 | mfu: 39.48 | epoch: 1 | total time: 153.59m
step 02685 (60.96%) | K: 3 | loss: 0.626638 | L1: 0.316559 | L2: 0.310166 | L3: 0.309991 | lrm: 0.78 | dt: 3462.82ms | tok/sec: 151,404 | mfu: 39.43 | epoch: 1 | total time: 153.65m
step 02686 (60.98%) | K: 3 | loss: 0.621515 | L1: 0.313948 | L2: 0.307647 | L3: 0.307487 | lrm: 0.78 | dt: 3462.03ms | tok/sec: 151,439 | mfu: 39.44 | epoch: 1 | total time: 153.71m
step 02687 (61.01%) | K: 3 | loss: 0.622738 | L1: 0.314540 | L2: 0.308280 | L3: 0.308116 | lrm: 0.78 | dt: 3464.49ms | tok/sec: 151,331 | mfu: 39.41 | epoch: 1 | total time: 153.76m
step 02688 (61.03%) | K: 3 | loss: 0.620957 | L1: 0.313629 | L2: 0.307407 | L3: 0.307248 | lrm: 0.78 | dt: 3458.21ms | tok/sec: 151,606 | mfu: 39.48 | epoch: 1 | total time: 153.82m
step 02689 (61.05%) | K: 3 | loss: 0.621405 | L1: 0.313905 | L2: 0.307585 | L3: 0.307416 | lrm: 0.78 | dt: 3457.59ms | tok/sec: 151,633 | mfu: 39.49 | epoch: 1 | total time: 153.88m
step 02690 (61.07%) | K: 3 | loss: 0.616887 | L1: 0.311649 | L2: 0.305327 | L3: 0.305149 | lrm: 0.78 | dt: 3453.38ms | tok/sec: 151,818 | mfu: 39.54 | epoch: 1 | total time: 153.94m
step 02691 (61.10%) | K: 3 | loss: 0.620801 | L1: 0.313615 | L2: 0.307279 | L3: 0.307092 | lrm: 0.78 | dt: 3451.99ms | tok/sec: 151,880 | mfu: 39.55 | epoch: 1 | total time: 153.99m
step 02692 (61.12%) | K: 3 | loss: 0.623334 | L1: 0.314898 | L2: 0.308537 | L3: 0.308335 | lrm: 0.78 | dt: 3451.07ms | tok/sec: 151,920 | mfu: 39.56 | epoch: 1 | total time: 154.05m
step 02693 (61.14%) | K: 3 | loss: 0.618587 | L1: 0.312494 | L2: 0.306192 | L3: 0.305994 | lrm: 0.78 | dt: 3448.81ms | tok/sec: 152,020 | mfu: 39.59 | epoch: 1 | total time: 154.11m
step 02694 (61.16%) | K: 3 | loss: 0.613934 | L1: 0.310139 | L2: 0.303893 | L3: 0.303695 | lrm: 0.78 | dt: 3438.79ms | tok/sec: 152,462 | mfu: 39.70 | epoch: 1 | total time: 154.17m
step 02695 (61.19%) | K: 3 | loss: 0.614188 | L1: 0.310267 | L2: 0.304017 | L3: 0.303826 | lrm: 0.78 | dt: 3443.28ms | tok/sec: 152,264 | mfu: 39.65 | epoch: 1 | total time: 154.22m
step 02696 (61.21%) | K: 3 | loss: 0.613750 | L1: 0.310041 | L2: 0.303806 | L3: 0.303611 | lrm: 0.78 | dt: 3444.07ms | tok/sec: 152,229 | mfu: 39.64 | epoch: 1 | total time: 154.28m
step 02697 (61.23%) | K: 3 | loss: 0.615881 | L1: 0.311141 | L2: 0.304828 | L3: 0.304652 | lrm: 0.78 | dt: 3445.91ms | tok/sec: 152,147 | mfu: 39.62 | epoch: 1 | total time: 154.34m
step 02698 (61.26%) | K: 3 | loss: 0.612328 | L1: 0.309310 | L2: 0.303107 | L3: 0.302929 | lrm: 0.77 | dt: 3441.89ms | tok/sec: 152,325 | mfu: 39.67 | epoch: 1 | total time: 154.40m
step 02699 (61.28%) | K: 3 | loss: 0.608353 | L1: 0.307351 | L2: 0.301096 | L3: 0.300909 | lrm: 0.77 | dt: 3448.89ms | tok/sec: 152,016 | mfu: 39.59 | epoch: 1 | total time: 154.45m
step 02700 (61.30%) | K: 3 | loss: 0.602141 | L1: 0.304199 | L2: 0.298030 | L3: 0.297853 | lrm: 0.77 | dt: 3450.68ms | tok/sec: 151,937 | mfu: 39.57 | epoch: 1 | total time: 154.51m
step 02701 (61.32%) | K: 3 | loss: 0.600874 | L1: 0.303560 | L2: 0.297397 | L3: 0.297231 | lrm: 0.77 | dt: 3454.56ms | tok/sec: 151,766 | mfu: 39.52 | epoch: 1 | total time: 154.57m
step 02702 (61.35%) | K: 3 | loss: 0.600277 | L1: 0.303267 | L2: 0.297096 | L3: 0.296925 | lrm: 0.77 | dt: 3455.11ms | tok/sec: 151,742 | mfu: 39.52 | epoch: 1 | total time: 154.63m
step 02703 (61.37%) | K: 3 | loss: 0.595745 | L1: 0.300989 | L2: 0.294847 | L3: 0.294665 | lrm: 0.77 | dt: 3454.34ms | tok/sec: 151,776 | mfu: 39.53 | epoch: 1 | total time: 154.68m
step 02704 (61.39%) | K: 3 | loss: 0.594218 | L1: 0.300221 | L2: 0.294090 | L3: 0.293904 | lrm: 0.77 | dt: 3457.95ms | tok/sec: 151,617 | mfu: 39.48 | epoch: 1 | total time: 154.74m
step 02705 (61.41%) | K: 3 | loss: 0.597917 | L1: 0.302070 | L2: 0.295942 | L3: 0.295751 | lrm: 0.77 | dt: 3457.73ms | tok/sec: 151,627 | mfu: 39.49 | epoch: 1 | total time: 154.80m
step 02706 (61.44%) | K: 3 | loss: 0.598704 | L1: 0.302489 | L2: 0.296306 | L3: 0.296123 | lrm: 0.77 | dt: 3452.77ms | tok/sec: 151,845 | mfu: 39.54 | epoch: 1 | total time: 154.86m
step 02707 (61.46%) | K: 3 | loss: 0.595901 | L1: 0.301116 | L2: 0.294883 | L3: 0.294685 | lrm: 0.77 | dt: 3448.13ms | tok/sec: 152,049 | mfu: 39.60 | epoch: 1 | total time: 154.91m
step 02708 (61.48%) | K: 3 | loss: 0.594596 | L1: 0.300431 | L2: 0.294264 | L3: 0.294066 | lrm: 0.77 | dt: 3447.97ms | tok/sec: 152,056 | mfu: 39.60 | epoch: 1 | total time: 154.97m
step 02709 (61.51%) | K: 3 | loss: 0.592612 | L1: 0.299411 | L2: 0.293295 | L3: 0.293107 | lrm: 0.77 | dt: 3445.30ms | tok/sec: 152,174 | mfu: 39.63 | epoch: 1 | total time: 155.03m
step 02710 (61.53%) | K: 3 | loss: 0.596219 | L1: 0.301176 | L2: 0.295127 | L3: 0.294958 | lrm: 0.77 | dt: 3448.10ms | tok/sec: 152,051 | mfu: 39.60 | epoch: 1 | total time: 155.09m
step 02711 (61.55%) | K: 3 | loss: 0.597741 | L1: 0.301929 | L2: 0.295894 | L3: 0.295729 | lrm: 0.77 | dt: 3446.32ms | tok/sec: 152,129 | mfu: 39.62 | epoch: 1 | total time: 155.14m
step 02712 (61.57%) | K: 3 | loss: 0.599036 | L1: 0.302572 | L2: 0.296542 | L3: 0.296386 | lrm: 0.77 | dt: 3445.04ms | tok/sec: 152,186 | mfu: 39.63 | epoch: 1 | total time: 155.20m
step 02713 (61.60%) | K: 3 | loss: 0.599795 | L1: 0.302957 | L2: 0.296914 | L3: 0.296762 | lrm: 0.77 | dt: 3442.17ms | tok/sec: 152,313 | mfu: 39.67 | epoch: 1 | total time: 155.26m
step 02714 (61.62%) | K: 3 | loss: 0.597422 | L1: 0.301778 | L2: 0.295721 | L3: 0.295566 | lrm: 0.77 | dt: 3442.23ms | tok/sec: 152,310 | mfu: 39.66 | epoch: 1 | total time: 155.32m
step 02715 (61.64%) | K: 3 | loss: 0.599545 | L1: 0.302865 | L2: 0.296765 | L3: 0.296595 | lrm: 0.77 | dt: 3441.57ms | tok/sec: 152,339 | mfu: 39.67 | epoch: 1 | total time: 155.37m
step 02716 (61.66%) | K: 3 | loss: 0.602617 | L1: 0.304383 | L2: 0.298315 | L3: 0.298153 | lrm: 0.77 | dt: 3442.14ms | tok/sec: 152,314 | mfu: 39.67 | epoch: 1 | total time: 155.43m
step 02717 (61.69%) | K: 3 | loss: 0.601642 | L1: 0.303892 | L2: 0.297835 | L3: 0.297664 | lrm: 0.77 | dt: 3445.60ms | tok/sec: 152,161 | mfu: 39.63 | epoch: 1 | total time: 155.49m
step 02718 (61.71%) | K: 3 | loss: 0.599554 | L1: 0.302837 | L2: 0.296798 | L3: 0.296634 | lrm: 0.77 | dt: 3445.73ms | tok/sec: 152,155 | mfu: 39.62 | epoch: 1 | total time: 155.55m
step 02719 (61.73%) | K: 3 | loss: 0.599049 | L1: 0.302621 | L2: 0.296516 | L3: 0.296340 | lrm: 0.77 | dt: 3446.53ms | tok/sec: 152,120 | mfu: 39.61 | epoch: 1 | total time: 155.60m
step 02720 (61.75%) | K: 3 | loss: 0.597251 | L1: 0.301734 | L2: 0.295613 | L3: 0.295420 | lrm: 0.76 | dt: 3448.86ms | tok/sec: 152,017 | mfu: 39.59 | epoch: 1 | total time: 155.66m
step 02721 (61.78%) | K: 3 | loss: 0.597240 | L1: 0.301700 | L2: 0.295638 | L3: 0.295443 | lrm: 0.76 | dt: 3450.17ms | tok/sec: 151,960 | mfu: 39.57 | epoch: 1 | total time: 155.72m
step 02722 (61.80%) | K: 3 | loss: 0.599022 | L1: 0.302612 | L2: 0.296496 | L3: 0.296325 | lrm: 0.76 | dt: 3448.62ms | tok/sec: 152,028 | mfu: 39.59 | epoch: 1 | total time: 155.78m
step 02723 (61.82%) | K: 3 | loss: 0.600038 | L1: 0.303128 | L2: 0.296996 | L3: 0.296823 | lrm: 0.76 | dt: 3450.23ms | tok/sec: 151,957 | mfu: 39.57 | epoch: 1 | total time: 155.83m
step 02724 (61.85%) | K: 3 | loss: 0.600471 | L1: 0.303368 | L2: 0.297197 | L3: 0.297009 | lrm: 0.76 | dt: 3455.67ms | tok/sec: 151,718 | mfu: 39.51 | epoch: 1 | total time: 155.89m
step 02725 (61.87%) | K: 3 | loss: 0.603959 | L1: 0.305126 | L2: 0.298928 | L3: 0.298737 | lrm: 0.76 | dt: 3454.12ms | tok/sec: 151,786 | mfu: 39.53 | epoch: 1 | total time: 155.95m
step 02726 (61.89%) | K: 3 | loss: 0.601797 | L1: 0.304013 | L2: 0.297875 | L3: 0.297694 | lrm: 0.76 | dt: 3454.40ms | tok/sec: 151,774 | mfu: 39.52 | epoch: 1 | total time: 156.01m
step 02727 (61.91%) | K: 3 | loss: 0.601721 | L1: 0.303974 | L2: 0.297835 | L3: 0.297659 | lrm: 0.76 | dt: 3450.14ms | tok/sec: 151,961 | mfu: 39.57 | epoch: 1 | total time: 156.06m
step 02728 (61.94%) | K: 3 | loss: 0.602913 | L1: 0.304554 | L2: 0.298452 | L3: 0.298265 | lrm: 0.76 | dt: 3447.13ms | tok/sec: 152,094 | mfu: 39.61 | epoch: 1 | total time: 156.12m
step 02729 (61.96%) | K: 3 | loss: 0.600450 | L1: 0.303375 | L2: 0.297180 | L3: 0.296970 | lrm: 0.76 | dt: 3452.05ms | tok/sec: 151,877 | mfu: 39.55 | epoch: 1 | total time: 156.18m
step 02730 (61.98%) | K: 3 | loss: 0.602688 | L1: 0.304508 | L2: 0.298290 | L3: 0.298069 | lrm: 0.76 | dt: 3452.27ms | tok/sec: 151,867 | mfu: 39.55 | epoch: 1 | total time: 156.24m
step 02731 (62.00%) | K: 3 | loss: 0.605716 | L1: 0.306030 | L2: 0.299802 | L3: 0.299570 | lrm: 0.76 | dt: 3445.37ms | tok/sec: 152,171 | mfu: 39.63 | epoch: 1 | total time: 156.29m
step 02732 (62.03%) | K: 3 | loss: 0.608758 | L1: 0.307564 | L2: 0.301307 | L3: 0.301080 | lrm: 0.76 | dt: 3445.42ms | tok/sec: 152,169 | mfu: 39.63 | epoch: 1 | total time: 156.35m
step 02733 (62.05%) | K: 3 | loss: 0.609475 | L1: 0.307921 | L2: 0.301665 | L3: 0.301443 | lrm: 0.76 | dt: 3448.08ms | tok/sec: 152,052 | mfu: 39.60 | epoch: 1 | total time: 156.41m
step 02734 (62.07%) | K: 3 | loss: 0.606914 | L1: 0.306605 | L2: 0.300419 | L3: 0.300201 | lrm: 0.76 | dt: 3445.48ms | tok/sec: 152,167 | mfu: 39.63 | epoch: 1 | total time: 156.47m
step 02735 (62.09%) | K: 3 | loss: 0.604651 | L1: 0.305463 | L2: 0.299287 | L3: 0.299090 | lrm: 0.76 | dt: 3446.93ms | tok/sec: 152,102 | mfu: 39.61 | epoch: 1 | total time: 156.52m
step 02736 (62.12%) | K: 3 | loss: 0.603558 | L1: 0.304911 | L2: 0.298753 | L3: 0.298542 | lrm: 0.76 | dt: 3444.28ms | tok/sec: 152,219 | mfu: 39.64 | epoch: 1 | total time: 156.58m
step 02737 (62.14%) | K: 3 | loss: 0.606129 | L1: 0.306160 | L2: 0.300075 | L3: 0.299862 | lrm: 0.76 | dt: 3449.53ms | tok/sec: 151,988 | mfu: 39.58 | epoch: 1 | total time: 156.64m
step 02738 (62.16%) | K: 3 | loss: 0.610466 | L1: 0.308321 | L2: 0.302250 | L3: 0.302040 | lrm: 0.76 | dt: 3453.25ms | tok/sec: 151,824 | mfu: 39.54 | epoch: 1 | total time: 156.70m
step 02739 (62.18%) | K: 3 | loss: 0.606681 | L1: 0.306359 | L2: 0.300417 | L3: 0.300226 | lrm: 0.76 | dt: 3456.17ms | tok/sec: 151,696 | mfu: 39.50 | epoch: 1 | total time: 156.75m
step 02740 (62.21%) | K: 3 | loss: 0.605202 | L1: 0.305676 | L2: 0.299627 | L3: 0.299425 | lrm: 0.76 | dt: 3457.57ms | tok/sec: 151,634 | mfu: 39.49 | epoch: 1 | total time: 156.81m
step 02741 (62.23%) | K: 3 | loss: 0.603191 | L1: 0.304728 | L2: 0.298569 | L3: 0.298357 | lrm: 0.76 | dt: 3458.46ms | tok/sec: 151,595 | mfu: 39.48 | epoch: 1 | total time: 156.87m
step 02742 (62.25%) | K: 3 | loss: 0.602605 | L1: 0.304405 | L2: 0.298308 | L3: 0.298093 | lrm: 0.75 | dt: 3461.99ms | tok/sec: 151,441 | mfu: 39.44 | epoch: 1 | total time: 156.93m
step 02743 (62.28%) | K: 3 | loss: 0.604402 | L1: 0.305318 | L2: 0.299191 | L3: 0.298976 | lrm: 0.75 | dt: 3455.93ms | tok/sec: 151,706 | mfu: 39.51 | epoch: 1 | total time: 156.98m
step 02744 (62.30%) | K: 3 | loss: 0.602550 | L1: 0.304381 | L2: 0.298270 | L3: 0.298068 | lrm: 0.75 | dt: 3461.19ms | tok/sec: 151,476 | mfu: 39.45 | epoch: 1 | total time: 157.04m
step 02745 (62.32%) | K: 3 | loss: 0.607467 | L1: 0.306832 | L2: 0.300730 | L3: 0.300541 | lrm: 0.75 | dt: 3459.24ms | tok/sec: 151,561 | mfu: 39.47 | epoch: 1 | total time: 157.10m
step 02746 (62.34%) | K: 3 | loss: 0.608253 | L1: 0.307216 | L2: 0.301136 | L3: 0.300938 | lrm: 0.75 | dt: 3450.26ms | tok/sec: 151,956 | mfu: 39.57 | epoch: 1 | total time: 157.16m
step 02747 (62.37%) | K: 3 | loss: 0.613179 | L1: 0.309690 | L2: 0.303588 | L3: 0.303391 | lrm: 0.75 | dt: 3451.38ms | tok/sec: 151,906 | mfu: 39.56 | epoch: 1 | total time: 157.21m
step 02748 (62.39%) | K: 3 | loss: 0.618414 | L1: 0.312313 | L2: 0.306190 | L3: 0.306014 | lrm: 0.75 | dt: 3448.24ms | tok/sec: 152,045 | mfu: 39.60 | epoch: 1 | total time: 157.27m
step 02749 (62.41%) | K: 3 | loss: 0.619054 | L1: 0.312642 | L2: 0.306491 | L3: 0.306334 | lrm: 0.75 | dt: 3446.64ms | tok/sec: 152,115 | mfu: 39.61 | epoch: 1 | total time: 157.33m
step 02750 (62.44%) | K: 3 | loss: 0.617310 | L1: 0.311764 | L2: 0.305626 | L3: 0.305465 | lrm: 0.75 | dt: 3443.80ms | tok/sec: 152,241 | mfu: 39.65 | epoch: 1 | total time: 157.39m
Step 02750 | Validation L1 bpb: 0.1656 | L2 bpb: 0.1621 | L3 bpb: 0.1620
step 02751 (62.46%) | K: 3 | loss: 0.612407 | L1: 0.309277 | L2: 0.303212 | L3: 0.303048 | lrm: 0.75 | dt: 3455.44ms | tok/sec: 151,728 | mfu: 39.51 | epoch: 1 | total time: 157.44m
step 02752 (62.48%) | K: 3 | loss: 0.614715 | L1: 0.310453 | L2: 0.304341 | L3: 0.304184 | lrm: 0.75 | dt: 3439.94ms | tok/sec: 152,412 | mfu: 39.69 | epoch: 1 | total time: 157.50m
step 02753 (62.50%) | K: 3 | loss: 0.614203 | L1: 0.310224 | L2: 0.304055 | L3: 0.303903 | lrm: 0.75 | dt: 3442.00ms | tok/sec: 152,320 | mfu: 39.67 | epoch: 1 | total time: 157.56m
step 02754 (62.53%) | K: 3 | loss: 0.612026 | L1: 0.309101 | L2: 0.302996 | L3: 0.302852 | lrm: 0.75 | dt: 3443.32ms | tok/sec: 152,262 | mfu: 39.65 | epoch: 1 | total time: 157.62m
step 02755 (62.55%) | K: 3 | loss: 0.608666 | L1: 0.307419 | L2: 0.301314 | L3: 0.301180 | lrm: 0.75 | dt: 3446.29ms | tok/sec: 152,131 | mfu: 39.62 | epoch: 1 | total time: 157.67m
step 02756 (62.57%) | K: 3 | loss: 0.609979 | L1: 0.308092 | L2: 0.301965 | L3: 0.301810 | lrm: 0.75 | dt: 3448.37ms | tok/sec: 152,039 | mfu: 39.59 | epoch: 1 | total time: 157.73m
step 02757 (62.60%) | K: 3 | loss: 0.605532 | L1: 0.305882 | L2: 0.299725 | L3: 0.299577 | lrm: 0.75 | dt: 3451.75ms | tok/sec: 151,890 | mfu: 39.55 | epoch: 1 | total time: 157.79m
step 02758 (62.62%) | K: 3 | loss: 0.606471 | L1: 0.306382 | L2: 0.300163 | L3: 0.300016 | lrm: 0.75 | dt: 3455.02ms | tok/sec: 151,746 | mfu: 39.52 | epoch: 1 | total time: 157.85m
step 02759 (62.64%) | K: 3 | loss: 0.605976 | L1: 0.306104 | L2: 0.299942 | L3: 0.299801 | lrm: 0.75 | dt: 3451.30ms | tok/sec: 151,910 | mfu: 39.56 | epoch: 1 | total time: 157.90m
step 02760 (62.66%) | K: 3 | loss: 0.602969 | L1: 0.304576 | L2: 0.298469 | L3: 0.298316 | lrm: 0.75 | dt: 3454.87ms | tok/sec: 151,753 | mfu: 39.52 | epoch: 1 | total time: 157.96m
step 02761 (62.69%) | K: 3 | loss: 0.603204 | L1: 0.304685 | L2: 0.298596 | L3: 0.298441 | lrm: 0.75 | dt: 3454.82ms | tok/sec: 151,755 | mfu: 39.52 | epoch: 1 | total time: 158.02m
step 02762 (62.71%) | K: 3 | loss: 0.607775 | L1: 0.306957 | L2: 0.300898 | L3: 0.300738 | lrm: 0.75 | dt: 3458.82ms | tok/sec: 151,580 | mfu: 39.47 | epoch: 1 | total time: 158.08m
step 02763 (62.73%) | K: 3 | loss: 0.607026 | L1: 0.306564 | L2: 0.300539 | L3: 0.300386 | lrm: 0.75 | dt: 3459.35ms | tok/sec: 151,556 | mfu: 39.47 | epoch: 1 | total time: 158.13m
step 02764 (62.75%) | K: 3 | loss: 0.611484 | L1: 0.308835 | L2: 0.302735 | L3: 0.302564 | lrm: 0.74 | dt: 3455.60ms | tok/sec: 151,721 | mfu: 39.51 | epoch: 1 | total time: 158.19m
step 02765 (62.78%) | K: 3 | loss: 0.611120 | L1: 0.308663 | L2: 0.302550 | L3: 0.302363 | lrm: 0.74 | dt: 3456.75ms | tok/sec: 151,670 | mfu: 39.50 | epoch: 1 | total time: 158.25m
step 02766 (62.80%) | K: 3 | loss: 0.607750 | L1: 0.306927 | L2: 0.300910 | L3: 0.300738 | lrm: 0.74 | dt: 3455.07ms | tok/sec: 151,744 | mfu: 39.52 | epoch: 1 | total time: 158.31m
step 02767 (62.82%) | K: 3 | loss: 0.608616 | L1: 0.307328 | L2: 0.301374 | L3: 0.301203 | lrm: 0.74 | dt: 3454.90ms | tok/sec: 151,752 | mfu: 39.52 | epoch: 1 | total time: 158.36m
step 02768 (62.85%) | K: 3 | loss: 0.610958 | L1: 0.308515 | L2: 0.302530 | L3: 0.302356 | lrm: 0.74 | dt: 3453.94ms | tok/sec: 151,794 | mfu: 39.53 | epoch: 1 | total time: 158.42m
step 02769 (62.87%) | K: 3 | loss: 0.614121 | L1: 0.310066 | L2: 0.304145 | L3: 0.303965 | lrm: 0.74 | dt: 3453.97ms | tok/sec: 151,792 | mfu: 39.53 | epoch: 1 | total time: 158.48m
step 02770 (62.89%) | K: 3 | loss: 0.613237 | L1: 0.309640 | L2: 0.303696 | L3: 0.303499 | lrm: 0.74 | dt: 3452.19ms | tok/sec: 151,871 | mfu: 39.55 | epoch: 1 | total time: 158.54m
step 02771 (62.91%) | K: 3 | loss: 0.611552 | L1: 0.308799 | L2: 0.302854 | L3: 0.302650 | lrm: 0.74 | dt: 3451.76ms | tok/sec: 151,890 | mfu: 39.55 | epoch: 1 | total time: 158.59m
step 02772 (62.94%) | K: 3 | loss: 0.612579 | L1: 0.309392 | L2: 0.303287 | L3: 0.303087 | lrm: 0.74 | dt: 3451.03ms | tok/sec: 151,922 | mfu: 39.56 | epoch: 1 | total time: 158.65m
step 02773 (62.96%) | K: 3 | loss: 0.611814 | L1: 0.309030 | L2: 0.302890 | L3: 0.302677 | lrm: 0.74 | dt: 3448.99ms | tok/sec: 152,012 | mfu: 39.59 | epoch: 1 | total time: 158.71m
step 02774 (62.98%) | K: 3 | loss: 0.614624 | L1: 0.310409 | L2: 0.304319 | L3: 0.304110 | lrm: 0.74 | dt: 3449.29ms | tok/sec: 151,998 | mfu: 39.58 | epoch: 1 | total time: 158.77m
step 02775 (63.00%) | K: 3 | loss: 0.617169 | L1: 0.311700 | L2: 0.305573 | L3: 0.305365 | lrm: 0.74 | dt: 3447.26ms | tok/sec: 152,088 | mfu: 39.61 | epoch: 1 | total time: 158.82m
step 02776 (63.03%) | K: 3 | loss: 0.617247 | L1: 0.311733 | L2: 0.305622 | L3: 0.305405 | lrm: 0.74 | dt: 3455.05ms | tok/sec: 151,745 | mfu: 39.52 | epoch: 1 | total time: 158.88m
step 02777 (63.05%) | K: 3 | loss: 0.615995 | L1: 0.311095 | L2: 0.305010 | L3: 0.304790 | lrm: 0.74 | dt: 3449.94ms | tok/sec: 151,970 | mfu: 39.58 | epoch: 1 | total time: 158.94m
step 02778 (63.07%) | K: 3 | loss: 0.615237 | L1: 0.310707 | L2: 0.304635 | L3: 0.304427 | lrm: 0.74 | dt: 3445.01ms | tok/sec: 152,187 | mfu: 39.63 | epoch: 1 | total time: 159.00m
step 02779 (63.09%) | K: 3 | loss: 0.614298 | L1: 0.310268 | L2: 0.304134 | L3: 0.303925 | lrm: 0.74 | dt: 3449.64ms | tok/sec: 151,983 | mfu: 39.58 | epoch: 1 | total time: 159.05m
step 02780 (63.12%) | K: 3 | loss: 0.611770 | L1: 0.309027 | L2: 0.302848 | L3: 0.302638 | lrm: 0.74 | dt: 3447.97ms | tok/sec: 152,056 | mfu: 39.60 | epoch: 1 | total time: 159.11m
step 02781 (63.14%) | K: 3 | loss: 0.608890 | L1: 0.307570 | L2: 0.301420 | L3: 0.301221 | lrm: 0.74 | dt: 3447.26ms | tok/sec: 152,088 | mfu: 39.61 | epoch: 1 | total time: 159.17m
step 02782 (63.16%) | K: 3 | loss: 0.610497 | L1: 0.308407 | L2: 0.302189 | L3: 0.301993 | lrm: 0.74 | dt: 3447.35ms | tok/sec: 152,084 | mfu: 39.61 | epoch: 1 | total time: 159.23m
step 02783 (63.18%) | K: 3 | loss: 0.610212 | L1: 0.308232 | L2: 0.302069 | L3: 0.301891 | lrm: 0.74 | dt: 3445.26ms | tok/sec: 152,176 | mfu: 39.63 | epoch: 1 | total time: 159.28m
step 02784 (63.21%) | K: 3 | loss: 0.609293 | L1: 0.307740 | L2: 0.301637 | L3: 0.301469 | lrm: 0.74 | dt: 3447.11ms | tok/sec: 152,095 | mfu: 39.61 | epoch: 1 | total time: 159.34m
step 02785 (63.23%) | K: 3 | loss: 0.611232 | L1: 0.308702 | L2: 0.302615 | L3: 0.302445 | lrm: 0.74 | dt: 3448.35ms | tok/sec: 152,040 | mfu: 39.59 | epoch: 1 | total time: 159.40m
step 02786 (63.25%) | K: 3 | loss: 0.612638 | L1: 0.309408 | L2: 0.303305 | L3: 0.303153 | lrm: 0.73 | dt: 3452.91ms | tok/sec: 151,839 | mfu: 39.54 | epoch: 1 | total time: 159.46m
step 02787 (63.28%) | K: 3 | loss: 0.614925 | L1: 0.310554 | L2: 0.304456 | L3: 0.304286 | lrm: 0.73 | dt: 3449.25ms | tok/sec: 152,000 | mfu: 39.58 | epoch: 1 | total time: 159.51m
step 02788 (63.30%) | K: 3 | loss: 0.616855 | L1: 0.311543 | L2: 0.305402 | L3: 0.305221 | lrm: 0.73 | dt: 3450.30ms | tok/sec: 151,954 | mfu: 39.57 | epoch: 1 | total time: 159.57m
step 02789 (63.32%) | K: 3 | loss: 0.615561 | L1: 0.310932 | L2: 0.304724 | L3: 0.304535 | lrm: 0.73 | dt: 3452.53ms | tok/sec: 151,856 | mfu: 39.55 | epoch: 1 | total time: 159.63m
step 02790 (63.35%) | K: 3 | loss: 0.613575 | L1: 0.309939 | L2: 0.303740 | L3: 0.303531 | lrm: 0.73 | dt: 3456.50ms | tok/sec: 151,681 | mfu: 39.50 | epoch: 1 | total time: 159.69m
step 02791 (63.37%) | K: 3 | loss: 0.612141 | L1: 0.309234 | L2: 0.303004 | L3: 0.302811 | lrm: 0.73 | dt: 3457.52ms | tok/sec: 151,637 | mfu: 39.49 | epoch: 1 | total time: 159.74m
step 02792 (63.39%) | K: 3 | loss: 0.608843 | L1: 0.307550 | L2: 0.301385 | L3: 0.301200 | lrm: 0.73 | dt: 3456.73ms | tok/sec: 151,671 | mfu: 39.50 | epoch: 1 | total time: 159.80m
step 02793 (63.41%) | K: 3 | loss: 0.606168 | L1: 0.306242 | L2: 0.300015 | L3: 0.299837 | lrm: 0.73 | dt: 3461.19ms | tok/sec: 151,476 | mfu: 39.45 | epoch: 1 | total time: 159.86m
step 02794 (63.44%) | K: 3 | loss: 0.604258 | L1: 0.305286 | L2: 0.299069 | L3: 0.298876 | lrm: 0.73 | dt: 3460.05ms | tok/sec: 151,526 | mfu: 39.46 | epoch: 1 | total time: 159.92m
step 02795 (63.46%) | K: 3 | loss: 0.602654 | L1: 0.304470 | L2: 0.298284 | L3: 0.298085 | lrm: 0.73 | dt: 3461.50ms | tok/sec: 151,462 | mfu: 39.44 | epoch: 1 | total time: 159.98m
step 02796 (63.48%) | K: 3 | loss: 0.605668 | L1: 0.305959 | L2: 0.299799 | L3: 0.299620 | lrm: 0.73 | dt: 3454.17ms | tok/sec: 151,784 | mfu: 39.53 | epoch: 1 | total time: 160.03m
step 02797 (63.50%) | K: 3 | loss: 0.603215 | L1: 0.304719 | L2: 0.298584 | L3: 0.298408 | lrm: 0.73 | dt: 3454.41ms | tok/sec: 151,773 | mfu: 39.52 | epoch: 1 | total time: 160.09m
step 02798 (63.53%) | K: 3 | loss: 0.606993 | L1: 0.306642 | L2: 0.300438 | L3: 0.300264 | lrm: 0.73 | dt: 3452.75ms | tok/sec: 151,846 | mfu: 39.54 | epoch: 1 | total time: 160.15m
step 02799 (63.55%) | K: 3 | loss: 0.609627 | L1: 0.307931 | L2: 0.301772 | L3: 0.301621 | lrm: 0.73 | dt: 3450.96ms | tok/sec: 151,925 | mfu: 39.56 | epoch: 1 | total time: 160.21m
step 02800 (63.57%) | K: 3 | loss: 0.607446 | L1: 0.306799 | L2: 0.300721 | L3: 0.300573 | lrm: 0.73 | dt: 3445.16ms | tok/sec: 152,181 | mfu: 39.63 | epoch: 1 | total time: 160.26m
step 02801 (63.59%) | K: 3 | loss: 0.604614 | L1: 0.305356 | L2: 0.299329 | L3: 0.299188 | lrm: 0.73 | dt: 3441.59ms | tok/sec: 152,338 | mfu: 39.67 | epoch: 1 | total time: 160.32m
step 02802 (63.62%) | K: 3 | loss: 0.600301 | L1: 0.303171 | L2: 0.297190 | L3: 0.297069 | lrm: 0.73 | dt: 3438.74ms | tok/sec: 152,465 | mfu: 39.70 | epoch: 1 | total time: 160.38m
step 02803 (63.64%) | K: 3 | loss: 0.600390 | L1: 0.303230 | L2: 0.297225 | L3: 0.297094 | lrm: 0.73 | dt: 3439.87ms | tok/sec: 152,415 | mfu: 39.69 | epoch: 1 | total time: 160.44m
step 02804 (63.66%) | K: 3 | loss: 0.602121 | L1: 0.304135 | L2: 0.298060 | L3: 0.297914 | lrm: 0.73 | dt: 3439.01ms | tok/sec: 152,453 | mfu: 39.70 | epoch: 1 | total time: 160.49m
step 02805 (63.69%) | K: 3 | loss: 0.602534 | L1: 0.304288 | L2: 0.298309 | L3: 0.298183 | lrm: 0.73 | dt: 3438.67ms | tok/sec: 152,468 | mfu: 39.71 | epoch: 1 | total time: 160.55m
step 02806 (63.71%) | K: 3 | loss: 0.598802 | L1: 0.302471 | L2: 0.296404 | L3: 0.296257 | lrm: 0.73 | dt: 3439.75ms | tok/sec: 152,420 | mfu: 39.69 | epoch: 1 | total time: 160.61m
step 02807 (63.73%) | K: 3 | loss: 0.603165 | L1: 0.304633 | L2: 0.298605 | L3: 0.298458 | lrm: 0.73 | dt: 3447.86ms | tok/sec: 152,062 | mfu: 39.60 | epoch: 1 | total time: 160.66m
step 02808 (63.75%) | K: 3 | loss: 0.601600 | L1: 0.303868 | L2: 0.297809 | L3: 0.297656 | lrm: 0.72 | dt: 3445.82ms | tok/sec: 152,151 | mfu: 39.62 | epoch: 1 | total time: 160.72m
step 02809 (63.78%) | K: 3 | loss: 0.604175 | L1: 0.305167 | L2: 0.299094 | L3: 0.298922 | lrm: 0.72 | dt: 3446.04ms | tok/sec: 152,142 | mfu: 39.62 | epoch: 1 | total time: 160.78m
step 02810 (63.80%) | K: 3 | loss: 0.606247 | L1: 0.306215 | L2: 0.300116 | L3: 0.299949 | lrm: 0.72 | dt: 3452.42ms | tok/sec: 151,861 | mfu: 39.55 | epoch: 1 | total time: 160.84m
step 02811 (63.82%) | K: 3 | loss: 0.606200 | L1: 0.306220 | L2: 0.300066 | L3: 0.299896 | lrm: 0.72 | dt: 3452.45ms | tok/sec: 151,859 | mfu: 39.55 | epoch: 1 | total time: 160.89m
step 02812 (63.84%) | K: 3 | loss: 0.602088 | L1: 0.304145 | L2: 0.298026 | L3: 0.297861 | lrm: 0.72 | dt: 3456.31ms | tok/sec: 151,690 | mfu: 39.50 | epoch: 1 | total time: 160.95m
step 02813 (63.87%) | K: 3 | loss: 0.597828 | L1: 0.302070 | L2: 0.295849 | L3: 0.295666 | lrm: 0.72 | dt: 3456.49ms | tok/sec: 151,682 | mfu: 39.50 | epoch: 1 | total time: 161.01m
step 02814 (63.89%) | K: 3 | loss: 0.602238 | L1: 0.304285 | L2: 0.298048 | L3: 0.297856 | lrm: 0.72 | dt: 3453.67ms | tok/sec: 151,805 | mfu: 39.53 | epoch: 1 | total time: 161.07m
step 02815 (63.91%) | K: 3 | loss: 0.604433 | L1: 0.305392 | L2: 0.299139 | L3: 0.298944 | lrm: 0.72 | dt: 3452.36ms | tok/sec: 151,863 | mfu: 39.55 | epoch: 1 | total time: 161.12m
step 02816 (63.93%) | K: 3 | loss: 0.602192 | L1: 0.304246 | L2: 0.298040 | L3: 0.297851 | lrm: 0.72 | dt: 3451.44ms | tok/sec: 151,904 | mfu: 39.56 | epoch: 1 | total time: 161.18m
step 02817 (63.96%) | K: 3 | loss: 0.601960 | L1: 0.304132 | L2: 0.297924 | L3: 0.297731 | lrm: 0.72 | dt: 3449.28ms | tok/sec: 151,999 | mfu: 39.58 | epoch: 1 | total time: 161.24m
step 02818 (63.98%) | K: 3 | loss: 0.603324 | L1: 0.304805 | L2: 0.298614 | L3: 0.298424 | lrm: 0.72 | dt: 3447.53ms | tok/sec: 152,076 | mfu: 39.60 | epoch: 1 | total time: 161.30m
step 02819 (64.00%) | K: 3 | loss: 0.602412 | L1: 0.304340 | L2: 0.298165 | L3: 0.297980 | lrm: 0.72 | dt: 3450.40ms | tok/sec: 151,949 | mfu: 39.57 | epoch: 1 | total time: 161.35m
step 02820 (64.02%) | K: 3 | loss: 0.611693 | L1: 0.309059 | L2: 0.302732 | L3: 0.302535 | lrm: 0.72 | dt: 3444.47ms | tok/sec: 152,211 | mfu: 39.64 | epoch: 1 | total time: 161.41m
step 02821 (64.05%) | K: 3 | loss: 0.614704 | L1: 0.310590 | L2: 0.304217 | L3: 0.304011 | lrm: 0.72 | dt: 3445.02ms | tok/sec: 152,187 | mfu: 39.63 | epoch: 1 | total time: 161.47m
step 02822 (64.07%) | K: 3 | loss: 0.614217 | L1: 0.310336 | L2: 0.303987 | L3: 0.303775 | lrm: 0.72 | dt: 3439.90ms | tok/sec: 152,413 | mfu: 39.69 | epoch: 1 | total time: 161.53m
step 02823 (64.09%) | K: 3 | loss: 0.611541 | L1: 0.308987 | L2: 0.302655 | L3: 0.302452 | lrm: 0.72 | dt: 3437.15ms | tok/sec: 152,535 | mfu: 39.72 | epoch: 1 | total time: 161.58m
step 02824 (64.11%) | K: 3 | loss: 0.607837 | L1: 0.307074 | L2: 0.300864 | L3: 0.300661 | lrm: 0.72 | dt: 3437.58ms | tok/sec: 152,516 | mfu: 39.72 | epoch: 1 | total time: 161.64m
step 02825 (64.14%) | K: 3 | loss: 0.607179 | L1: 0.306747 | L2: 0.300540 | L3: 0.300324 | lrm: 0.72 | dt: 3440.33ms | tok/sec: 152,394 | mfu: 39.69 | epoch: 1 | total time: 161.70m
step 02826 (64.16%) | K: 3 | loss: 0.605099 | L1: 0.305685 | L2: 0.299522 | L3: 0.299306 | lrm: 0.72 | dt: 3441.13ms | tok/sec: 152,359 | mfu: 39.68 | epoch: 1 | total time: 161.76m
step 02827 (64.18%) | K: 3 | loss: 0.607758 | L1: 0.306998 | L2: 0.300876 | L3: 0.300645 | lrm: 0.72 | dt: 3446.00ms | tok/sec: 152,143 | mfu: 39.62 | epoch: 1 | total time: 161.81m
step 02828 (64.21%) | K: 3 | loss: 0.604747 | L1: 0.305505 | L2: 0.299356 | L3: 0.299127 | lrm: 0.72 | dt: 3451.28ms | tok/sec: 151,911 | mfu: 39.56 | epoch: 1 | total time: 161.87m
step 02829 (64.23%) | K: 3 | loss: 0.604137 | L1: 0.305204 | L2: 0.299053 | L3: 0.298812 | lrm: 0.72 | dt: 3450.44ms | tok/sec: 151,948 | mfu: 39.57 | epoch: 1 | total time: 161.93m
step 02830 (64.25%) | K: 3 | loss: 0.603253 | L1: 0.304775 | L2: 0.298598 | L3: 0.298358 | lrm: 0.71 | dt: 3451.18ms | tok/sec: 151,915 | mfu: 39.56 | epoch: 1 | total time: 161.99m
step 02831 (64.27%) | K: 3 | loss: 0.604698 | L1: 0.305508 | L2: 0.299299 | L3: 0.299081 | lrm: 0.71 | dt: 3451.93ms | tok/sec: 151,882 | mfu: 39.55 | epoch: 1 | total time: 162.04m
step 02832 (64.30%) | K: 3 | loss: 0.605686 | L1: 0.306026 | L2: 0.299766 | L3: 0.299554 | lrm: 0.71 | dt: 3451.87ms | tok/sec: 151,885 | mfu: 39.55 | epoch: 1 | total time: 162.10m
step 02833 (64.32%) | K: 3 | loss: 0.607085 | L1: 0.306699 | L2: 0.300495 | L3: 0.300276 | lrm: 0.71 | dt: 3449.39ms | tok/sec: 151,994 | mfu: 39.58 | epoch: 1 | total time: 162.16m
step 02834 (64.34%) | K: 3 | loss: 0.609893 | L1: 0.308151 | L2: 0.301855 | L3: 0.301629 | lrm: 0.71 | dt: 3444.88ms | tok/sec: 152,193 | mfu: 39.63 | epoch: 1 | total time: 162.22m
step 02835 (64.37%) | K: 3 | loss: 0.609936 | L1: 0.308203 | L2: 0.301846 | L3: 0.301621 | lrm: 0.71 | dt: 3446.14ms | tok/sec: 152,137 | mfu: 39.62 | epoch: 1 | total time: 162.27m
step 02836 (64.39%) | K: 3 | loss: 0.606428 | L1: 0.306456 | L2: 0.300076 | L3: 0.299867 | lrm: 0.71 | dt: 3445.78ms | tok/sec: 152,153 | mfu: 39.62 | epoch: 1 | total time: 162.33m
step 02837 (64.41%) | K: 3 | loss: 0.606906 | L1: 0.306687 | L2: 0.300326 | L3: 0.300113 | lrm: 0.71 | dt: 3443.02ms | tok/sec: 152,275 | mfu: 39.66 | epoch: 1 | total time: 162.39m
step 02838 (64.43%) | K: 3 | loss: 0.604078 | L1: 0.305252 | L2: 0.298932 | L3: 0.298721 | lrm: 0.71 | dt: 3438.21ms | tok/sec: 152,488 | mfu: 39.71 | epoch: 1 | total time: 162.45m
step 02839 (64.46%) | K: 3 | loss: 0.608928 | L1: 0.307695 | L2: 0.301338 | L3: 0.301129 | lrm: 0.71 | dt: 3433.54ms | tok/sec: 152,696 | mfu: 39.76 | epoch: 1 | total time: 162.50m
step 02840 (64.48%) | K: 3 | loss: 0.606084 | L1: 0.306263 | L2: 0.299927 | L3: 0.299715 | lrm: 0.71 | dt: 3436.84ms | tok/sec: 152,549 | mfu: 39.73 | epoch: 1 | total time: 162.56m
step 02841 (64.50%) | K: 3 | loss: 0.606573 | L1: 0.306494 | L2: 0.300177 | L3: 0.299981 | lrm: 0.71 | dt: 3432.03ms | tok/sec: 152,763 | mfu: 39.78 | epoch: 1 | total time: 162.62m
step 02842 (64.53%) | K: 3 | loss: 0.605236 | L1: 0.305813 | L2: 0.299512 | L3: 0.299334 | lrm: 0.71 | dt: 3427.68ms | tok/sec: 152,957 | mfu: 39.83 | epoch: 1 | total time: 162.67m
step 02843 (64.55%) | K: 3 | loss: 0.602306 | L1: 0.304298 | L2: 0.298094 | L3: 0.297922 | lrm: 0.71 | dt: 3434.18ms | tok/sec: 152,667 | mfu: 39.76 | epoch: 1 | total time: 162.73m
step 02844 (64.57%) | K: 3 | loss: 0.601884 | L1: 0.304064 | L2: 0.297900 | L3: 0.297741 | lrm: 0.71 | dt: 3441.86ms | tok/sec: 152,327 | mfu: 39.67 | epoch: 1 | total time: 162.79m
step 02845 (64.59%) | K: 3 | loss: 0.596294 | L1: 0.301279 | L2: 0.295091 | L3: 0.294938 | lrm: 0.71 | dt: 3441.24ms | tok/sec: 152,354 | mfu: 39.68 | epoch: 1 | total time: 162.85m
step 02846 (64.62%) | K: 3 | loss: 0.598262 | L1: 0.302302 | L2: 0.296030 | L3: 0.295890 | lrm: 0.71 | dt: 3445.69ms | tok/sec: 152,157 | mfu: 39.62 | epoch: 1 | total time: 162.90m
step 02847 (64.64%) | K: 3 | loss: 0.598369 | L1: 0.302359 | L2: 0.296071 | L3: 0.295949 | lrm: 0.71 | dt: 3455.10ms | tok/sec: 151,743 | mfu: 39.52 | epoch: 1 | total time: 162.96m
step 02848 (64.66%) | K: 3 | loss: 0.599238 | L1: 0.302831 | L2: 0.296476 | L3: 0.296339 | lrm: 0.71 | dt: 3455.94ms | tok/sec: 151,706 | mfu: 39.51 | epoch: 1 | total time: 163.02m
step 02849 (64.69%) | K: 3 | loss: 0.600032 | L1: 0.303294 | L2: 0.296806 | L3: 0.296671 | lrm: 0.71 | dt: 3458.30ms | tok/sec: 151,602 | mfu: 39.48 | epoch: 1 | total time: 163.08m
step 02850 (64.71%) | K: 3 | loss: 0.596439 | L1: 0.301452 | L2: 0.295053 | L3: 0.294920 | lrm: 0.71 | dt: 3456.75ms | tok/sec: 151,670 | mfu: 39.50 | epoch: 1 | total time: 163.13m
step 02851 (64.73%) | K: 3 | loss: 0.597363 | L1: 0.301899 | L2: 0.295537 | L3: 0.295393 | lrm: 0.71 | dt: 3458.60ms | tok/sec: 151,589 | mfu: 39.48 | epoch: 1 | total time: 163.19m
step 02852 (64.75%) | K: 3 | loss: 0.594864 | L1: 0.300611 | L2: 0.294328 | L3: 0.294179 | lrm: 0.70 | dt: 3458.35ms | tok/sec: 151,600 | mfu: 39.48 | epoch: 1 | total time: 163.25m
step 02853 (64.78%) | K: 3 | loss: 0.594383 | L1: 0.300349 | L2: 0.294112 | L3: 0.293955 | lrm: 0.70 | dt: 3458.91ms | tok/sec: 151,575 | mfu: 39.47 | epoch: 1 | total time: 163.31m
step 02854 (64.80%) | K: 3 | loss: 0.594053 | L1: 0.300160 | L2: 0.293980 | L3: 0.293807 | lrm: 0.70 | dt: 3459.74ms | tok/sec: 151,539 | mfu: 39.46 | epoch: 1 | total time: 163.36m
step 02855 (64.82%) | K: 3 | loss: 0.594690 | L1: 0.300493 | L2: 0.294289 | L3: 0.294106 | lrm: 0.70 | dt: 3458.57ms | tok/sec: 151,591 | mfu: 39.48 | epoch: 1 | total time: 163.42m
step 02856 (64.84%) | K: 3 | loss: 0.594212 | L1: 0.300218 | L2: 0.294092 | L3: 0.293896 | lrm: 0.70 | dt: 3456.04ms | tok/sec: 151,701 | mfu: 39.51 | epoch: 1 | total time: 163.48m
step 02857 (64.87%) | K: 3 | loss: 0.593158 | L1: 0.299738 | L2: 0.293520 | L3: 0.293320 | lrm: 0.70 | dt: 3459.99ms | tok/sec: 151,528 | mfu: 39.46 | epoch: 1 | total time: 163.54m
step 02858 (64.89%) | K: 3 | loss: 0.597404 | L1: 0.301853 | L2: 0.295653 | L3: 0.295449 | lrm: 0.70 | dt: 3455.54ms | tok/sec: 151,723 | mfu: 39.51 | epoch: 1 | total time: 163.60m
step 02859 (64.91%) | K: 3 | loss: 0.597080 | L1: 0.301727 | L2: 0.295460 | L3: 0.295245 | lrm: 0.70 | dt: 3457.54ms | tok/sec: 151,636 | mfu: 39.49 | epoch: 1 | total time: 163.65m
step 02860 (64.93%) | K: 3 | loss: 0.597642 | L1: 0.302036 | L2: 0.295718 | L3: 0.295492 | lrm: 0.70 | dt: 3453.89ms | tok/sec: 151,796 | mfu: 39.53 | epoch: 1 | total time: 163.71m
step 02861 (64.96%) | K: 3 | loss: 0.599600 | L1: 0.302975 | L2: 0.296743 | L3: 0.296509 | lrm: 0.70 | dt: 3450.79ms | tok/sec: 151,932 | mfu: 39.57 | epoch: 1 | total time: 163.77m
step 02862 (64.98%) | K: 3 | loss: 0.600371 | L1: 0.303346 | L2: 0.297140 | L3: 0.296910 | lrm: 0.70 | dt: 3445.79ms | tok/sec: 152,153 | mfu: 39.62 | epoch: 1 | total time: 163.83m
step 02863 (65.00%) | K: 3 | loss: 0.597756 | L1: 0.302042 | L2: 0.295827 | L3: 0.295601 | lrm: 0.70 | dt: 3441.79ms | tok/sec: 152,330 | mfu: 39.67 | epoch: 1 | total time: 163.88m
step 02864 (65.02%) | K: 3 | loss: 0.597542 | L1: 0.301949 | L2: 0.295708 | L3: 0.295477 | lrm: 0.70 | dt: 3441.30ms | tok/sec: 152,351 | mfu: 39.68 | epoch: 1 | total time: 163.94m
step 02865 (65.05%) | K: 3 | loss: 0.596986 | L1: 0.301628 | L2: 0.295474 | L3: 0.295242 | lrm: 0.70 | dt: 3436.90ms | tok/sec: 152,546 | mfu: 39.73 | epoch: 1 | total time: 164.00m
step 02866 (65.07%) | K: 3 | loss: 0.595775 | L1: 0.301023 | L2: 0.294864 | L3: 0.294640 | lrm: 0.70 | dt: 3436.90ms | tok/sec: 152,546 | mfu: 39.73 | epoch: 1 | total time: 164.05m
step 02867 (65.09%) | K: 3 | loss: 0.596476 | L1: 0.301380 | L2: 0.295198 | L3: 0.294994 | lrm: 0.70 | dt: 3434.62ms | tok/sec: 152,648 | mfu: 39.75 | epoch: 1 | total time: 164.11m
step 02868 (65.12%) | K: 3 | loss: 0.596443 | L1: 0.301365 | L2: 0.295188 | L3: 0.294968 | lrm: 0.70 | dt: 3435.29ms | tok/sec: 152,618 | mfu: 39.74 | epoch: 1 | total time: 164.17m
step 02869 (65.14%) | K: 3 | loss: 0.595500 | L1: 0.300872 | L2: 0.294738 | L3: 0.294517 | lrm: 0.70 | dt: 3437.33ms | tok/sec: 152,527 | mfu: 39.72 | epoch: 1 | total time: 164.23m
step 02870 (65.16%) | K: 3 | loss: 0.592187 | L1: 0.299206 | L2: 0.293088 | L3: 0.292874 | lrm: 0.70 | dt: 3440.87ms | tok/sec: 152,370 | mfu: 39.68 | epoch: 1 | total time: 164.28m
step 02871 (65.18%) | K: 3 | loss: 0.595616 | L1: 0.300937 | L2: 0.294783 | L3: 0.294573 | lrm: 0.70 | dt: 3442.31ms | tok/sec: 152,307 | mfu: 39.66 | epoch: 1 | total time: 164.34m
step 02872 (65.21%) | K: 3 | loss: 0.600003 | L1: 0.303182 | L2: 0.296923 | L3: 0.296718 | lrm: 0.70 | dt: 3443.51ms | tok/sec: 152,253 | mfu: 39.65 | epoch: 1 | total time: 164.40m
step 02873 (65.23%) | K: 3 | loss: 0.601724 | L1: 0.304065 | L2: 0.297764 | L3: 0.297553 | lrm: 0.70 | dt: 3445.82ms | tok/sec: 152,151 | mfu: 39.62 | epoch: 1 | total time: 164.46m
step 02874 (65.25%) | K: 3 | loss: 0.601157 | L1: 0.303802 | L2: 0.297461 | L3: 0.297249 | lrm: 0.69 | dt: 3450.80ms | tok/sec: 151,932 | mfu: 39.57 | epoch: 1 | total time: 164.51m
step 02875 (65.28%) | K: 3 | loss: 0.595466 | L1: 0.300947 | L2: 0.294622 | L3: 0.294415 | lrm: 0.69 | dt: 3449.89ms | tok/sec: 151,972 | mfu: 39.58 | epoch: 1 | total time: 164.57m
step 02876 (65.30%) | K: 3 | loss: 0.597577 | L1: 0.301938 | L2: 0.295745 | L3: 0.295534 | lrm: 0.69 | dt: 3454.06ms | tok/sec: 151,788 | mfu: 39.53 | epoch: 1 | total time: 164.63m
step 02877 (65.32%) | K: 3 | loss: 0.596903 | L1: 0.301584 | L2: 0.295424 | L3: 0.295215 | lrm: 0.69 | dt: 3452.19ms | tok/sec: 151,871 | mfu: 39.55 | epoch: 1 | total time: 164.69m
step 02878 (65.34%) | K: 3 | loss: 0.597625 | L1: 0.301936 | L2: 0.295799 | L3: 0.295580 | lrm: 0.69 | dt: 3452.38ms | tok/sec: 151,862 | mfu: 39.55 | epoch: 1 | total time: 164.74m
step 02879 (65.37%) | K: 3 | loss: 0.598997 | L1: 0.302637 | L2: 0.296464 | L3: 0.296255 | lrm: 0.69 | dt: 3452.90ms | tok/sec: 151,839 | mfu: 39.54 | epoch: 1 | total time: 164.80m
step 02880 (65.39%) | K: 3 | loss: 0.594045 | L1: 0.300150 | L2: 0.294005 | L3: 0.293786 | lrm: 0.69 | dt: 3458.83ms | tok/sec: 151,579 | mfu: 39.47 | epoch: 1 | total time: 164.86m
step 02881 (65.41%) | K: 3 | loss: 0.592801 | L1: 0.299520 | L2: 0.293386 | L3: 0.293176 | lrm: 0.69 | dt: 3454.88ms | tok/sec: 151,753 | mfu: 39.52 | epoch: 1 | total time: 164.92m
step 02882 (65.44%) | K: 3 | loss: 0.595352 | L1: 0.300800 | L2: 0.294657 | L3: 0.294448 | lrm: 0.69 | dt: 3457.89ms | tok/sec: 151,620 | mfu: 39.48 | epoch: 1 | total time: 164.97m
step 02883 (65.46%) | K: 3 | loss: 0.597078 | L1: 0.301659 | L2: 0.295527 | L3: 0.295312 | lrm: 0.69 | dt: 3455.68ms | tok/sec: 151,717 | mfu: 39.51 | epoch: 1 | total time: 165.03m
step 02884 (65.48%) | K: 3 | loss: 0.595361 | L1: 0.300775 | L2: 0.294694 | L3: 0.294477 | lrm: 0.69 | dt: 3448.86ms | tok/sec: 152,017 | mfu: 39.59 | epoch: 1 | total time: 165.09m
step 02885 (65.50%) | K: 3 | loss: 0.595414 | L1: 0.300794 | L2: 0.294732 | L3: 0.294507 | lrm: 0.69 | dt: 3450.40ms | tok/sec: 151,949 | mfu: 39.57 | epoch: 1 | total time: 165.15m
step 02886 (65.53%) | K: 3 | loss: 0.594040 | L1: 0.300121 | L2: 0.294027 | L3: 0.293811 | lrm: 0.69 | dt: 3442.51ms | tok/sec: 152,298 | mfu: 39.66 | epoch: 1 | total time: 165.20m
step 02887 (65.55%) | K: 3 | loss: 0.592368 | L1: 0.299293 | L2: 0.293179 | L3: 0.292971 | lrm: 0.69 | dt: 3438.86ms | tok/sec: 152,459 | mfu: 39.70 | epoch: 1 | total time: 165.26m
step 02888 (65.57%) | K: 3 | loss: 0.595133 | L1: 0.300675 | L2: 0.294547 | L3: 0.294369 | lrm: 0.69 | dt: 3435.55ms | tok/sec: 152,606 | mfu: 39.74 | epoch: 1 | total time: 165.32m
step 02889 (65.60%) | K: 3 | loss: 0.596229 | L1: 0.301246 | L2: 0.295071 | L3: 0.294895 | lrm: 0.69 | dt: 3433.43ms | tok/sec: 152,701 | mfu: 39.77 | epoch: 1 | total time: 165.38m
step 02890 (65.62%) | K: 3 | loss: 0.597712 | L1: 0.301981 | L2: 0.295823 | L3: 0.295640 | lrm: 0.69 | dt: 3433.42ms | tok/sec: 152,701 | mfu: 39.77 | epoch: 1 | total time: 165.43m
step 02891 (65.64%) | K: 3 | loss: 0.597352 | L1: 0.301773 | L2: 0.295674 | L3: 0.295484 | lrm: 0.69 | dt: 3428.92ms | tok/sec: 152,901 | mfu: 39.82 | epoch: 1 | total time: 165.49m
step 02892 (65.67%) | K: 3 | loss: 0.596040 | L1: 0.301085 | L2: 0.295050 | L3: 0.294861 | lrm: 0.69 | dt: 3435.09ms | tok/sec: 152,627 | mfu: 39.75 | epoch: 1 | total time: 165.55m
step 02893 (65.69%) | K: 3 | loss: 0.595535 | L1: 0.300844 | L2: 0.294785 | L3: 0.294598 | lrm: 0.69 | dt: 3439.86ms | tok/sec: 152,415 | mfu: 39.69 | epoch: 1 | total time: 165.60m
step 02894 (65.71%) | K: 3 | loss: 0.594377 | L1: 0.300302 | L2: 0.294166 | L3: 0.293985 | lrm: 0.69 | dt: 3443.74ms | tok/sec: 152,243 | mfu: 39.65 | epoch: 1 | total time: 165.66m
step 02895 (65.73%) | K: 3 | loss: 0.593927 | L1: 0.300046 | L2: 0.293979 | L3: 0.293783 | lrm: 0.69 | dt: 3436.83ms | tok/sec: 152,550 | mfu: 39.73 | epoch: 1 | total time: 165.72m
step 02896 (65.75%) | K: 3 | loss: 0.591990 | L1: 0.299063 | L2: 0.293022 | L3: 0.292832 | lrm: 0.68 | dt: 3443.25ms | tok/sec: 152,265 | mfu: 39.65 | epoch: 1 | total time: 165.78m
step 02897 (65.78%) | K: 3 | loss: 0.590292 | L1: 0.298228 | L2: 0.292155 | L3: 0.291975 | lrm: 0.68 | dt: 3451.18ms | tok/sec: 151,915 | mfu: 39.56 | epoch: 1 | total time: 165.83m
step 02898 (65.80%) | K: 3 | loss: 0.587480 | L1: 0.296803 | L2: 0.290765 | L3: 0.290589 | lrm: 0.68 | dt: 3450.67ms | tok/sec: 151,938 | mfu: 39.57 | epoch: 1 | total time: 165.89m
step 02899 (65.82%) | K: 3 | loss: 0.590147 | L1: 0.298134 | L2: 0.292100 | L3: 0.291926 | lrm: 0.68 | dt: 3454.33ms | tok/sec: 151,776 | mfu: 39.53 | epoch: 1 | total time: 165.95m
step 02900 (65.84%) | K: 3 | loss: 0.589941 | L1: 0.298039 | L2: 0.291987 | L3: 0.291818 | lrm: 0.68 | dt: 3453.65ms | tok/sec: 151,806 | mfu: 39.53 | epoch: 1 | total time: 166.01m
step 02901 (65.86%) | K: 3 | loss: 0.589938 | L1: 0.298036 | L2: 0.291986 | L3: 0.291818 | lrm: 0.68 | dt: 3452.94ms | tok/sec: 151,837 | mfu: 39.54 | epoch: 1 | total time: 166.06m
step 02902 (65.89%) | K: 3 | loss: 0.589803 | L1: 0.297933 | L2: 0.291952 | L3: 0.291786 | lrm: 0.68 | dt: 3453.10ms | tok/sec: 151,830 | mfu: 39.54 | epoch: 1 | total time: 166.12m
step 02903 (65.91%) | K: 3 | loss: 0.593540 | L1: 0.299827 | L2: 0.293799 | L3: 0.293627 | lrm: 0.68 | dt: 3453.15ms | tok/sec: 151,828 | mfu: 39.54 | epoch: 1 | total time: 166.18m
step 02904 (65.93%) | K: 3 | loss: 0.593018 | L1: 0.299578 | L2: 0.293528 | L3: 0.293352 | lrm: 0.68 | dt: 3450.30ms | tok/sec: 151,954 | mfu: 39.57 | epoch: 1 | total time: 166.24m
step 02905 (65.96%) | K: 3 | loss: 0.594521 | L1: 0.300316 | L2: 0.294287 | L3: 0.294123 | lrm: 0.68 | dt: 3448.52ms | tok/sec: 152,032 | mfu: 39.59 | epoch: 1 | total time: 166.29m
step 02906 (65.98%) | K: 3 | loss: 0.596979 | L1: 0.301531 | L2: 0.295525 | L3: 0.295371 | lrm: 0.68 | dt: 3445.75ms | tok/sec: 152,154 | mfu: 39.62 | epoch: 1 | total time: 166.35m
step 02907 (66.00%) | K: 3 | loss: 0.596945 | L1: 0.301547 | L2: 0.295478 | L3: 0.295317 | lrm: 0.68 | dt: 3445.07ms | tok/sec: 152,185 | mfu: 39.63 | epoch: 1 | total time: 166.41m
step 02908 (66.03%) | K: 3 | loss: 0.595371 | L1: 0.300771 | L2: 0.294693 | L3: 0.294507 | lrm: 0.68 | dt: 3442.39ms | tok/sec: 152,303 | mfu: 39.66 | epoch: 1 | total time: 166.47m
step 02909 (66.05%) | K: 3 | loss: 0.590699 | L1: 0.298431 | L2: 0.292366 | L3: 0.292171 | lrm: 0.68 | dt: 3437.17ms | tok/sec: 152,534 | mfu: 39.72 | epoch: 1 | total time: 166.52m
step 02910 (66.07%) | K: 3 | loss: 0.592111 | L1: 0.299138 | L2: 0.293068 | L3: 0.292878 | lrm: 0.68 | dt: 3438.64ms | tok/sec: 152,469 | mfu: 39.71 | epoch: 1 | total time: 166.58m
step 02911 (66.09%) | K: 3 | loss: 0.598593 | L1: 0.302431 | L2: 0.296262 | L3: 0.296062 | lrm: 0.68 | dt: 3439.59ms | tok/sec: 152,427 | mfu: 39.69 | epoch: 1 | total time: 166.64m
step 02912 (66.12%) | K: 3 | loss: 0.594508 | L1: 0.300412 | L2: 0.294195 | L3: 0.293997 | lrm: 0.68 | dt: 3443.21ms | tok/sec: 152,267 | mfu: 39.65 | epoch: 1 | total time: 166.70m
step 02913 (66.14%) | K: 3 | loss: 0.600305 | L1: 0.303325 | L2: 0.297074 | L3: 0.296887 | lrm: 0.68 | dt: 3443.49ms | tok/sec: 152,254 | mfu: 39.65 | epoch: 1 | total time: 166.75m
step 02914 (66.16%) | K: 3 | loss: 0.601011 | L1: 0.303622 | L2: 0.297480 | L3: 0.297298 | lrm: 0.68 | dt: 3444.59ms | tok/sec: 152,206 | mfu: 39.64 | epoch: 1 | total time: 166.81m
step 02915 (66.18%) | K: 3 | loss: 0.596674 | L1: 0.301417 | L2: 0.295350 | L3: 0.295164 | lrm: 0.68 | dt: 3452.22ms | tok/sec: 151,869 | mfu: 39.55 | epoch: 1 | total time: 166.87m
step 02916 (66.21%) | K: 3 | loss: 0.600672 | L1: 0.303419 | L2: 0.297341 | L3: 0.297164 | lrm: 0.68 | dt: 3456.67ms | tok/sec: 151,674 | mfu: 39.50 | epoch: 1 | total time: 166.93m
step 02917 (66.23%) | K: 3 | loss: 0.600408 | L1: 0.303250 | L2: 0.297248 | L3: 0.297068 | lrm: 0.68 | dt: 3459.47ms | tok/sec: 151,551 | mfu: 39.47 | epoch: 1 | total time: 166.98m
step 02918 (66.25%) | K: 3 | loss: 0.598172 | L1: 0.302104 | L2: 0.296140 | L3: 0.295997 | lrm: 0.67 | dt: 3457.66ms | tok/sec: 151,630 | mfu: 39.49 | epoch: 1 | total time: 167.04m
step 02919 (66.28%) | K: 3 | loss: 0.600757 | L1: 0.303393 | L2: 0.297444 | L3: 0.297283 | lrm: 0.67 | dt: 3461.36ms | tok/sec: 151,468 | mfu: 39.45 | epoch: 1 | total time: 167.10m
step 02920 (66.30%) | K: 3 | loss: 0.599708 | L1: 0.302872 | L2: 0.296910 | L3: 0.296763 | lrm: 0.67 | dt: 3460.73ms | tok/sec: 151,496 | mfu: 39.45 | epoch: 1 | total time: 167.16m
step 02921 (66.32%) | K: 3 | loss: 0.595764 | L1: 0.300869 | L2: 0.294974 | L3: 0.294816 | lrm: 0.67 | dt: 3457.75ms | tok/sec: 151,626 | mfu: 39.49 | epoch: 1 | total time: 167.21m
step 02922 (66.34%) | K: 3 | loss: 0.597793 | L1: 0.301871 | L2: 0.296006 | L3: 0.295837 | lrm: 0.67 | dt: 3450.49ms | tok/sec: 151,945 | mfu: 39.57 | epoch: 1 | total time: 167.27m
step 02923 (66.37%) | K: 3 | loss: 0.595602 | L1: 0.300781 | L2: 0.294905 | L3: 0.294735 | lrm: 0.67 | dt: 3450.68ms | tok/sec: 151,937 | mfu: 39.57 | epoch: 1 | total time: 167.33m
step 02924 (66.39%) | K: 3 | loss: 0.598185 | L1: 0.302134 | L2: 0.296134 | L3: 0.295969 | lrm: 0.67 | dt: 3449.74ms | tok/sec: 151,979 | mfu: 39.58 | epoch: 1 | total time: 167.39m
step 02925 (66.41%) | K: 3 | loss: 0.602103 | L1: 0.304103 | L2: 0.298088 | L3: 0.297912 | lrm: 0.67 | dt: 3446.45ms | tok/sec: 152,123 | mfu: 39.62 | epoch: 1 | total time: 167.44m
step 02926 (66.43%) | K: 3 | loss: 0.601562 | L1: 0.303872 | L2: 0.297775 | L3: 0.297603 | lrm: 0.67 | dt: 3440.34ms | tok/sec: 152,394 | mfu: 39.69 | epoch: 1 | total time: 167.50m
step 02927 (66.45%) | K: 3 | loss: 0.600715 | L1: 0.303434 | L2: 0.297362 | L3: 0.297198 | lrm: 0.67 | dt: 3440.32ms | tok/sec: 152,395 | mfu: 39.69 | epoch: 1 | total time: 167.56m
step 02928 (66.48%) | K: 3 | loss: 0.598729 | L1: 0.302467 | L2: 0.296340 | L3: 0.296184 | lrm: 0.67 | dt: 3433.99ms | tok/sec: 152,675 | mfu: 39.76 | epoch: 1 | total time: 167.62m
step 02929 (66.50%) | K: 3 | loss: 0.598599 | L1: 0.302398 | L2: 0.296281 | L3: 0.296122 | lrm: 0.67 | dt: 3442.79ms | tok/sec: 152,285 | mfu: 39.66 | epoch: 1 | total time: 167.67m
step 02930 (66.52%) | K: 3 | loss: 0.597412 | L1: 0.301833 | L2: 0.295666 | L3: 0.295494 | lrm: 0.67 | dt: 3439.06ms | tok/sec: 152,451 | mfu: 39.70 | epoch: 1 | total time: 167.73m
step 02931 (66.54%) | K: 3 | loss: 0.599271 | L1: 0.302750 | L2: 0.296609 | L3: 0.296434 | lrm: 0.67 | dt: 3445.70ms | tok/sec: 152,157 | mfu: 39.62 | epoch: 1 | total time: 167.79m
step 02932 (66.57%) | K: 3 | loss: 0.599118 | L1: 0.302643 | L2: 0.296563 | L3: 0.296387 | lrm: 0.67 | dt: 3453.81ms | tok/sec: 151,799 | mfu: 39.53 | epoch: 1 | total time: 167.85m
step 02933 (66.59%) | K: 3 | loss: 0.601473 | L1: 0.303845 | L2: 0.297718 | L3: 0.297538 | lrm: 0.67 | dt: 3454.22ms | tok/sec: 151,781 | mfu: 39.53 | epoch: 1 | total time: 167.90m
step 02934 (66.61%) | K: 3 | loss: 0.599027 | L1: 0.302605 | L2: 0.296514 | L3: 0.296330 | lrm: 0.67 | dt: 3453.14ms | tok/sec: 151,829 | mfu: 39.54 | epoch: 1 | total time: 167.96m
step 02935 (66.63%) | K: 3 | loss: 0.597326 | L1: 0.301716 | L2: 0.295705 | L3: 0.295516 | lrm: 0.67 | dt: 3453.85ms | tok/sec: 151,798 | mfu: 39.53 | epoch: 1 | total time: 168.02m
step 02936 (66.66%) | K: 3 | loss: 0.595023 | L1: 0.300558 | L2: 0.294563 | L3: 0.294367 | lrm: 0.67 | dt: 3453.38ms | tok/sec: 151,819 | mfu: 39.54 | epoch: 1 | total time: 168.08m
step 02937 (66.68%) | K: 3 | loss: 0.589870 | L1: 0.297967 | L2: 0.292002 | L3: 0.291803 | lrm: 0.67 | dt: 3455.58ms | tok/sec: 151,722 | mfu: 39.51 | epoch: 1 | total time: 168.13m
step 02938 (66.70%) | K: 3 | loss: 0.592671 | L1: 0.299394 | L2: 0.293371 | L3: 0.293183 | lrm: 0.67 | dt: 3457.67ms | tok/sec: 151,630 | mfu: 39.49 | epoch: 1 | total time: 168.19m
step 02939 (66.72%) | K: 3 | loss: 0.591861 | L1: 0.299044 | L2: 0.292909 | L3: 0.292724 | lrm: 0.67 | dt: 3460.47ms | tok/sec: 151,507 | mfu: 39.46 | epoch: 1 | total time: 168.25m
step 02940 (66.75%) | K: 3 | loss: 0.593617 | L1: 0.299954 | L2: 0.293760 | L3: 0.293565 | lrm: 0.67 | dt: 3454.40ms | tok/sec: 151,774 | mfu: 39.52 | epoch: 1 | total time: 168.31m
step 02941 (66.77%) | K: 3 | loss: 0.591958 | L1: 0.299142 | L2: 0.292913 | L3: 0.292720 | lrm: 0.66 | dt: 3453.86ms | tok/sec: 151,797 | mfu: 39.53 | epoch: 1 | total time: 168.36m
step 02942 (66.79%) | K: 3 | loss: 0.590652 | L1: 0.298435 | L2: 0.292310 | L3: 0.292123 | lrm: 0.66 | dt: 3448.88ms | tok/sec: 152,016 | mfu: 39.59 | epoch: 1 | total time: 168.42m
step 02943 (66.81%) | K: 3 | loss: 0.592767 | L1: 0.299507 | L2: 0.293352 | L3: 0.293170 | lrm: 0.66 | dt: 3440.75ms | tok/sec: 152,375 | mfu: 39.68 | epoch: 1 | total time: 168.48m
step 02944 (66.84%) | K: 3 | loss: 0.592960 | L1: 0.299641 | L2: 0.293411 | L3: 0.293227 | lrm: 0.66 | dt: 3442.23ms | tok/sec: 152,310 | mfu: 39.66 | epoch: 1 | total time: 168.54m
step 02945 (66.86%) | K: 3 | loss: 0.595959 | L1: 0.301129 | L2: 0.294916 | L3: 0.294743 | lrm: 0.66 | dt: 3440.18ms | tok/sec: 152,401 | mfu: 39.69 | epoch: 1 | total time: 168.59m
step 02946 (66.88%) | K: 3 | loss: 0.595207 | L1: 0.300756 | L2: 0.294538 | L3: 0.294363 | lrm: 0.66 | dt: 3439.49ms | tok/sec: 152,431 | mfu: 39.70 | epoch: 1 | total time: 168.65m
step 02947 (66.90%) | K: 3 | loss: 0.592993 | L1: 0.299618 | L2: 0.293459 | L3: 0.293290 | lrm: 0.66 | dt: 3431.59ms | tok/sec: 152,783 | mfu: 39.79 | epoch: 1 | total time: 168.71m
step 02948 (66.93%) | K: 3 | loss: 0.592857 | L1: 0.299548 | L2: 0.293398 | L3: 0.293220 | lrm: 0.66 | dt: 3431.31ms | tok/sec: 152,795 | mfu: 39.79 | epoch: 1 | total time: 168.77m
step 02949 (66.95%) | K: 3 | loss: 0.598412 | L1: 0.302367 | L2: 0.296140 | L3: 0.295949 | lrm: 0.66 | dt: 3432.53ms | tok/sec: 152,741 | mfu: 39.78 | epoch: 1 | total time: 168.82m
step 02950 (66.97%) | K: 3 | loss: 0.599222 | L1: 0.302781 | L2: 0.296546 | L3: 0.296337 | lrm: 0.66 | dt: 3434.35ms | tok/sec: 152,659 | mfu: 39.76 | epoch: 1 | total time: 168.88m
step 02951 (66.99%) | K: 3 | loss: 0.596824 | L1: 0.301535 | L2: 0.295391 | L3: 0.295187 | lrm: 0.66 | dt: 3437.11ms | tok/sec: 152,537 | mfu: 39.72 | epoch: 1 | total time: 168.94m
step 02952 (67.02%) | K: 3 | loss: 0.595175 | L1: 0.300698 | L2: 0.294577 | L3: 0.294377 | lrm: 0.66 | dt: 3442.54ms | tok/sec: 152,296 | mfu: 39.66 | epoch: 1 | total time: 168.99m
step 02953 (67.04%) | K: 3 | loss: 0.595075 | L1: 0.300715 | L2: 0.294465 | L3: 0.294255 | lrm: 0.66 | dt: 3443.01ms | tok/sec: 152,276 | mfu: 39.66 | epoch: 1 | total time: 169.05m
step 02954 (67.06%) | K: 3 | loss: 0.592974 | L1: 0.299686 | L2: 0.293391 | L3: 0.293186 | lrm: 0.66 | dt: 3445.75ms | tok/sec: 152,154 | mfu: 39.62 | epoch: 1 | total time: 169.11m
step 02955 (67.09%) | K: 3 | loss: 0.591747 | L1: 0.299035 | L2: 0.292818 | L3: 0.292607 | lrm: 0.66 | dt: 3448.90ms | tok/sec: 152,015 | mfu: 39.59 | epoch: 1 | total time: 169.17m
step 02956 (67.11%) | K: 3 | loss: 0.596081 | L1: 0.301220 | L2: 0.294966 | L3: 0.294757 | lrm: 0.66 | dt: 3459.15ms | tok/sec: 151,565 | mfu: 39.47 | epoch: 1 | total time: 169.22m
step 02957 (67.13%) | K: 3 | loss: 0.596266 | L1: 0.301292 | L2: 0.295077 | L3: 0.294871 | lrm: 0.66 | dt: 3458.48ms | tok/sec: 151,594 | mfu: 39.48 | epoch: 1 | total time: 169.28m
step 02958 (67.15%) | K: 3 | loss: 0.596400 | L1: 0.301373 | L2: 0.295143 | L3: 0.294911 | lrm: 0.66 | dt: 3456.76ms | tok/sec: 151,670 | mfu: 39.50 | epoch: 1 | total time: 169.34m
step 02959 (67.17%) | K: 3 | loss: 0.593846 | L1: 0.300102 | L2: 0.293854 | L3: 0.293634 | lrm: 0.66 | dt: 3457.10ms | tok/sec: 151,655 | mfu: 39.49 | epoch: 1 | total time: 169.40m
step 02960 (67.20%) | K: 3 | loss: 0.593440 | L1: 0.299857 | L2: 0.293680 | L3: 0.293487 | lrm: 0.66 | dt: 3458.69ms | tok/sec: 151,585 | mfu: 39.48 | epoch: 1 | total time: 169.46m
step 02961 (67.22%) | K: 3 | loss: 0.591623 | L1: 0.298941 | L2: 0.292778 | L3: 0.292584 | lrm: 0.66 | dt: 3455.41ms | tok/sec: 151,729 | mfu: 39.51 | epoch: 1 | total time: 169.51m
step 02962 (67.24%) | K: 3 | loss: 0.590425 | L1: 0.298309 | L2: 0.292209 | L3: 0.292023 | lrm: 0.66 | dt: 3451.13ms | tok/sec: 151,917 | mfu: 39.56 | epoch: 1 | total time: 169.57m
step 02963 (67.27%) | K: 3 | loss: 0.589934 | L1: 0.298023 | L2: 0.292004 | L3: 0.291816 | lrm: 0.65 | dt: 3449.81ms | tok/sec: 151,975 | mfu: 39.58 | epoch: 1 | total time: 169.63m
step 02964 (67.29%) | K: 3 | loss: 0.588840 | L1: 0.297489 | L2: 0.291443 | L3: 0.291258 | lrm: 0.65 | dt: 3447.88ms | tok/sec: 152,060 | mfu: 39.60 | epoch: 1 | total time: 169.69m
step 02965 (67.31%) | K: 3 | loss: 0.589543 | L1: 0.297850 | L2: 0.291790 | L3: 0.291596 | lrm: 0.65 | dt: 3443.50ms | tok/sec: 152,254 | mfu: 39.65 | epoch: 1 | total time: 169.74m
step 02966 (67.33%) | K: 3 | loss: 0.586138 | L1: 0.296140 | L2: 0.290095 | L3: 0.289902 | lrm: 0.65 | dt: 3440.77ms | tok/sec: 152,375 | mfu: 39.68 | epoch: 1 | total time: 169.80m
step 02967 (67.35%) | K: 3 | loss: 0.590210 | L1: 0.298195 | L2: 0.292109 | L3: 0.291921 | lrm: 0.65 | dt: 3442.18ms | tok/sec: 152,312 | mfu: 39.66 | epoch: 1 | total time: 169.86m
step 02968 (67.38%) | K: 3 | loss: 0.593392 | L1: 0.299786 | L2: 0.293696 | L3: 0.293514 | lrm: 0.65 | dt: 3442.39ms | tok/sec: 152,303 | mfu: 39.66 | epoch: 1 | total time: 169.91m
step 02969 (67.40%) | K: 3 | loss: 0.595824 | L1: 0.301016 | L2: 0.294897 | L3: 0.294720 | lrm: 0.65 | dt: 3442.39ms | tok/sec: 152,303 | mfu: 39.66 | epoch: 1 | total time: 169.97m
step 02970 (67.42%) | K: 3 | loss: 0.597009 | L1: 0.301634 | L2: 0.295466 | L3: 0.295284 | lrm: 0.65 | dt: 3439.83ms | tok/sec: 152,416 | mfu: 39.69 | epoch: 1 | total time: 170.03m
step 02971 (67.44%) | K: 3 | loss: 0.598611 | L1: 0.302436 | L2: 0.296270 | L3: 0.296081 | lrm: 0.65 | dt: 3443.20ms | tok/sec: 152,267 | mfu: 39.65 | epoch: 1 | total time: 170.09m
step 02972 (67.46%) | K: 3 | loss: 0.599724 | L1: 0.302976 | L2: 0.296846 | L3: 0.296650 | lrm: 0.65 | dt: 3442.12ms | tok/sec: 152,315 | mfu: 39.67 | epoch: 1 | total time: 170.14m
step 02973 (67.48%) | K: 3 | loss: 0.599400 | L1: 0.302812 | L2: 0.296684 | L3: 0.296492 | lrm: 0.65 | dt: 3442.80ms | tok/sec: 152,285 | mfu: 39.66 | epoch: 1 | total time: 170.20m
step 02974 (67.51%) | K: 3 | loss: 0.600229 | L1: 0.303207 | L2: 0.297117 | L3: 0.296928 | lrm: 0.65 | dt: 3440.36ms | tok/sec: 152,393 | mfu: 39.69 | epoch: 1 | total time: 170.26m
step 02975 (67.53%) | K: 3 | loss: 0.597440 | L1: 0.301770 | L2: 0.295769 | L3: 0.295571 | lrm: 0.65 | dt: 3446.07ms | tok/sec: 152,141 | mfu: 39.62 | epoch: 1 | total time: 170.32m
step 02976 (67.55%) | K: 3 | loss: 0.592831 | L1: 0.299434 | L2: 0.293494 | L3: 0.293299 | lrm: 0.65 | dt: 3443.78ms | tok/sec: 152,241 | mfu: 39.65 | epoch: 1 | total time: 170.37m
step 02977 (67.58%) | K: 3 | loss: 0.591088 | L1: 0.298603 | L2: 0.292582 | L3: 0.292389 | lrm: 0.65 | dt: 3442.80ms | tok/sec: 152,285 | mfu: 39.66 | epoch: 1 | total time: 170.43m
step 02978 (67.60%) | K: 3 | loss: 0.594392 | L1: 0.300223 | L2: 0.294262 | L3: 0.294077 | lrm: 0.65 | dt: 3443.40ms | tok/sec: 152,258 | mfu: 39.65 | epoch: 1 | total time: 170.49m
step 02979 (67.62%) | K: 3 | loss: 0.593093 | L1: 0.299572 | L2: 0.293622 | L3: 0.293420 | lrm: 0.65 | dt: 3439.98ms | tok/sec: 152,410 | mfu: 39.69 | epoch: 1 | total time: 170.55m
step 02980 (67.64%) | K: 3 | loss: 0.589783 | L1: 0.297902 | L2: 0.291984 | L3: 0.291778 | lrm: 0.65 | dt: 3443.60ms | tok/sec: 152,250 | mfu: 39.65 | epoch: 1 | total time: 170.60m
step 02981 (67.67%) | K: 3 | loss: 0.589687 | L1: 0.297893 | L2: 0.291896 | L3: 0.291691 | lrm: 0.65 | dt: 3448.19ms | tok/sec: 152,047 | mfu: 39.60 | epoch: 1 | total time: 170.66m
step 02982 (67.69%) | K: 3 | loss: 0.593347 | L1: 0.299679 | L2: 0.293765 | L3: 0.293572 | lrm: 0.65 | dt: 3447.56ms | tok/sec: 152,074 | mfu: 39.60 | epoch: 1 | total time: 170.72m
step 02983 (67.71%) | K: 3 | loss: 0.591318 | L1: 0.298686 | L2: 0.292733 | L3: 0.292531 | lrm: 0.65 | dt: 3450.42ms | tok/sec: 151,949 | mfu: 39.57 | epoch: 1 | total time: 170.78m
step 02984 (67.73%) | K: 3 | loss: 0.592644 | L1: 0.299388 | L2: 0.293358 | L3: 0.293152 | lrm: 0.65 | dt: 3448.65ms | tok/sec: 152,026 | mfu: 39.59 | epoch: 1 | total time: 170.83m
step 02985 (67.76%) | K: 3 | loss: 0.592909 | L1: 0.299525 | L2: 0.293485 | L3: 0.293282 | lrm: 0.64 | dt: 3453.10ms | tok/sec: 151,830 | mfu: 39.54 | epoch: 1 | total time: 170.89m
step 02986 (67.78%) | K: 3 | loss: 0.593929 | L1: 0.300053 | L2: 0.293984 | L3: 0.293768 | lrm: 0.64 | dt: 3451.73ms | tok/sec: 151,891 | mfu: 39.56 | epoch: 1 | total time: 170.95m
step 02987 (67.81%) | K: 3 | loss: 0.596289 | L1: 0.301254 | L2: 0.295147 | L3: 0.294921 | lrm: 0.64 | dt: 3453.42ms | tok/sec: 151,816 | mfu: 39.54 | epoch: 1 | total time: 171.01m
step 02988 (67.83%) | K: 3 | loss: 0.597602 | L1: 0.301930 | L2: 0.295785 | L3: 0.295560 | lrm: 0.64 | dt: 3454.89ms | tok/sec: 151,752 | mfu: 39.52 | epoch: 1 | total time: 171.06m
step 02989 (67.85%) | K: 3 | loss: 0.601832 | L1: 0.303964 | L2: 0.297975 | L3: 0.297762 | lrm: 0.64 | dt: 3452.42ms | tok/sec: 151,861 | mfu: 39.55 | epoch: 1 | total time: 171.12m
step 02990 (67.87%) | K: 3 | loss: 0.595427 | L1: 0.300744 | L2: 0.294782 | L3: 0.294583 | lrm: 0.64 | dt: 3450.70ms | tok/sec: 151,936 | mfu: 39.57 | epoch: 1 | total time: 171.18m
step 02991 (67.90%) | K: 3 | loss: 0.597778 | L1: 0.301924 | L2: 0.295950 | L3: 0.295758 | lrm: 0.64 | dt: 3444.81ms | tok/sec: 152,196 | mfu: 39.63 | epoch: 1 | total time: 171.24m
step 02992 (67.92%) | K: 3 | loss: 0.594672 | L1: 0.300377 | L2: 0.294390 | L3: 0.294201 | lrm: 0.64 | dt: 3447.89ms | tok/sec: 152,060 | mfu: 39.60 | epoch: 1 | total time: 171.29m
step 02993 (67.94%) | K: 3 | loss: 0.590455 | L1: 0.298229 | L2: 0.292311 | L3: 0.292141 | lrm: 0.64 | dt: 3445.44ms | tok/sec: 152,168 | mfu: 39.63 | epoch: 1 | total time: 171.35m
step 02994 (67.97%) | K: 3 | loss: 0.596812 | L1: 0.301450 | L2: 0.295444 | L3: 0.295281 | lrm: 0.64 | dt: 3441.08ms | tok/sec: 152,361 | mfu: 39.68 | epoch: 1 | total time: 171.41m
step 02995 (67.99%) | K: 3 | loss: 0.591308 | L1: 0.298665 | L2: 0.292727 | L3: 0.292560 | lrm: 0.64 | dt: 3442.71ms | tok/sec: 152,289 | mfu: 39.66 | epoch: 1 | total time: 171.47m
step 02996 (68.01%) | K: 3 | loss: 0.592855 | L1: 0.299481 | L2: 0.293457 | L3: 0.293291 | lrm: 0.64 | dt: 3441.46ms | tok/sec: 152,344 | mfu: 39.67 | epoch: 1 | total time: 171.52m
step 02997 (68.03%) | K: 3 | loss: 0.596137 | L1: 0.301139 | L2: 0.295079 | L3: 0.294917 | lrm: 0.64 | dt: 3439.45ms | tok/sec: 152,433 | mfu: 39.70 | epoch: 1 | total time: 171.58m
step 02998 (68.05%) | K: 3 | loss: 0.594307 | L1: 0.300180 | L2: 0.294215 | L3: 0.294040 | lrm: 0.64 | dt: 3440.94ms | tok/sec: 152,367 | mfu: 39.68 | epoch: 1 | total time: 171.64m
step 02999 (68.08%) | K: 3 | loss: 0.596196 | L1: 0.301091 | L2: 0.295185 | L3: 0.295025 | lrm: 0.64 | dt: 3441.74ms | tok/sec: 152,332 | mfu: 39.67 | epoch: 1 | total time: 171.69m
step 03000 (68.10%) | K: 3 | loss: 0.598812 | L1: 0.302395 | L2: 0.296504 | L3: 0.296330 | lrm: 0.64 | dt: 3439.65ms | tok/sec: 152,424 | mfu: 39.69 | epoch: 1 | total time: 171.75m
Step 03000 | Validation L1 bpb: 0.1629 | L2 bpb: 0.1595 | L3 bpb: 0.1594
2026-08-27 22:00:43,759 - nanochat.checkpoint_manager - [32m[1mINFO[0m - Saved optimizer state to: /home/jhu/xwang457/work/nanochat_cache/chatsft_checkpoints/d20-lf-k3-openmath-train5m/optim_003000_rank1.pt
2026-08-27 22:00:43,768 - nanochat.checkpoint_manager - [32m[1mINFO[0m - Saved optimizer state to: /home/jhu/xwang457/work/nanochat_cache/chatsft_checkpoints/d20-lf-k3-openmath-train5m/optim_003000_rank3.pt
2026-08-27 22:00:43,790 - nanochat.checkpoint_manager - [32m[1mINFO[0m - Saved optimizer state to: /home/jhu/xwang457/work/nanochat_cache/chatsft_checkpoints/d20-lf-k3-openmath-train5m/optim_003000_rank2.pt
2026-08-27 22:00:44,597 - nanochat.checkpoint_manager - [32m[1mINFO[0m - Saved model parameters to: /home/jhu/xwang457/work/nanochat_cache/chatsft_checkpoints/d20-lf-k3-openmath-train5m/model_003000.pt
2026-08-27 22:00:44,600 - nanochat.checkpoint_manager - [32m[1mINFO[0m - Saved metadata to: /home/jhu/xwang457/work/nanochat_cache/chatsft_checkpoints/d20-lf-k3-openmath-train5m/meta_003000.json
2026-08-27 22:00:45,069 - nanochat.checkpoint_manager - [32m[1mINFO[0m - Saved optimizer state to: /home/jhu/xwang457/work/nanochat_cache/chatsft_checkpoints/d20-lf-k3-openmath-train5m/optim_003000_rank0.pt
step 03001 (68.12%) | K: 3 | loss: 0.596680 | L1: 0.301320 | L2: 0.295448 | L3: 0.295270 | lrm: 0.64 | dt: 3413.86ms | tok/sec: 153,576 | mfu: 39.99 | epoch: 1 | total time: 171.81m
step 03002 (68.15%) | K: 3 | loss: 0.596891 | L1: 0.301454 | L2: 0.295531 | L3: 0.295345 | lrm: 0.64 | dt: 3441.80ms | tok/sec: 152,329 | mfu: 39.67 | epoch: 1 | total time: 171.87m
step 03003 (68.17%) | K: 3 | loss: 0.598885 | L1: 0.302467 | L2: 0.296513 | L3: 0.296323 | lrm: 0.64 | dt: 3436.42ms | tok/sec: 152,567 | mfu: 39.73 | epoch: 1 | total time: 171.92m
step 03004 (68.19%) | K: 3 | loss: 0.603393 | L1: 0.304745 | L2: 0.298738 | L3: 0.298558 | lrm: 0.64 | dt: 3436.36ms | tok/sec: 152,570 | mfu: 39.73 | epoch: 1 | total time: 171.98m
step 03005 (68.22%) | K: 3 | loss: 0.599557 | L1: 0.302800 | L2: 0.296837 | L3: 0.296676 | lrm: 0.64 | dt: 3431.94ms | tok/sec: 152,767 | mfu: 39.78 | epoch: 1 | total time: 172.04m
step 03006 (68.24%) | K: 3 | loss: 0.599191 | L1: 0.302650 | L2: 0.296630 | L3: 0.296452 | lrm: 0.64 | dt: 3435.55ms | tok/sec: 152,606 | mfu: 39.74 | epoch: 1 | total time: 172.10m
step 03007 (68.26%) | K: 3 | loss: 0.594447 | L1: 0.300254 | L2: 0.294290 | L3: 0.294097 | lrm: 0.63 | dt: 3433.26ms | tok/sec: 152,708 | mfu: 39.77 | epoch: 1 | total time: 172.15m
step 03008 (68.28%) | K: 3 | loss: 0.595530 | L1: 0.300826 | L2: 0.294806 | L3: 0.294602 | lrm: 0.63 | dt: 3438.60ms | tok/sec: 152,471 | mfu: 39.71 | epoch: 1 | total time: 172.21m
step 03009 (68.31%) | K: 3 | loss: 0.592305 | L1: 0.299174 | L2: 0.293227 | L3: 0.293035 | lrm: 0.63 | dt: 3441.17ms | tok/sec: 152,357 | mfu: 39.68 | epoch: 1 | total time: 172.27m
step 03010 (68.33%) | K: 3 | loss: 0.597133 | L1: 0.301626 | L2: 0.295601 | L3: 0.295413 | lrm: 0.63 | dt: 3442.99ms | tok/sec: 152,276 | mfu: 39.66 | epoch: 1 | total time: 172.32m
step 03011 (68.35%) | K: 3 | loss: 0.595211 | L1: 0.300683 | L2: 0.294620 | L3: 0.294435 | lrm: 0.63 | dt: 3450.12ms | tok/sec: 151,962 | mfu: 39.57 | epoch: 1 | total time: 172.38m
step 03012 (68.37%) | K: 3 | loss: 0.592444 | L1: 0.299327 | L2: 0.293208 | L3: 0.293027 | lrm: 0.63 | dt: 3452.09ms | tok/sec: 151,875 | mfu: 39.55 | epoch: 1 | total time: 172.44m
step 03013 (68.40%) | K: 3 | loss: 0.589309 | L1: 0.297685 | L2: 0.291706 | L3: 0.291543 | lrm: 0.63 | dt: 3451.72ms | tok/sec: 151,891 | mfu: 39.56 | epoch: 1 | total time: 172.50m
step 03014 (68.42%) | K: 3 | loss: 0.591294 | L1: 0.298737 | L2: 0.292632 | L3: 0.292481 | lrm: 0.63 | dt: 3457.92ms | tok/sec: 151,619 | mfu: 39.48 | epoch: 1 | total time: 172.55m
step 03015 (68.44%) | K: 3 | loss: 0.596843 | L1: 0.301520 | L2: 0.295407 | L3: 0.295238 | lrm: 0.63 | dt: 3459.75ms | tok/sec: 151,539 | mfu: 39.46 | epoch: 1 | total time: 172.61m
step 03016 (68.46%) | K: 3 | loss: 0.598781 | L1: 0.302460 | L2: 0.296407 | L3: 0.296235 | lrm: 0.63 | dt: 3465.34ms | tok/sec: 151,294 | mfu: 39.40 | epoch: 1 | total time: 172.67m
step 03017 (68.49%) | K: 3 | loss: 0.595906 | L1: 0.300994 | L2: 0.295007 | L3: 0.294816 | lrm: 0.63 | dt: 3462.24ms | tok/sec: 151,430 | mfu: 39.44 | epoch: 1 | total time: 172.73m
step 03018 (68.51%) | K: 3 | loss: 0.596318 | L1: 0.301207 | L2: 0.295204 | L3: 0.295019 | lrm: 0.63 | dt: 3459.74ms | tok/sec: 151,539 | mfu: 39.46 | epoch: 1 | total time: 172.79m
step 03019 (68.53%) | K: 3 | loss: 0.600546 | L1: 0.303314 | L2: 0.297323 | L3: 0.297140 | lrm: 0.63 | dt: 3458.87ms | tok/sec: 151,577 | mfu: 39.47 | epoch: 1 | total time: 172.84m
step 03020 (68.55%) | K: 3 | loss: 0.601097 | L1: 0.303600 | L2: 0.297583 | L3: 0.297410 | lrm: 0.63 | dt: 3454.83ms | tok/sec: 151,754 | mfu: 39.52 | epoch: 1 | total time: 172.90m
step 03021 (68.58%) | K: 3 | loss: 0.598160 | L1: 0.302149 | L2: 0.296100 | L3: 0.295922 | lrm: 0.63 | dt: 3457.88ms | tok/sec: 151,621 | mfu: 39.48 | epoch: 1 | total time: 172.96m
step 03022 (68.60%) | K: 3 | loss: 0.596658 | L1: 0.301351 | L2: 0.295390 | L3: 0.295226 | lrm: 0.63 | dt: 3452.22ms | tok/sec: 151,869 | mfu: 39.55 | epoch: 1 | total time: 173.02m
step 03023 (68.62%) | K: 3 | loss: 0.602727 | L1: 0.304413 | L2: 0.298389 | L3: 0.298239 | lrm: 0.63 | dt: 3454.74ms | tok/sec: 151,759 | mfu: 39.52 | epoch: 1 | total time: 173.07m
step 03024 (68.64%) | K: 3 | loss: 0.601378 | L1: 0.303738 | L2: 0.297724 | L3: 0.297556 | lrm: 0.63 | dt: 3443.90ms | tok/sec: 152,236 | mfu: 39.65 | epoch: 1 | total time: 173.13m
step 03025 (68.67%) | K: 3 | loss: 0.600425 | L1: 0.303247 | L2: 0.297267 | L3: 0.297090 | lrm: 0.63 | dt: 3446.23ms | tok/sec: 152,133 | mfu: 39.62 | epoch: 1 | total time: 173.19m
step 03026 (68.69%) | K: 3 | loss: 0.599896 | L1: 0.302972 | L2: 0.297024 | L3: 0.296824 | lrm: 0.63 | dt: 3446.17ms | tok/sec: 152,136 | mfu: 39.62 | epoch: 1 | total time: 173.25m
step 03027 (68.72%) | K: 3 | loss: 0.602746 | L1: 0.304391 | L2: 0.298467 | L3: 0.298243 | lrm: 0.63 | dt: 3441.67ms | tok/sec: 152,335 | mfu: 39.67 | epoch: 1 | total time: 173.30m
step 03028 (68.74%) | K: 3 | loss: 0.604020 | L1: 0.305015 | L2: 0.299121 | L3: 0.298889 | lrm: 0.63 | dt: 3440.30ms | tok/sec: 152,395 | mfu: 39.69 | epoch: 1 | total time: 173.36m
step 03029 (68.76%) | K: 3 | loss: 0.603123 | L1: 0.304561 | L2: 0.298675 | L3: 0.298448 | lrm: 0.62 | dt: 3440.82ms | tok/sec: 152,373 | mfu: 39.68 | epoch: 1 | total time: 173.42m
step 03030 (68.78%) | K: 3 | loss: 0.601250 | L1: 0.303638 | L2: 0.297723 | L3: 0.297502 | lrm: 0.62 | dt: 3438.92ms | tok/sec: 152,457 | mfu: 39.70 | epoch: 1 | total time: 173.48m
step 03031 (68.81%) | K: 3 | loss: 0.602563 | L1: 0.304255 | L2: 0.298408 | L3: 0.298207 | lrm: 0.62 | dt: 3440.87ms | tok/sec: 152,370 | mfu: 39.68 | epoch: 1 | total time: 173.53m
step 03032 (68.83%) | K: 3 | loss: 0.602662 | L1: 0.304306 | L2: 0.298452 | L3: 0.298260 | lrm: 0.62 | dt: 3442.69ms | tok/sec: 152,290 | mfu: 39.66 | epoch: 1 | total time: 173.59m
step 03033 (68.85%) | K: 3 | loss: 0.605179 | L1: 0.305568 | L2: 0.299710 | L3: 0.299514 | lrm: 0.62 | dt: 3447.64ms | tok/sec: 152,071 | mfu: 39.60 | epoch: 1 | total time: 173.65m
step 03034 (68.87%) | K: 3 | loss: 0.606555 | L1: 0.306245 | L2: 0.300408 | L3: 0.300211 | lrm: 0.62 | dt: 3448.26ms | tok/sec: 152,044 | mfu: 39.60 | epoch: 1 | total time: 173.71m
step 03035 (68.90%) | K: 3 | loss: 0.607806 | L1: 0.306908 | L2: 0.300998 | L3: 0.300799 | lrm: 0.62 | dt: 3454.47ms | tok/sec: 151,771 | mfu: 39.52 | epoch: 1 | total time: 173.76m
step 03036 (68.92%) | K: 3 | loss: 0.604339 | L1: 0.305193 | L2: 0.299242 | L3: 0.299048 | lrm: 0.62 | dt: 3453.98ms | tok/sec: 151,792 | mfu: 39.53 | epoch: 1 | total time: 173.82m
step 03037 (68.94%) | K: 3 | loss: 0.600950 | L1: 0.303517 | L2: 0.297530 | L3: 0.297336 | lrm: 0.62 | dt: 3457.14ms | tok/sec: 151,653 | mfu: 39.49 | epoch: 1 | total time: 173.88m
step 03038 (68.96%) | K: 3 | loss: 0.602252 | L1: 0.304207 | L2: 0.298154 | L3: 0.297936 | lrm: 0.62 | dt: 3457.84ms | tok/sec: 151,622 | mfu: 39.49 | epoch: 1 | total time: 173.94m
step 03039 (68.99%) | K: 3 | loss: 0.600343 | L1: 0.303232 | L2: 0.297227 | L3: 0.296995 | lrm: 0.62 | dt: 3454.39ms | tok/sec: 151,774 | mfu: 39.52 | epoch: 1 | total time: 173.99m
step 03040 (69.01%) | K: 3 | loss: 0.603805 | L1: 0.304996 | L2: 0.298926 | L3: 0.298693 | lrm: 0.62 | dt: 3453.78ms | tok/sec: 151,801 | mfu: 39.53 | epoch: 1 | total time: 174.05m
step 03041 (69.03%) | K: 3 | loss: 0.605646 | L1: 0.305945 | L2: 0.299819 | L3: 0.299584 | lrm: 0.62 | dt: 3457.11ms | tok/sec: 151,654 | mfu: 39.49 | epoch: 1 | total time: 174.11m
step 03042 (69.05%) | K: 3 | loss: 0.608349 | L1: 0.307290 | L2: 0.301174 | L3: 0.300944 | lrm: 0.62 | dt: 3454.26ms | tok/sec: 151,780 | mfu: 39.53 | epoch: 1 | total time: 174.17m
step 03043 (69.07%) | K: 3 | loss: 0.608854 | L1: 0.307521 | L2: 0.301437 | L3: 0.301228 | lrm: 0.62 | dt: 3451.10ms | tok/sec: 151,918 | mfu: 39.56 | epoch: 1 | total time: 174.22m
step 03044 (69.10%) | K: 3 | loss: 0.608871 | L1: 0.307519 | L2: 0.301460 | L3: 0.301245 | lrm: 0.62 | dt: 3451.57ms | tok/sec: 151,898 | mfu: 39.56 | epoch: 1 | total time: 174.28m
step 03045 (69.12%) | K: 3 | loss: 0.608012 | L1: 0.307104 | L2: 0.301026 | L3: 0.300791 | lrm: 0.62 | dt: 3449.46ms | tok/sec: 151,991 | mfu: 39.58 | epoch: 1 | total time: 174.34m
step 03046 (69.14%) | K: 3 | loss: 0.609824 | L1: 0.308003 | L2: 0.301940 | L3: 0.301702 | lrm: 0.62 | dt: 3451.43ms | tok/sec: 151,904 | mfu: 39.56 | epoch: 1 | total time: 174.40m
step 03047 (69.17%) | K: 3 | loss: 0.607851 | L1: 0.306999 | L2: 0.300967 | L3: 0.300737 | lrm: 0.62 | dt: 3445.43ms | tok/sec: 152,169 | mfu: 39.63 | epoch: 1 | total time: 174.45m
step 03048 (69.19%) | K: 3 | loss: 0.603018 | L1: 0.304596 | L2: 0.298533 | L3: 0.298310 | lrm: 0.62 | dt: 3449.67ms | tok/sec: 151,982 | mfu: 39.58 | epoch: 1 | total time: 174.51m
step 03049 (69.21%) | K: 3 | loss: 0.601283 | L1: 0.303676 | L2: 0.297711 | L3: 0.297503 | lrm: 0.62 | dt: 3445.69ms | tok/sec: 152,157 | mfu: 39.62 | epoch: 1 | total time: 174.57m
step 03050 (69.24%) | K: 3 | loss: 0.604553 | L1: 0.305296 | L2: 0.299369 | L3: 0.299144 | lrm: 0.62 | dt: 3446.33ms | tok/sec: 152,129 | mfu: 39.62 | epoch: 1 | total time: 174.63m
step 03051 (69.26%) | K: 3 | loss: 0.607446 | L1: 0.306743 | L2: 0.300811 | L3: 0.300595 | lrm: 0.61 | dt: 3446.56ms | tok/sec: 152,119 | mfu: 39.61 | epoch: 1 | total time: 174.68m
step 03052 (69.28%) | K: 3 | loss: 0.602123 | L1: 0.304070 | L2: 0.298160 | L3: 0.297947 | lrm: 0.61 | dt: 3446.55ms | tok/sec: 152,119 | mfu: 39.61 | epoch: 1 | total time: 174.74m
step 03053 (69.30%) | K: 3 | loss: 0.601715 | L1: 0.303876 | L2: 0.297942 | L3: 0.297734 | lrm: 0.61 | dt: 3452.56ms | tok/sec: 151,854 | mfu: 39.55 | epoch: 1 | total time: 174.80m
step 03054 (69.32%) | K: 3 | loss: 0.600641 | L1: 0.303382 | L2: 0.297370 | L3: 0.297146 | lrm: 0.61 | dt: 3452.26ms | tok/sec: 151,868 | mfu: 39.55 | epoch: 1 | total time: 174.86m
step 03055 (69.35%) | K: 3 | loss: 0.604539 | L1: 0.305354 | L2: 0.299299 | L3: 0.299071 | lrm: 0.61 | dt: 3450.73ms | tok/sec: 151,935 | mfu: 39.57 | epoch: 1 | total time: 174.91m
step 03056 (69.37%) | K: 3 | loss: 0.605327 | L1: 0.305766 | L2: 0.299669 | L3: 0.299453 | lrm: 0.61 | dt: 3459.23ms | tok/sec: 151,562 | mfu: 39.47 | epoch: 1 | total time: 174.97m
step 03057 (69.39%) | K: 3 | loss: 0.603903 | L1: 0.305014 | L2: 0.298996 | L3: 0.298782 | lrm: 0.61 | dt: 3457.36ms | tok/sec: 151,643 | mfu: 39.49 | epoch: 1 | total time: 175.03m
step 03058 (69.42%) | K: 3 | loss: 0.603615 | L1: 0.304874 | L2: 0.298843 | L3: 0.298638 | lrm: 0.61 | dt: 3455.85ms | tok/sec: 151,710 | mfu: 39.51 | epoch: 1 | total time: 175.09m
step 03059 (69.44%) | K: 3 | loss: 0.600697 | L1: 0.303422 | L2: 0.297374 | L3: 0.297177 | lrm: 0.61 | dt: 3455.89ms | tok/sec: 151,708 | mfu: 39.51 | epoch: 1 | total time: 175.14m
step 03060 (69.46%) | K: 3 | loss: 0.600578 | L1: 0.303388 | L2: 0.297288 | L3: 0.297092 | lrm: 0.61 | dt: 3455.19ms | tok/sec: 151,739 | mfu: 39.52 | epoch: 1 | total time: 175.20m
step 03061 (69.48%) | K: 3 | loss: 0.601856 | L1: 0.304035 | L2: 0.297924 | L3: 0.297718 | lrm: 0.61 | dt: 3452.05ms | tok/sec: 151,877 | mfu: 39.55 | epoch: 1 | total time: 175.26m
step 03062 (69.51%) | K: 3 | loss: 0.600778 | L1: 0.303491 | L2: 0.297383 | L3: 0.297190 | lrm: 0.61 | dt: 3454.27ms | tok/sec: 151,779 | mfu: 39.53 | epoch: 1 | total time: 175.32m
step 03063 (69.53%) | K: 3 | loss: 0.598257 | L1: 0.302207 | L2: 0.296141 | L3: 0.295958 | lrm: 0.61 | dt: 3451.61ms | tok/sec: 151,896 | mfu: 39.56 | epoch: 1 | total time: 175.37m
step 03064 (69.55%) | K: 3 | loss: 0.599144 | L1: 0.302613 | L2: 0.296615 | L3: 0.296446 | lrm: 0.61 | dt: 3445.63ms | tok/sec: 152,160 | mfu: 39.63 | epoch: 1 | total time: 175.43m
step 03065 (69.57%) | K: 3 | loss: 0.600274 | L1: 0.303165 | L2: 0.297190 | L3: 0.297030 | lrm: 0.61 | dt: 3447.50ms | tok/sec: 152,077 | mfu: 39.60 | epoch: 1 | total time: 175.49m
step 03066 (69.60%) | K: 3 | loss: 0.599447 | L1: 0.302792 | L2: 0.296738 | L3: 0.296570 | lrm: 0.61 | dt: 3446.24ms | tok/sec: 152,133 | mfu: 39.62 | epoch: 1 | total time: 175.55m
step 03067 (69.62%) | K: 3 | loss: 0.596105 | L1: 0.301082 | L2: 0.295116 | L3: 0.294931 | lrm: 0.61 | dt: 3448.88ms | tok/sec: 152,017 | mfu: 39.59 | epoch: 1 | total time: 175.60m
step 03068 (69.64%) | K: 3 | loss: 0.594234 | L1: 0.300122 | L2: 0.294210 | L3: 0.294014 | lrm: 0.61 | dt: 3444.81ms | tok/sec: 152,196 | mfu: 39.63 | epoch: 1 | total time: 175.66m
step 03069 (69.66%) | K: 3 | loss: 0.597702 | L1: 0.301855 | L2: 0.295934 | L3: 0.295758 | lrm: 0.61 | dt: 3440.25ms | tok/sec: 152,398 | mfu: 39.69 | epoch: 1 | total time: 175.72m
step 03070 (69.69%) | K: 3 | loss: 0.596721 | L1: 0.301357 | L2: 0.295453 | L3: 0.295275 | lrm: 0.61 | dt: 3439.65ms | tok/sec: 152,424 | mfu: 39.69 | epoch: 1 | total time: 175.78m
step 03071 (69.71%) | K: 3 | loss: 0.598244 | L1: 0.302152 | L2: 0.296186 | L3: 0.296000 | lrm: 0.61 | dt: 3440.89ms | tok/sec: 152,370 | mfu: 39.68 | epoch: 1 | total time: 175.83m
step 03072 (69.73%) | K: 3 | loss: 0.601863 | L1: 0.303933 | L2: 0.298028 | L3: 0.297832 | lrm: 0.61 | dt: 3440.09ms | tok/sec: 152,405 | mfu: 39.69 | epoch: 1 | total time: 175.89m
step 03073 (69.75%) | K: 3 | loss: 0.605044 | L1: 0.305503 | L2: 0.299637 | L3: 0.299445 | lrm: 0.60 | dt: 3439.70ms | tok/sec: 152,422 | mfu: 39.69 | epoch: 1 | total time: 175.95m
step 03074 (69.78%) | K: 3 | loss: 0.606772 | L1: 0.306363 | L2: 0.300504 | L3: 0.300313 | lrm: 0.60 | dt: 3444.20ms | tok/sec: 152,223 | mfu: 39.64 | epoch: 1 | total time: 176.01m
step 03075 (69.80%) | K: 3 | loss: 0.601571 | L1: 0.303777 | L2: 0.297891 | L3: 0.297698 | lrm: 0.60 | dt: 3445.10ms | tok/sec: 152,183 | mfu: 39.63 | epoch: 1 | total time: 176.06m
step 03076 (69.82%) | K: 3 | loss: 0.601655 | L1: 0.303835 | L2: 0.297917 | L3: 0.297723 | lrm: 0.60 | dt: 3445.59ms | tok/sec: 152,162 | mfu: 39.63 | epoch: 1 | total time: 176.12m
step 03077 (69.85%) | K: 3 | loss: 0.603789 | L1: 0.304918 | L2: 0.298962 | L3: 0.298780 | lrm: 0.60 | dt: 3445.74ms | tok/sec: 152,155 | mfu: 39.62 | epoch: 1 | total time: 176.18m
step 03078 (69.87%) | K: 3 | loss: 0.605256 | L1: 0.305668 | L2: 0.299682 | L3: 0.299492 | lrm: 0.60 | dt: 3451.13ms | tok/sec: 151,917 | mfu: 39.56 | epoch: 1 | total time: 176.23m
step 03079 (69.89%) | K: 3 | loss: 0.603365 | L1: 0.304709 | L2: 0.298753 | L3: 0.298558 | lrm: 0.60 | dt: 3450.66ms | tok/sec: 151,938 | mfu: 39.57 | epoch: 1 | total time: 176.29m
step 03080 (69.92%) | K: 3 | loss: 0.605174 | L1: 0.305627 | L2: 0.299650 | L3: 0.299445 | lrm: 0.60 | dt: 3456.83ms | tok/sec: 151,667 | mfu: 39.50 | epoch: 1 | total time: 176.35m
step 03081 (69.94%) | K: 3 | loss: 0.602560 | L1: 0.304320 | L2: 0.298341 | L3: 0.298139 | lrm: 0.60 | dt: 3458.17ms | tok/sec: 151,608 | mfu: 39.48 | epoch: 1 | total time: 176.41m
step 03082 (69.96%) | K: 3 | loss: 0.604679 | L1: 0.305405 | L2: 0.299372 | L3: 0.299177 | lrm: 0.60 | dt: 3455.86ms | tok/sec: 151,709 | mfu: 39.51 | epoch: 1 | total time: 176.47m
step 03083 (69.99%) | K: 3 | loss: 0.605163 | L1: 0.305607 | L2: 0.299654 | L3: 0.299457 | lrm: 0.60 | dt: 3456.67ms | tok/sec: 151,674 | mfu: 39.50 | epoch: 1 | total time: 176.52m
step 03084 (70.01%) | K: 3 | loss: 0.603657 | L1: 0.304872 | L2: 0.298886 | L3: 0.298685 | lrm: 0.60 | dt: 3456.00ms | tok/sec: 151,703 | mfu: 39.51 | epoch: 1 | total time: 176.58m
step 03085 (70.03%) | K: 3 | loss: 0.605356 | L1: 0.305702 | L2: 0.299759 | L3: 0.299549 | lrm: 0.60 | dt: 3457.52ms | tok/sec: 151,636 | mfu: 39.49 | epoch: 1 | total time: 176.64m
step 03086 (70.05%) | K: 3 | loss: 0.599349 | L1: 0.302668 | L2: 0.296785 | L3: 0.296578 | lrm: 0.60 | dt: 3454.16ms | tok/sec: 151,784 | mfu: 39.53 | epoch: 1 | total time: 176.70m
step 03087 (70.07%) | K: 3 | loss: 0.600631 | L1: 0.303302 | L2: 0.297431 | L3: 0.297228 | lrm: 0.60 | dt: 3449.60ms | tok/sec: 151,985 | mfu: 39.58 | epoch: 1 | total time: 176.75m
step 03088 (70.10%) | K: 3 | loss: 0.601026 | L1: 0.303509 | L2: 0.297627 | L3: 0.297407 | lrm: 0.60 | dt: 3450.58ms | tok/sec: 151,941 | mfu: 39.57 | epoch: 1 | total time: 176.81m
step 03089 (70.12%) | K: 3 | loss: 0.596291 | L1: 0.301098 | L2: 0.295302 | L3: 0.295083 | lrm: 0.60 | dt: 3446.21ms | tok/sec: 152,134 | mfu: 39.62 | epoch: 1 | total time: 176.87m
step 03090 (70.14%) | K: 3 | loss: 0.591573 | L1: 0.298738 | L2: 0.292942 | L3: 0.292729 | lrm: 0.60 | dt: 3445.81ms | tok/sec: 152,152 | mfu: 39.62 | epoch: 1 | total time: 176.93m
step 03091 (70.16%) | K: 3 | loss: 0.586819 | L1: 0.296360 | L2: 0.290566 | L3: 0.290353 | lrm: 0.60 | dt: 3440.53ms | tok/sec: 152,385 | mfu: 39.68 | epoch: 1 | total time: 176.98m
step 03092 (70.19%) | K: 3 | loss: 0.587398 | L1: 0.296674 | L2: 0.290835 | L3: 0.290614 | lrm: 0.60 | dt: 3444.08ms | tok/sec: 152,228 | mfu: 39.64 | epoch: 1 | total time: 177.04m
step 03093 (70.21%) | K: 3 | loss: 0.584836 | L1: 0.295424 | L2: 0.289517 | L3: 0.289307 | lrm: 0.60 | dt: 3438.19ms | tok/sec: 152,489 | mfu: 39.71 | epoch: 1 | total time: 177.10m
step 03094 (70.23%) | K: 3 | loss: 0.583844 | L1: 0.294922 | L2: 0.289027 | L3: 0.288818 | lrm: 0.60 | dt: 3443.84ms | tok/sec: 152,239 | mfu: 39.65 | epoch: 1 | total time: 177.15m
step 03095 (70.26%) | K: 3 | loss: 0.585890 | L1: 0.295950 | L2: 0.290043 | L3: 0.289836 | lrm: 0.59 | dt: 3438.22ms | tok/sec: 152,488 | mfu: 39.71 | epoch: 1 | total time: 177.21m
step 03096 (70.28%) | K: 3 | loss: 0.584787 | L1: 0.295433 | L2: 0.289459 | L3: 0.289249 | lrm: 0.59 | dt: 3441.75ms | tok/sec: 152,331 | mfu: 39.67 | epoch: 1 | total time: 177.27m
step 03097 (70.30%) | K: 3 | loss: 0.584214 | L1: 0.295117 | L2: 0.289200 | L3: 0.288993 | lrm: 0.59 | dt: 3443.50ms | tok/sec: 152,254 | mfu: 39.65 | epoch: 1 | total time: 177.33m
step 03098 (70.32%) | K: 3 | loss: 0.583993 | L1: 0.294995 | L2: 0.289107 | L3: 0.288890 | lrm: 0.59 | dt: 3445.76ms | tok/sec: 152,154 | mfu: 39.62 | epoch: 1 | total time: 177.38m
step 03099 (70.35%) | K: 3 | loss: 0.587651 | L1: 0.296825 | L2: 0.290934 | L3: 0.290718 | lrm: 0.59 | dt: 3449.50ms | tok/sec: 151,989 | mfu: 39.58 | epoch: 1 | total time: 177.44m
step 03100 (70.37%) | K: 3 | loss: 0.589598 | L1: 0.297780 | L2: 0.291925 | L3: 0.291710 | lrm: 0.59 | dt: 3451.14ms | tok/sec: 151,917 | mfu: 39.56 | epoch: 1 | total time: 177.50m
step 03101 (70.40%) | K: 3 | loss: 0.591748 | L1: 0.298889 | L2: 0.292964 | L3: 0.292753 | lrm: 0.59 | dt: 3449.94ms | tok/sec: 151,970 | mfu: 39.58 | epoch: 1 | total time: 177.56m
step 03102 (70.42%) | K: 3 | loss: 0.591170 | L1: 0.298615 | L2: 0.292656 | L3: 0.292454 | lrm: 0.59 | dt: 3452.84ms | tok/sec: 151,842 | mfu: 39.54 | epoch: 1 | total time: 177.61m
step 03103 (70.44%) | K: 3 | loss: 0.591854 | L1: 0.298953 | L2: 0.293009 | L3: 0.292792 | lrm: 0.59 | dt: 3451.33ms | tok/sec: 151,909 | mfu: 39.56 | epoch: 1 | total time: 177.67m
step 03104 (70.46%) | K: 3 | loss: 0.592289 | L1: 0.299144 | L2: 0.293243 | L3: 0.293048 | lrm: 0.59 | dt: 3449.97ms | tok/sec: 151,968 | mfu: 39.58 | epoch: 1 | total time: 177.73m
step 03105 (70.49%) | K: 3 | loss: 0.594126 | L1: 0.300046 | L2: 0.294169 | L3: 0.293991 | lrm: 0.59 | dt: 3450.65ms | tok/sec: 151,938 | mfu: 39.57 | epoch: 1 | total time: 177.79m
step 03106 (70.51%) | K: 3 | loss: 0.596093 | L1: 0.301033 | L2: 0.295154 | L3: 0.294966 | lrm: 0.59 | dt: 3447.14ms | tok/sec: 152,093 | mfu: 39.61 | epoch: 1 | total time: 177.84m
step 03107 (70.53%) | K: 3 | loss: 0.596906 | L1: 0.301509 | L2: 0.295502 | L3: 0.295292 | lrm: 0.59 | dt: 3442.17ms | tok/sec: 152,313 | mfu: 39.67 | epoch: 1 | total time: 177.90m
step 03108 (70.55%) | K: 3 | loss: 0.593817 | L1: 0.299972 | L2: 0.293954 | L3: 0.293736 | lrm: 0.59 | dt: 3439.84ms | tok/sec: 152,416 | mfu: 39.69 | epoch: 1 | total time: 177.96m
step 03109 (70.58%) | K: 3 | loss: 0.594925 | L1: 0.300589 | L2: 0.294451 | L3: 0.294221 | lrm: 0.59 | dt: 3447.55ms | tok/sec: 152,075 | mfu: 39.60 | epoch: 1 | total time: 178.02m
step 03110 (70.60%) | K: 3 | loss: 0.591579 | L1: 0.298904 | L2: 0.292789 | L3: 0.292560 | lrm: 0.59 | dt: 3445.28ms | tok/sec: 152,175 | mfu: 39.63 | epoch: 1 | total time: 178.07m
step 03111 (70.62%) | K: 3 | loss: 0.587549 | L1: 0.296880 | L2: 0.290790 | L3: 0.290548 | lrm: 0.59 | dt: 3447.35ms | tok/sec: 152,084 | mfu: 39.61 | epoch: 1 | total time: 178.13m
step 03112 (70.65%) | K: 3 | loss: 0.586285 | L1: 0.296238 | L2: 0.290168 | L3: 0.289927 | lrm: 0.59 | dt: 3439.74ms | tok/sec: 152,421 | mfu: 39.69 | epoch: 1 | total time: 178.19m
step 03113 (70.67%) | K: 3 | loss: 0.584395 | L1: 0.295277 | L2: 0.289238 | L3: 0.288998 | lrm: 0.59 | dt: 3442.26ms | tok/sec: 152,309 | mfu: 39.66 | epoch: 1 | total time: 178.25m
step 03114 (70.69%) | K: 3 | loss: 0.583714 | L1: 0.294947 | L2: 0.288879 | L3: 0.288653 | lrm: 0.59 | dt: 3441.69ms | tok/sec: 152,334 | mfu: 39.67 | epoch: 1 | total time: 178.30m
step 03115 (70.71%) | K: 3 | loss: 0.587997 | L1: 0.297102 | L2: 0.291011 | L3: 0.290779 | lrm: 0.59 | dt: 3443.99ms | tok/sec: 152,232 | mfu: 39.64 | epoch: 1 | total time: 178.36m
step 03116 (70.74%) | K: 3 | loss: 0.590187 | L1: 0.298179 | L2: 0.292118 | L3: 0.291897 | lrm: 0.59 | dt: 3446.51ms | tok/sec: 152,121 | mfu: 39.62 | epoch: 1 | total time: 178.42m
step 03117 (70.76%) | K: 3 | loss: 0.590626 | L1: 0.298376 | L2: 0.292354 | L3: 0.292147 | lrm: 0.58 | dt: 3446.49ms | tok/sec: 152,122 | mfu: 39.62 | epoch: 1 | total time: 178.48m
step 03118 (70.78%) | K: 3 | loss: 0.588075 | L1: 0.297114 | L2: 0.291074 | L3: 0.290849 | lrm: 0.58 | dt: 3444.06ms | tok/sec: 152,229 | mfu: 39.64 | epoch: 1 | total time: 178.53m
step 03119 (70.81%) | K: 3 | loss: 0.589587 | L1: 0.297863 | L2: 0.291819 | L3: 0.291628 | lrm: 0.58 | dt: 3443.44ms | tok/sec: 152,256 | mfu: 39.65 | epoch: 1 | total time: 178.59m
step 03120 (70.83%) | K: 3 | loss: 0.590507 | L1: 0.298324 | L2: 0.292280 | L3: 0.292085 | lrm: 0.58 | dt: 3443.06ms | tok/sec: 152,273 | mfu: 39.65 | epoch: 1 | total time: 178.65m
step 03121 (70.85%) | K: 3 | loss: 0.588120 | L1: 0.297140 | L2: 0.291070 | L3: 0.290889 | lrm: 0.58 | dt: 3441.57ms | tok/sec: 152,339 | mfu: 39.67 | epoch: 1 | total time: 178.71m
step 03122 (70.87%) | K: 3 | loss: 0.586648 | L1: 0.296392 | L2: 0.290348 | L3: 0.290164 | lrm: 0.58 | dt: 3443.73ms | tok/sec: 152,244 | mfu: 39.65 | epoch: 1 | total time: 178.76m
step 03123 (70.90%) | K: 3 | loss: 0.593307 | L1: 0.299705 | L2: 0.293687 | L3: 0.293516 | lrm: 0.58 | dt: 3441.84ms | tok/sec: 152,327 | mfu: 39.67 | epoch: 1 | total time: 178.82m
step 03124 (70.92%) | K: 3 | loss: 0.592391 | L1: 0.299257 | L2: 0.293218 | L3: 0.293051 | lrm: 0.58 | dt: 3445.98ms | tok/sec: 152,144 | mfu: 39.62 | epoch: 1 | total time: 178.88m
step 03125 (70.94%) | K: 3 | loss: 0.595792 | L1: 0.301002 | L2: 0.294876 | L3: 0.294704 | lrm: 0.58 | dt: 3447.42ms | tok/sec: 152,081 | mfu: 39.60 | epoch: 1 | total time: 178.93m
step 03126 (70.96%) | K: 3 | loss: 0.590759 | L1: 0.298465 | L2: 0.292377 | L3: 0.292211 | lrm: 0.58 | dt: 3447.33ms | tok/sec: 152,085 | mfu: 39.61 | epoch: 1 | total time: 178.99m
step 03127 (70.99%) | K: 3 | loss: 0.592755 | L1: 0.299545 | L2: 0.293308 | L3: 0.293112 | lrm: 0.58 | dt: 3448.14ms | tok/sec: 152,049 | mfu: 39.60 | epoch: 1 | total time: 179.05m
step 03128 (71.01%) | K: 3 | loss: 0.587841 | L1: 0.297082 | L2: 0.290851 | L3: 0.290668 | lrm: 0.58 | dt: 3443.80ms | tok/sec: 152,241 | mfu: 39.65 | epoch: 1 | total time: 179.11m
step 03129 (71.03%) | K: 3 | loss: 0.591154 | L1: 0.298714 | L2: 0.292524 | L3: 0.292356 | lrm: 0.58 | dt: 3447.23ms | tok/sec: 152,089 | mfu: 39.61 | epoch: 1 | total time: 179.16m
step 03130 (71.05%) | K: 3 | loss: 0.589111 | L1: 0.297636 | L2: 0.291556 | L3: 0.291395 | lrm: 0.58 | dt: 3441.57ms | tok/sec: 152,339 | mfu: 39.67 | epoch: 1 | total time: 179.22m
step 03131 (71.08%) | K: 3 | loss: 0.594089 | L1: 0.300089 | L2: 0.294078 | L3: 0.293922 | lrm: 0.58 | dt: 3446.06ms | tok/sec: 152,141 | mfu: 39.62 | epoch: 1 | total time: 179.28m
step 03132 (71.10%) | K: 3 | loss: 0.591596 | L1: 0.298854 | L2: 0.292828 | L3: 0.292655 | lrm: 0.58 | dt: 3441.28ms | tok/sec: 152,352 | mfu: 39.68 | epoch: 1 | total time: 179.34m
step 03133 (71.12%) | K: 3 | loss: 0.590413 | L1: 0.298274 | L2: 0.292226 | L3: 0.292052 | lrm: 0.58 | dt: 3440.28ms | tok/sec: 152,397 | mfu: 39.69 | epoch: 1 | total time: 179.39m
step 03134 (71.15%) | K: 3 | loss: 0.590817 | L1: 0.298452 | L2: 0.292450 | L3: 0.292280 | lrm: 0.58 | dt: 3442.16ms | tok/sec: 152,313 | mfu: 39.67 | epoch: 1 | total time: 179.45m
step 03135 (71.17%) | K: 3 | loss: 0.594463 | L1: 0.300344 | L2: 0.294197 | L3: 0.294040 | lrm: 0.58 | dt: 3445.43ms | tok/sec: 152,169 | mfu: 39.63 | epoch: 1 | total time: 179.51m
step 03136 (71.19%) | K: 3 | loss: 0.588178 | L1: 0.297208 | L2: 0.291048 | L3: 0.290892 | lrm: 0.58 | dt: 3441.82ms | tok/sec: 152,328 | mfu: 39.67 | epoch: 1 | total time: 179.57m
step 03137 (71.21%) | K: 3 | loss: 0.587294 | L1: 0.296719 | L2: 0.290649 | L3: 0.290501 | lrm: 0.58 | dt: 3445.32ms | tok/sec: 152,174 | mfu: 39.63 | epoch: 1 | total time: 179.62m
step 03138 (71.23%) | K: 3 | loss: 0.585338 | L1: 0.295721 | L2: 0.289702 | L3: 0.289533 | lrm: 0.58 | dt: 3449.27ms | tok/sec: 151,999 | mfu: 39.58 | epoch: 1 | total time: 179.68m
step 03139 (71.26%) | K: 3 | loss: 0.583998 | L1: 0.295044 | L2: 0.289042 | L3: 0.288865 | lrm: 0.57 | dt: 3450.33ms | tok/sec: 151,952 | mfu: 39.57 | epoch: 1 | total time: 179.74m
step 03140 (71.28%) | K: 3 | loss: 0.586539 | L1: 0.296323 | L2: 0.290297 | L3: 0.290134 | lrm: 0.57 | dt: 3456.64ms | tok/sec: 151,675 | mfu: 39.50 | epoch: 1 | total time: 179.80m
step 03141 (71.30%) | K: 3 | loss: 0.591378 | L1: 0.298760 | L2: 0.292702 | L3: 0.292534 | lrm: 0.57 | dt: 3456.53ms | tok/sec: 151,680 | mfu: 39.50 | epoch: 1 | total time: 179.85m
step 03142 (71.33%) | K: 3 | loss: 0.592100 | L1: 0.299127 | L2: 0.293063 | L3: 0.292883 | lrm: 0.57 | dt: 3459.71ms | tok/sec: 151,540 | mfu: 39.46 | epoch: 1 | total time: 179.91m
step 03143 (71.35%) | K: 3 | loss: 0.590493 | L1: 0.298284 | L2: 0.292294 | L3: 0.292125 | lrm: 0.57 | dt: 3458.99ms | tok/sec: 151,572 | mfu: 39.47 | epoch: 1 | total time: 179.97m
step 03144 (71.37%) | K: 3 | loss: 0.591275 | L1: 0.298687 | L2: 0.292673 | L3: 0.292504 | lrm: 0.57 | dt: 3458.14ms | tok/sec: 151,609 | mfu: 39.48 | epoch: 1 | total time: 180.03m
step 03145 (71.40%) | K: 3 | loss: 0.590995 | L1: 0.298551 | L2: 0.292532 | L3: 0.292356 | lrm: 0.57 | dt: 3460.05ms | tok/sec: 151,526 | mfu: 39.46 | epoch: 1 | total time: 180.08m
step 03146 (71.42%) | K: 3 | loss: 0.601567 | L1: 0.303815 | L2: 0.297851 | L3: 0.297652 | lrm: 0.57 | dt: 3459.13ms | tok/sec: 151,566 | mfu: 39.47 | epoch: 1 | total time: 180.14m
step 03147 (71.44%) | K: 3 | loss: 0.601176 | L1: 0.303628 | L2: 0.297642 | L3: 0.297454 | lrm: 0.57 | dt: 3458.03ms | tok/sec: 151,614 | mfu: 39.48 | epoch: 1 | total time: 180.20m
step 03148 (71.47%) | K: 3 | loss: 0.597942 | L1: 0.302013 | L2: 0.296020 | L3: 0.295837 | lrm: 0.57 | dt: 3458.63ms | tok/sec: 151,588 | mfu: 39.48 | epoch: 1 | total time: 180.26m
step 03149 (71.49%) | K: 3 | loss: 0.594673 | L1: 0.300344 | L2: 0.294422 | L3: 0.294237 | lrm: 0.57 | dt: 3453.16ms | tok/sec: 151,828 | mfu: 39.54 | epoch: 1 | total time: 180.32m
step 03150 (71.51%) | K: 3 | loss: 0.592439 | L1: 0.299226 | L2: 0.293308 | L3: 0.293118 | lrm: 0.57 | dt: 3452.14ms | tok/sec: 151,873 | mfu: 39.55 | epoch: 1 | total time: 180.37m
step 03151 (71.53%) | K: 3 | loss: 0.599992 | L1: 0.302976 | L2: 0.297112 | L3: 0.296920 | lrm: 0.57 | dt: 3450.17ms | tok/sec: 151,959 | mfu: 39.57 | epoch: 1 | total time: 180.43m
step 03152 (71.56%) | K: 3 | loss: 0.601080 | L1: 0.303507 | L2: 0.297663 | L3: 0.297485 | lrm: 0.57 | dt: 3445.86ms | tok/sec: 152,150 | mfu: 39.62 | epoch: 1 | total time: 180.49m
step 03153 (71.58%) | K: 3 | loss: 0.594276 | L1: 0.300091 | L2: 0.294275 | L3: 0.294094 | lrm: 0.57 | dt: 3447.06ms | tok/sec: 152,097 | mfu: 39.61 | epoch: 1 | total time: 180.55m
step 03154 (71.60%) | K: 3 | loss: 0.596997 | L1: 0.301473 | L2: 0.295622 | L3: 0.295427 | lrm: 0.57 | dt: 3446.94ms | tok/sec: 152,102 | mfu: 39.61 | epoch: 1 | total time: 180.60m
step 03155 (71.63%) | K: 3 | loss: 0.596570 | L1: 0.301264 | L2: 0.295407 | L3: 0.295205 | lrm: 0.57 | dt: 3442.71ms | tok/sec: 152,289 | mfu: 39.66 | epoch: 1 | total time: 180.66m
step 03156 (71.65%) | K: 3 | loss: 0.598811 | L1: 0.302389 | L2: 0.296516 | L3: 0.296328 | lrm: 0.57 | dt: 3444.58ms | tok/sec: 152,206 | mfu: 39.64 | epoch: 1 | total time: 180.72m
step 03157 (71.67%) | K: 3 | loss: 0.600439 | L1: 0.303246 | L2: 0.297303 | L3: 0.297083 | lrm: 0.57 | dt: 3445.79ms | tok/sec: 152,153 | mfu: 39.62 | epoch: 1 | total time: 180.77m
step 03158 (71.69%) | K: 3 | loss: 0.600110 | L1: 0.303059 | L2: 0.297158 | L3: 0.296943 | lrm: 0.57 | dt: 3446.11ms | tok/sec: 152,138 | mfu: 39.62 | epoch: 1 | total time: 180.83m
step 03159 (71.72%) | K: 3 | loss: 0.598961 | L1: 0.302491 | L2: 0.296579 | L3: 0.296361 | lrm: 0.57 | dt: 3443.23ms | tok/sec: 152,266 | mfu: 39.65 | epoch: 1 | total time: 180.89m
step 03160 (71.74%) | K: 3 | loss: 0.600317 | L1: 0.303124 | L2: 0.297298 | L3: 0.297088 | lrm: 0.57 | dt: 3443.37ms | tok/sec: 152,260 | mfu: 39.65 | epoch: 1 | total time: 180.95m
step 03161 (71.76%) | K: 3 | loss: 0.598543 | L1: 0.302263 | L2: 0.296377 | L3: 0.296182 | lrm: 0.56 | dt: 3441.90ms | tok/sec: 152,325 | mfu: 39.67 | epoch: 1 | total time: 181.00m
step 03162 (71.79%) | K: 3 | loss: 0.597550 | L1: 0.301734 | L2: 0.295903 | L3: 0.295729 | lrm: 0.56 | dt: 3444.83ms | tok/sec: 152,195 | mfu: 39.63 | epoch: 1 | total time: 181.06m
step 03163 (71.81%) | K: 3 | loss: 0.600518 | L1: 0.303246 | L2: 0.297354 | L3: 0.297190 | lrm: 0.56 | dt: 3444.41ms | tok/sec: 152,213 | mfu: 39.64 | epoch: 1 | total time: 181.12m
step 03164 (71.83%) | K: 3 | loss: 0.599776 | L1: 0.302891 | L2: 0.296970 | L3: 0.296800 | lrm: 0.56 | dt: 3439.07ms | tok/sec: 152,450 | mfu: 39.70 | epoch: 1 | total time: 181.18m
step 03165 (71.86%) | K: 3 | loss: 0.597322 | L1: 0.301625 | L2: 0.295776 | L3: 0.295617 | lrm: 0.56 | dt: 3440.80ms | tok/sec: 152,373 | mfu: 39.68 | epoch: 1 | total time: 181.23m
step 03166 (71.88%) | K: 3 | loss: 0.591625 | L1: 0.298771 | L2: 0.292931 | L3: 0.292777 | lrm: 0.56 | dt: 3440.73ms | tok/sec: 152,376 | mfu: 39.68 | epoch: 1 | total time: 181.29m
step 03167 (71.90%) | K: 3 | loss: 0.589354 | L1: 0.297677 | L2: 0.291757 | L3: 0.291595 | lrm: 0.56 | dt: 3442.66ms | tok/sec: 152,291 | mfu: 39.66 | epoch: 1 | total time: 181.35m
step 03168 (71.92%) | K: 3 | loss: 0.585152 | L1: 0.295512 | L2: 0.289713 | L3: 0.289567 | lrm: 0.56 | dt: 3443.20ms | tok/sec: 152,267 | mfu: 39.65 | epoch: 1 | total time: 181.41m
step 03169 (71.95%) | K: 3 | loss: 0.582405 | L1: 0.294134 | L2: 0.288344 | L3: 0.288199 | lrm: 0.56 | dt: 3440.88ms | tok/sec: 152,370 | mfu: 39.68 | epoch: 1 | total time: 181.46m
step 03170 (71.97%) | K: 3 | loss: 0.584508 | L1: 0.295182 | L2: 0.289397 | L3: 0.289254 | lrm: 0.56 | dt: 3443.35ms | tok/sec: 152,260 | mfu: 39.65 | epoch: 1 | total time: 181.52m
step 03171 (71.99%) | K: 3 | loss: 0.584886 | L1: 0.295392 | L2: 0.289565 | L3: 0.289423 | lrm: 0.56 | dt: 3447.26ms | tok/sec: 152,088 | mfu: 39.61 | epoch: 1 | total time: 181.58m
step 03172 (72.02%) | K: 3 | loss: 0.585632 | L1: 0.295798 | L2: 0.289911 | L3: 0.289757 | lrm: 0.56 | dt: 3449.99ms | tok/sec: 151,967 | mfu: 39.58 | epoch: 1 | total time: 181.64m
step 03173 (72.04%) | K: 3 | loss: 0.580367 | L1: 0.293165 | L2: 0.287274 | L3: 0.287130 | lrm: 0.56 | dt: 3451.22ms | tok/sec: 151,913 | mfu: 39.56 | epoch: 1 | total time: 181.69m
step 03174 (72.06%) | K: 3 | loss: 0.584238 | L1: 0.295132 | L2: 0.289183 | L3: 0.289029 | lrm: 0.56 | dt: 3445.07ms | tok/sec: 152,185 | mfu: 39.63 | epoch: 1 | total time: 181.75m
step 03175 (72.08%) | K: 3 | loss: 0.585667 | L1: 0.295876 | L2: 0.289872 | L3: 0.289711 | lrm: 0.56 | dt: 3449.70ms | tok/sec: 151,980 | mfu: 39.58 | epoch: 1 | total time: 181.81m
step 03176 (72.11%) | K: 3 | loss: 0.584055 | L1: 0.295080 | L2: 0.289061 | L3: 0.288891 | lrm: 0.56 | dt: 3446.04ms | tok/sec: 152,142 | mfu: 39.62 | epoch: 1 | total time: 181.87m
step 03177 (72.13%) | K: 3 | loss: 0.585738 | L1: 0.295903 | L2: 0.289919 | L3: 0.289751 | lrm: 0.56 | dt: 3445.18ms | tok/sec: 152,180 | mfu: 39.63 | epoch: 1 | total time: 181.92m
step 03178 (72.15%) | K: 3 | loss: 0.591369 | L1: 0.298683 | L2: 0.292773 | L3: 0.292600 | lrm: 0.56 | dt: 3444.21ms | tok/sec: 152,223 | mfu: 39.64 | epoch: 1 | total time: 181.98m
step 03179 (72.17%) | K: 3 | loss: 0.591931 | L1: 0.298990 | L2: 0.293027 | L3: 0.292856 | lrm: 0.56 | dt: 3441.70ms | tok/sec: 152,334 | mfu: 39.67 | epoch: 1 | total time: 182.04m
step 03180 (72.20%) | K: 3 | loss: 0.593181 | L1: 0.299625 | L2: 0.293650 | L3: 0.293461 | lrm: 0.56 | dt: 3443.40ms | tok/sec: 152,258 | mfu: 39.65 | epoch: 1 | total time: 182.10m
step 03181 (72.22%) | K: 3 | loss: 0.590171 | L1: 0.298095 | L2: 0.292161 | L3: 0.291991 | lrm: 0.56 | dt: 3444.93ms | tok/sec: 152,191 | mfu: 39.63 | epoch: 1 | total time: 182.15m
step 03182 (72.24%) | K: 3 | loss: 0.593801 | L1: 0.299935 | L2: 0.293957 | L3: 0.293776 | lrm: 0.56 | dt: 3444.57ms | tok/sec: 152,207 | mfu: 39.64 | epoch: 1 | total time: 182.21m
step 03183 (72.26%) | K: 3 | loss: 0.595425 | L1: 0.300738 | L2: 0.294781 | L3: 0.294593 | lrm: 0.55 | dt: 3443.56ms | tok/sec: 152,251 | mfu: 39.65 | epoch: 1 | total time: 182.27m
step 03184 (72.29%) | K: 3 | loss: 0.594929 | L1: 0.300516 | L2: 0.294508 | L3: 0.294318 | lrm: 0.55 | dt: 3448.59ms | tok/sec: 152,029 | mfu: 39.59 | epoch: 1 | total time: 182.32m
step 03185 (72.31%) | K: 3 | loss: 0.593865 | L1: 0.299918 | L2: 0.294043 | L3: 0.293851 | lrm: 0.55 | dt: 3449.71ms | tok/sec: 151,980 | mfu: 39.58 | epoch: 1 | total time: 182.38m
step 03186 (72.33%) | K: 3 | loss: 0.603421 | L1: 0.304717 | L2: 0.298803 | L3: 0.298604 | lrm: 0.55 | dt: 3450.85ms | tok/sec: 151,929 | mfu: 39.57 | epoch: 1 | total time: 182.44m
step 03187 (72.35%) | K: 3 | loss: 0.606372 | L1: 0.306211 | L2: 0.300268 | L3: 0.300054 | lrm: 0.55 | dt: 3453.29ms | tok/sec: 151,822 | mfu: 39.54 | epoch: 1 | total time: 182.50m
step 03188 (72.38%) | K: 3 | loss: 0.604315 | L1: 0.305193 | L2: 0.299233 | L3: 0.299011 | lrm: 0.55 | dt: 3453.80ms | tok/sec: 151,800 | mfu: 39.53 | epoch: 1 | total time: 182.55m
step 03189 (72.40%) | K: 3 | loss: 0.600771 | L1: 0.303430 | L2: 0.297448 | L3: 0.297235 | lrm: 0.55 | dt: 3451.76ms | tok/sec: 151,890 | mfu: 39.55 | epoch: 1 | total time: 182.61m
step 03190 (72.42%) | K: 3 | loss: 0.599355 | L1: 0.302724 | L2: 0.296734 | L3: 0.296527 | lrm: 0.55 | dt: 3452.69ms | tok/sec: 151,849 | mfu: 39.54 | epoch: 1 | total time: 182.67m
step 03191 (72.44%) | K: 3 | loss: 0.594612 | L1: 0.300361 | L2: 0.294350 | L3: 0.294151 | lrm: 0.55 | dt: 3449.61ms | tok/sec: 151,984 | mfu: 39.58 | epoch: 1 | total time: 182.73m
step 03192 (72.47%) | K: 3 | loss: 0.591512 | L1: 0.298801 | L2: 0.292812 | L3: 0.292610 | lrm: 0.55 | dt: 3448.90ms | tok/sec: 152,015 | mfu: 39.59 | epoch: 1 | total time: 182.78m
step 03193 (72.49%) | K: 3 | loss: 0.590233 | L1: 0.298169 | L2: 0.292164 | L3: 0.291963 | lrm: 0.55 | dt: 3447.99ms | tok/sec: 152,056 | mfu: 39.60 | epoch: 1 | total time: 182.84m
step 03194 (72.51%) | K: 3 | loss: 0.589107 | L1: 0.297603 | L2: 0.291601 | L3: 0.291407 | lrm: 0.55 | dt: 3446.55ms | tok/sec: 152,119 | mfu: 39.61 | epoch: 1 | total time: 182.90m
step 03195 (72.53%) | K: 3 | loss: 0.585952 | L1: 0.296086 | L2: 0.289970 | L3: 0.289763 | lrm: 0.55 | dt: 3445.20ms | tok/sec: 152,179 | mfu: 39.63 | epoch: 1 | total time: 182.96m
step 03196 (72.56%) | K: 3 | loss: 0.587752 | L1: 0.296969 | L2: 0.290884 | L3: 0.290684 | lrm: 0.55 | dt: 3448.09ms | tok/sec: 152,051 | mfu: 39.60 | epoch: 1 | total time: 183.01m
step 03197 (72.58%) | K: 3 | loss: 0.589798 | L1: 0.297999 | L2: 0.291899 | L3: 0.291699 | lrm: 0.55 | dt: 3445.18ms | tok/sec: 152,180 | mfu: 39.63 | epoch: 1 | total time: 183.07m
step 03198 (72.60%) | K: 3 | loss: 0.590775 | L1: 0.298493 | L2: 0.292378 | L3: 0.292185 | lrm: 0.55 | dt: 3447.46ms | tok/sec: 152,079 | mfu: 39.60 | epoch: 1 | total time: 183.13m
step 03199 (72.63%) | K: 3 | loss: 0.589113 | L1: 0.297626 | L2: 0.291582 | L3: 0.291393 | lrm: 0.55 | dt: 3449.24ms | tok/sec: 152,001 | mfu: 39.58 | epoch: 1 | total time: 183.19m
step 03200 (72.65%) | K: 3 | loss: 0.590431 | L1: 0.298315 | L2: 0.292198 | L3: 0.292034 | lrm: 0.55 | dt: 3447.87ms | tok/sec: 152,061 | mfu: 39.60 | epoch: 1 | total time: 183.24m
step 03201 (72.67%) | K: 3 | loss: 0.586989 | L1: 0.296557 | L2: 0.290512 | L3: 0.290352 | lrm: 0.55 | dt: 3451.61ms | tok/sec: 151,896 | mfu: 39.56 | epoch: 1 | total time: 183.30m
step 03202 (72.69%) | K: 3 | loss: 0.580243 | L1: 0.293130 | L2: 0.287194 | L3: 0.287032 | lrm: 0.55 | dt: 3448.39ms | tok/sec: 152,038 | mfu: 39.59 | epoch: 1 | total time: 183.36m
step 03203 (72.72%) | K: 3 | loss: 0.583066 | L1: 0.294541 | L2: 0.288608 | L3: 0.288442 | lrm: 0.55 | dt: 3451.29ms | tok/sec: 151,910 | mfu: 39.56 | epoch: 1 | total time: 183.42m
step 03204 (72.74%) | K: 3 | loss: 0.584980 | L1: 0.295503 | L2: 0.289562 | L3: 0.289392 | lrm: 0.55 | dt: 3451.21ms | tok/sec: 151,914 | mfu: 39.56 | epoch: 1 | total time: 183.47m
step 03205 (72.76%) | K: 3 | loss: 0.587754 | L1: 0.296878 | L2: 0.290953 | L3: 0.290799 | lrm: 0.54 | dt: 3449.34ms | tok/sec: 151,996 | mfu: 39.58 | epoch: 1 | total time: 183.53m
step 03206 (72.78%) | K: 3 | loss: 0.589086 | L1: 0.297555 | L2: 0.291617 | L3: 0.291446 | lrm: 0.54 | dt: 3455.99ms | tok/sec: 151,704 | mfu: 39.51 | epoch: 1 | total time: 183.59m
step 03207 (72.81%) | K: 3 | loss: 0.591716 | L1: 0.298877 | L2: 0.292920 | L3: 0.292759 | lrm: 0.54 | dt: 3456.62ms | tok/sec: 151,676 | mfu: 39.50 | epoch: 1 | total time: 183.65m
step 03208 (72.83%) | K: 3 | loss: 0.592771 | L1: 0.299353 | L2: 0.293499 | L3: 0.293336 | lrm: 0.54 | dt: 3456.51ms | tok/sec: 151,681 | mfu: 39.50 | epoch: 1 | total time: 183.70m
step 03209 (72.85%) | K: 3 | loss: 0.592203 | L1: 0.299092 | L2: 0.293197 | L3: 0.293027 | lrm: 0.54 | dt: 3450.07ms | tok/sec: 151,964 | mfu: 39.57 | epoch: 1 | total time: 183.76m
step 03210 (72.88%) | K: 3 | loss: 0.592274 | L1: 0.299105 | L2: 0.293254 | L3: 0.293083 | lrm: 0.54 | dt: 3447.64ms | tok/sec: 152,071 | mfu: 39.60 | epoch: 1 | total time: 183.82m
step 03211 (72.90%) | K: 3 | loss: 0.590316 | L1: 0.298128 | L2: 0.292278 | L3: 0.292096 | lrm: 0.54 | dt: 3450.05ms | tok/sec: 151,965 | mfu: 39.57 | epoch: 1 | total time: 183.88m
step 03212 (72.92%) | K: 3 | loss: 0.587984 | L1: 0.296972 | L2: 0.291096 | L3: 0.290928 | lrm: 0.54 | dt: 3446.34ms | tok/sec: 152,128 | mfu: 39.62 | epoch: 1 | total time: 183.93m
step 03213 (72.95%) | K: 3 | loss: 0.588606 | L1: 0.297262 | L2: 0.291422 | L3: 0.291267 | lrm: 0.54 | dt: 3443.39ms | tok/sec: 152,259 | mfu: 39.65 | epoch: 1 | total time: 183.99m
step 03214 (72.97%) | K: 3 | loss: 0.589080 | L1: 0.297501 | L2: 0.291649 | L3: 0.291508 | lrm: 0.54 | dt: 3446.27ms | tok/sec: 152,131 | mfu: 39.62 | epoch: 1 | total time: 184.05m
step 03215 (72.99%) | K: 3 | loss: 0.587975 | L1: 0.296978 | L2: 0.291076 | L3: 0.290918 | lrm: 0.54 | dt: 3443.78ms | tok/sec: 152,241 | mfu: 39.65 | epoch: 1 | total time: 184.11m
step 03216 (73.01%) | K: 3 | loss: 0.588406 | L1: 0.297252 | L2: 0.291234 | L3: 0.291073 | lrm: 0.54 | dt: 3444.30ms | tok/sec: 152,218 | mfu: 39.64 | epoch: 1 | total time: 184.16m
step 03217 (73.04%) | K: 3 | loss: 0.588469 | L1: 0.297270 | L2: 0.291271 | L3: 0.291126 | lrm: 0.54 | dt: 3439.37ms | tok/sec: 152,437 | mfu: 39.70 | epoch: 1 | total time: 184.22m
step 03218 (73.06%) | K: 3 | loss: 0.589295 | L1: 0.297667 | L2: 0.291700 | L3: 0.291555 | lrm: 0.54 | dt: 3444.11ms | tok/sec: 152,227 | mfu: 39.64 | epoch: 1 | total time: 184.28m
step 03219 (73.08%) | K: 3 | loss: 0.589219 | L1: 0.297627 | L2: 0.291657 | L3: 0.291526 | lrm: 0.54 | dt: 3440.88ms | tok/sec: 152,370 | mfu: 39.68 | epoch: 1 | total time: 184.34m
step 03220 (73.10%) | K: 3 | loss: 0.586027 | L1: 0.296057 | L2: 0.290039 | L3: 0.289901 | lrm: 0.54 | dt: 3443.35ms | tok/sec: 152,261 | mfu: 39.65 | epoch: 1 | total time: 184.39m
step 03221 (73.13%) | K: 3 | loss: 0.582847 | L1: 0.294486 | L2: 0.288432 | L3: 0.288291 | lrm: 0.54 | dt: 3446.37ms | tok/sec: 152,127 | mfu: 39.62 | epoch: 1 | total time: 184.45m
step 03222 (73.15%) | K: 3 | loss: 0.583258 | L1: 0.294679 | L2: 0.288654 | L3: 0.288503 | lrm: 0.54 | dt: 3448.48ms | tok/sec: 152,034 | mfu: 39.59 | epoch: 1 | total time: 184.51m
step 03223 (73.17%) | K: 3 | loss: 0.587618 | L1: 0.296808 | L2: 0.290876 | L3: 0.290745 | lrm: 0.54 | dt: 3447.62ms | tok/sec: 152,072 | mfu: 39.60 | epoch: 1 | total time: 184.57m
step 03224 (73.20%) | K: 3 | loss: 0.590031 | L1: 0.298049 | L2: 0.292050 | L3: 0.291912 | lrm: 0.54 | dt: 3452.75ms | tok/sec: 151,846 | mfu: 39.54 | epoch: 1 | total time: 184.62m
step 03225 (73.22%) | K: 3 | loss: 0.588048 | L1: 0.297051 | L2: 0.291071 | L3: 0.290922 | lrm: 0.54 | dt: 3452.09ms | tok/sec: 151,875 | mfu: 39.55 | epoch: 1 | total time: 184.68m
step 03226 (73.24%) | K: 3 | loss: 0.591912 | L1: 0.299033 | L2: 0.292961 | L3: 0.292797 | lrm: 0.54 | dt: 3457.33ms | tok/sec: 151,645 | mfu: 39.49 | epoch: 1 | total time: 184.74m
step 03227 (73.26%) | K: 3 | loss: 0.587655 | L1: 0.296894 | L2: 0.290836 | L3: 0.290687 | lrm: 0.53 | dt: 3459.64ms | tok/sec: 151,544 | mfu: 39.46 | epoch: 1 | total time: 184.80m
step 03228 (73.29%) | K: 3 | loss: 0.591265 | L1: 0.298713 | L2: 0.292626 | L3: 0.292477 | lrm: 0.53 | dt: 3458.88ms | tok/sec: 151,577 | mfu: 39.47 | epoch: 1 | total time: 184.85m
step 03229 (73.31%) | K: 3 | loss: 0.588581 | L1: 0.297382 | L2: 0.291279 | L3: 0.291119 | lrm: 0.53 | dt: 3455.63ms | tok/sec: 151,720 | mfu: 39.51 | epoch: 1 | total time: 184.91m
step 03230 (73.33%) | K: 3 | loss: 0.589669 | L1: 0.297910 | L2: 0.291835 | L3: 0.291684 | lrm: 0.53 | dt: 3455.47ms | tok/sec: 151,726 | mfu: 39.51 | epoch: 1 | total time: 184.97m
step 03231 (73.35%) | K: 3 | loss: 0.587720 | L1: 0.296938 | L2: 0.290861 | L3: 0.290704 | lrm: 0.53 | dt: 3449.92ms | tok/sec: 151,971 | mfu: 39.58 | epoch: 1 | total time: 185.03m
step 03232 (73.38%) | K: 3 | loss: 0.585967 | L1: 0.296054 | L2: 0.289993 | L3: 0.289833 | lrm: 0.53 | dt: 3458.67ms | tok/sec: 151,586 | mfu: 39.48 | epoch: 1 | total time: 185.08m
step 03233 (73.40%) | K: 3 | loss: 0.587620 | L1: 0.296868 | L2: 0.290831 | L3: 0.290674 | lrm: 0.53 | dt: 3448.83ms | tok/sec: 152,019 | mfu: 39.59 | epoch: 1 | total time: 185.14m
step 03234 (73.42%) | K: 3 | loss: 0.588021 | L1: 0.297057 | L2: 0.291040 | L3: 0.290889 | lrm: 0.53 | dt: 3447.05ms | tok/sec: 152,097 | mfu: 39.61 | epoch: 1 | total time: 185.20m
step 03235 (73.44%) | K: 3 | loss: 0.587993 | L1: 0.297071 | L2: 0.290999 | L3: 0.290846 | lrm: 0.53 | dt: 3444.79ms | tok/sec: 152,197 | mfu: 39.63 | epoch: 1 | total time: 185.26m
step 03236 (73.47%) | K: 3 | loss: 0.582444 | L1: 0.294290 | L2: 0.288228 | L3: 0.288080 | lrm: 0.53 | dt: 3443.20ms | tok/sec: 152,267 | mfu: 39.65 | epoch: 1 | total time: 185.31m
step 03237 (73.49%) | K: 3 | loss: 0.578653 | L1: 0.292383 | L2: 0.286341 | L3: 0.286201 | lrm: 0.53 | dt: 3441.89ms | tok/sec: 152,325 | mfu: 39.67 | epoch: 1 | total time: 185.37m
step 03238 (73.51%) | K: 3 | loss: 0.581756 | L1: 0.293916 | L2: 0.287911 | L3: 0.287768 | lrm: 0.53 | dt: 3438.65ms | tok/sec: 152,469 | mfu: 39.71 | epoch: 1 | total time: 185.43m
step 03239 (73.54%) | K: 3 | loss: 0.583913 | L1: 0.295012 | L2: 0.288978 | L3: 0.288824 | lrm: 0.53 | dt: 3438.97ms | tok/sec: 152,454 | mfu: 39.70 | epoch: 1 | total time: 185.49m
step 03240 (73.56%) | K: 3 | loss: 0.582948 | L1: 0.294517 | L2: 0.288509 | L3: 0.288354 | lrm: 0.53 | dt: 3440.18ms | tok/sec: 152,401 | mfu: 39.69 | epoch: 1 | total time: 185.54m
step 03241 (73.58%) | K: 3 | loss: 0.582024 | L1: 0.294094 | L2: 0.288016 | L3: 0.287846 | lrm: 0.53 | dt: 3441.86ms | tok/sec: 152,327 | mfu: 39.67 | epoch: 1 | total time: 185.60m
step 03242 (73.60%) | K: 3 | loss: 0.581674 | L1: 0.293948 | L2: 0.287816 | L3: 0.287636 | lrm: 0.53 | dt: 3445.88ms | tok/sec: 152,149 | mfu: 39.62 | epoch: 1 | total time: 185.66m
step 03243 (73.63%) | K: 3 | loss: 0.583468 | L1: 0.294864 | L2: 0.288700 | L3: 0.288508 | lrm: 0.53 | dt: 3450.15ms | tok/sec: 151,960 | mfu: 39.57 | epoch: 1 | total time: 185.72m
step 03244 (73.65%) | K: 3 | loss: 0.578430 | L1: 0.292303 | L2: 0.286219 | L3: 0.286036 | lrm: 0.53 | dt: 3450.80ms | tok/sec: 151,932 | mfu: 39.57 | epoch: 1 | total time: 185.77m
step 03245 (73.67%) | K: 3 | loss: 0.578477 | L1: 0.292318 | L2: 0.286247 | L3: 0.286072 | lrm: 0.53 | dt: 3449.41ms | tok/sec: 151,993 | mfu: 39.58 | epoch: 1 | total time: 185.83m
step 03246 (73.70%) | K: 3 | loss: 0.582528 | L1: 0.294343 | L2: 0.288275 | L3: 0.288095 | lrm: 0.53 | dt: 3456.79ms | tok/sec: 151,669 | mfu: 39.50 | epoch: 1 | total time: 185.89m
step 03247 (73.72%) | K: 3 | loss: 0.583403 | L1: 0.294824 | L2: 0.288665 | L3: 0.288492 | lrm: 0.53 | dt: 3453.00ms | tok/sec: 151,835 | mfu: 39.54 | epoch: 1 | total time: 185.95m
step 03248 (73.74%) | K: 3 | loss: 0.586550 | L1: 0.296397 | L2: 0.290235 | L3: 0.290072 | lrm: 0.53 | dt: 3455.00ms | tok/sec: 151,747 | mfu: 39.52 | epoch: 1 | total time: 186.00m
step 03249 (73.76%) | K: 3 | loss: 0.585567 | L1: 0.295877 | L2: 0.289772 | L3: 0.289607 | lrm: 0.52 | dt: 3454.20ms | tok/sec: 151,782 | mfu: 39.53 | epoch: 1 | total time: 186.06m
step 03250 (73.79%) | K: 3 | loss: 0.589716 | L1: 0.298013 | L2: 0.291788 | L3: 0.291617 | lrm: 0.52 | dt: 3454.17ms | tok/sec: 151,784 | mfu: 39.53 | epoch: 1 | total time: 186.12m
Step 03250 | Validation L1 bpb: 0.1602 | L2 bpb: 0.1570 | L3 bpb: 0.1569
step 03251 (73.81%) | K: 3 | loss: 0.591211 | L1: 0.298834 | L2: 0.292465 | L3: 0.292289 | lrm: 0.52 | dt: 3457.41ms | tok/sec: 151,641 | mfu: 39.49 | epoch: 1 | total time: 186.18m
step 03252 (73.83%) | K: 3 | loss: 0.592426 | L1: 0.299429 | L2: 0.293083 | L3: 0.292912 | lrm: 0.52 | dt: 3454.29ms | tok/sec: 151,778 | mfu: 39.53 | epoch: 1 | total time: 186.23m
step 03253 (73.86%) | K: 3 | loss: 0.591663 | L1: 0.299009 | L2: 0.292736 | L3: 0.292571 | lrm: 0.52 | dt: 3445.71ms | tok/sec: 152,156 | mfu: 39.62 | epoch: 1 | total time: 186.29m
step 03254 (73.88%) | K: 3 | loss: 0.584691 | L1: 0.295475 | L2: 0.289295 | L3: 0.289136 | lrm: 0.52 | dt: 3442.38ms | tok/sec: 152,303 | mfu: 39.66 | epoch: 1 | total time: 186.35m
step 03255 (73.90%) | K: 3 | loss: 0.587605 | L1: 0.296934 | L2: 0.290759 | L3: 0.290582 | lrm: 0.52 | dt: 3443.33ms | tok/sec: 152,261 | mfu: 39.65 | epoch: 1 | total time: 186.41m
step 03256 (73.92%) | K: 3 | loss: 0.589311 | L1: 0.297787 | L2: 0.291620 | L3: 0.291429 | lrm: 0.52 | dt: 3442.49ms | tok/sec: 152,299 | mfu: 39.66 | epoch: 1 | total time: 186.46m
step 03257 (73.94%) | K: 3 | loss: 0.589792 | L1: 0.298035 | L2: 0.291854 | L3: 0.291660 | lrm: 0.52 | dt: 3441.42ms | tok/sec: 152,346 | mfu: 39.67 | epoch: 1 | total time: 186.52m
step 03258 (73.97%) | K: 3 | loss: 0.592788 | L1: 0.299540 | L2: 0.293346 | L3: 0.293150 | lrm: 0.52 | dt: 3443.32ms | tok/sec: 152,262 | mfu: 39.65 | epoch: 1 | total time: 186.58m
step 03259 (73.99%) | K: 3 | loss: 0.595979 | L1: 0.301083 | L2: 0.295000 | L3: 0.294792 | lrm: 0.52 | dt: 3441.63ms | tok/sec: 152,336 | mfu: 39.67 | epoch: 1 | total time: 186.64m
step 03260 (74.01%) | K: 3 | loss: 0.595610 | L1: 0.300899 | L2: 0.294810 | L3: 0.294612 | lrm: 0.52 | dt: 3447.70ms | tok/sec: 152,069 | mfu: 39.60 | epoch: 1 | total time: 186.69m
step 03261 (74.03%) | K: 3 | loss: 0.596482 | L1: 0.301357 | L2: 0.295223 | L3: 0.295026 | lrm: 0.52 | dt: 3451.45ms | tok/sec: 151,903 | mfu: 39.56 | epoch: 1 | total time: 186.75m
step 03262 (74.06%) | K: 3 | loss: 0.595044 | L1: 0.300577 | L2: 0.294563 | L3: 0.294372 | lrm: 0.52 | dt: 3457.83ms | tok/sec: 151,623 | mfu: 39.49 | epoch: 1 | total time: 186.81m
step 03263 (74.08%) | K: 3 | loss: 0.594920 | L1: 0.300558 | L2: 0.294463 | L3: 0.294261 | lrm: 0.52 | dt: 3461.79ms | tok/sec: 151,449 | mfu: 39.44 | epoch: 1 | total time: 186.87m
step 03264 (74.10%) | K: 3 | loss: 0.590973 | L1: 0.298540 | L2: 0.292529 | L3: 0.292336 | lrm: 0.52 | dt: 3461.09ms | tok/sec: 151,480 | mfu: 39.45 | epoch: 1 | total time: 186.92m
step 03265 (74.12%) | K: 3 | loss: 0.593589 | L1: 0.299860 | L2: 0.293830 | L3: 0.293628 | lrm: 0.52 | dt: 3463.38ms | tok/sec: 151,380 | mfu: 39.42 | epoch: 1 | total time: 186.98m
step 03266 (74.15%) | K: 3 | loss: 0.589292 | L1: 0.297669 | L2: 0.291729 | L3: 0.291517 | lrm: 0.52 | dt: 3457.15ms | tok/sec: 151,653 | mfu: 39.49 | epoch: 1 | total time: 187.04m
step 03267 (74.17%) | K: 3 | loss: 0.587217 | L1: 0.296609 | L2: 0.290708 | L3: 0.290509 | lrm: 0.52 | dt: 3456.17ms | tok/sec: 151,696 | mfu: 39.50 | epoch: 1 | total time: 187.10m
step 03268 (74.19%) | K: 3 | loss: 0.587864 | L1: 0.296929 | L2: 0.291022 | L3: 0.290847 | lrm: 0.52 | dt: 3457.09ms | tok/sec: 151,655 | mfu: 39.49 | epoch: 1 | total time: 187.15m
step 03269 (74.22%) | K: 3 | loss: 0.588347 | L1: 0.297161 | L2: 0.291271 | L3: 0.291101 | lrm: 0.52 | dt: 3449.82ms | tok/sec: 151,975 | mfu: 39.58 | epoch: 1 | total time: 187.21m
step 03270 (74.24%) | K: 3 | loss: 0.584772 | L1: 0.295350 | L2: 0.289513 | L3: 0.289333 | lrm: 0.52 | dt: 3446.15ms | tok/sec: 152,137 | mfu: 39.62 | epoch: 1 | total time: 187.27m
step 03271 (74.26%) | K: 3 | loss: 0.581982 | L1: 0.293917 | L2: 0.288158 | L3: 0.287974 | lrm: 0.51 | dt: 3444.83ms | tok/sec: 152,195 | mfu: 39.63 | epoch: 1 | total time: 187.33m
step 03272 (74.28%) | K: 3 | loss: 0.582788 | L1: 0.294330 | L2: 0.288549 | L3: 0.288368 | lrm: 0.51 | dt: 3446.46ms | tok/sec: 152,123 | mfu: 39.62 | epoch: 1 | total time: 187.38m
step 03273 (74.31%) | K: 3 | loss: 0.582105 | L1: 0.293986 | L2: 0.288206 | L3: 0.288032 | lrm: 0.51 | dt: 3444.62ms | tok/sec: 152,204 | mfu: 39.64 | epoch: 1 | total time: 187.44m
step 03274 (74.33%) | K: 3 | loss: 0.581215 | L1: 0.293557 | L2: 0.287741 | L3: 0.287576 | lrm: 0.51 | dt: 3444.67ms | tok/sec: 152,202 | mfu: 39.64 | epoch: 1 | total time: 187.50m
step 03275 (74.35%) | K: 3 | loss: 0.582545 | L1: 0.294229 | L2: 0.288393 | L3: 0.288238 | lrm: 0.51 | dt: 3451.29ms | tok/sec: 151,910 | mfu: 39.56 | epoch: 1 | total time: 187.56m
step 03276 (74.37%) | K: 3 | loss: 0.583719 | L1: 0.294782 | L2: 0.289019 | L3: 0.288854 | lrm: 0.51 | dt: 3448.35ms | tok/sec: 152,040 | mfu: 39.59 | epoch: 1 | total time: 187.61m
step 03277 (74.40%) | K: 3 | loss: 0.585043 | L1: 0.295448 | L2: 0.289672 | L3: 0.289520 | lrm: 0.51 | dt: 3448.68ms | tok/sec: 152,025 | mfu: 39.59 | epoch: 1 | total time: 187.67m
step 03278 (74.42%) | K: 3 | loss: 0.586995 | L1: 0.296415 | L2: 0.290653 | L3: 0.290507 | lrm: 0.51 | dt: 3452.35ms | tok/sec: 151,863 | mfu: 39.55 | epoch: 1 | total time: 187.73m
step 03279 (74.44%) | K: 3 | loss: 0.587631 | L1: 0.296725 | L2: 0.290983 | L3: 0.290829 | lrm: 0.51 | dt: 3448.18ms | tok/sec: 152,047 | mfu: 39.60 | epoch: 1 | total time: 187.79m
step 03280 (74.46%) | K: 3 | loss: 0.585965 | L1: 0.295904 | L2: 0.290141 | L3: 0.289981 | lrm: 0.51 | dt: 3452.93ms | tok/sec: 151,838 | mfu: 39.54 | epoch: 1 | total time: 187.84m
step 03281 (74.49%) | K: 3 | loss: 0.582268 | L1: 0.294048 | L2: 0.288297 | L3: 0.288143 | lrm: 0.51 | dt: 3450.93ms | tok/sec: 151,926 | mfu: 39.56 | epoch: 1 | total time: 187.90m
step 03282 (74.51%) | K: 3 | loss: 0.588136 | L1: 0.296971 | L2: 0.291246 | L3: 0.291084 | lrm: 0.51 | dt: 3449.73ms | tok/sec: 151,979 | mfu: 39.58 | epoch: 1 | total time: 187.96m
step 03283 (74.53%) | K: 3 | loss: 0.589355 | L1: 0.297609 | L2: 0.291837 | L3: 0.291653 | lrm: 0.51 | dt: 3447.59ms | tok/sec: 152,073 | mfu: 39.60 | epoch: 1 | total time: 188.02m
step 03284 (74.55%) | K: 3 | loss: 0.588162 | L1: 0.297068 | L2: 0.291183 | L3: 0.291004 | lrm: 0.51 | dt: 3447.55ms | tok/sec: 152,075 | mfu: 39.60 | epoch: 1 | total time: 188.07m
step 03285 (74.58%) | K: 3 | loss: 0.587960 | L1: 0.296970 | L2: 0.291083 | L3: 0.290896 | lrm: 0.51 | dt: 3444.20ms | tok/sec: 152,223 | mfu: 39.64 | epoch: 1 | total time: 188.13m
step 03286 (74.60%) | K: 3 | loss: 0.589791 | L1: 0.297908 | L2: 0.291981 | L3: 0.291784 | lrm: 0.51 | dt: 3442.47ms | tok/sec: 152,300 | mfu: 39.66 | epoch: 1 | total time: 188.19m
step 03287 (74.62%) | K: 3 | loss: 0.587322 | L1: 0.296672 | L2: 0.290740 | L3: 0.290561 | lrm: 0.51 | dt: 3435.71ms | tok/sec: 152,599 | mfu: 39.74 | epoch: 1 | total time: 188.25m
step 03288 (74.64%) | K: 3 | loss: 0.591251 | L1: 0.298682 | L2: 0.292656 | L3: 0.292484 | lrm: 0.51 | dt: 3439.17ms | tok/sec: 152,446 | mfu: 39.70 | epoch: 1 | total time: 188.30m
step 03289 (74.67%) | K: 3 | loss: 0.589886 | L1: 0.297996 | L2: 0.291984 | L3: 0.291797 | lrm: 0.51 | dt: 3437.44ms | tok/sec: 152,522 | mfu: 39.72 | epoch: 1 | total time: 188.36m
step 03290 (74.69%) | K: 3 | loss: 0.589847 | L1: 0.297952 | L2: 0.291984 | L3: 0.291806 | lrm: 0.51 | dt: 3442.08ms | tok/sec: 152,317 | mfu: 39.67 | epoch: 1 | total time: 188.42m
step 03291 (74.71%) | K: 3 | loss: 0.589649 | L1: 0.297836 | L2: 0.291902 | L3: 0.291725 | lrm: 0.51 | dt: 3438.21ms | tok/sec: 152,488 | mfu: 39.71 | epoch: 1 | total time: 188.48m
step 03292 (74.73%) | K: 3 | loss: 0.589127 | L1: 0.297596 | L2: 0.291619 | L3: 0.291443 | lrm: 0.51 | dt: 3441.92ms | tok/sec: 152,324 | mfu: 39.67 | epoch: 1 | total time: 188.53m
step 03293 (74.75%) | K: 3 | loss: 0.585841 | L1: 0.295985 | L2: 0.289947 | L3: 0.289764 | lrm: 0.50 | dt: 3446.62ms | tok/sec: 152,116 | mfu: 39.61 | epoch: 1 | total time: 188.59m
step 03294 (74.78%) | K: 3 | loss: 0.587162 | L1: 0.296647 | L2: 0.290601 | L3: 0.290429 | lrm: 0.50 | dt: 3444.19ms | tok/sec: 152,223 | mfu: 39.64 | epoch: 1 | total time: 188.65m
step 03295 (74.80%) | K: 3 | loss: 0.588271 | L1: 0.297163 | L2: 0.291193 | L3: 0.291022 | lrm: 0.50 | dt: 3449.36ms | tok/sec: 151,995 | mfu: 39.58 | epoch: 1 | total time: 188.70m
step 03296 (74.82%) | K: 3 | loss: 0.586431 | L1: 0.296226 | L2: 0.290290 | L3: 0.290120 | lrm: 0.50 | dt: 3450.93ms | tok/sec: 151,926 | mfu: 39.56 | epoch: 1 | total time: 188.76m
step 03297 (74.84%) | K: 3 | loss: 0.585695 | L1: 0.295841 | L2: 0.289934 | L3: 0.289774 | lrm: 0.50 | dt: 3454.07ms | tok/sec: 151,788 | mfu: 39.53 | epoch: 1 | total time: 188.82m
step 03298 (74.87%) | K: 3 | loss: 0.586002 | L1: 0.296009 | L2: 0.290081 | L3: 0.289905 | lrm: 0.50 | dt: 3451.33ms | tok/sec: 151,909 | mfu: 39.56 | epoch: 1 | total time: 188.88m
step 03299 (74.89%) | K: 3 | loss: 0.585157 | L1: 0.295575 | L2: 0.289661 | L3: 0.289502 | lrm: 0.50 | dt: 3449.18ms | tok/sec: 152,003 | mfu: 39.58 | epoch: 1 | total time: 188.93m
step 03300 (74.91%) | K: 3 | loss: 0.585234 | L1: 0.295624 | L2: 0.289693 | L3: 0.289526 | lrm: 0.50 | dt: 3447.71ms | tok/sec: 152,068 | mfu: 39.60 | epoch: 1 | total time: 188.99m
step 03301 (74.94%) | K: 3 | loss: 0.584950 | L1: 0.295455 | L2: 0.289579 | L3: 0.289411 | lrm: 0.50 | dt: 3444.86ms | tok/sec: 152,194 | mfu: 39.63 | epoch: 1 | total time: 189.05m
step 03302 (74.96%) | K: 3 | loss: 0.582765 | L1: 0.294314 | L2: 0.288540 | L3: 0.288361 | lrm: 0.50 | dt: 3444.15ms | tok/sec: 152,225 | mfu: 39.64 | epoch: 1 | total time: 189.11m
step 03303 (74.99%) | K: 3 | loss: 0.582948 | L1: 0.294442 | L2: 0.288591 | L3: 0.288421 | lrm: 0.50 | dt: 3444.23ms | tok/sec: 152,222 | mfu: 39.64 | epoch: 1 | total time: 189.16m
step 03304 (75.01%) | K: 3 | loss: 0.581523 | L1: 0.293699 | L2: 0.287905 | L3: 0.287743 | lrm: 0.50 | dt: 3446.19ms | tok/sec: 152,135 | mfu: 39.62 | epoch: 1 | total time: 189.22m
step 03305 (75.03%) | K: 3 | loss: 0.578096 | L1: 0.291980 | L2: 0.286199 | L3: 0.286034 | lrm: 0.50 | dt: 3443.81ms | tok/sec: 152,240 | mfu: 39.65 | epoch: 1 | total time: 189.28m
step 03306 (75.05%) | K: 3 | loss: 0.582517 | L1: 0.294241 | L2: 0.288365 | L3: 0.288187 | lrm: 0.50 | dt: 3441.31ms | tok/sec: 152,351 | mfu: 39.68 | epoch: 1 | total time: 189.34m
step 03307 (75.08%) | K: 3 | loss: 0.582900 | L1: 0.294419 | L2: 0.288572 | L3: 0.288390 | lrm: 0.50 | dt: 3440.91ms | tok/sec: 152,369 | mfu: 39.68 | epoch: 1 | total time: 189.39m
step 03308 (75.10%) | K: 3 | loss: 0.581486 | L1: 0.293715 | L2: 0.287862 | L3: 0.287679 | lrm: 0.50 | dt: 3442.23ms | tok/sec: 152,310 | mfu: 39.66 | epoch: 1 | total time: 189.45m
step 03309 (75.12%) | K: 3 | loss: 0.583410 | L1: 0.294672 | L2: 0.288825 | L3: 0.288650 | lrm: 0.50 | dt: 3442.75ms | tok/sec: 152,287 | mfu: 39.66 | epoch: 1 | total time: 189.51m
step 03310 (75.15%) | K: 3 | loss: 0.582649 | L1: 0.294280 | L2: 0.288456 | L3: 0.288281 | lrm: 0.50 | dt: 3451.79ms | tok/sec: 151,888 | mfu: 39.55 | epoch: 1 | total time: 189.57m
step 03311 (75.17%) | K: 3 | loss: 0.580912 | L1: 0.293448 | L2: 0.287561 | L3: 0.287367 | lrm: 0.50 | dt: 3450.56ms | tok/sec: 151,943 | mfu: 39.57 | epoch: 1 | total time: 189.62m
step 03312 (75.19%) | K: 3 | loss: 0.585345 | L1: 0.295650 | L2: 0.289793 | L3: 0.289597 | lrm: 0.50 | dt: 3454.12ms | tok/sec: 151,786 | mfu: 39.53 | epoch: 1 | total time: 189.68m
step 03313 (75.21%) | K: 3 | loss: 0.582737 | L1: 0.294289 | L2: 0.288539 | L3: 0.288355 | lrm: 0.50 | dt: 3460.33ms | tok/sec: 151,513 | mfu: 39.46 | epoch: 1 | total time: 189.74m
step 03314 (75.23%) | K: 3 | loss: 0.583974 | L1: 0.294949 | L2: 0.289116 | L3: 0.288935 | lrm: 0.50 | dt: 3457.78ms | tok/sec: 151,625 | mfu: 39.49 | epoch: 1 | total time: 189.80m
step 03315 (75.26%) | K: 3 | loss: 0.581648 | L1: 0.293754 | L2: 0.287984 | L3: 0.287804 | lrm: 0.49 | dt: 3457.71ms | tok/sec: 151,628 | mfu: 39.49 | epoch: 1 | total time: 189.85m
step 03316 (75.28%) | K: 3 | loss: 0.581298 | L1: 0.293552 | L2: 0.287831 | L3: 0.287661 | lrm: 0.49 | dt: 3454.22ms | tok/sec: 151,781 | mfu: 39.53 | epoch: 1 | total time: 189.91m
step 03317 (75.30%) | K: 3 | loss: 0.581875 | L1: 0.293906 | L2: 0.288053 | L3: 0.287885 | lrm: 0.49 | dt: 3444.90ms | tok/sec: 152,192 | mfu: 39.63 | epoch: 1 | total time: 189.97m
step 03318 (75.32%) | K: 3 | loss: 0.585163 | L1: 0.295538 | L2: 0.289711 | L3: 0.289541 | lrm: 0.49 | dt: 3444.35ms | tok/sec: 152,216 | mfu: 39.64 | epoch: 1 | total time: 190.03m
step 03319 (75.35%) | K: 3 | loss: 0.591025 | L1: 0.298541 | L2: 0.292564 | L3: 0.292406 | lrm: 0.49 | dt: 3439.59ms | tok/sec: 152,427 | mfu: 39.69 | epoch: 1 | total time: 190.08m
step 03320 (75.37%) | K: 3 | loss: 0.593104 | L1: 0.299577 | L2: 0.293605 | L3: 0.293450 | lrm: 0.49 | dt: 3438.65ms | tok/sec: 152,468 | mfu: 39.71 | epoch: 1 | total time: 190.14m
step 03321 (75.39%) | K: 3 | loss: 0.593522 | L1: 0.299751 | L2: 0.293854 | L3: 0.293690 | lrm: 0.49 | dt: 3439.95ms | tok/sec: 152,411 | mfu: 39.69 | epoch: 1 | total time: 190.20m
step 03322 (75.42%) | K: 3 | loss: 0.591497 | L1: 0.298764 | L2: 0.292822 | L3: 0.292643 | lrm: 0.49 | dt: 3438.25ms | tok/sec: 152,486 | mfu: 39.71 | epoch: 1 | total time: 190.26m
step 03323 (75.44%) | K: 3 | loss: 0.592607 | L1: 0.299301 | L2: 0.293393 | L3: 0.293218 | lrm: 0.49 | dt: 3436.61ms | tok/sec: 152,559 | mfu: 39.73 | epoch: 1 | total time: 190.31m
step 03324 (75.46%) | K: 3 | loss: 0.592921 | L1: 0.299504 | L2: 0.293504 | L3: 0.293330 | lrm: 0.49 | dt: 3444.07ms | tok/sec: 152,229 | mfu: 39.64 | epoch: 1 | total time: 190.37m
step 03325 (75.48%) | K: 3 | loss: 0.593648 | L1: 0.299861 | L2: 0.293869 | L3: 0.293706 | lrm: 0.49 | dt: 3446.26ms | tok/sec: 152,132 | mfu: 39.62 | epoch: 1 | total time: 190.43m
step 03326 (75.51%) | K: 3 | loss: 0.593796 | L1: 0.299941 | L2: 0.293944 | L3: 0.293765 | lrm: 0.49 | dt: 3449.88ms | tok/sec: 151,972 | mfu: 39.58 | epoch: 1 | total time: 190.49m
step 03327 (75.53%) | K: 3 | loss: 0.595859 | L1: 0.300958 | L2: 0.294987 | L3: 0.294815 | lrm: 0.49 | dt: 3448.98ms | tok/sec: 152,012 | mfu: 39.59 | epoch: 1 | total time: 190.54m
step 03328 (75.55%) | K: 3 | loss: 0.591578 | L1: 0.298813 | L2: 0.292849 | L3: 0.292679 | lrm: 0.49 | dt: 3449.56ms | tok/sec: 151,986 | mfu: 39.58 | epoch: 1 | total time: 190.60m
step 03329 (75.57%) | K: 3 | loss: 0.590967 | L1: 0.298501 | L2: 0.292555 | L3: 0.292377 | lrm: 0.49 | dt: 3450.94ms | tok/sec: 151,926 | mfu: 39.56 | epoch: 1 | total time: 190.66m
step 03330 (75.60%) | K: 3 | loss: 0.592156 | L1: 0.299104 | L2: 0.293143 | L3: 0.292960 | lrm: 0.49 | dt: 3457.57ms | tok/sec: 151,634 | mfu: 39.49 | epoch: 1 | total time: 190.72m
step 03331 (75.62%) | K: 3 | loss: 0.592723 | L1: 0.299406 | L2: 0.293408 | L3: 0.293225 | lrm: 0.49 | dt: 3454.22ms | tok/sec: 151,781 | mfu: 39.53 | epoch: 1 | total time: 190.77m
step 03332 (75.64%) | K: 3 | loss: 0.586838 | L1: 0.296438 | L2: 0.290486 | L3: 0.290314 | lrm: 0.49 | dt: 3455.23ms | tok/sec: 151,737 | mfu: 39.52 | epoch: 1 | total time: 190.83m
step 03333 (75.66%) | K: 3 | loss: 0.586647 | L1: 0.296331 | L2: 0.290405 | L3: 0.290227 | lrm: 0.49 | dt: 3453.60ms | tok/sec: 151,809 | mfu: 39.53 | epoch: 1 | total time: 190.89m
step 03334 (75.69%) | K: 3 | loss: 0.588082 | L1: 0.297061 | L2: 0.291111 | L3: 0.290931 | lrm: 0.49 | dt: 3452.51ms | tok/sec: 151,856 | mfu: 39.55 | epoch: 1 | total time: 190.95m
step 03335 (75.71%) | K: 3 | loss: 0.590730 | L1: 0.298352 | L2: 0.292468 | L3: 0.292288 | lrm: 0.49 | dt: 3449.94ms | tok/sec: 151,969 | mfu: 39.58 | epoch: 1 | total time: 191.00m
step 03336 (75.73%) | K: 3 | loss: 0.589110 | L1: 0.297538 | L2: 0.291666 | L3: 0.291479 | lrm: 0.49 | dt: 3449.73ms | tok/sec: 151,979 | mfu: 39.58 | epoch: 1 | total time: 191.06m
step 03337 (75.75%) | K: 3 | loss: 0.592835 | L1: 0.299430 | L2: 0.293494 | L3: 0.293317 | lrm: 0.48 | dt: 3445.54ms | tok/sec: 152,164 | mfu: 39.63 | epoch: 1 | total time: 191.12m
step 03338 (75.78%) | K: 3 | loss: 0.591741 | L1: 0.298867 | L2: 0.292954 | L3: 0.292794 | lrm: 0.48 | dt: 3440.51ms | tok/sec: 152,386 | mfu: 39.68 | epoch: 1 | total time: 191.18m
step 03339 (75.80%) | K: 3 | loss: 0.589969 | L1: 0.297957 | L2: 0.292089 | L3: 0.291935 | lrm: 0.48 | dt: 3436.65ms | tok/sec: 152,557 | mfu: 39.73 | epoch: 1 | total time: 191.23m
step 03340 (75.82%) | K: 3 | loss: 0.585698 | L1: 0.295809 | L2: 0.289970 | L3: 0.289808 | lrm: 0.48 | dt: 3435.13ms | tok/sec: 152,625 | mfu: 39.75 | epoch: 1 | total time: 191.29m
step 03341 (75.85%) | K: 3 | loss: 0.584305 | L1: 0.295125 | L2: 0.289266 | L3: 0.289094 | lrm: 0.48 | dt: 3440.09ms | tok/sec: 152,405 | mfu: 39.69 | epoch: 1 | total time: 191.35m
step 03342 (75.87%) | K: 3 | loss: 0.585760 | L1: 0.295851 | L2: 0.289998 | L3: 0.289820 | lrm: 0.48 | dt: 3441.96ms | tok/sec: 152,322 | mfu: 39.67 | epoch: 1 | total time: 191.41m
step 03343 (75.89%) | K: 3 | loss: 0.586240 | L1: 0.296068 | L2: 0.290258 | L3: 0.290086 | lrm: 0.48 | dt: 3439.89ms | tok/sec: 152,414 | mfu: 39.69 | epoch: 1 | total time: 191.46m
step 03344 (75.91%) | K: 3 | loss: 0.590857 | L1: 0.298384 | L2: 0.292560 | L3: 0.292386 | lrm: 0.48 | dt: 3447.36ms | tok/sec: 152,083 | mfu: 39.61 | epoch: 1 | total time: 191.52m
step 03345 (75.94%) | K: 3 | loss: 0.590002 | L1: 0.297955 | L2: 0.292139 | L3: 0.291956 | lrm: 0.48 | dt: 3448.93ms | tok/sec: 152,014 | mfu: 39.59 | epoch: 1 | total time: 191.58m
step 03346 (75.96%) | K: 3 | loss: 0.588682 | L1: 0.297323 | L2: 0.291452 | L3: 0.291265 | lrm: 0.48 | dt: 3454.96ms | tok/sec: 151,749 | mfu: 39.52 | epoch: 1 | total time: 191.63m
step 03347 (75.98%) | K: 3 | loss: 0.590095 | L1: 0.298040 | L2: 0.292151 | L3: 0.291957 | lrm: 0.48 | dt: 3454.68ms | tok/sec: 151,761 | mfu: 39.52 | epoch: 1 | total time: 191.69m
step 03348 (76.00%) | K: 3 | loss: 0.588716 | L1: 0.297327 | L2: 0.291480 | L3: 0.291299 | lrm: 0.48 | dt: 3457.63ms | tok/sec: 151,632 | mfu: 39.49 | epoch: 1 | total time: 191.75m
step 03349 (76.03%) | K: 3 | loss: 0.591150 | L1: 0.298556 | L2: 0.292691 | L3: 0.292496 | lrm: 0.48 | dt: 3451.43ms | tok/sec: 151,904 | mfu: 39.56 | epoch: 1 | total time: 191.81m
step 03350 (76.05%) | K: 3 | loss: 0.590465 | L1: 0.298193 | L2: 0.292372 | L3: 0.292173 | lrm: 0.48 | dt: 3461.44ms | tok/sec: 151,465 | mfu: 39.44 | epoch: 1 | total time: 191.87m
step 03351 (76.07%) | K: 3 | loss: 0.589687 | L1: 0.297807 | L2: 0.291977 | L3: 0.291782 | lrm: 0.48 | dt: 3458.73ms | tok/sec: 151,584 | mfu: 39.48 | epoch: 1 | total time: 191.92m
step 03352 (76.09%) | K: 3 | loss: 0.591068 | L1: 0.298495 | L2: 0.292668 | L3: 0.292477 | lrm: 0.48 | dt: 3458.18ms | tok/sec: 151,607 | mfu: 39.48 | epoch: 1 | total time: 191.98m
step 03353 (76.11%) | K: 3 | loss: 0.588094 | L1: 0.297023 | L2: 0.291170 | L3: 0.290972 | lrm: 0.48 | dt: 3455.95ms | tok/sec: 151,706 | mfu: 39.51 | epoch: 1 | total time: 192.04m
step 03354 (76.14%) | K: 3 | loss: 0.585202 | L1: 0.295574 | L2: 0.289721 | L3: 0.289536 | lrm: 0.48 | dt: 3456.64ms | tok/sec: 151,675 | mfu: 39.50 | epoch: 1 | total time: 192.10m
step 03355 (76.16%) | K: 3 | loss: 0.584976 | L1: 0.295410 | L2: 0.289658 | L3: 0.289473 | lrm: 0.48 | dt: 3453.99ms | tok/sec: 151,792 | mfu: 39.53 | epoch: 1 | total time: 192.15m
step 03356 (76.18%) | K: 3 | loss: 0.586051 | L1: 0.296029 | L2: 0.290119 | L3: 0.289925 | lrm: 0.48 | dt: 3453.89ms | tok/sec: 151,796 | mfu: 39.53 | epoch: 1 | total time: 192.21m
step 03357 (76.21%) | K: 3 | loss: 0.584392 | L1: 0.295190 | L2: 0.289301 | L3: 0.289103 | lrm: 0.48 | dt: 3447.87ms | tok/sec: 152,061 | mfu: 39.60 | epoch: 1 | total time: 192.27m
step 03358 (76.23%) | K: 3 | loss: 0.584074 | L1: 0.295076 | L2: 0.289096 | L3: 0.288902 | lrm: 0.48 | dt: 3447.85ms | tok/sec: 152,062 | mfu: 39.60 | epoch: 1 | total time: 192.33m
step 03359 (76.25%) | K: 3 | loss: 0.586039 | L1: 0.296079 | L2: 0.290061 | L3: 0.289860 | lrm: 0.47 | dt: 3445.42ms | tok/sec: 152,169 | mfu: 39.63 | epoch: 1 | total time: 192.38m
step 03360 (76.27%) | K: 3 | loss: 0.588347 | L1: 0.297219 | L2: 0.291225 | L3: 0.291031 | lrm: 0.47 | dt: 3445.13ms | tok/sec: 152,182 | mfu: 39.63 | epoch: 1 | total time: 192.44m
step 03361 (76.30%) | K: 3 | loss: 0.588271 | L1: 0.297185 | L2: 0.291187 | L3: 0.290986 | lrm: 0.47 | dt: 3442.14ms | tok/sec: 152,314 | mfu: 39.67 | epoch: 1 | total time: 192.50m
step 03362 (76.32%) | K: 3 | loss: 0.584012 | L1: 0.295037 | L2: 0.289076 | L3: 0.288874 | lrm: 0.47 | dt: 3440.09ms | tok/sec: 152,405 | mfu: 39.69 | epoch: 1 | total time: 192.56m
step 03363 (76.34%) | K: 3 | loss: 0.584143 | L1: 0.295097 | L2: 0.289143 | L3: 0.288949 | lrm: 0.47 | dt: 3444.47ms | tok/sec: 152,211 | mfu: 39.64 | epoch: 1 | total time: 192.61m
step 03364 (76.36%) | K: 3 | loss: 0.584827 | L1: 0.295450 | L2: 0.289469 | L3: 0.289284 | lrm: 0.47 | dt: 3445.20ms | tok/sec: 152,179 | mfu: 39.63 | epoch: 1 | total time: 192.67m
step 03365 (76.38%) | K: 3 | loss: 0.588802 | L1: 0.297451 | L2: 0.291453 | L3: 0.291248 | lrm: 0.47 | dt: 3446.50ms | tok/sec: 152,121 | mfu: 39.62 | epoch: 1 | total time: 192.73m
step 03366 (76.41%) | K: 3 | loss: 0.586441 | L1: 0.296239 | L2: 0.290299 | L3: 0.290106 | lrm: 0.47 | dt: 3446.08ms | tok/sec: 152,140 | mfu: 39.62 | epoch: 1 | total time: 192.79m
step 03367 (76.43%) | K: 3 | loss: 0.585482 | L1: 0.295771 | L2: 0.289801 | L3: 0.289620 | lrm: 0.47 | dt: 3453.00ms | tok/sec: 151,835 | mfu: 39.54 | epoch: 1 | total time: 192.84m
step 03368 (76.45%) | K: 3 | loss: 0.586263 | L1: 0.296147 | L2: 0.290208 | L3: 0.290024 | lrm: 0.47 | dt: 3452.20ms | tok/sec: 151,870 | mfu: 39.55 | epoch: 1 | total time: 192.90m
step 03369 (76.48%) | K: 3 | loss: 0.583305 | L1: 0.294652 | L2: 0.288752 | L3: 0.288556 | lrm: 0.47 | dt: 3449.47ms | tok/sec: 151,991 | mfu: 39.58 | epoch: 1 | total time: 192.96m
step 03370 (76.50%) | K: 3 | loss: 0.581464 | L1: 0.293726 | L2: 0.287830 | L3: 0.287648 | lrm: 0.47 | dt: 3453.26ms | tok/sec: 151,824 | mfu: 39.54 | epoch: 1 | total time: 193.02m
step 03371 (76.52%) | K: 3 | loss: 0.583644 | L1: 0.294804 | L2: 0.288927 | L3: 0.288755 | lrm: 0.47 | dt: 3448.44ms | tok/sec: 152,036 | mfu: 39.59 | epoch: 1 | total time: 193.07m
step 03372 (76.54%) | K: 3 | loss: 0.585817 | L1: 0.295909 | L2: 0.289996 | L3: 0.289819 | lrm: 0.47 | dt: 3448.11ms | tok/sec: 152,050 | mfu: 39.60 | epoch: 1 | total time: 193.13m
step 03373 (76.57%) | K: 3 | loss: 0.586958 | L1: 0.296528 | L2: 0.290520 | L3: 0.290341 | lrm: 0.47 | dt: 3441.26ms | tok/sec: 152,353 | mfu: 39.68 | epoch: 1 | total time: 193.19m
step 03374 (76.59%) | K: 3 | loss: 0.586377 | L1: 0.296230 | L2: 0.290240 | L3: 0.290053 | lrm: 0.47 | dt: 3447.90ms | tok/sec: 152,060 | mfu: 39.60 | epoch: 1 | total time: 193.25m
step 03375 (76.61%) | K: 3 | loss: 0.582137 | L1: 0.294093 | L2: 0.288133 | L3: 0.287955 | lrm: 0.47 | dt: 3446.77ms | tok/sec: 152,109 | mfu: 39.61 | epoch: 1 | total time: 193.30m
step 03376 (76.63%) | K: 3 | loss: 0.584091 | L1: 0.295089 | L2: 0.289098 | L3: 0.288906 | lrm: 0.47 | dt: 3442.91ms | tok/sec: 152,280 | mfu: 39.66 | epoch: 1 | total time: 193.36m
step 03377 (76.66%) | K: 3 | loss: 0.583713 | L1: 0.294889 | L2: 0.288917 | L3: 0.288730 | lrm: 0.47 | dt: 3444.95ms | tok/sec: 152,190 | mfu: 39.63 | epoch: 1 | total time: 193.42m
step 03378 (76.68%) | K: 3 | loss: 0.587600 | L1: 0.296844 | L2: 0.290841 | L3: 0.290671 | lrm: 0.47 | dt: 3449.39ms | tok/sec: 151,994 | mfu: 39.58 | epoch: 1 | total time: 193.47m
step 03379 (76.70%) | K: 3 | loss: 0.590852 | L1: 0.298499 | L2: 0.292438 | L3: 0.292269 | lrm: 0.47 | dt: 3450.39ms | tok/sec: 151,950 | mfu: 39.57 | epoch: 1 | total time: 193.53m
step 03380 (76.72%) | K: 3 | loss: 0.586570 | L1: 0.296371 | L2: 0.290290 | L3: 0.290109 | lrm: 0.47 | dt: 3452.40ms | tok/sec: 151,861 | mfu: 39.55 | epoch: 1 | total time: 193.59m
step 03381 (76.75%) | K: 3 | loss: 0.589826 | L1: 0.298014 | L2: 0.291899 | L3: 0.291725 | lrm: 0.47 | dt: 3452.74ms | tok/sec: 151,847 | mfu: 39.54 | epoch: 1 | total time: 193.65m
step 03382 (76.77%) | K: 3 | loss: 0.589322 | L1: 0.297736 | L2: 0.291677 | L3: 0.291495 | lrm: 0.46 | dt: 3452.09ms | tok/sec: 151,875 | mfu: 39.55 | epoch: 1 | total time: 193.70m
step 03383 (76.79%) | K: 3 | loss: 0.587756 | L1: 0.296909 | L2: 0.290938 | L3: 0.290757 | lrm: 0.46 | dt: 3455.25ms | tok/sec: 151,736 | mfu: 39.51 | epoch: 1 | total time: 193.76m
step 03384 (76.81%) | K: 3 | loss: 0.586015 | L1: 0.296045 | L2: 0.290055 | L3: 0.289884 | lrm: 0.46 | dt: 3449.47ms | tok/sec: 151,990 | mfu: 39.58 | epoch: 1 | total time: 193.82m
step 03385 (76.84%) | K: 3 | loss: 0.587335 | L1: 0.296678 | L2: 0.290744 | L3: 0.290571 | lrm: 0.46 | dt: 3448.29ms | tok/sec: 152,042 | mfu: 39.59 | epoch: 1 | total time: 193.88m
step 03386 (76.86%) | K: 3 | loss: 0.585607 | L1: 0.295806 | L2: 0.289888 | L3: 0.289716 | lrm: 0.46 | dt: 3450.28ms | tok/sec: 151,955 | mfu: 39.57 | epoch: 1 | total time: 193.93m
step 03387 (76.88%) | K: 3 | loss: 0.586003 | L1: 0.296040 | L2: 0.290059 | L3: 0.289866 | lrm: 0.46 | dt: 3445.38ms | tok/sec: 152,171 | mfu: 39.63 | epoch: 1 | total time: 193.99m
step 03388 (76.90%) | K: 3 | loss: 0.589612 | L1: 0.297811 | L2: 0.291893 | L3: 0.291708 | lrm: 0.46 | dt: 3448.41ms | tok/sec: 152,037 | mfu: 39.59 | epoch: 1 | total time: 194.05m
step 03389 (76.93%) | K: 3 | loss: 0.587343 | L1: 0.296674 | L2: 0.290765 | L3: 0.290572 | lrm: 0.46 | dt: 3449.00ms | tok/sec: 152,011 | mfu: 39.59 | epoch: 1 | total time: 194.11m
step 03390 (76.95%) | K: 3 | loss: 0.585543 | L1: 0.295715 | L2: 0.289922 | L3: 0.289733 | lrm: 0.46 | dt: 3449.97ms | tok/sec: 151,968 | mfu: 39.58 | epoch: 1 | total time: 194.16m
step 03391 (76.97%) | K: 3 | loss: 0.586694 | L1: 0.296282 | L2: 0.290498 | L3: 0.290327 | lrm: 0.46 | dt: 3447.66ms | tok/sec: 152,070 | mfu: 39.60 | epoch: 1 | total time: 194.22m
step 03392 (76.99%) | K: 3 | loss: 0.584742 | L1: 0.295311 | L2: 0.289516 | L3: 0.289347 | lrm: 0.46 | dt: 3446.14ms | tok/sec: 152,137 | mfu: 39.62 | epoch: 1 | total time: 194.28m
step 03393 (77.02%) | K: 3 | loss: 0.583228 | L1: 0.294572 | L2: 0.288742 | L3: 0.288570 | lrm: 0.46 | dt: 3454.15ms | tok/sec: 151,785 | mfu: 39.53 | epoch: 1 | total time: 194.34m
step 03394 (77.04%) | K: 3 | loss: 0.582159 | L1: 0.294011 | L2: 0.288227 | L3: 0.288068 | lrm: 0.46 | dt: 3451.05ms | tok/sec: 151,921 | mfu: 39.56 | epoch: 1 | total time: 194.39m
step 03395 (77.06%) | K: 3 | loss: 0.582837 | L1: 0.294367 | L2: 0.288547 | L3: 0.288393 | lrm: 0.46 | dt: 3451.57ms | tok/sec: 151,898 | mfu: 39.56 | epoch: 1 | total time: 194.45m
step 03396 (77.09%) | K: 3 | loss: 0.583608 | L1: 0.294781 | L2: 0.288909 | L3: 0.288745 | lrm: 0.46 | dt: 3455.31ms | tok/sec: 151,733 | mfu: 39.51 | epoch: 1 | total time: 194.51m
step 03397 (77.11%) | K: 3 | loss: 0.579904 | L1: 0.292922 | L2: 0.287069 | L3: 0.286895 | lrm: 0.46 | dt: 3454.92ms | tok/sec: 151,751 | mfu: 39.52 | epoch: 1 | total time: 194.57m
step 03398 (77.13%) | K: 3 | loss: 0.580045 | L1: 0.293022 | L2: 0.287108 | L3: 0.286937 | lrm: 0.46 | dt: 3455.50ms | tok/sec: 151,725 | mfu: 39.51 | epoch: 1 | total time: 194.63m
step 03399 (77.15%) | K: 3 | loss: 0.576467 | L1: 0.291258 | L2: 0.285293 | L3: 0.285125 | lrm: 0.46 | dt: 3452.27ms | tok/sec: 151,867 | mfu: 39.55 | epoch: 1 | total time: 194.68m
step 03400 (77.18%) | K: 3 | loss: 0.575304 | L1: 0.290657 | L2: 0.284729 | L3: 0.284565 | lrm: 0.46 | dt: 3453.81ms | tok/sec: 151,799 | mfu: 39.53 | epoch: 1 | total time: 194.74m
step 03401 (77.20%) | K: 3 | loss: 0.577639 | L1: 0.291835 | L2: 0.285888 | L3: 0.285720 | lrm: 0.46 | dt: 3450.54ms | tok/sec: 151,943 | mfu: 39.57 | epoch: 1 | total time: 194.80m
step 03402 (77.22%) | K: 3 | loss: 0.580274 | L1: 0.293116 | L2: 0.287235 | L3: 0.287082 | lrm: 0.46 | dt: 3453.45ms | tok/sec: 151,815 | mfu: 39.54 | epoch: 1 | total time: 194.86m
step 03403 (77.24%) | K: 3 | loss: 0.584094 | L1: 0.295047 | L2: 0.289122 | L3: 0.288972 | lrm: 0.46 | dt: 3451.45ms | tok/sec: 151,903 | mfu: 39.56 | epoch: 1 | total time: 194.91m
step 03404 (77.27%) | K: 3 | loss: 0.583117 | L1: 0.294543 | L2: 0.288647 | L3: 0.288501 | lrm: 0.45 | dt: 3448.21ms | tok/sec: 152,046 | mfu: 39.60 | epoch: 1 | total time: 194.97m
step 03405 (77.29%) | K: 3 | loss: 0.585534 | L1: 0.295772 | L2: 0.289840 | L3: 0.289685 | lrm: 0.45 | dt: 3446.18ms | tok/sec: 152,136 | mfu: 39.62 | epoch: 1 | total time: 195.03m
step 03406 (77.31%) | K: 3 | loss: 0.584851 | L1: 0.295402 | L2: 0.289531 | L3: 0.289367 | lrm: 0.45 | dt: 3445.59ms | tok/sec: 152,161 | mfu: 39.63 | epoch: 1 | total time: 195.09m
step 03407 (77.34%) | K: 3 | loss: 0.580358 | L1: 0.293108 | L2: 0.287334 | L3: 0.287166 | lrm: 0.45 | dt: 3436.81ms | tok/sec: 152,550 | mfu: 39.73 | epoch: 1 | total time: 195.14m
step 03408 (77.36%) | K: 3 | loss: 0.578530 | L1: 0.292173 | L2: 0.286447 | L3: 0.286268 | lrm: 0.45 | dt: 3437.58ms | tok/sec: 152,516 | mfu: 39.72 | epoch: 1 | total time: 195.20m
step 03409 (77.38%) | K: 3 | loss: 0.577234 | L1: 0.291511 | L2: 0.285808 | L3: 0.285638 | lrm: 0.45 | dt: 3440.93ms | tok/sec: 152,368 | mfu: 39.68 | epoch: 1 | total time: 195.26m
step 03410 (77.40%) | K: 3 | loss: 0.574495 | L1: 0.290167 | L2: 0.284416 | L3: 0.284241 | lrm: 0.45 | dt: 3440.30ms | tok/sec: 152,396 | mfu: 39.69 | epoch: 1 | total time: 195.31m
step 03411 (77.43%) | K: 3 | loss: 0.576582 | L1: 0.291223 | L2: 0.285440 | L3: 0.285279 | lrm: 0.45 | dt: 3442.33ms | tok/sec: 152,306 | mfu: 39.66 | epoch: 1 | total time: 195.37m
step 03412 (77.45%) | K: 3 | loss: 0.573663 | L1: 0.289757 | L2: 0.283994 | L3: 0.283820 | lrm: 0.45 | dt: 3445.00ms | tok/sec: 152,188 | mfu: 39.63 | epoch: 1 | total time: 195.43m
step 03413 (77.47%) | K: 3 | loss: 0.572089 | L1: 0.288951 | L2: 0.283226 | L3: 0.283051 | lrm: 0.45 | dt: 3448.13ms | tok/sec: 152,049 | mfu: 39.60 | epoch: 1 | total time: 195.49m
step 03414 (77.50%) | K: 3 | loss: 0.579341 | L1: 0.292597 | L2: 0.286829 | L3: 0.286659 | lrm: 0.45 | dt: 3451.46ms | tok/sec: 151,903 | mfu: 39.56 | epoch: 1 | total time: 195.54m
step 03415 (77.52%) | K: 3 | loss: 0.583455 | L1: 0.294668 | L2: 0.288867 | L3: 0.288706 | lrm: 0.45 | dt: 3452.35ms | tok/sec: 151,864 | mfu: 39.55 | epoch: 1 | total time: 195.60m
step 03416 (77.54%) | K: 3 | loss: 0.586892 | L1: 0.296397 | L2: 0.290574 | L3: 0.290416 | lrm: 0.45 | dt: 3453.72ms | tok/sec: 151,803 | mfu: 39.53 | epoch: 1 | total time: 195.66m
step 03417 (77.56%) | K: 3 | loss: 0.584163 | L1: 0.295050 | L2: 0.289194 | L3: 0.289032 | lrm: 0.45 | dt: 3458.58ms | tok/sec: 151,590 | mfu: 39.48 | epoch: 1 | total time: 195.72m
step 03418 (77.59%) | K: 3 | loss: 0.588179 | L1: 0.297086 | L2: 0.291178 | L3: 0.291007 | lrm: 0.45 | dt: 3450.75ms | tok/sec: 151,934 | mfu: 39.57 | epoch: 1 | total time: 195.77m
step 03419 (77.61%) | K: 3 | loss: 0.581331 | L1: 0.293648 | L2: 0.287771 | L3: 0.287595 | lrm: 0.45 | dt: 3451.05ms | tok/sec: 151,921 | mfu: 39.56 | epoch: 1 | total time: 195.83m
step 03420 (77.63%) | K: 3 | loss: 0.581243 | L1: 0.293644 | L2: 0.287691 | L3: 0.287507 | lrm: 0.45 | dt: 3450.14ms | tok/sec: 151,961 | mfu: 39.57 | epoch: 1 | total time: 195.89m
step 03421 (77.65%) | K: 3 | loss: 0.585762 | L1: 0.295955 | L2: 0.289901 | L3: 0.289713 | lrm: 0.45 | dt: 3449.39ms | tok/sec: 151,994 | mfu: 39.58 | epoch: 1 | total time: 195.95m
step 03422 (77.68%) | K: 3 | loss: 0.590244 | L1: 0.298237 | L2: 0.292094 | L3: 0.291920 | lrm: 0.45 | dt: 3448.56ms | tok/sec: 152,030 | mfu: 39.59 | epoch: 1 | total time: 196.00m
step 03423 (77.70%) | K: 3 | loss: 0.588632 | L1: 0.297407 | L2: 0.291312 | L3: 0.291139 | lrm: 0.45 | dt: 3446.32ms | tok/sec: 152,129 | mfu: 39.62 | epoch: 1 | total time: 196.06m
step 03424 (77.72%) | K: 3 | loss: 0.587020 | L1: 0.296597 | L2: 0.290512 | L3: 0.290334 | lrm: 0.45 | dt: 3448.09ms | tok/sec: 152,051 | mfu: 39.60 | epoch: 1 | total time: 196.12m
step 03425 (77.74%) | K: 3 | loss: 0.586340 | L1: 0.296237 | L2: 0.290195 | L3: 0.290009 | lrm: 0.45 | dt: 3445.55ms | tok/sec: 152,163 | mfu: 39.63 | epoch: 1 | total time: 196.18m
step 03426 (77.77%) | K: 3 | loss: 0.584461 | L1: 0.295313 | L2: 0.289243 | L3: 0.289052 | lrm: 0.44 | dt: 3450.05ms | tok/sec: 151,965 | mfu: 39.57 | epoch: 1 | total time: 196.23m
step 03427 (77.79%) | K: 3 | loss: 0.585698 | L1: 0.295921 | L2: 0.289874 | L3: 0.289679 | lrm: 0.44 | dt: 3446.70ms | tok/sec: 152,112 | mfu: 39.61 | epoch: 1 | total time: 196.29m
step 03428 (77.81%) | K: 3 | loss: 0.590525 | L1: 0.298362 | L2: 0.292265 | L3: 0.292062 | lrm: 0.44 | dt: 3449.64ms | tok/sec: 151,983 | mfu: 39.58 | epoch: 1 | total time: 196.35m
step 03429 (77.83%) | K: 3 | loss: 0.589345 | L1: 0.297775 | L2: 0.291666 | L3: 0.291474 | lrm: 0.44 | dt: 3448.81ms | tok/sec: 152,019 | mfu: 39.59 | epoch: 1 | total time: 196.41m
step 03430 (77.85%) | K: 3 | loss: 0.586944 | L1: 0.296553 | L2: 0.290488 | L3: 0.290294 | lrm: 0.44 | dt: 3448.40ms | tok/sec: 152,038 | mfu: 39.59 | epoch: 1 | total time: 196.46m
step 03431 (77.88%) | K: 3 | loss: 0.588338 | L1: 0.297210 | L2: 0.291231 | L3: 0.291025 | lrm: 0.44 | dt: 3445.74ms | tok/sec: 152,155 | mfu: 39.62 | epoch: 1 | total time: 196.52m
step 03432 (77.90%) | K: 3 | loss: 0.587293 | L1: 0.296656 | L2: 0.290738 | L3: 0.290535 | lrm: 0.44 | dt: 3440.63ms | tok/sec: 152,381 | mfu: 39.68 | epoch: 1 | total time: 196.58m
step 03433 (77.92%) | K: 3 | loss: 0.587052 | L1: 0.296589 | L2: 0.290570 | L3: 0.290356 | lrm: 0.44 | dt: 3442.43ms | tok/sec: 152,301 | mfu: 39.66 | epoch: 1 | total time: 196.64m
step 03434 (77.95%) | K: 3 | loss: 0.585420 | L1: 0.295746 | L2: 0.289776 | L3: 0.289570 | lrm: 0.44 | dt: 3447.22ms | tok/sec: 152,090 | mfu: 39.61 | epoch: 1 | total time: 196.69m
step 03435 (77.97%) | K: 3 | loss: 0.584383 | L1: 0.295199 | L2: 0.289278 | L3: 0.289090 | lrm: 0.44 | dt: 3445.36ms | tok/sec: 152,172 | mfu: 39.63 | epoch: 1 | total time: 196.75m
step 03436 (77.99%) | K: 3 | loss: 0.581093 | L1: 0.293554 | L2: 0.287642 | L3: 0.287437 | lrm: 0.44 | dt: 3449.95ms | tok/sec: 151,969 | mfu: 39.58 | epoch: 1 | total time: 196.81m
step 03437 (78.02%) | K: 3 | loss: 0.582326 | L1: 0.294157 | L2: 0.288275 | L3: 0.288062 | lrm: 0.44 | dt: 3453.54ms | tok/sec: 151,811 | mfu: 39.53 | epoch: 1 | total time: 196.87m
step 03438 (78.04%) | K: 3 | loss: 0.583816 | L1: 0.294928 | L2: 0.288997 | L3: 0.288780 | lrm: 0.44 | dt: 3456.25ms | tok/sec: 151,692 | mfu: 39.50 | epoch: 1 | total time: 196.92m
step 03439 (78.06%) | K: 3 | loss: 0.583946 | L1: 0.294985 | L2: 0.289069 | L3: 0.288854 | lrm: 0.44 | dt: 3456.50ms | tok/sec: 151,681 | mfu: 39.50 | epoch: 1 | total time: 196.98m
step 03440 (78.09%) | K: 3 | loss: 0.584161 | L1: 0.295102 | L2: 0.289169 | L3: 0.288950 | lrm: 0.44 | dt: 3458.90ms | tok/sec: 151,576 | mfu: 39.47 | epoch: 1 | total time: 197.04m
step 03441 (78.11%) | K: 3 | loss: 0.579901 | L1: 0.293006 | L2: 0.287001 | L3: 0.286789 | lrm: 0.44 | dt: 3456.00ms | tok/sec: 151,703 | mfu: 39.51 | epoch: 1 | total time: 197.10m
step 03442 (78.13%) | K: 3 | loss: 0.581903 | L1: 0.294019 | L2: 0.287992 | L3: 0.287776 | lrm: 0.44 | dt: 3456.34ms | tok/sec: 151,688 | mfu: 39.50 | epoch: 1 | total time: 197.15m
step 03443 (78.16%) | K: 3 | loss: 0.581985 | L1: 0.294020 | L2: 0.288072 | L3: 0.287857 | lrm: 0.44 | dt: 3457.00ms | tok/sec: 151,659 | mfu: 39.49 | epoch: 1 | total time: 197.21m
step 03444 (78.18%) | K: 3 | loss: 0.581052 | L1: 0.293524 | L2: 0.287637 | L3: 0.287420 | lrm: 0.44 | dt: 3457.14ms | tok/sec: 151,653 | mfu: 39.49 | epoch: 1 | total time: 197.27m
step 03445 (78.20%) | K: 3 | loss: 0.580038 | L1: 0.292984 | L2: 0.287158 | L3: 0.286949 | lrm: 0.44 | dt: 3457.56ms | tok/sec: 151,635 | mfu: 39.49 | epoch: 1 | total time: 197.33m
step 03446 (78.23%) | K: 3 | loss: 0.584417 | L1: 0.295267 | L2: 0.289260 | L3: 0.289040 | lrm: 0.44 | dt: 3452.04ms | tok/sec: 151,877 | mfu: 39.55 | epoch: 1 | total time: 197.38m
step 03447 (78.25%) | K: 3 | loss: 0.592817 | L1: 0.299482 | L2: 0.293448 | L3: 0.293223 | lrm: 0.44 | dt: 3448.60ms | tok/sec: 152,029 | mfu: 39.59 | epoch: 1 | total time: 197.44m
step 03448 (78.27%) | K: 3 | loss: 0.589517 | L1: 0.297854 | L2: 0.291774 | L3: 0.291551 | lrm: 0.43 | dt: 3448.78ms | tok/sec: 152,021 | mfu: 39.59 | epoch: 1 | total time: 197.50m
step 03449 (78.29%) | K: 3 | loss: 0.588078 | L1: 0.297131 | L2: 0.291059 | L3: 0.290834 | lrm: 0.43 | dt: 3447.43ms | tok/sec: 152,080 | mfu: 39.60 | epoch: 1 | total time: 197.56m
step 03450 (78.32%) | K: 3 | loss: 0.592079 | L1: 0.299204 | L2: 0.292995 | L3: 0.292755 | lrm: 0.43 | dt: 3445.61ms | tok/sec: 152,161 | mfu: 39.63 | epoch: 1 | total time: 197.61m
step 03451 (78.34%) | K: 3 | loss: 0.593905 | L1: 0.300149 | L2: 0.293874 | L3: 0.293637 | lrm: 0.43 | dt: 3446.53ms | tok/sec: 152,120 | mfu: 39.61 | epoch: 1 | total time: 197.67m
step 03452 (78.36%) | K: 3 | loss: 0.591790 | L1: 0.299023 | L2: 0.292876 | L3: 0.292659 | lrm: 0.43 | dt: 3447.83ms | tok/sec: 152,063 | mfu: 39.60 | epoch: 1 | total time: 197.73m
step 03453 (78.39%) | K: 3 | loss: 0.588151 | L1: 0.297191 | L2: 0.291067 | L3: 0.290854 | lrm: 0.43 | dt: 3443.97ms | tok/sec: 152,233 | mfu: 39.64 | epoch: 1 | total time: 197.79m
step 03454 (78.41%) | K: 3 | loss: 0.586401 | L1: 0.296313 | L2: 0.290202 | L3: 0.289976 | lrm: 0.43 | dt: 3441.74ms | tok/sec: 152,332 | mfu: 39.67 | epoch: 1 | total time: 197.84m
step 03455 (78.43%) | K: 3 | loss: 0.590033 | L1: 0.298148 | L2: 0.291995 | L3: 0.291775 | lrm: 0.43 | dt: 3448.18ms | tok/sec: 152,047 | mfu: 39.60 | epoch: 1 | total time: 197.90m
step 03456 (78.46%) | K: 3 | loss: 0.593650 | L1: 0.299987 | L2: 0.293775 | L3: 0.293551 | lrm: 0.43 | dt: 3446.89ms | tok/sec: 152,104 | mfu: 39.61 | epoch: 1 | total time: 197.96m
step 03457 (78.48%) | K: 3 | loss: 0.589788 | L1: 0.298048 | L2: 0.291848 | L3: 0.291633 | lrm: 0.43 | dt: 3454.52ms | tok/sec: 151,768 | mfu: 39.52 | epoch: 1 | total time: 198.02m
step 03458 (78.50%) | K: 3 | loss: 0.591275 | L1: 0.298767 | L2: 0.292620 | L3: 0.292398 | lrm: 0.43 | dt: 3458.72ms | tok/sec: 151,584 | mfu: 39.48 | epoch: 1 | total time: 198.07m
step 03459 (78.52%) | K: 3 | loss: 0.589185 | L1: 0.297727 | L2: 0.291565 | L3: 0.291351 | lrm: 0.43 | dt: 3457.12ms | tok/sec: 151,654 | mfu: 39.49 | epoch: 1 | total time: 198.13m
step 03460 (78.54%) | K: 3 | loss: 0.588417 | L1: 0.297277 | L2: 0.291244 | L3: 0.291037 | lrm: 0.43 | dt: 3457.23ms | tok/sec: 151,649 | mfu: 39.49 | epoch: 1 | total time: 198.19m
step 03461 (78.57%) | K: 3 | loss: 0.585247 | L1: 0.295656 | L2: 0.289695 | L3: 0.289487 | lrm: 0.43 | dt: 3454.49ms | tok/sec: 151,769 | mfu: 39.52 | epoch: 1 | total time: 198.25m
step 03462 (78.59%) | K: 3 | loss: 0.586620 | L1: 0.296380 | L2: 0.290342 | L3: 0.290138 | lrm: 0.43 | dt: 3452.31ms | tok/sec: 151,866 | mfu: 39.55 | epoch: 1 | total time: 198.30m
step 03463 (78.61%) | K: 3 | loss: 0.585896 | L1: 0.296005 | L2: 0.289997 | L3: 0.289784 | lrm: 0.43 | dt: 3451.51ms | tok/sec: 151,901 | mfu: 39.56 | epoch: 1 | total time: 198.36m
step 03464 (78.64%) | K: 3 | loss: 0.588859 | L1: 0.297486 | L2: 0.291469 | L3: 0.291278 | lrm: 0.43 | dt: 3447.54ms | tok/sec: 152,076 | mfu: 39.60 | epoch: 1 | total time: 198.42m
step 03465 (78.66%) | K: 3 | loss: 0.586911 | L1: 0.296484 | L2: 0.290511 | L3: 0.290342 | lrm: 0.43 | dt: 3445.02ms | tok/sec: 152,187 | mfu: 39.63 | epoch: 1 | total time: 198.48m
step 03466 (78.68%) | K: 3 | loss: 0.585353 | L1: 0.295722 | L2: 0.289722 | L3: 0.289539 | lrm: 0.43 | dt: 3445.50ms | tok/sec: 152,166 | mfu: 39.63 | epoch: 1 | total time: 198.53m
step 03467 (78.71%) | K: 3 | loss: 0.586430 | L1: 0.296251 | L2: 0.290266 | L3: 0.290091 | lrm: 0.43 | dt: 3447.38ms | tok/sec: 152,083 | mfu: 39.61 | epoch: 1 | total time: 198.59m
step 03468 (78.73%) | K: 3 | loss: 0.582511 | L1: 0.294268 | L2: 0.288327 | L3: 0.288159 | lrm: 0.43 | dt: 3445.52ms | tok/sec: 152,165 | mfu: 39.63 | epoch: 1 | total time: 198.65m
step 03469 (78.75%) | K: 3 | loss: 0.580551 | L1: 0.293269 | L2: 0.287362 | L3: 0.287203 | lrm: 0.42 | dt: 3442.67ms | tok/sec: 152,291 | mfu: 39.66 | epoch: 1 | total time: 198.71m
step 03470 (78.77%) | K: 3 | loss: 0.582110 | L1: 0.294069 | L2: 0.288129 | L3: 0.287953 | lrm: 0.42 | dt: 3448.45ms | tok/sec: 152,035 | mfu: 39.59 | epoch: 1 | total time: 198.76m
step 03471 (78.80%) | K: 3 | loss: 0.582058 | L1: 0.294034 | L2: 0.288114 | L3: 0.287933 | lrm: 0.42 | dt: 3449.67ms | tok/sec: 151,981 | mfu: 39.58 | epoch: 1 | total time: 198.82m
step 03472 (78.82%) | K: 3 | loss: 0.580497 | L1: 0.293277 | L2: 0.287313 | L3: 0.287127 | lrm: 0.42 | dt: 3451.09ms | tok/sec: 151,919 | mfu: 39.56 | epoch: 1 | total time: 198.88m
step 03473 (78.84%) | K: 3 | loss: 0.580367 | L1: 0.293208 | L2: 0.287261 | L3: 0.287057 | lrm: 0.42 | dt: 3451.19ms | tok/sec: 151,915 | mfu: 39.56 | epoch: 1 | total time: 198.94m
step 03474 (78.86%) | K: 3 | loss: 0.573462 | L1: 0.289700 | L2: 0.283862 | L3: 0.283663 | lrm: 0.42 | dt: 3449.58ms | tok/sec: 151,985 | mfu: 39.58 | epoch: 1 | total time: 198.99m
step 03475 (78.89%) | K: 3 | loss: 0.574098 | L1: 0.290074 | L2: 0.284116 | L3: 0.283931 | lrm: 0.42 | dt: 3452.74ms | tok/sec: 151,846 | mfu: 39.54 | epoch: 1 | total time: 199.05m
step 03476 (78.91%) | K: 3 | loss: 0.576938 | L1: 0.291461 | L2: 0.285568 | L3: 0.285385 | lrm: 0.42 | dt: 3456.17ms | tok/sec: 151,696 | mfu: 39.50 | epoch: 1 | total time: 199.11m
step 03477 (78.93%) | K: 3 | loss: 0.578298 | L1: 0.292119 | L2: 0.286263 | L3: 0.286094 | lrm: 0.42 | dt: 3453.31ms | tok/sec: 151,822 | mfu: 39.54 | epoch: 1 | total time: 199.17m
step 03478 (78.95%) | K: 3 | loss: 0.577707 | L1: 0.291834 | L2: 0.285959 | L3: 0.285787 | lrm: 0.42 | dt: 3451.73ms | tok/sec: 151,891 | mfu: 39.56 | epoch: 1 | total time: 199.22m
step 03479 (78.98%) | K: 3 | loss: 0.582954 | L1: 0.294425 | L2: 0.288616 | L3: 0.288442 | lrm: 0.42 | dt: 3449.22ms | tok/sec: 152,001 | mfu: 39.58 | epoch: 1 | total time: 199.28m
step 03480 (79.00%) | K: 3 | loss: 0.584938 | L1: 0.295405 | L2: 0.289617 | L3: 0.289448 | lrm: 0.42 | dt: 3443.48ms | tok/sec: 152,255 | mfu: 39.65 | epoch: 1 | total time: 199.34m
step 03481 (79.02%) | K: 3 | loss: 0.578780 | L1: 0.292328 | L2: 0.286532 | L3: 0.286371 | lrm: 0.42 | dt: 3440.39ms | tok/sec: 152,391 | mfu: 39.69 | epoch: 1 | total time: 199.40m
step 03482 (79.05%) | K: 3 | loss: 0.578601 | L1: 0.292230 | L2: 0.286456 | L3: 0.286287 | lrm: 0.42 | dt: 3437.80ms | tok/sec: 152,506 | mfu: 39.72 | epoch: 1 | total time: 199.45m
step 03483 (79.07%) | K: 3 | loss: 0.579841 | L1: 0.292843 | L2: 0.287086 | L3: 0.286910 | lrm: 0.42 | dt: 3438.98ms | tok/sec: 152,454 | mfu: 39.70 | epoch: 1 | total time: 199.51m
step 03484 (79.09%) | K: 3 | loss: 0.577087 | L1: 0.291449 | L2: 0.285731 | L3: 0.285546 | lrm: 0.42 | dt: 3439.33ms | tok/sec: 152,439 | mfu: 39.70 | epoch: 1 | total time: 199.57m
step 03485 (79.11%) | K: 3 | loss: 0.583540 | L1: 0.294712 | L2: 0.288924 | L3: 0.288731 | lrm: 0.42 | dt: 3439.81ms | tok/sec: 152,417 | mfu: 39.69 | epoch: 1 | total time: 199.63m
step 03486 (79.14%) | K: 3 | loss: 0.579653 | L1: 0.292764 | L2: 0.286991 | L3: 0.286787 | lrm: 0.42 | dt: 3441.89ms | tok/sec: 152,325 | mfu: 39.67 | epoch: 1 | total time: 199.68m
step 03487 (79.16%) | K: 3 | loss: 0.577193 | L1: 0.291495 | L2: 0.285801 | L3: 0.285595 | lrm: 0.42 | dt: 3448.77ms | tok/sec: 152,021 | mfu: 39.59 | epoch: 1 | total time: 199.74m
step 03488 (79.18%) | K: 3 | loss: 0.576836 | L1: 0.291340 | L2: 0.285604 | L3: 0.285388 | lrm: 0.42 | dt: 3446.50ms | tok/sec: 152,121 | mfu: 39.62 | epoch: 1 | total time: 199.80m
step 03489 (79.21%) | K: 3 | loss: 0.578349 | L1: 0.292064 | L2: 0.286391 | L3: 0.286180 | lrm: 0.42 | dt: 3452.16ms | tok/sec: 151,872 | mfu: 39.55 | epoch: 1 | total time: 199.86m
step 03490 (79.23%) | K: 3 | loss: 0.575326 | L1: 0.290602 | L2: 0.284827 | L3: 0.284622 | lrm: 0.42 | dt: 3455.97ms | tok/sec: 151,705 | mfu: 39.51 | epoch: 1 | total time: 199.91m
step 03491 (79.25%) | K: 3 | loss: 0.571466 | L1: 0.288721 | L2: 0.282849 | L3: 0.282642 | lrm: 0.41 | dt: 3455.29ms | tok/sec: 151,734 | mfu: 39.51 | epoch: 1 | total time: 199.97m
step 03492 (79.27%) | K: 3 | loss: 0.572200 | L1: 0.289101 | L2: 0.283203 | L3: 0.282994 | lrm: 0.41 | dt: 3454.63ms | tok/sec: 151,763 | mfu: 39.52 | epoch: 1 | total time: 200.03m
step 03493 (79.30%) | K: 3 | loss: 0.573559 | L1: 0.289799 | L2: 0.283863 | L3: 0.283656 | lrm: 0.41 | dt: 3451.02ms | tok/sec: 151,922 | mfu: 39.56 | epoch: 1 | total time: 200.09m
step 03494 (79.32%) | K: 3 | loss: 0.573215 | L1: 0.289621 | L2: 0.283699 | L3: 0.283489 | lrm: 0.41 | dt: 3445.01ms | tok/sec: 152,187 | mfu: 39.63 | epoch: 1 | total time: 200.14m
step 03495 (79.34%) | K: 3 | loss: 0.568693 | L1: 0.287317 | L2: 0.281476 | L3: 0.281277 | lrm: 0.41 | dt: 3443.01ms | tok/sec: 152,276 | mfu: 39.66 | epoch: 1 | total time: 200.20m
step 03496 (79.36%) | K: 3 | loss: 0.565128 | L1: 0.285489 | L2: 0.279734 | L3: 0.279543 | lrm: 0.41 | dt: 3442.53ms | tok/sec: 152,297 | mfu: 39.66 | epoch: 1 | total time: 200.26m
step 03497 (79.39%) | K: 3 | loss: 0.562193 | L1: 0.284022 | L2: 0.278269 | L3: 0.278073 | lrm: 0.41 | dt: 3443.08ms | tok/sec: 152,272 | mfu: 39.65 | epoch: 1 | total time: 200.32m
step 03498 (79.41%) | K: 3 | loss: 0.561262 | L1: 0.283557 | L2: 0.277797 | L3: 0.277612 | lrm: 0.41 | dt: 3438.32ms | tok/sec: 152,483 | mfu: 39.71 | epoch: 1 | total time: 200.37m
step 03499 (79.43%) | K: 3 | loss: 0.563611 | L1: 0.284758 | L2: 0.278947 | L3: 0.278759 | lrm: 0.41 | dt: 3442.47ms | tok/sec: 152,299 | mfu: 39.66 | epoch: 1 | total time: 200.43m
step 03500 (79.45%) | K: 3 | loss: 0.563836 | L1: 0.284828 | L2: 0.279091 | L3: 0.278926 | lrm: 0.41 | dt: 3445.25ms | tok/sec: 152,177 | mfu: 39.63 | epoch: 1 | total time: 200.49m
Step 03500 | Validation L1 bpb: 0.1580 | L2 bpb: 0.1549 | L3 bpb: 0.1548
2026-08-27 22:29:35,145 - nanochat.checkpoint_manager - [32m[1mINFO[0m - Saved optimizer state to: /home/jhu/xwang457/work/nanochat_cache/chatsft_checkpoints/d20-lf-k3-openmath-train5m/optim_003500_rank1.pt
2026-08-27 22:29:35,168 - nanochat.checkpoint_manager - [32m[1mINFO[0m - Saved optimizer state to: /home/jhu/xwang457/work/nanochat_cache/chatsft_checkpoints/d20-lf-k3-openmath-train5m/optim_003500_rank3.pt
2026-08-27 22:29:35,240 - nanochat.checkpoint_manager - [32m[1mINFO[0m - Saved optimizer state to: /home/jhu/xwang457/work/nanochat_cache/chatsft_checkpoints/d20-lf-k3-openmath-train5m/optim_003500_rank2.pt
2026-08-27 22:29:35,998 - nanochat.checkpoint_manager - [32m[1mINFO[0m - Saved model parameters to: /home/jhu/xwang457/work/nanochat_cache/chatsft_checkpoints/d20-lf-k3-openmath-train5m/model_003500.pt
2026-08-27 22:29:36,001 - nanochat.checkpoint_manager - [32m[1mINFO[0m - Saved metadata to: /home/jhu/xwang457/work/nanochat_cache/chatsft_checkpoints/d20-lf-k3-openmath-train5m/meta_003500.json
2026-08-27 22:29:36,492 - nanochat.checkpoint_manager - [32m[1mINFO[0m - Saved optimizer state to: /home/jhu/xwang457/work/nanochat_cache/chatsft_checkpoints/d20-lf-k3-openmath-train5m/optim_003500_rank0.pt
step 03501 (79.48%) | K: 3 | loss: 0.568143 | L1: 0.286989 | L2: 0.281232 | L3: 0.281074 | lrm: 0.41 | dt: 3413.11ms | tok/sec: 153,610 | mfu: 40.00 | epoch: 1 | total time: 200.54m
step 03502 (79.50%) | K: 3 | loss: 0.568226 | L1: 0.287051 | L2: 0.281258 | L3: 0.281093 | lrm: 0.41 | dt: 3444.40ms | tok/sec: 152,214 | mfu: 39.64 | epoch: 1 | total time: 200.60m
step 03503 (79.52%) | K: 3 | loss: 0.573306 | L1: 0.289608 | L2: 0.283784 | L3: 0.283612 | lrm: 0.41 | dt: 3444.30ms | tok/sec: 152,218 | mfu: 39.64 | epoch: 1 | total time: 200.66m
step 03504 (79.54%) | K: 3 | loss: 0.575785 | L1: 0.290838 | L2: 0.285031 | L3: 0.284864 | lrm: 0.41 | dt: 3441.04ms | tok/sec: 152,363 | mfu: 39.68 | epoch: 1 | total time: 200.72m
step 03505 (79.57%) | K: 3 | loss: 0.580956 | L1: 0.293475 | L2: 0.287565 | L3: 0.287396 | lrm: 0.41 | dt: 3435.63ms | tok/sec: 152,603 | mfu: 39.74 | epoch: 1 | total time: 200.77m
step 03506 (79.59%) | K: 3 | loss: 0.586500 | L1: 0.296267 | L2: 0.290311 | L3: 0.290153 | lrm: 0.41 | dt: 3429.74ms | tok/sec: 152,865 | mfu: 39.81 | epoch: 1 | total time: 200.83m
step 03507 (79.61%) | K: 3 | loss: 0.582366 | L1: 0.294213 | L2: 0.288228 | L3: 0.288078 | lrm: 0.41 | dt: 3435.81ms | tok/sec: 152,595 | mfu: 39.74 | epoch: 1 | total time: 200.89m
step 03508 (79.63%) | K: 3 | loss: 0.585683 | L1: 0.295923 | L2: 0.289846 | L3: 0.289673 | lrm: 0.41 | dt: 3429.94ms | tok/sec: 152,856 | mfu: 39.81 | epoch: 1 | total time: 200.95m
step 03509 (79.66%) | K: 3 | loss: 0.588330 | L1: 0.297233 | L2: 0.291194 | L3: 0.291001 | lrm: 0.41 | dt: 3435.47ms | tok/sec: 152,610 | mfu: 39.74 | epoch: 1 | total time: 201.00m
step 03510 (79.68%) | K: 3 | loss: 0.593012 | L1: 0.299578 | L2: 0.293526 | L3: 0.293342 | lrm: 0.41 | dt: 3438.44ms | tok/sec: 152,478 | mfu: 39.71 | epoch: 1 | total time: 201.06m
step 03511 (79.70%) | K: 3 | loss: 0.593262 | L1: 0.299689 | L2: 0.293672 | L3: 0.293472 | lrm: 0.41 | dt: 3443.27ms | tok/sec: 152,264 | mfu: 39.65 | epoch: 1 | total time: 201.12m
step 03512 (79.72%) | K: 3 | loss: 0.593304 | L1: 0.299681 | L2: 0.293722 | L3: 0.293524 | lrm: 0.41 | dt: 3448.11ms | tok/sec: 152,050 | mfu: 39.60 | epoch: 1 | total time: 201.18m
step 03513 (79.74%) | K: 3 | loss: 0.593849 | L1: 0.299949 | L2: 0.293995 | L3: 0.293805 | lrm: 0.41 | dt: 3450.19ms | tok/sec: 151,959 | mfu: 39.57 | epoch: 1 | total time: 201.23m
step 03514 (79.77%) | K: 3 | loss: 0.590947 | L1: 0.298451 | L2: 0.292578 | L3: 0.292414 | lrm: 0.40 | dt: 3452.89ms | tok/sec: 151,840 | mfu: 39.54 | epoch: 1 | total time: 201.29m
step 03515 (79.79%) | K: 3 | loss: 0.587014 | L1: 0.296499 | L2: 0.290605 | L3: 0.290424 | lrm: 0.40 | dt: 3456.16ms | tok/sec: 151,696 | mfu: 39.50 | epoch: 1 | total time: 201.35m
step 03516 (79.82%) | K: 3 | loss: 0.590554 | L1: 0.298265 | L2: 0.292374 | L3: 0.292203 | lrm: 0.40 | dt: 3460.37ms | tok/sec: 151,512 | mfu: 39.46 | epoch: 1 | total time: 201.41m
step 03517 (79.84%) | K: 3 | loss: 0.591729 | L1: 0.298834 | L2: 0.292979 | L3: 0.292810 | lrm: 0.40 | dt: 3462.42ms | tok/sec: 151,422 | mfu: 39.43 | epoch: 1 | total time: 201.46m
step 03518 (79.86%) | K: 3 | loss: 0.586949 | L1: 0.296432 | L2: 0.290600 | L3: 0.290434 | lrm: 0.40 | dt: 3462.12ms | tok/sec: 151,435 | mfu: 39.44 | epoch: 1 | total time: 201.52m
step 03519 (79.88%) | K: 3 | loss: 0.590316 | L1: 0.298137 | L2: 0.292254 | L3: 0.292104 | lrm: 0.40 | dt: 3459.37ms | tok/sec: 151,556 | mfu: 39.47 | epoch: 1 | total time: 201.58m
step 03520 (79.91%) | K: 3 | loss: 0.587516 | L1: 0.296706 | L2: 0.290890 | L3: 0.290731 | lrm: 0.40 | dt: 3459.23ms | tok/sec: 151,561 | mfu: 39.47 | epoch: 1 | total time: 201.64m
step 03521 (79.93%) | K: 3 | loss: 0.590956 | L1: 0.298477 | L2: 0.292561 | L3: 0.292396 | lrm: 0.40 | dt: 3457.30ms | tok/sec: 151,646 | mfu: 39.49 | epoch: 1 | total time: 201.69m
step 03522 (79.95%) | K: 3 | loss: 0.592660 | L1: 0.299340 | L2: 0.293407 | L3: 0.293231 | lrm: 0.40 | dt: 3456.95ms | tok/sec: 151,661 | mfu: 39.50 | epoch: 1 | total time: 201.75m
step 03523 (79.98%) | K: 3 | loss: 0.596798 | L1: 0.301415 | L2: 0.295470 | L3: 0.295296 | lrm: 0.40 | dt: 3455.55ms | tok/sec: 151,723 | mfu: 39.51 | epoch: 1 | total time: 201.81m
step 03524 (80.00%) | K: 3 | loss: 0.590775 | L1: 0.298412 | L2: 0.292443 | L3: 0.292282 | lrm: 0.40 | dt: 3451.35ms | tok/sec: 151,908 | mfu: 39.56 | epoch: 1 | total time: 201.87m
step 03525 (80.02%) | K: 3 | loss: 0.589314 | L1: 0.297673 | L2: 0.291719 | L3: 0.291564 | lrm: 0.40 | dt: 3445.18ms | tok/sec: 152,180 | mfu: 39.63 | epoch: 1 | total time: 201.92m
step 03526 (80.04%) | K: 3 | loss: 0.585460 | L1: 0.295739 | L2: 0.289799 | L3: 0.289644 | lrm: 0.40 | dt: 3445.09ms | tok/sec: 152,183 | mfu: 39.63 | epoch: 1 | total time: 201.98m
step 03527 (80.07%) | K: 3 | loss: 0.586347 | L1: 0.296181 | L2: 0.290249 | L3: 0.290081 | lrm: 0.40 | dt: 3440.81ms | tok/sec: 152,373 | mfu: 39.68 | epoch: 1 | total time: 202.04m
step 03528 (80.09%) | K: 3 | loss: 0.586312 | L1: 0.296162 | L2: 0.290238 | L3: 0.290063 | lrm: 0.40 | dt: 3441.46ms | tok/sec: 152,344 | mfu: 39.67 | epoch: 1 | total time: 202.10m
step 03529 (80.11%) | K: 3 | loss: 0.585274 | L1: 0.295682 | L2: 0.289689 | L3: 0.289495 | lrm: 0.40 | dt: 3439.48ms | tok/sec: 152,432 | mfu: 39.70 | epoch: 1 | total time: 202.15m
step 03530 (80.14%) | K: 3 | loss: 0.583103 | L1: 0.294560 | L2: 0.288636 | L3: 0.288450 | lrm: 0.40 | dt: 3442.13ms | tok/sec: 152,314 | mfu: 39.67 | epoch: 1 | total time: 202.21m
step 03531 (80.16%) | K: 3 | loss: 0.582792 | L1: 0.294408 | L2: 0.288484 | L3: 0.288285 | lrm: 0.40 | dt: 3443.02ms | tok/sec: 152,275 | mfu: 39.66 | epoch: 1 | total time: 202.27m
step 03532 (80.18%) | K: 3 | loss: 0.580646 | L1: 0.293332 | L2: 0.287414 | L3: 0.287214 | lrm: 0.40 | dt: 3446.85ms | tok/sec: 152,106 | mfu: 39.61 | epoch: 1 | total time: 202.33m
step 03533 (80.21%) | K: 3 | loss: 0.579717 | L1: 0.292840 | L2: 0.286974 | L3: 0.286780 | lrm: 0.40 | dt: 3448.09ms | tok/sec: 152,051 | mfu: 39.60 | epoch: 1 | total time: 202.38m
step 03534 (80.23%) | K: 3 | loss: 0.583815 | L1: 0.294892 | L2: 0.289016 | L3: 0.288830 | lrm: 0.40 | dt: 3444.37ms | tok/sec: 152,215 | mfu: 39.64 | epoch: 1 | total time: 202.44m
step 03535 (80.25%) | K: 3 | loss: 0.583274 | L1: 0.294657 | L2: 0.288705 | L3: 0.288529 | lrm: 0.39 | dt: 3449.10ms | tok/sec: 152,007 | mfu: 39.59 | epoch: 1 | total time: 202.50m
step 03536 (80.27%) | K: 3 | loss: 0.581817 | L1: 0.293913 | L2: 0.287998 | L3: 0.287808 | lrm: 0.39 | dt: 3449.10ms | tok/sec: 152,007 | mfu: 39.59 | epoch: 1 | total time: 202.56m
step 03537 (80.30%) | K: 3 | loss: 0.581714 | L1: 0.293850 | L2: 0.287965 | L3: 0.287765 | lrm: 0.39 | dt: 3449.00ms | tok/sec: 152,011 | mfu: 39.59 | epoch: 1 | total time: 202.61m
step 03538 (80.32%) | K: 3 | loss: 0.584396 | L1: 0.295152 | L2: 0.289336 | L3: 0.289151 | lrm: 0.39 | dt: 3451.10ms | tok/sec: 151,919 | mfu: 39.56 | epoch: 1 | total time: 202.67m
step 03539 (80.34%) | K: 3 | loss: 0.581721 | L1: 0.293794 | L2: 0.288018 | L3: 0.287837 | lrm: 0.39 | dt: 3453.77ms | tok/sec: 151,801 | mfu: 39.53 | epoch: 1 | total time: 202.73m
step 03540 (80.36%) | K: 3 | loss: 0.581430 | L1: 0.293625 | L2: 0.287905 | L3: 0.287705 | lrm: 0.39 | dt: 3456.83ms | tok/sec: 151,667 | mfu: 39.50 | epoch: 1 | total time: 202.79m
step 03541 (80.39%) | K: 3 | loss: 0.580599 | L1: 0.293199 | L2: 0.287498 | L3: 0.287302 | lrm: 0.39 | dt: 3456.26ms | tok/sec: 151,692 | mfu: 39.50 | epoch: 1 | total time: 202.84m
step 03542 (80.41%) | K: 3 | loss: 0.579465 | L1: 0.292642 | L2: 0.286915 | L3: 0.286731 | lrm: 0.39 | dt: 3450.59ms | tok/sec: 151,941 | mfu: 39.57 | epoch: 1 | total time: 202.90m
step 03543 (80.43%) | K: 3 | loss: 0.580688 | L1: 0.293292 | L2: 0.287493 | L3: 0.287299 | lrm: 0.39 | dt: 3454.91ms | tok/sec: 151,751 | mfu: 39.52 | epoch: 1 | total time: 202.96m
step 03544 (80.45%) | K: 3 | loss: 0.581329 | L1: 0.293616 | L2: 0.287821 | L3: 0.287604 | lrm: 0.39 | dt: 3455.89ms | tok/sec: 151,708 | mfu: 39.51 | epoch: 1 | total time: 203.02m
step 03545 (80.48%) | K: 3 | loss: 0.579828 | L1: 0.292901 | L2: 0.287041 | L3: 0.286814 | lrm: 0.39 | dt: 3458.11ms | tok/sec: 151,611 | mfu: 39.48 | epoch: 1 | total time: 203.07m
step 03546 (80.50%) | K: 3 | loss: 0.577237 | L1: 0.291630 | L2: 0.285722 | L3: 0.285492 | lrm: 0.39 | dt: 3455.93ms | tok/sec: 151,706 | mfu: 39.51 | epoch: 1 | total time: 203.13m
step 03547 (80.52%) | K: 3 | loss: 0.578368 | L1: 0.292163 | L2: 0.286321 | L3: 0.286090 | lrm: 0.39 | dt: 3452.99ms | tok/sec: 151,835 | mfu: 39.54 | epoch: 1 | total time: 203.19m
step 03548 (80.54%) | K: 3 | loss: 0.576845 | L1: 0.291382 | L2: 0.285571 | L3: 0.285355 | lrm: 0.39 | dt: 3454.75ms | tok/sec: 151,758 | mfu: 39.52 | epoch: 1 | total time: 203.25m
step 03549 (80.57%) | K: 3 | loss: 0.577662 | L1: 0.291823 | L2: 0.285952 | L3: 0.285727 | lrm: 0.39 | dt: 3454.48ms | tok/sec: 151,770 | mfu: 39.52 | epoch: 1 | total time: 203.30m
step 03550 (80.59%) | K: 3 | loss: 0.573805 | L1: 0.289875 | L2: 0.284040 | L3: 0.283820 | lrm: 0.39 | dt: 3447.03ms | tok/sec: 152,098 | mfu: 39.61 | epoch: 1 | total time: 203.36m
step 03551 (80.61%) | K: 3 | loss: 0.571474 | L1: 0.288694 | L2: 0.282889 | L3: 0.282673 | lrm: 0.39 | dt: 3449.82ms | tok/sec: 151,975 | mfu: 39.58 | epoch: 1 | total time: 203.42m
step 03552 (80.64%) | K: 3 | loss: 0.575704 | L1: 0.290828 | L2: 0.284984 | L3: 0.284769 | lrm: 0.39 | dt: 3453.31ms | tok/sec: 151,822 | mfu: 39.54 | epoch: 1 | total time: 203.48m
step 03553 (80.66%) | K: 3 | loss: 0.574685 | L1: 0.290336 | L2: 0.284457 | L3: 0.284242 | lrm: 0.39 | dt: 3448.82ms | tok/sec: 152,019 | mfu: 39.59 | epoch: 1 | total time: 203.53m
step 03554 (80.68%) | K: 3 | loss: 0.574435 | L1: 0.290208 | L2: 0.284333 | L3: 0.284120 | lrm: 0.39 | dt: 3451.30ms | tok/sec: 151,910 | mfu: 39.56 | epoch: 1 | total time: 203.59m
step 03555 (80.70%) | K: 3 | loss: 0.575696 | L1: 0.290807 | L2: 0.284996 | L3: 0.284782 | lrm: 0.39 | dt: 3449.04ms | tok/sec: 152,009 | mfu: 39.59 | epoch: 1 | total time: 203.65m
step 03556 (80.73%) | K: 3 | loss: 0.575718 | L1: 0.290796 | L2: 0.285029 | L3: 0.284816 | lrm: 0.39 | dt: 3452.40ms | tok/sec: 151,861 | mfu: 39.55 | epoch: 1 | total time: 203.71m
step 03557 (80.75%) | K: 3 | loss: 0.567807 | L1: 0.286822 | L2: 0.281089 | L3: 0.280880 | lrm: 0.39 | dt: 3450.87ms | tok/sec: 151,929 | mfu: 39.57 | epoch: 1 | total time: 203.76m
step 03558 (80.77%) | K: 3 | loss: 0.569882 | L1: 0.287916 | L2: 0.282068 | L3: 0.281864 | lrm: 0.38 | dt: 3448.62ms | tok/sec: 152,028 | mfu: 39.59 | epoch: 1 | total time: 203.82m
step 03559 (80.79%) | K: 3 | loss: 0.573592 | L1: 0.289747 | L2: 0.283946 | L3: 0.283742 | lrm: 0.38 | dt: 3450.74ms | tok/sec: 151,935 | mfu: 39.57 | epoch: 1 | total time: 203.88m
step 03560 (80.82%) | K: 3 | loss: 0.578798 | L1: 0.292347 | L2: 0.286548 | L3: 0.286353 | lrm: 0.38 | dt: 3451.63ms | tok/sec: 151,895 | mfu: 39.56 | epoch: 1 | total time: 203.94m
step 03561 (80.84%) | K: 3 | loss: 0.575629 | L1: 0.290758 | L2: 0.284959 | L3: 0.284783 | lrm: 0.38 | dt: 3451.77ms | tok/sec: 151,889 | mfu: 39.55 | epoch: 1 | total time: 203.99m
step 03562 (80.86%) | K: 3 | loss: 0.575797 | L1: 0.290856 | L2: 0.285033 | L3: 0.284848 | lrm: 0.38 | dt: 3449.01ms | tok/sec: 152,010 | mfu: 39.59 | epoch: 1 | total time: 204.05m
step 03563 (80.88%) | K: 3 | loss: 0.574753 | L1: 0.290376 | L2: 0.284483 | L3: 0.284271 | lrm: 0.38 | dt: 3454.18ms | tok/sec: 151,783 | mfu: 39.53 | epoch: 1 | total time: 204.11m
step 03564 (80.91%) | K: 3 | loss: 0.578051 | L1: 0.292028 | L2: 0.286134 | L3: 0.285912 | lrm: 0.38 | dt: 3448.06ms | tok/sec: 152,052 | mfu: 39.60 | epoch: 1 | total time: 204.17m
step 03565 (80.93%) | K: 3 | loss: 0.582070 | L1: 0.294037 | L2: 0.288147 | L3: 0.287918 | lrm: 0.38 | dt: 3444.84ms | tok/sec: 152,194 | mfu: 39.63 | epoch: 1 | total time: 204.22m
step 03566 (80.95%) | K: 3 | loss: 0.582196 | L1: 0.294128 | L2: 0.288183 | L3: 0.287955 | lrm: 0.38 | dt: 3446.22ms | tok/sec: 152,134 | mfu: 39.62 | epoch: 1 | total time: 204.28m
step 03567 (80.98%) | K: 3 | loss: 0.579731 | L1: 0.292872 | L2: 0.286966 | L3: 0.286751 | lrm: 0.38 | dt: 3450.55ms | tok/sec: 151,943 | mfu: 39.57 | epoch: 1 | total time: 204.34m
step 03568 (81.00%) | K: 3 | loss: 0.579931 | L1: 0.292985 | L2: 0.287051 | L3: 0.286841 | lrm: 0.38 | dt: 3444.95ms | tok/sec: 152,190 | mfu: 39.63 | epoch: 1 | total time: 204.40m
step 03569 (81.02%) | K: 3 | loss: 0.576766 | L1: 0.291432 | L2: 0.285438 | L3: 0.285230 | lrm: 0.38 | dt: 3450.22ms | tok/sec: 151,957 | mfu: 39.57 | epoch: 1 | total time: 204.45m
step 03570 (81.04%) | K: 3 | loss: 0.578456 | L1: 0.292273 | L2: 0.286282 | L3: 0.286084 | lrm: 0.38 | dt: 3453.66ms | tok/sec: 151,806 | mfu: 39.53 | epoch: 1 | total time: 204.51m
step 03571 (81.07%) | K: 3 | loss: 0.578279 | L1: 0.292197 | L2: 0.286180 | L3: 0.285985 | lrm: 0.38 | dt: 3453.26ms | tok/sec: 151,824 | mfu: 39.54 | epoch: 1 | total time: 204.57m
step 03572 (81.09%) | K: 3 | loss: 0.573762 | L1: 0.289935 | L2: 0.283922 | L3: 0.283733 | lrm: 0.38 | dt: 3457.71ms | tok/sec: 151,628 | mfu: 39.49 | epoch: 1 | total time: 204.63m
step 03573 (81.11%) | K: 3 | loss: 0.576686 | L1: 0.291381 | L2: 0.285403 | L3: 0.285205 | lrm: 0.38 | dt: 3455.56ms | tok/sec: 151,723 | mfu: 39.51 | epoch: 1 | total time: 204.68m
step 03574 (81.13%) | K: 3 | loss: 0.583180 | L1: 0.294622 | L2: 0.288657 | L3: 0.288458 | lrm: 0.38 | dt: 3454.45ms | tok/sec: 151,771 | mfu: 39.52 | epoch: 1 | total time: 204.74m
step 03575 (81.16%) | K: 3 | loss: 0.584538 | L1: 0.295330 | L2: 0.289311 | L3: 0.289105 | lrm: 0.38 | dt: 3451.01ms | tok/sec: 151,923 | mfu: 39.56 | epoch: 1 | total time: 204.80m
step 03576 (81.18%) | K: 3 | loss: 0.581320 | L1: 0.293698 | L2: 0.287720 | L3: 0.287523 | lrm: 0.38 | dt: 3449.48ms | tok/sec: 151,990 | mfu: 39.58 | epoch: 1 | total time: 204.86m
step 03577 (81.20%) | K: 3 | loss: 0.578087 | L1: 0.292066 | L2: 0.286105 | L3: 0.285936 | lrm: 0.38 | dt: 3449.46ms | tok/sec: 151,991 | mfu: 39.58 | epoch: 1 | total time: 204.91m
step 03578 (81.23%) | K: 3 | loss: 0.577509 | L1: 0.291798 | L2: 0.285784 | L3: 0.285637 | lrm: 0.38 | dt: 3442.66ms | tok/sec: 152,291 | mfu: 39.66 | epoch: 1 | total time: 204.97m
step 03579 (81.25%) | K: 3 | loss: 0.578590 | L1: 0.292301 | L2: 0.286365 | L3: 0.286213 | lrm: 0.38 | dt: 3440.64ms | tok/sec: 152,380 | mfu: 39.68 | epoch: 1 | total time: 205.03m
step 03580 (81.27%) | K: 3 | loss: 0.575496 | L1: 0.290770 | L2: 0.284815 | L3: 0.284636 | lrm: 0.37 | dt: 3441.99ms | tok/sec: 152,321 | mfu: 39.67 | epoch: 1 | total time: 205.09m
step 03581 (81.29%) | K: 3 | loss: 0.574920 | L1: 0.290480 | L2: 0.284532 | L3: 0.284349 | lrm: 0.37 | dt: 3439.35ms | tok/sec: 152,438 | mfu: 39.70 | epoch: 1 | total time: 205.14m
step 03582 (81.32%) | K: 3 | loss: 0.573895 | L1: 0.289968 | L2: 0.284016 | L3: 0.283838 | lrm: 0.37 | dt: 3442.42ms | tok/sec: 152,302 | mfu: 39.66 | epoch: 1 | total time: 205.20m
step 03583 (81.34%) | K: 3 | loss: 0.571863 | L1: 0.288940 | L2: 0.283014 | L3: 0.282834 | lrm: 0.37 | dt: 3439.74ms | tok/sec: 152,420 | mfu: 39.69 | epoch: 1 | total time: 205.26m
step 03584 (81.36%) | K: 3 | loss: 0.573425 | L1: 0.289731 | L2: 0.283781 | L3: 0.283608 | lrm: 0.37 | dt: 3446.40ms | tok/sec: 152,126 | mfu: 39.62 | epoch: 1 | total time: 205.32m
step 03585 (81.38%) | K: 3 | loss: 0.579731 | L1: 0.292934 | L2: 0.286892 | L3: 0.286704 | lrm: 0.37 | dt: 3446.35ms | tok/sec: 152,128 | mfu: 39.62 | epoch: 1 | total time: 205.37m
step 03586 (81.41%) | K: 3 | loss: 0.582380 | L1: 0.294239 | L2: 0.288242 | L3: 0.288039 | lrm: 0.37 | dt: 3446.57ms | tok/sec: 152,118 | mfu: 39.61 | epoch: 1 | total time: 205.43m
step 03587 (81.43%) | K: 3 | loss: 0.578802 | L1: 0.292395 | L2: 0.286509 | L3: 0.286304 | lrm: 0.37 | dt: 3447.25ms | tok/sec: 152,088 | mfu: 39.61 | epoch: 1 | total time: 205.49m
step 03588 (81.45%) | K: 3 | loss: 0.580646 | L1: 0.293310 | L2: 0.287440 | L3: 0.287233 | lrm: 0.37 | dt: 3450.37ms | tok/sec: 151,951 | mfu: 39.57 | epoch: 1 | total time: 205.55m
step 03589 (81.47%) | K: 3 | loss: 0.580353 | L1: 0.293181 | L2: 0.287275 | L3: 0.287069 | lrm: 0.37 | dt: 3444.04ms | tok/sec: 152,230 | mfu: 39.64 | epoch: 1 | total time: 205.60m
step 03590 (81.50%) | K: 3 | loss: 0.581250 | L1: 0.293684 | L2: 0.287673 | L3: 0.287459 | lrm: 0.37 | dt: 3445.96ms | tok/sec: 152,145 | mfu: 39.62 | epoch: 1 | total time: 205.66m
step 03591 (81.52%) | K: 3 | loss: 0.580393 | L1: 0.293195 | L2: 0.287295 | L3: 0.287101 | lrm: 0.37 | dt: 3442.05ms | tok/sec: 152,318 | mfu: 39.67 | epoch: 1 | total time: 205.72m
step 03592 (81.54%) | K: 3 | loss: 0.583752 | L1: 0.294865 | L2: 0.288972 | L3: 0.288803 | lrm: 0.37 | dt: 3442.23ms | tok/sec: 152,310 | mfu: 39.66 | epoch: 1 | total time: 205.78m
step 03593 (81.57%) | K: 3 | loss: 0.579124 | L1: 0.292558 | L2: 0.286649 | L3: 0.286483 | lrm: 0.37 | dt: 3443.69ms | tok/sec: 152,246 | mfu: 39.65 | epoch: 1 | total time: 205.83m
step 03594 (81.59%) | K: 3 | loss: 0.580155 | L1: 0.293081 | L2: 0.287164 | L3: 0.286984 | lrm: 0.37 | dt: 3443.85ms | tok/sec: 152,238 | mfu: 39.65 | epoch: 1 | total time: 205.89m
step 03595 (81.61%) | K: 3 | loss: 0.585607 | L1: 0.295857 | L2: 0.289843 | L3: 0.289658 | lrm: 0.37 | dt: 3447.47ms | tok/sec: 152,079 | mfu: 39.60 | epoch: 1 | total time: 205.95m
step 03596 (81.63%) | K: 3 | loss: 0.583561 | L1: 0.294843 | L2: 0.288804 | L3: 0.288630 | lrm: 0.37 | dt: 3452.28ms | tok/sec: 151,867 | mfu: 39.55 | epoch: 1 | total time: 206.00m
step 03597 (81.66%) | K: 3 | loss: 0.582883 | L1: 0.294531 | L2: 0.288442 | L3: 0.288263 | lrm: 0.37 | dt: 3453.86ms | tok/sec: 151,797 | mfu: 39.53 | epoch: 1 | total time: 206.06m
step 03598 (81.68%) | K: 3 | loss: 0.578120 | L1: 0.292153 | L2: 0.286054 | L3: 0.285879 | lrm: 0.37 | dt: 3458.07ms | tok/sec: 151,612 | mfu: 39.48 | epoch: 1 | total time: 206.12m
step 03599 (81.70%) | K: 3 | loss: 0.578754 | L1: 0.292518 | L2: 0.286324 | L3: 0.286147 | lrm: 0.37 | dt: 3461.42ms | tok/sec: 151,466 | mfu: 39.44 | epoch: 1 | total time: 206.18m
step 03600 (81.72%) | K: 3 | loss: 0.576245 | L1: 0.291227 | L2: 0.285107 | L3: 0.284928 | lrm: 0.37 | dt: 3460.91ms | tok/sec: 151,488 | mfu: 39.45 | epoch: 1 | total time: 206.24m
step 03601 (81.75%) | K: 3 | loss: 0.575572 | L1: 0.290845 | L2: 0.284804 | L3: 0.284652 | lrm: 0.37 | dt: 3454.36ms | tok/sec: 151,775 | mfu: 39.53 | epoch: 1 | total time: 206.29m
step 03602 (81.77%) | K: 3 | loss: 0.576078 | L1: 0.291028 | L2: 0.285125 | L3: 0.284975 | lrm: 0.36 | dt: 3454.05ms | tok/sec: 151,789 | mfu: 39.53 | epoch: 1 | total time: 206.35m
step 03603 (81.79%) | K: 3 | loss: 0.574948 | L1: 0.290470 | L2: 0.284549 | L3: 0.284407 | lrm: 0.36 | dt: 3451.13ms | tok/sec: 151,917 | mfu: 39.56 | epoch: 1 | total time: 206.41m
step 03604 (81.82%) | K: 3 | loss: 0.578585 | L1: 0.292258 | L2: 0.286396 | L3: 0.286258 | lrm: 0.36 | dt: 3449.47ms | tok/sec: 151,990 | mfu: 39.58 | epoch: 1 | total time: 206.47m
step 03605 (81.84%) | K: 3 | loss: 0.580276 | L1: 0.293103 | L2: 0.287248 | L3: 0.287098 | lrm: 0.36 | dt: 3447.22ms | tok/sec: 152,090 | mfu: 39.61 | epoch: 1 | total time: 206.52m
step 03606 (81.86%) | K: 3 | loss: 0.579491 | L1: 0.292706 | L2: 0.286863 | L3: 0.286708 | lrm: 0.36 | dt: 3443.37ms | tok/sec: 152,259 | mfu: 39.65 | epoch: 1 | total time: 206.58m
step 03607 (81.89%) | K: 3 | loss: 0.580888 | L1: 0.293400 | L2: 0.287566 | L3: 0.287409 | lrm: 0.36 | dt: 3445.42ms | tok/sec: 152,169 | mfu: 39.63 | epoch: 1 | total time: 206.64m
step 03608 (81.91%) | K: 3 | loss: 0.583990 | L1: 0.294941 | L2: 0.289116 | L3: 0.288980 | lrm: 0.36 | dt: 3437.42ms | tok/sec: 152,523 | mfu: 39.72 | epoch: 1 | total time: 206.70m
step 03609 (81.93%) | K: 3 | loss: 0.582061 | L1: 0.294011 | L2: 0.288117 | L3: 0.287983 | lrm: 0.36 | dt: 3440.25ms | tok/sec: 152,398 | mfu: 39.69 | epoch: 1 | total time: 206.75m
step 03610 (81.96%) | K: 3 | loss: 0.578752 | L1: 0.292381 | L2: 0.286447 | L3: 0.286294 | lrm: 0.36 | dt: 3443.53ms | tok/sec: 152,253 | mfu: 39.65 | epoch: 1 | total time: 206.81m
step 03611 (81.98%) | K: 3 | loss: 0.581085 | L1: 0.293551 | L2: 0.287616 | L3: 0.287452 | lrm: 0.36 | dt: 3447.47ms | tok/sec: 152,078 | mfu: 39.60 | epoch: 1 | total time: 206.87m
step 03612 (82.00%) | K: 3 | loss: 0.581353 | L1: 0.293707 | L2: 0.287730 | L3: 0.287563 | lrm: 0.36 | dt: 3446.18ms | tok/sec: 152,135 | mfu: 39.62 | epoch: 1 | total time: 206.92m
step 03613 (82.02%) | K: 3 | loss: 0.584188 | L1: 0.295097 | L2: 0.289173 | L3: 0.289007 | lrm: 0.36 | dt: 3449.26ms | tok/sec: 152,000 | mfu: 39.58 | epoch: 1 | total time: 206.98m
step 03614 (82.05%) | K: 3 | loss: 0.587100 | L1: 0.296526 | L2: 0.290659 | L3: 0.290489 | lrm: 0.36 | dt: 3448.85ms | tok/sec: 152,018 | mfu: 39.59 | epoch: 1 | total time: 207.04m
step 03615 (82.07%) | K: 3 | loss: 0.586017 | L1: 0.295963 | L2: 0.290138 | L3: 0.289969 | lrm: 0.36 | dt: 3446.53ms | tok/sec: 152,120 | mfu: 39.61 | epoch: 1 | total time: 207.10m
step 03616 (82.09%) | K: 3 | loss: 0.588664 | L1: 0.297276 | L2: 0.291478 | L3: 0.291299 | lrm: 0.36 | dt: 3445.29ms | tok/sec: 152,175 | mfu: 39.63 | epoch: 1 | total time: 207.15m
step 03617 (82.11%) | K: 3 | loss: 0.588209 | L1: 0.297039 | L2: 0.291251 | L3: 0.291089 | lrm: 0.36 | dt: 3449.18ms | tok/sec: 152,003 | mfu: 39.58 | epoch: 1 | total time: 207.21m
step 03618 (82.14%) | K: 3 | loss: 0.587903 | L1: 0.296922 | L2: 0.291062 | L3: 0.290900 | lrm: 0.36 | dt: 3455.36ms | tok/sec: 151,731 | mfu: 39.51 | epoch: 1 | total time: 207.27m
step 03619 (82.16%) | K: 3 | loss: 0.580635 | L1: 0.293252 | L2: 0.287461 | L3: 0.287305 | lrm: 0.36 | dt: 3453.22ms | tok/sec: 151,825 | mfu: 39.54 | epoch: 1 | total time: 207.33m
step 03620 (82.18%) | K: 3 | loss: 0.580912 | L1: 0.293368 | L2: 0.287621 | L3: 0.287467 | lrm: 0.36 | dt: 3454.17ms | tok/sec: 151,783 | mfu: 39.53 | epoch: 1 | total time: 207.38m
step 03621 (82.21%) | K: 3 | loss: 0.582132 | L1: 0.294013 | L2: 0.288205 | L3: 0.288033 | lrm: 0.36 | dt: 3451.34ms | tok/sec: 151,908 | mfu: 39.56 | epoch: 1 | total time: 207.44m
step 03622 (82.23%) | K: 3 | loss: 0.581756 | L1: 0.293824 | L2: 0.288019 | L3: 0.287844 | lrm: 0.36 | dt: 3452.02ms | tok/sec: 151,878 | mfu: 39.55 | epoch: 1 | total time: 207.50m
step 03623 (82.25%) | K: 3 | loss: 0.584853 | L1: 0.295355 | L2: 0.289583 | L3: 0.289415 | lrm: 0.35 | dt: 3458.84ms | tok/sec: 151,579 | mfu: 39.47 | epoch: 1 | total time: 207.56m
step 03624 (82.28%) | K: 3 | loss: 0.585466 | L1: 0.295694 | L2: 0.289850 | L3: 0.289693 | lrm: 0.35 | dt: 3454.70ms | tok/sec: 151,760 | mfu: 39.52 | epoch: 1 | total time: 207.62m
step 03625 (82.30%) | K: 3 | loss: 0.585376 | L1: 0.295669 | L2: 0.289787 | L3: 0.289627 | lrm: 0.35 | dt: 3457.56ms | tok/sec: 151,635 | mfu: 39.49 | epoch: 1 | total time: 207.67m
step 03626 (82.32%) | K: 3 | loss: 0.582077 | L1: 0.294007 | L2: 0.288158 | L3: 0.287982 | lrm: 0.35 | dt: 3451.30ms | tok/sec: 151,910 | mfu: 39.56 | epoch: 1 | total time: 207.73m
step 03627 (82.35%) | K: 3 | loss: 0.579016 | L1: 0.292444 | L2: 0.286662 | L3: 0.286482 | lrm: 0.35 | dt: 3451.67ms | tok/sec: 151,894 | mfu: 39.56 | epoch: 1 | total time: 207.79m
step 03628 (82.37%) | K: 3 | loss: 0.573837 | L1: 0.289838 | L2: 0.284095 | L3: 0.283903 | lrm: 0.35 | dt: 3446.91ms | tok/sec: 152,103 | mfu: 39.61 | epoch: 1 | total time: 207.85m
step 03629 (82.39%) | K: 3 | loss: 0.571833 | L1: 0.288847 | L2: 0.283083 | L3: 0.282889 | lrm: 0.35 | dt: 3449.31ms | tok/sec: 151,998 | mfu: 39.58 | epoch: 1 | total time: 207.90m
step 03630 (82.41%) | K: 3 | loss: 0.572220 | L1: 0.289006 | L2: 0.283308 | L3: 0.283120 | lrm: 0.35 | dt: 3440.27ms | tok/sec: 152,397 | mfu: 39.69 | epoch: 1 | total time: 207.96m
step 03631 (82.44%) | K: 3 | loss: 0.571255 | L1: 0.288573 | L2: 0.282781 | L3: 0.282583 | lrm: 0.35 | dt: 3440.30ms | tok/sec: 152,396 | mfu: 39.69 | epoch: 1 | total time: 208.02m
step 03632 (82.46%) | K: 3 | loss: 0.569148 | L1: 0.287518 | L2: 0.281738 | L3: 0.281523 | lrm: 0.35 | dt: 3438.01ms | tok/sec: 152,497 | mfu: 39.71 | epoch: 1 | total time: 208.07m
step 03633 (82.48%) | K: 3 | loss: 0.569831 | L1: 0.287860 | L2: 0.282081 | L3: 0.281862 | lrm: 0.35 | dt: 3436.94ms | tok/sec: 152,545 | mfu: 39.73 | epoch: 1 | total time: 208.13m
step 03634 (82.50%) | K: 3 | loss: 0.568343 | L1: 0.287135 | L2: 0.281319 | L3: 0.281098 | lrm: 0.35 | dt: 3438.75ms | tok/sec: 152,464 | mfu: 39.70 | epoch: 1 | total time: 208.19m
step 03635 (82.53%) | K: 3 | loss: 0.570010 | L1: 0.287975 | L2: 0.282145 | L3: 0.281924 | lrm: 0.35 | dt: 3437.76ms | tok/sec: 152,508 | mfu: 39.72 | epoch: 1 | total time: 208.25m
step 03636 (82.55%) | K: 3 | loss: 0.569283 | L1: 0.287612 | L2: 0.281770 | L3: 0.281572 | lrm: 0.35 | dt: 3442.24ms | tok/sec: 152,310 | mfu: 39.66 | epoch: 1 | total time: 208.30m
step 03637 (82.57%) | K: 3 | loss: 0.569613 | L1: 0.287763 | L2: 0.281946 | L3: 0.281756 | lrm: 0.35 | dt: 3441.79ms | tok/sec: 152,330 | mfu: 39.67 | epoch: 1 | total time: 208.36m
step 03638 (82.59%) | K: 3 | loss: 0.570898 | L1: 0.288405 | L2: 0.282583 | L3: 0.282401 | lrm: 0.35 | dt: 3450.02ms | tok/sec: 151,966 | mfu: 39.57 | epoch: 1 | total time: 208.42m
step 03639 (82.62%) | K: 3 | loss: 0.570752 | L1: 0.288313 | L2: 0.282527 | L3: 0.282350 | lrm: 0.35 | dt: 3451.67ms | tok/sec: 151,894 | mfu: 39.56 | epoch: 1 | total time: 208.48m
step 03640 (82.64%) | K: 3 | loss: 0.574003 | L1: 0.289965 | L2: 0.284124 | L3: 0.283951 | lrm: 0.35 | dt: 3455.77ms | tok/sec: 151,713 | mfu: 39.51 | epoch: 1 | total time: 208.53m
step 03641 (82.66%) | K: 3 | loss: 0.576669 | L1: 0.291346 | L2: 0.285407 | L3: 0.285239 | lrm: 0.35 | dt: 3458.25ms | tok/sec: 151,604 | mfu: 39.48 | epoch: 1 | total time: 208.59m
step 03642 (82.69%) | K: 3 | loss: 0.577183 | L1: 0.291592 | L2: 0.285674 | L3: 0.285508 | lrm: 0.35 | dt: 3457.39ms | tok/sec: 151,642 | mfu: 39.49 | epoch: 1 | total time: 208.65m
step 03643 (82.71%) | K: 3 | loss: 0.577713 | L1: 0.291853 | L2: 0.285943 | L3: 0.285777 | lrm: 0.35 | dt: 3455.81ms | tok/sec: 151,711 | mfu: 39.51 | epoch: 1 | total time: 208.71m
step 03644 (82.73%) | K: 3 | loss: 0.579241 | L1: 0.292641 | L2: 0.286684 | L3: 0.286515 | lrm: 0.35 | dt: 3457.98ms | tok/sec: 151,616 | mfu: 39.48 | epoch: 1 | total time: 208.76m
step 03645 (82.75%) | K: 3 | loss: 0.580433 | L1: 0.293238 | L2: 0.287277 | L3: 0.287112 | lrm: 0.34 | dt: 3450.56ms | tok/sec: 151,942 | mfu: 39.57 | epoch: 1 | total time: 208.82m
step 03646 (82.78%) | K: 3 | loss: 0.581471 | L1: 0.293758 | L2: 0.287796 | L3: 0.287629 | lrm: 0.34 | dt: 3451.79ms | tok/sec: 151,888 | mfu: 39.55 | epoch: 1 | total time: 208.88m
step 03647 (82.80%) | K: 3 | loss: 0.579760 | L1: 0.292859 | L2: 0.286986 | L3: 0.286815 | lrm: 0.34 | dt: 3445.76ms | tok/sec: 152,154 | mfu: 39.62 | epoch: 1 | total time: 208.94m
step 03648 (82.82%) | K: 3 | loss: 0.577346 | L1: 0.291653 | L2: 0.285778 | L3: 0.285608 | lrm: 0.34 | dt: 3444.36ms | tok/sec: 152,216 | mfu: 39.64 | epoch: 1 | total time: 208.99m
step 03649 (82.85%) | K: 3 | loss: 0.577930 | L1: 0.291928 | L2: 0.286088 | L3: 0.285918 | lrm: 0.34 | dt: 3442.80ms | tok/sec: 152,285 | mfu: 39.66 | epoch: 1 | total time: 209.05m
step 03650 (82.87%) | K: 3 | loss: 0.575954 | L1: 0.290885 | L2: 0.285151 | L3: 0.284988 | lrm: 0.34 | dt: 3440.62ms | tok/sec: 152,381 | mfu: 39.68 | epoch: 1 | total time: 209.11m
step 03651 (82.89%) | K: 3 | loss: 0.570861 | L1: 0.288349 | L2: 0.282595 | L3: 0.282429 | lrm: 0.34 | dt: 3437.59ms | tok/sec: 152,516 | mfu: 39.72 | epoch: 1 | total time: 209.17m
step 03652 (82.91%) | K: 3 | loss: 0.573642 | L1: 0.289774 | L2: 0.283955 | L3: 0.283781 | lrm: 0.34 | dt: 3432.51ms | tok/sec: 152,741 | mfu: 39.78 | epoch: 1 | total time: 209.22m
step 03653 (82.93%) | K: 3 | loss: 0.578008 | L1: 0.291982 | L2: 0.286108 | L3: 0.285943 | lrm: 0.34 | dt: 3438.11ms | tok/sec: 152,493 | mfu: 39.71 | epoch: 1 | total time: 209.28m
step 03654 (82.96%) | K: 3 | loss: 0.579158 | L1: 0.292597 | L2: 0.286646 | L3: 0.286477 | lrm: 0.34 | dt: 3431.53ms | tok/sec: 152,785 | mfu: 39.79 | epoch: 1 | total time: 209.34m
step 03655 (82.98%) | K: 3 | loss: 0.581574 | L1: 0.293802 | L2: 0.287861 | L3: 0.287683 | lrm: 0.34 | dt: 3438.25ms | tok/sec: 152,487 | mfu: 39.71 | epoch: 1 | total time: 209.40m
step 03656 (83.00%) | K: 3 | loss: 0.584712 | L1: 0.295398 | L2: 0.289402 | L3: 0.289225 | lrm: 0.34 | dt: 3439.21ms | tok/sec: 152,444 | mfu: 39.70 | epoch: 1 | total time: 209.45m
step 03657 (83.02%) | K: 3 | loss: 0.582895 | L1: 0.294454 | L2: 0.288538 | L3: 0.288343 | lrm: 0.34 | dt: 3445.95ms | tok/sec: 152,146 | mfu: 39.62 | epoch: 1 | total time: 209.51m
step 03658 (83.05%) | K: 3 | loss: 0.587029 | L1: 0.296557 | L2: 0.290572 | L3: 0.290371 | lrm: 0.34 | dt: 3451.58ms | tok/sec: 151,898 | mfu: 39.56 | epoch: 1 | total time: 209.57m
step 03659 (83.07%) | K: 3 | loss: 0.584794 | L1: 0.295380 | L2: 0.289514 | L3: 0.289314 | lrm: 0.34 | dt: 3458.98ms | tok/sec: 151,572 | mfu: 39.47 | epoch: 1 | total time: 209.63m
step 03660 (83.09%) | K: 3 | loss: 0.588336 | L1: 0.297165 | L2: 0.291269 | L3: 0.291074 | lrm: 0.34 | dt: 3455.34ms | tok/sec: 151,732 | mfu: 39.51 | epoch: 1 | total time: 209.68m
step 03661 (83.12%) | K: 3 | loss: 0.588263 | L1: 0.297106 | L2: 0.291253 | L3: 0.291062 | lrm: 0.34 | dt: 3463.65ms | tok/sec: 151,368 | mfu: 39.42 | epoch: 1 | total time: 209.74m
step 03662 (83.14%) | K: 3 | loss: 0.588664 | L1: 0.297302 | L2: 0.291463 | L3: 0.291262 | lrm: 0.34 | dt: 3464.95ms | tok/sec: 151,311 | mfu: 39.40 | epoch: 1 | total time: 209.80m
step 03663 (83.16%) | K: 3 | loss: 0.584792 | L1: 0.295366 | L2: 0.289519 | L3: 0.289333 | lrm: 0.34 | dt: 3462.40ms | tok/sec: 151,423 | mfu: 39.43 | epoch: 1 | total time: 209.86m
step 03664 (83.18%) | K: 3 | loss: 0.588622 | L1: 0.297335 | L2: 0.291384 | L3: 0.291190 | lrm: 0.34 | dt: 3464.52ms | tok/sec: 151,330 | mfu: 39.41 | epoch: 1 | total time: 209.91m
step 03665 (83.21%) | K: 3 | loss: 0.584394 | L1: 0.295241 | L2: 0.289259 | L3: 0.289048 | lrm: 0.34 | dt: 3467.04ms | tok/sec: 151,220 | mfu: 39.38 | epoch: 1 | total time: 209.97m
step 03666 (83.23%) | K: 3 | loss: 0.580522 | L1: 0.293311 | L2: 0.287308 | L3: 0.287113 | lrm: 0.34 | dt: 3466.54ms | tok/sec: 151,242 | mfu: 39.39 | epoch: 1 | total time: 210.03m
step 03667 (83.25%) | K: 3 | loss: 0.579262 | L1: 0.292724 | L2: 0.286637 | L3: 0.286439 | lrm: 0.33 | dt: 3462.90ms | tok/sec: 151,401 | mfu: 39.43 | epoch: 1 | total time: 210.09m
step 03668 (83.27%) | K: 3 | loss: 0.574071 | L1: 0.290092 | L2: 0.284077 | L3: 0.283882 | lrm: 0.33 | dt: 3467.76ms | tok/sec: 151,189 | mfu: 39.37 | epoch: 1 | total time: 210.14m
step 03669 (83.30%) | K: 3 | loss: 0.575915 | L1: 0.290989 | L2: 0.285029 | L3: 0.284822 | lrm: 0.33 | dt: 3462.50ms | tok/sec: 151,418 | mfu: 39.43 | epoch: 1 | total time: 210.20m
step 03670 (83.32%) | K: 3 | loss: 0.577732 | L1: 0.291914 | L2: 0.285918 | L3: 0.285719 | lrm: 0.33 | dt: 3457.26ms | tok/sec: 151,648 | mfu: 39.49 | epoch: 1 | total time: 210.26m
step 03671 (83.34%) | K: 3 | loss: 0.578912 | L1: 0.292467 | L2: 0.286544 | L3: 0.286346 | lrm: 0.33 | dt: 3457.64ms | tok/sec: 151,631 | mfu: 39.49 | epoch: 1 | total time: 210.32m
step 03672 (83.36%) | K: 3 | loss: 0.575229 | L1: 0.290629 | L2: 0.284699 | L3: 0.284500 | lrm: 0.33 | dt: 3452.52ms | tok/sec: 151,856 | mfu: 39.55 | epoch: 1 | total time: 210.38m
step 03673 (83.39%) | K: 3 | loss: 0.574012 | L1: 0.289990 | L2: 0.284117 | L3: 0.283927 | lrm: 0.33 | dt: 3453.56ms | tok/sec: 151,810 | mfu: 39.53 | epoch: 1 | total time: 210.43m
step 03674 (83.41%) | K: 3 | loss: 0.576973 | L1: 0.291482 | L2: 0.285577 | L3: 0.285405 | lrm: 0.33 | dt: 3451.33ms | tok/sec: 151,909 | mfu: 39.56 | epoch: 1 | total time: 210.49m
step 03675 (83.43%) | K: 3 | loss: 0.581785 | L1: 0.293902 | L2: 0.287974 | L3: 0.287792 | lrm: 0.33 | dt: 3449.37ms | tok/sec: 151,995 | mfu: 39.58 | epoch: 1 | total time: 210.55m
step 03676 (83.45%) | K: 3 | loss: 0.582911 | L1: 0.294478 | L2: 0.288532 | L3: 0.288335 | lrm: 0.33 | dt: 3446.00ms | tok/sec: 152,143 | mfu: 39.62 | epoch: 1 | total time: 210.61m
step 03677 (83.47%) | K: 3 | loss: 0.576173 | L1: 0.291081 | L2: 0.285186 | L3: 0.284997 | lrm: 0.33 | dt: 3447.10ms | tok/sec: 152,095 | mfu: 39.61 | epoch: 1 | total time: 210.66m
step 03678 (83.50%) | K: 3 | loss: 0.575657 | L1: 0.290815 | L2: 0.284927 | L3: 0.284755 | lrm: 0.33 | dt: 3439.14ms | tok/sec: 152,447 | mfu: 39.70 | epoch: 1 | total time: 210.72m
step 03679 (83.52%) | K: 3 | loss: 0.572787 | L1: 0.289343 | L2: 0.283533 | L3: 0.283353 | lrm: 0.33 | dt: 3441.26ms | tok/sec: 152,353 | mfu: 39.68 | epoch: 1 | total time: 210.78m
step 03680 (83.54%) | K: 3 | loss: 0.578421 | L1: 0.292213 | L2: 0.286294 | L3: 0.286122 | lrm: 0.33 | dt: 3442.40ms | tok/sec: 152,302 | mfu: 39.66 | epoch: 1 | total time: 210.83m
step 03681 (83.56%) | K: 3 | loss: 0.579993 | L1: 0.292976 | L2: 0.287104 | L3: 0.286929 | lrm: 0.33 | dt: 3442.37ms | tok/sec: 152,304 | mfu: 39.66 | epoch: 1 | total time: 210.89m
step 03682 (83.59%) | K: 3 | loss: 0.576748 | L1: 0.291322 | L2: 0.285510 | L3: 0.285343 | lrm: 0.33 | dt: 3446.91ms | tok/sec: 152,103 | mfu: 39.61 | epoch: 1 | total time: 210.95m
step 03683 (83.61%) | K: 3 | loss: 0.577721 | L1: 0.291794 | L2: 0.286016 | L3: 0.285837 | lrm: 0.33 | dt: 3447.18ms | tok/sec: 152,091 | mfu: 39.61 | epoch: 1 | total time: 211.01m
step 03684 (83.63%) | K: 3 | loss: 0.578258 | L1: 0.292059 | L2: 0.286287 | L3: 0.286111 | lrm: 0.33 | dt: 3449.85ms | tok/sec: 151,974 | mfu: 39.58 | epoch: 1 | total time: 211.06m
step 03685 (83.65%) | K: 3 | loss: 0.579783 | L1: 0.292839 | L2: 0.287035 | L3: 0.286852 | lrm: 0.33 | dt: 3456.74ms | tok/sec: 151,671 | mfu: 39.50 | epoch: 1 | total time: 211.12m
step 03686 (83.68%) | K: 3 | loss: 0.576692 | L1: 0.291296 | L2: 0.285487 | L3: 0.285306 | lrm: 0.33 | dt: 3455.53ms | tok/sec: 151,724 | mfu: 39.51 | epoch: 1 | total time: 211.18m
step 03687 (83.70%) | K: 3 | loss: 0.577911 | L1: 0.291898 | L2: 0.286102 | L3: 0.285924 | lrm: 0.33 | dt: 3459.29ms | tok/sec: 151,559 | mfu: 39.47 | epoch: 1 | total time: 211.24m
step 03688 (83.72%) | K: 3 | loss: 0.576848 | L1: 0.291349 | L2: 0.285583 | L3: 0.285415 | lrm: 0.33 | dt: 3458.97ms | tok/sec: 151,573 | mfu: 39.47 | epoch: 1 | total time: 211.30m
step 03689 (83.74%) | K: 3 | loss: 0.573235 | L1: 0.289540 | L2: 0.283778 | L3: 0.283612 | lrm: 0.33 | dt: 3457.56ms | tok/sec: 151,635 | mfu: 39.49 | epoch: 1 | total time: 211.35m
step 03690 (83.76%) | K: 3 | loss: 0.569874 | L1: 0.287843 | L2: 0.282108 | L3: 0.281956 | lrm: 0.32 | dt: 3459.05ms | tok/sec: 151,570 | mfu: 39.47 | epoch: 1 | total time: 211.41m
step 03691 (83.79%) | K: 3 | loss: 0.569685 | L1: 0.287742 | L2: 0.282016 | L3: 0.281869 | lrm: 0.32 | dt: 3457.98ms | tok/sec: 151,616 | mfu: 39.48 | epoch: 1 | total time: 211.47m
step 03692 (83.81%) | K: 3 | loss: 0.571957 | L1: 0.288918 | L2: 0.283123 | L3: 0.282956 | lrm: 0.32 | dt: 3456.58ms | tok/sec: 151,678 | mfu: 39.50 | epoch: 1 | total time: 211.53m
step 03693 (83.83%) | K: 3 | loss: 0.567080 | L1: 0.286482 | L2: 0.280685 | L3: 0.280511 | lrm: 0.32 | dt: 3455.92ms | tok/sec: 151,707 | mfu: 39.51 | epoch: 1 | total time: 211.58m
step 03694 (83.86%) | K: 3 | loss: 0.566378 | L1: 0.286099 | L2: 0.280369 | L3: 0.280190 | lrm: 0.32 | dt: 3450.85ms | tok/sec: 151,930 | mfu: 39.57 | epoch: 1 | total time: 211.64m
step 03695 (83.88%) | K: 3 | loss: 0.566410 | L1: 0.286120 | L2: 0.280385 | L3: 0.280194 | lrm: 0.32 | dt: 3450.55ms | tok/sec: 151,943 | mfu: 39.57 | epoch: 1 | total time: 211.70m
step 03696 (83.90%) | K: 3 | loss: 0.563614 | L1: 0.284702 | L2: 0.279009 | L3: 0.278816 | lrm: 0.32 | dt: 3444.43ms | tok/sec: 152,213 | mfu: 39.64 | epoch: 1 | total time: 211.76m
step 03697 (83.93%) | K: 3 | loss: 0.562345 | L1: 0.284091 | L2: 0.278356 | L3: 0.278154 | lrm: 0.32 | dt: 3442.34ms | tok/sec: 152,305 | mfu: 39.66 | epoch: 1 | total time: 211.81m
step 03698 (83.95%) | K: 3 | loss: 0.561281 | L1: 0.283560 | L2: 0.277820 | L3: 0.277622 | lrm: 0.32 | dt: 3439.53ms | tok/sec: 152,430 | mfu: 39.70 | epoch: 1 | total time: 211.87m
step 03699 (83.97%) | K: 3 | loss: 0.562160 | L1: 0.284002 | L2: 0.278257 | L3: 0.278060 | lrm: 0.32 | dt: 3436.33ms | tok/sec: 152,571 | mfu: 39.73 | epoch: 1 | total time: 211.93m
step 03700 (83.99%) | K: 3 | loss: 0.560297 | L1: 0.283064 | L2: 0.277325 | L3: 0.277141 | lrm: 0.32 | dt: 3436.89ms | tok/sec: 152,547 | mfu: 39.73 | epoch: 1 | total time: 211.98m
step 03701 (84.02%) | K: 3 | loss: 0.566717 | L1: 0.286317 | L2: 0.280492 | L3: 0.280307 | lrm: 0.32 | dt: 3431.87ms | tok/sec: 152,770 | mfu: 39.78 | epoch: 1 | total time: 212.04m
step 03702 (84.04%) | K: 3 | loss: 0.567438 | L1: 0.286670 | L2: 0.280864 | L3: 0.280673 | lrm: 0.32 | dt: 3430.40ms | tok/sec: 152,835 | mfu: 39.80 | epoch: 1 | total time: 212.10m
step 03703 (84.06%) | K: 3 | loss: 0.566402 | L1: 0.286145 | L2: 0.280350 | L3: 0.280164 | lrm: 0.32 | dt: 3433.68ms | tok/sec: 152,689 | mfu: 39.76 | epoch: 1 | total time: 212.16m
step 03704 (84.08%) | K: 3 | loss: 0.568000 | L1: 0.286935 | L2: 0.281162 | L3: 0.280968 | lrm: 0.32 | dt: 3429.54ms | tok/sec: 152,874 | mfu: 39.81 | epoch: 1 | total time: 212.21m
step 03705 (84.11%) | K: 3 | loss: 0.564818 | L1: 0.285340 | L2: 0.279576 | L3: 0.279380 | lrm: 0.32 | dt: 3435.65ms | tok/sec: 152,602 | mfu: 39.74 | epoch: 1 | total time: 212.27m
step 03706 (84.13%) | K: 3 | loss: 0.567398 | L1: 0.286619 | L2: 0.280880 | L3: 0.280679 | lrm: 0.32 | dt: 3442.76ms | tok/sec: 152,286 | mfu: 39.66 | epoch: 1 | total time: 212.33m
step 03707 (84.15%) | K: 3 | loss: 0.568913 | L1: 0.287371 | L2: 0.281654 | L3: 0.281430 | lrm: 0.32 | dt: 3442.71ms | tok/sec: 152,289 | mfu: 39.66 | epoch: 1 | total time: 212.39m
step 03708 (84.18%) | K: 3 | loss: 0.570588 | L1: 0.288207 | L2: 0.282491 | L3: 0.282270 | lrm: 0.32 | dt: 3446.18ms | tok/sec: 152,136 | mfu: 39.62 | epoch: 1 | total time: 212.44m
step 03709 (84.20%) | K: 3 | loss: 0.568966 | L1: 0.287408 | L2: 0.281662 | L3: 0.281453 | lrm: 0.32 | dt: 3449.66ms | tok/sec: 151,982 | mfu: 39.58 | epoch: 1 | total time: 212.50m
step 03710 (84.22%) | K: 3 | loss: 0.570033 | L1: 0.287995 | L2: 0.282148 | L3: 0.281928 | lrm: 0.32 | dt: 3452.91ms | tok/sec: 151,839 | mfu: 39.54 | epoch: 1 | total time: 212.56m
step 03711 (84.24%) | K: 3 | loss: 0.568332 | L1: 0.287144 | L2: 0.281292 | L3: 0.281085 | lrm: 0.32 | dt: 3454.78ms | tok/sec: 151,757 | mfu: 39.52 | epoch: 1 | total time: 212.62m
step 03712 (84.27%) | K: 3 | loss: 0.568606 | L1: 0.287299 | L2: 0.281402 | L3: 0.281211 | lrm: 0.31 | dt: 3456.05ms | tok/sec: 151,701 | mfu: 39.51 | epoch: 1 | total time: 212.67m
step 03713 (84.29%) | K: 3 | loss: 0.572014 | L1: 0.289009 | L2: 0.283111 | L3: 0.282899 | lrm: 0.31 | dt: 3463.88ms | tok/sec: 151,358 | mfu: 39.42 | epoch: 1 | total time: 212.73m
step 03714 (84.31%) | K: 3 | loss: 0.570003 | L1: 0.287958 | L2: 0.282146 | L3: 0.281946 | lrm: 0.31 | dt: 3464.16ms | tok/sec: 151,346 | mfu: 39.41 | epoch: 1 | total time: 212.79m
step 03715 (84.33%) | K: 3 | loss: 0.570429 | L1: 0.288179 | L2: 0.282350 | L3: 0.282150 | lrm: 0.31 | dt: 3460.32ms | tok/sec: 151,514 | mfu: 39.46 | epoch: 1 | total time: 212.85m
step 03716 (84.35%) | K: 3 | loss: 0.574336 | L1: 0.290173 | L2: 0.284259 | L3: 0.284068 | lrm: 0.31 | dt: 3461.33ms | tok/sec: 151,469 | mfu: 39.45 | epoch: 1 | total time: 212.90m
step 03717 (84.38%) | K: 3 | loss: 0.574718 | L1: 0.290367 | L2: 0.284445 | L3: 0.284256 | lrm: 0.31 | dt: 3460.41ms | tok/sec: 151,510 | mfu: 39.46 | epoch: 1 | total time: 212.96m
step 03718 (84.40%) | K: 3 | loss: 0.576522 | L1: 0.291256 | L2: 0.285354 | L3: 0.285179 | lrm: 0.31 | dt: 3460.64ms | tok/sec: 151,500 | mfu: 39.45 | epoch: 1 | total time: 213.02m
step 03719 (84.42%) | K: 3 | loss: 0.580085 | L1: 0.293029 | L2: 0.287147 | L3: 0.286965 | lrm: 0.31 | dt: 3459.98ms | tok/sec: 151,529 | mfu: 39.46 | epoch: 1 | total time: 213.08m
step 03720 (84.45%) | K: 3 | loss: 0.576841 | L1: 0.291409 | L2: 0.285524 | L3: 0.285340 | lrm: 0.31 | dt: 3453.61ms | tok/sec: 151,808 | mfu: 39.53 | epoch: 1 | total time: 213.13m
step 03721 (84.47%) | K: 3 | loss: 0.575924 | L1: 0.290969 | L2: 0.285053 | L3: 0.284858 | lrm: 0.31 | dt: 3449.38ms | tok/sec: 151,994 | mfu: 39.58 | epoch: 1 | total time: 213.19m
step 03722 (84.49%) | K: 3 | loss: 0.575096 | L1: 0.290570 | L2: 0.284622 | L3: 0.284429 | lrm: 0.31 | dt: 3449.64ms | tok/sec: 151,983 | mfu: 39.58 | epoch: 1 | total time: 213.25m
step 03723 (84.51%) | K: 3 | loss: 0.573652 | L1: 0.289859 | L2: 0.283887 | L3: 0.283697 | lrm: 0.31 | dt: 3445.14ms | tok/sec: 152,181 | mfu: 39.63 | epoch: 1 | total time: 213.31m
step 03724 (84.54%) | K: 3 | loss: 0.574830 | L1: 0.290467 | L2: 0.284455 | L3: 0.284272 | lrm: 0.31 | dt: 3440.76ms | tok/sec: 152,375 | mfu: 39.68 | epoch: 1 | total time: 213.36m
step 03725 (84.56%) | K: 3 | loss: 0.576017 | L1: 0.291069 | L2: 0.285036 | L3: 0.284861 | lrm: 0.31 | dt: 3436.92ms | tok/sec: 152,545 | mfu: 39.73 | epoch: 1 | total time: 213.42m
step 03726 (84.58%) | K: 3 | loss: 0.574226 | L1: 0.290163 | L2: 0.284152 | L3: 0.283974 | lrm: 0.31 | dt: 3436.47ms | tok/sec: 152,565 | mfu: 39.73 | epoch: 1 | total time: 213.48m
step 03727 (84.61%) | K: 3 | loss: 0.569563 | L1: 0.287800 | L2: 0.281851 | L3: 0.281676 | lrm: 0.31 | dt: 3439.62ms | tok/sec: 152,425 | mfu: 39.69 | epoch: 1 | total time: 213.54m
step 03728 (84.63%) | K: 3 | loss: 0.570467 | L1: 0.288271 | L2: 0.282283 | L3: 0.282110 | lrm: 0.31 | dt: 3438.33ms | tok/sec: 152,483 | mfu: 39.71 | epoch: 1 | total time: 213.59m
step 03729 (84.65%) | K: 3 | loss: 0.574821 | L1: 0.290428 | L2: 0.284477 | L3: 0.284309 | lrm: 0.31 | dt: 3443.45ms | tok/sec: 152,256 | mfu: 39.65 | epoch: 1 | total time: 213.65m
step 03730 (84.67%) | K: 3 | loss: 0.577437 | L1: 0.291753 | L2: 0.285766 | L3: 0.285601 | lrm: 0.31 | dt: 3448.92ms | tok/sec: 152,015 | mfu: 39.59 | epoch: 1 | total time: 213.71m
step 03731 (84.70%) | K: 3 | loss: 0.580527 | L1: 0.293298 | L2: 0.287317 | L3: 0.287140 | lrm: 0.31 | dt: 3449.27ms | tok/sec: 151,999 | mfu: 39.58 | epoch: 1 | total time: 213.77m
step 03732 (84.72%) | K: 3 | loss: 0.584122 | L1: 0.295098 | L2: 0.289117 | L3: 0.288930 | lrm: 0.31 | dt: 3455.93ms | tok/sec: 151,706 | mfu: 39.51 | epoch: 1 | total time: 213.82m
step 03733 (84.74%) | K: 3 | loss: 0.586666 | L1: 0.296352 | L2: 0.290402 | L3: 0.290226 | lrm: 0.31 | dt: 3458.21ms | tok/sec: 151,606 | mfu: 39.48 | epoch: 1 | total time: 213.88m
step 03734 (84.76%) | K: 3 | loss: 0.585109 | L1: 0.295586 | L2: 0.289615 | L3: 0.289431 | lrm: 0.30 | dt: 3458.53ms | tok/sec: 151,592 | mfu: 39.48 | epoch: 1 | total time: 213.94m
step 03735 (84.79%) | K: 3 | loss: 0.587786 | L1: 0.296909 | L2: 0.290971 | L3: 0.290781 | lrm: 0.30 | dt: 3459.80ms | tok/sec: 151,536 | mfu: 39.46 | epoch: 1 | total time: 214.00m
step 03736 (84.81%) | K: 3 | loss: 0.591530 | L1: 0.298753 | L2: 0.292874 | L3: 0.292681 | lrm: 0.30 | dt: 3463.12ms | tok/sec: 151,392 | mfu: 39.43 | epoch: 1 | total time: 214.05m
step 03737 (84.83%) | K: 3 | loss: 0.588824 | L1: 0.297378 | L2: 0.291548 | L3: 0.291345 | lrm: 0.30 | dt: 3459.53ms | tok/sec: 151,549 | mfu: 39.47 | epoch: 1 | total time: 214.11m
step 03738 (84.86%) | K: 3 | loss: 0.588103 | L1: 0.297025 | L2: 0.291181 | L3: 0.290975 | lrm: 0.30 | dt: 3457.04ms | tok/sec: 151,658 | mfu: 39.49 | epoch: 1 | total time: 214.17m
step 03739 (84.88%) | K: 3 | loss: 0.585716 | L1: 0.295807 | L2: 0.290003 | L3: 0.289815 | lrm: 0.30 | dt: 3452.55ms | tok/sec: 151,855 | mfu: 39.55 | epoch: 1 | total time: 214.23m
step 03740 (84.90%) | K: 3 | loss: 0.582829 | L1: 0.294327 | L2: 0.288594 | L3: 0.288411 | lrm: 0.30 | dt: 3448.12ms | tok/sec: 152,050 | mfu: 39.60 | epoch: 1 | total time: 214.28m
step 03741 (84.92%) | K: 3 | loss: 0.581757 | L1: 0.293843 | L2: 0.288018 | L3: 0.287809 | lrm: 0.30 | dt: 3445.01ms | tok/sec: 152,187 | mfu: 39.63 | epoch: 1 | total time: 214.34m
step 03742 (84.95%) | K: 3 | loss: 0.583266 | L1: 0.294593 | L2: 0.288775 | L3: 0.288572 | lrm: 0.30 | dt: 3443.02ms | tok/sec: 152,275 | mfu: 39.66 | epoch: 1 | total time: 214.40m
step 03743 (84.97%) | K: 3 | loss: 0.583050 | L1: 0.294452 | L2: 0.288693 | L3: 0.288502 | lrm: 0.30 | dt: 3440.42ms | tok/sec: 152,390 | mfu: 39.69 | epoch: 1 | total time: 214.46m
step 03744 (84.99%) | K: 3 | loss: 0.584435 | L1: 0.295181 | L2: 0.289344 | L3: 0.289164 | lrm: 0.30 | dt: 3438.47ms | tok/sec: 152,477 | mfu: 39.71 | epoch: 1 | total time: 214.51m
step 03745 (85.01%) | K: 3 | loss: 0.584319 | L1: 0.295102 | L2: 0.289301 | L3: 0.289133 | lrm: 0.30 | dt: 3439.35ms | tok/sec: 152,437 | mfu: 39.70 | epoch: 1 | total time: 214.57m
step 03746 (85.04%) | K: 3 | loss: 0.587799 | L1: 0.296855 | L2: 0.291032 | L3: 0.290857 | lrm: 0.30 | dt: 3438.22ms | tok/sec: 152,488 | mfu: 39.71 | epoch: 1 | total time: 214.63m
step 03747 (85.06%) | K: 3 | loss: 0.586864 | L1: 0.296368 | L2: 0.290587 | L3: 0.290406 | lrm: 0.30 | dt: 3442.69ms | tok/sec: 152,290 | mfu: 39.66 | epoch: 1 | total time: 214.69m
step 03748 (85.08%) | K: 3 | loss: 0.582117 | L1: 0.294006 | L2: 0.288205 | L3: 0.288016 | lrm: 0.30 | dt: 3443.88ms | tok/sec: 152,237 | mfu: 39.65 | epoch: 1 | total time: 214.74m
step 03749 (85.10%) | K: 3 | loss: 0.578895 | L1: 0.292387 | L2: 0.286609 | L3: 0.286408 | lrm: 0.30 | dt: 3448.68ms | tok/sec: 152,025 | mfu: 39.59 | epoch: 1 | total time: 214.80m
step 03750 (85.12%) | K: 3 | loss: 0.582288 | L1: 0.294098 | L2: 0.288292 | L3: 0.288087 | lrm: 0.30 | dt: 3454.28ms | tok/sec: 151,779 | mfu: 39.53 | epoch: 1 | total time: 214.86m
Step 03750 | Validation L1 bpb: 0.1562 | L2 bpb: 0.1530 | L3 bpb: 0.1529
step 03751 (85.15%) | K: 3 | loss: 0.584772 | L1: 0.295371 | L2: 0.289496 | L3: 0.289307 | lrm: 0.30 | dt: 3466.51ms | tok/sec: 151,243 | mfu: 39.39 | epoch: 1 | total time: 214.92m
step 03752 (85.17%) | K: 3 | loss: 0.584203 | L1: 0.295115 | L2: 0.289180 | L3: 0.288996 | lrm: 0.30 | dt: 3456.91ms | tok/sec: 151,663 | mfu: 39.50 | epoch: 1 | total time: 214.97m
step 03753 (85.19%) | K: 3 | loss: 0.582136 | L1: 0.294108 | L2: 0.288126 | L3: 0.287930 | lrm: 0.30 | dt: 3457.31ms | tok/sec: 151,646 | mfu: 39.49 | epoch: 1 | total time: 215.03m
step 03754 (85.21%) | K: 3 | loss: 0.585235 | L1: 0.295685 | L2: 0.289643 | L3: 0.289458 | lrm: 0.30 | dt: 3453.67ms | tok/sec: 151,806 | mfu: 39.53 | epoch: 1 | total time: 215.09m
step 03755 (85.24%) | K: 3 | loss: 0.584101 | L1: 0.295107 | L2: 0.289092 | L3: 0.288896 | lrm: 0.30 | dt: 3453.15ms | tok/sec: 151,828 | mfu: 39.54 | epoch: 1 | total time: 215.15m
step 03756 (85.26%) | K: 3 | loss: 0.583987 | L1: 0.294981 | L2: 0.289098 | L3: 0.288914 | lrm: 0.29 | dt: 3451.90ms | tok/sec: 151,883 | mfu: 39.55 | epoch: 1 | total time: 215.20m
step 03757 (85.28%) | K: 3 | loss: 0.583093 | L1: 0.294578 | L2: 0.288614 | L3: 0.288418 | lrm: 0.29 | dt: 3449.05ms | tok/sec: 152,009 | mfu: 39.59 | epoch: 1 | total time: 215.26m
step 03758 (85.30%) | K: 3 | loss: 0.579846 | L1: 0.292966 | L2: 0.286972 | L3: 0.286789 | lrm: 0.29 | dt: 3449.57ms | tok/sec: 151,986 | mfu: 39.58 | epoch: 1 | total time: 215.32m
step 03759 (85.32%) | K: 3 | loss: 0.577168 | L1: 0.291638 | L2: 0.285621 | L3: 0.285439 | lrm: 0.29 | dt: 3446.78ms | tok/sec: 152,109 | mfu: 39.61 | epoch: 1 | total time: 215.38m
step 03760 (85.35%) | K: 3 | loss: 0.575673 | L1: 0.290861 | L2: 0.284897 | L3: 0.284728 | lrm: 0.29 | dt: 3449.90ms | tok/sec: 151,971 | mfu: 39.58 | epoch: 1 | total time: 215.43m
step 03761 (85.37%) | K: 3 | loss: 0.575349 | L1: 0.290711 | L2: 0.284720 | L3: 0.284556 | lrm: 0.29 | dt: 3444.66ms | tok/sec: 152,203 | mfu: 39.64 | epoch: 1 | total time: 215.49m
step 03762 (85.40%) | K: 3 | loss: 0.574421 | L1: 0.290241 | L2: 0.284266 | L3: 0.284094 | lrm: 0.29 | dt: 3449.26ms | tok/sec: 152,000 | mfu: 39.58 | epoch: 1 | total time: 215.55m
step 03763 (85.42%) | K: 3 | loss: 0.575517 | L1: 0.290793 | L2: 0.284814 | L3: 0.284635 | lrm: 0.29 | dt: 3446.50ms | tok/sec: 152,121 | mfu: 39.62 | epoch: 1 | total time: 215.61m
step 03764 (85.44%) | K: 3 | loss: 0.581219 | L1: 0.293622 | L2: 0.287691 | L3: 0.287504 | lrm: 0.29 | dt: 3452.39ms | tok/sec: 151,862 | mfu: 39.55 | epoch: 1 | total time: 215.66m
step 03765 (85.46%) | K: 3 | loss: 0.579521 | L1: 0.292801 | L2: 0.286815 | L3: 0.286624 | lrm: 0.29 | dt: 3449.80ms | tok/sec: 151,976 | mfu: 39.58 | epoch: 1 | total time: 215.72m
step 03766 (85.49%) | K: 3 | loss: 0.585316 | L1: 0.295685 | L2: 0.289725 | L3: 0.289536 | lrm: 0.29 | dt: 3454.79ms | tok/sec: 151,756 | mfu: 39.52 | epoch: 1 | total time: 215.78m
step 03767 (85.51%) | K: 3 | loss: 0.579587 | L1: 0.292828 | L2: 0.286851 | L3: 0.286666 | lrm: 0.29 | dt: 3453.31ms | tok/sec: 151,821 | mfu: 39.54 | epoch: 1 | total time: 215.84m
step 03768 (85.53%) | K: 3 | loss: 0.580386 | L1: 0.293197 | L2: 0.287286 | L3: 0.287093 | lrm: 0.29 | dt: 3454.78ms | tok/sec: 151,757 | mfu: 39.52 | epoch: 1 | total time: 215.89m
step 03769 (85.55%) | K: 3 | loss: 0.586294 | L1: 0.296156 | L2: 0.290239 | L3: 0.290039 | lrm: 0.29 | dt: 3453.94ms | tok/sec: 151,794 | mfu: 39.53 | epoch: 1 | total time: 215.95m
step 03770 (85.57%) | K: 3 | loss: 0.586118 | L1: 0.296119 | L2: 0.290095 | L3: 0.289904 | lrm: 0.29 | dt: 3453.91ms | tok/sec: 151,795 | mfu: 39.53 | epoch: 1 | total time: 216.01m
step 03771 (85.60%) | K: 3 | loss: 0.584323 | L1: 0.295205 | L2: 0.289210 | L3: 0.289025 | lrm: 0.29 | dt: 3453.41ms | tok/sec: 151,817 | mfu: 39.54 | epoch: 1 | total time: 216.07m
step 03772 (85.62%) | K: 3 | loss: 0.579484 | L1: 0.292786 | L2: 0.286787 | L3: 0.286608 | lrm: 0.29 | dt: 3450.23ms | tok/sec: 151,957 | mfu: 39.57 | epoch: 1 | total time: 216.12m
step 03773 (85.64%) | K: 3 | loss: 0.579459 | L1: 0.292820 | L2: 0.286735 | L3: 0.286544 | lrm: 0.29 | dt: 3446.34ms | tok/sec: 152,128 | mfu: 39.62 | epoch: 1 | total time: 216.18m
step 03774 (85.66%) | K: 3 | loss: 0.582506 | L1: 0.294350 | L2: 0.288251 | L3: 0.288061 | lrm: 0.29 | dt: 3449.30ms | tok/sec: 151,998 | mfu: 39.58 | epoch: 1 | total time: 216.24m
step 03775 (85.69%) | K: 3 | loss: 0.581143 | L1: 0.293692 | L2: 0.287550 | L3: 0.287351 | lrm: 0.29 | dt: 3447.46ms | tok/sec: 152,079 | mfu: 39.60 | epoch: 1 | total time: 216.30m
step 03776 (85.71%) | K: 3 | loss: 0.578493 | L1: 0.292344 | L2: 0.286242 | L3: 0.286056 | lrm: 0.29 | dt: 3449.39ms | tok/sec: 151,994 | mfu: 39.58 | epoch: 1 | total time: 216.35m
step 03777 (85.73%) | K: 3 | loss: 0.576263 | L1: 0.291183 | L2: 0.285172 | L3: 0.284988 | lrm: 0.29 | dt: 3446.47ms | tok/sec: 152,123 | mfu: 39.62 | epoch: 1 | total time: 216.41m
step 03778 (85.76%) | K: 3 | loss: 0.574092 | L1: 0.290086 | L2: 0.284100 | L3: 0.283911 | lrm: 0.28 | dt: 3445.97ms | tok/sec: 152,145 | mfu: 39.62 | epoch: 1 | total time: 216.47m
step 03779 (85.78%) | K: 3 | loss: 0.573071 | L1: 0.289582 | L2: 0.283577 | L3: 0.283402 | lrm: 0.28 | dt: 3446.48ms | tok/sec: 152,122 | mfu: 39.62 | epoch: 1 | total time: 216.53m
step 03780 (85.80%) | K: 3 | loss: 0.571134 | L1: 0.288550 | L2: 0.282670 | L3: 0.282497 | lrm: 0.28 | dt: 3446.13ms | tok/sec: 152,138 | mfu: 39.62 | epoch: 1 | total time: 216.58m
step 03781 (85.83%) | K: 3 | loss: 0.572036 | L1: 0.288997 | L2: 0.283121 | L3: 0.282956 | lrm: 0.28 | dt: 3445.41ms | tok/sec: 152,170 | mfu: 39.63 | epoch: 1 | total time: 216.64m
step 03782 (85.85%) | K: 3 | loss: 0.571432 | L1: 0.288694 | L2: 0.282821 | L3: 0.282654 | lrm: 0.28 | dt: 3446.18ms | tok/sec: 152,136 | mfu: 39.62 | epoch: 1 | total time: 216.70m
step 03783 (85.87%) | K: 3 | loss: 0.573537 | L1: 0.289734 | L2: 0.283892 | L3: 0.283713 | lrm: 0.28 | dt: 3446.38ms | tok/sec: 152,127 | mfu: 39.62 | epoch: 1 | total time: 216.76m
step 03784 (85.89%) | K: 3 | loss: 0.577177 | L1: 0.291516 | L2: 0.285739 | L3: 0.285583 | lrm: 0.28 | dt: 3448.86ms | tok/sec: 152,017 | mfu: 39.59 | epoch: 1 | total time: 216.81m
step 03785 (85.92%) | K: 3 | loss: 0.577311 | L1: 0.291586 | L2: 0.285810 | L3: 0.285641 | lrm: 0.28 | dt: 3448.44ms | tok/sec: 152,036 | mfu: 39.59 | epoch: 1 | total time: 216.87m
step 03786 (85.94%) | K: 3 | loss: 0.577281 | L1: 0.291549 | L2: 0.285815 | L3: 0.285650 | lrm: 0.28 | dt: 3451.13ms | tok/sec: 151,917 | mfu: 39.56 | epoch: 1 | total time: 216.93m
step 03787 (85.96%) | K: 3 | loss: 0.574630 | L1: 0.290247 | L2: 0.284469 | L3: 0.284296 | lrm: 0.28 | dt: 3450.64ms | tok/sec: 151,939 | mfu: 39.57 | epoch: 1 | total time: 216.99m
step 03788 (85.99%) | K: 3 | loss: 0.573595 | L1: 0.289785 | L2: 0.283897 | L3: 0.283724 | lrm: 0.28 | dt: 3448.55ms | tok/sec: 152,031 | mfu: 39.59 | epoch: 1 | total time: 217.04m
step 03789 (86.01%) | K: 3 | loss: 0.574445 | L1: 0.290235 | L2: 0.284295 | L3: 0.284125 | lrm: 0.28 | dt: 3452.46ms | tok/sec: 151,859 | mfu: 39.55 | epoch: 1 | total time: 217.10m
step 03790 (86.03%) | K: 3 | loss: 0.573146 | L1: 0.289580 | L2: 0.283653 | L3: 0.283479 | lrm: 0.28 | dt: 3455.02ms | tok/sec: 151,746 | mfu: 39.52 | epoch: 1 | total time: 217.16m
step 03791 (86.05%) | K: 3 | loss: 0.573211 | L1: 0.289576 | L2: 0.283721 | L3: 0.283547 | lrm: 0.28 | dt: 3453.74ms | tok/sec: 151,802 | mfu: 39.53 | epoch: 1 | total time: 217.22m
step 03792 (86.08%) | K: 3 | loss: 0.572478 | L1: 0.289244 | L2: 0.283329 | L3: 0.283139 | lrm: 0.28 | dt: 3455.01ms | tok/sec: 151,747 | mfu: 39.52 | epoch: 1 | total time: 217.27m
step 03793 (86.10%) | K: 3 | loss: 0.575486 | L1: 0.290789 | L2: 0.284799 | L3: 0.284596 | lrm: 0.28 | dt: 3454.95ms | tok/sec: 151,749 | mfu: 39.52 | epoch: 1 | total time: 217.33m
step 03794 (86.12%) | K: 3 | loss: 0.574978 | L1: 0.290522 | L2: 0.284560 | L3: 0.284353 | lrm: 0.28 | dt: 3453.30ms | tok/sec: 151,822 | mfu: 39.54 | epoch: 1 | total time: 217.39m
step 03795 (86.15%) | K: 3 | loss: 0.577884 | L1: 0.291962 | L2: 0.286027 | L3: 0.285816 | lrm: 0.28 | dt: 3455.84ms | tok/sec: 151,710 | mfu: 39.51 | epoch: 1 | total time: 217.45m
step 03796 (86.17%) | K: 3 | loss: 0.573360 | L1: 0.289721 | L2: 0.283744 | L3: 0.283534 | lrm: 0.28 | dt: 3450.42ms | tok/sec: 151,948 | mfu: 39.57 | epoch: 1 | total time: 217.50m
step 03797 (86.19%) | K: 3 | loss: 0.574110 | L1: 0.290093 | L2: 0.284116 | L3: 0.283917 | lrm: 0.28 | dt: 3450.10ms | tok/sec: 151,963 | mfu: 39.57 | epoch: 1 | total time: 217.56m
step 03798 (86.21%) | K: 3 | loss: 0.575483 | L1: 0.290806 | L2: 0.284780 | L3: 0.284573 | lrm: 0.28 | dt: 3443.71ms | tok/sec: 152,245 | mfu: 39.65 | epoch: 1 | total time: 217.62m
step 03799 (86.23%) | K: 3 | loss: 0.576957 | L1: 0.291550 | L2: 0.285506 | L3: 0.285306 | lrm: 0.28 | dt: 3440.94ms | tok/sec: 152,367 | mfu: 39.68 | epoch: 1 | total time: 217.68m
step 03800 (86.26%) | K: 3 | loss: 0.574537 | L1: 0.290364 | L2: 0.284274 | L3: 0.284072 | lrm: 0.27 | dt: 3442.21ms | tok/sec: 152,311 | mfu: 39.66 | epoch: 1 | total time: 217.73m
step 03801 (86.28%) | K: 3 | loss: 0.578390 | L1: 0.292249 | L2: 0.286237 | L3: 0.286046 | lrm: 0.27 | dt: 3444.04ms | tok/sec: 152,230 | mfu: 39.64 | epoch: 1 | total time: 217.79m
step 03802 (86.30%) | K: 3 | loss: 0.582368 | L1: 0.294203 | L2: 0.288260 | L3: 0.288070 | lrm: 0.27 | dt: 3441.91ms | tok/sec: 152,324 | mfu: 39.67 | epoch: 1 | total time: 217.85m
step 03803 (86.33%) | K: 3 | loss: 0.579144 | L1: 0.292562 | L2: 0.286679 | L3: 0.286487 | lrm: 0.27 | dt: 3443.59ms | tok/sec: 152,250 | mfu: 39.65 | epoch: 1 | total time: 217.91m
step 03804 (86.35%) | K: 3 | loss: 0.578052 | L1: 0.292062 | L2: 0.286083 | L3: 0.285897 | lrm: 0.27 | dt: 3446.30ms | tok/sec: 152,130 | mfu: 39.62 | epoch: 1 | total time: 217.96m
step 03805 (86.37%) | K: 3 | loss: 0.576808 | L1: 0.291442 | L2: 0.285453 | L3: 0.285279 | lrm: 0.27 | dt: 3447.29ms | tok/sec: 152,086 | mfu: 39.61 | epoch: 1 | total time: 218.02m
step 03806 (86.39%) | K: 3 | loss: 0.572258 | L1: 0.289165 | L2: 0.283175 | L3: 0.283011 | lrm: 0.27 | dt: 3448.09ms | tok/sec: 152,051 | mfu: 39.60 | epoch: 1 | total time: 218.08m
step 03807 (86.41%) | K: 3 | loss: 0.575631 | L1: 0.290824 | L2: 0.284887 | L3: 0.284726 | lrm: 0.27 | dt: 3453.66ms | tok/sec: 151,806 | mfu: 39.53 | epoch: 1 | total time: 218.14m
step 03808 (86.44%) | K: 3 | loss: 0.575225 | L1: 0.290583 | L2: 0.284721 | L3: 0.284564 | lrm: 0.27 | dt: 3454.10ms | tok/sec: 151,787 | mfu: 39.53 | epoch: 1 | total time: 218.19m
step 03809 (86.46%) | K: 3 | loss: 0.572362 | L1: 0.289188 | L2: 0.283259 | L3: 0.283088 | lrm: 0.27 | dt: 3458.14ms | tok/sec: 151,609 | mfu: 39.48 | epoch: 1 | total time: 218.25m
step 03810 (86.48%) | K: 3 | loss: 0.572436 | L1: 0.289208 | L2: 0.283308 | L3: 0.283149 | lrm: 0.27 | dt: 3459.94ms | tok/sec: 151,530 | mfu: 39.46 | epoch: 1 | total time: 218.31m
step 03811 (86.50%) | K: 3 | loss: 0.577957 | L1: 0.291998 | L2: 0.286043 | L3: 0.285876 | lrm: 0.27 | dt: 3462.90ms | tok/sec: 151,401 | mfu: 39.43 | epoch: 1 | total time: 218.37m
step 03812 (86.53%) | K: 3 | loss: 0.579055 | L1: 0.292528 | L2: 0.286606 | L3: 0.286448 | lrm: 0.27 | dt: 3462.78ms | tok/sec: 151,406 | mfu: 39.43 | epoch: 1 | total time: 218.42m
step 03813 (86.55%) | K: 3 | loss: 0.577912 | L1: 0.291926 | L2: 0.286059 | L3: 0.285913 | lrm: 0.27 | dt: 3459.66ms | tok/sec: 151,543 | mfu: 39.46 | epoch: 1 | total time: 218.48m
step 03814 (86.57%) | K: 3 | loss: 0.577497 | L1: 0.291738 | L2: 0.285837 | L3: 0.285681 | lrm: 0.27 | dt: 3458.49ms | tok/sec: 151,594 | mfu: 39.48 | epoch: 1 | total time: 218.54m
step 03815 (86.59%) | K: 3 | loss: 0.579934 | L1: 0.292912 | L2: 0.287092 | L3: 0.286954 | lrm: 0.27 | dt: 3458.22ms | tok/sec: 151,606 | mfu: 39.48 | epoch: 1 | total time: 218.60m
step 03816 (86.61%) | K: 3 | loss: 0.580163 | L1: 0.293058 | L2: 0.287183 | L3: 0.287028 | lrm: 0.27 | dt: 3458.10ms | tok/sec: 151,611 | mfu: 39.48 | epoch: 1 | total time: 218.65m
step 03817 (86.64%) | K: 3 | loss: 0.583910 | L1: 0.294961 | L2: 0.289037 | L3: 0.288861 | lrm: 0.27 | dt: 3454.62ms | tok/sec: 151,764 | mfu: 39.52 | epoch: 1 | total time: 218.71m
step 03818 (86.66%) | K: 3 | loss: 0.581338 | L1: 0.293672 | L2: 0.287749 | L3: 0.287583 | lrm: 0.27 | dt: 3451.35ms | tok/sec: 151,908 | mfu: 39.56 | epoch: 1 | total time: 218.77m
step 03819 (86.68%) | K: 3 | loss: 0.580375 | L1: 0.293182 | L2: 0.287274 | L3: 0.287114 | lrm: 0.27 | dt: 3451.83ms | tok/sec: 151,887 | mfu: 39.55 | epoch: 1 | total time: 218.83m
step 03820 (86.70%) | K: 3 | loss: 0.581522 | L1: 0.293784 | L2: 0.287820 | L3: 0.287656 | lrm: 0.27 | dt: 3447.85ms | tok/sec: 152,062 | mfu: 39.60 | epoch: 1 | total time: 218.88m
step 03821 (86.73%) | K: 3 | loss: 0.582575 | L1: 0.294298 | L2: 0.288367 | L3: 0.288188 | lrm: 0.27 | dt: 3443.80ms | tok/sec: 152,240 | mfu: 39.65 | epoch: 1 | total time: 218.94m
step 03822 (86.75%) | K: 3 | loss: 0.580916 | L1: 0.293460 | L2: 0.287552 | L3: 0.287358 | lrm: 0.27 | dt: 3445.80ms | tok/sec: 152,152 | mfu: 39.62 | epoch: 1 | total time: 219.00m
step 03823 (86.77%) | K: 3 | loss: 0.579254 | L1: 0.292613 | L2: 0.286741 | L3: 0.286540 | lrm: 0.26 | dt: 3441.91ms | tok/sec: 152,324 | mfu: 39.67 | epoch: 1 | total time: 219.06m
step 03824 (86.80%) | K: 3 | loss: 0.579452 | L1: 0.292719 | L2: 0.286836 | L3: 0.286628 | lrm: 0.26 | dt: 3449.28ms | tok/sec: 151,999 | mfu: 39.58 | epoch: 1 | total time: 219.11m
step 03825 (86.82%) | K: 3 | loss: 0.577535 | L1: 0.291765 | L2: 0.285868 | L3: 0.285670 | lrm: 0.26 | dt: 3443.58ms | tok/sec: 152,250 | mfu: 39.65 | epoch: 1 | total time: 219.17m
step 03826 (86.84%) | K: 3 | loss: 0.579415 | L1: 0.292712 | L2: 0.286795 | L3: 0.286613 | lrm: 0.26 | dt: 3445.53ms | tok/sec: 152,164 | mfu: 39.63 | epoch: 1 | total time: 219.23m
step 03827 (86.86%) | K: 3 | loss: 0.581827 | L1: 0.293926 | L2: 0.287994 | L3: 0.287807 | lrm: 0.26 | dt: 3447.75ms | tok/sec: 152,066 | mfu: 39.60 | epoch: 1 | total time: 219.29m
step 03828 (86.89%) | K: 3 | loss: 0.585974 | L1: 0.295990 | L2: 0.290084 | L3: 0.289883 | lrm: 0.26 | dt: 3446.21ms | tok/sec: 152,134 | mfu: 39.62 | epoch: 1 | total time: 219.34m
step 03829 (86.91%) | K: 3 | loss: 0.583560 | L1: 0.294772 | L2: 0.288891 | L3: 0.288683 | lrm: 0.26 | dt: 3449.09ms | tok/sec: 152,007 | mfu: 39.59 | epoch: 1 | total time: 219.40m
step 03830 (86.93%) | K: 3 | loss: 0.579276 | L1: 0.292567 | L2: 0.286815 | L3: 0.286602 | lrm: 0.26 | dt: 3449.56ms | tok/sec: 151,987 | mfu: 39.58 | epoch: 1 | total time: 219.46m
step 03831 (86.95%) | K: 3 | loss: 0.580492 | L1: 0.293180 | L2: 0.287419 | L3: 0.287206 | lrm: 0.26 | dt: 3458.70ms | tok/sec: 151,585 | mfu: 39.48 | epoch: 1 | total time: 219.52m
step 03832 (86.98%) | K: 3 | loss: 0.577969 | L1: 0.291907 | L2: 0.286163 | L3: 0.285961 | lrm: 0.26 | dt: 3457.64ms | tok/sec: 151,631 | mfu: 39.49 | epoch: 1 | total time: 219.57m
step 03833 (87.00%) | K: 3 | loss: 0.575687 | L1: 0.290745 | L2: 0.285046 | L3: 0.284838 | lrm: 0.26 | dt: 3459.83ms | tok/sec: 151,535 | mfu: 39.46 | epoch: 1 | total time: 219.63m
step 03834 (87.02%) | K: 3 | loss: 0.573020 | L1: 0.289379 | L2: 0.283742 | L3: 0.283540 | lrm: 0.26 | dt: 3460.07ms | tok/sec: 151,525 | mfu: 39.46 | epoch: 1 | total time: 219.69m
step 03835 (87.04%) | K: 3 | loss: 0.572066 | L1: 0.288953 | L2: 0.283217 | L3: 0.283009 | lrm: 0.26 | dt: 3463.77ms | tok/sec: 151,363 | mfu: 39.42 | epoch: 1 | total time: 219.75m
step 03836 (87.07%) | K: 3 | loss: 0.574879 | L1: 0.290388 | L2: 0.284603 | L3: 0.284377 | lrm: 0.26 | dt: 3463.03ms | tok/sec: 151,395 | mfu: 39.43 | epoch: 1 | total time: 219.81m
step 03837 (87.09%) | K: 3 | loss: 0.568417 | L1: 0.287113 | L2: 0.281414 | L3: 0.281193 | lrm: 0.26 | dt: 3462.75ms | tok/sec: 151,408 | mfu: 39.43 | epoch: 1 | total time: 219.86m
step 03838 (87.11%) | K: 3 | loss: 0.570438 | L1: 0.288109 | L2: 0.282441 | L3: 0.282217 | lrm: 0.26 | dt: 3464.90ms | tok/sec: 151,313 | mfu: 39.40 | epoch: 1 | total time: 219.92m
step 03839 (87.13%) | K: 3 | loss: 0.567364 | L1: 0.286555 | L2: 0.280921 | L3: 0.280697 | lrm: 0.26 | dt: 3464.63ms | tok/sec: 151,325 | mfu: 39.41 | epoch: 1 | total time: 219.98m
step 03840 (87.16%) | K: 3 | loss: 0.568991 | L1: 0.287373 | L2: 0.281727 | L3: 0.281510 | lrm: 0.26 | dt: 3459.78ms | tok/sec: 151,537 | mfu: 39.46 | epoch: 1 | total time: 220.04m
step 03841 (87.18%) | K: 3 | loss: 0.572007 | L1: 0.288888 | L2: 0.283228 | L3: 0.283011 | lrm: 0.26 | dt: 3454.61ms | tok/sec: 151,764 | mfu: 39.52 | epoch: 1 | total time: 220.09m
step 03842 (87.20%) | K: 3 | loss: 0.568649 | L1: 0.287193 | L2: 0.281564 | L3: 0.281348 | lrm: 0.26 | dt: 3455.84ms | tok/sec: 151,710 | mfu: 39.51 | epoch: 1 | total time: 220.15m
step 03843 (87.23%) | K: 3 | loss: 0.570354 | L1: 0.288078 | L2: 0.282385 | L3: 0.282167 | lrm: 0.26 | dt: 3454.01ms | tok/sec: 151,791 | mfu: 39.53 | epoch: 1 | total time: 220.21m
step 03844 (87.25%) | K: 3 | loss: 0.571063 | L1: 0.288438 | L2: 0.282737 | L3: 0.282512 | lrm: 0.26 | dt: 3454.72ms | tok/sec: 151,759 | mfu: 39.52 | epoch: 1 | total time: 220.27m
step 03845 (87.27%) | K: 3 | loss: 0.575693 | L1: 0.290749 | L2: 0.285056 | L3: 0.284833 | lrm: 0.25 | dt: 3449.76ms | tok/sec: 151,977 | mfu: 39.58 | epoch: 1 | total time: 220.32m
step 03846 (87.29%) | K: 3 | loss: 0.577499 | L1: 0.291702 | L2: 0.285909 | L3: 0.285685 | lrm: 0.25 | dt: 3449.19ms | tok/sec: 152,003 | mfu: 39.58 | epoch: 1 | total time: 220.38m
step 03847 (87.31%) | K: 3 | loss: 0.573669 | L1: 0.289782 | L2: 0.283984 | L3: 0.283789 | lrm: 0.25 | dt: 3446.07ms | tok/sec: 152,140 | mfu: 39.62 | epoch: 1 | total time: 220.44m
step 03848 (87.34%) | K: 3 | loss: 0.569629 | L1: 0.287758 | L2: 0.281969 | L3: 0.281775 | lrm: 0.25 | dt: 3444.11ms | tok/sec: 152,227 | mfu: 39.64 | epoch: 1 | total time: 220.50m
step 03849 (87.36%) | K: 3 | loss: 0.572127 | L1: 0.289036 | L2: 0.283188 | L3: 0.282993 | lrm: 0.25 | dt: 3444.14ms | tok/sec: 152,226 | mfu: 39.64 | epoch: 1 | total time: 220.55m
step 03850 (87.38%) | K: 3 | loss: 0.569989 | L1: 0.287953 | L2: 0.282124 | L3: 0.281948 | lrm: 0.25 | dt: 3443.47ms | tok/sec: 152,255 | mfu: 39.65 | epoch: 1 | total time: 220.61m
step 03851 (87.41%) | K: 3 | loss: 0.567215 | L1: 0.286566 | L2: 0.280734 | L3: 0.280564 | lrm: 0.25 | dt: 3443.17ms | tok/sec: 152,268 | mfu: 39.65 | epoch: 1 | total time: 220.67m
step 03852 (87.43%) | K: 3 | loss: 0.567525 | L1: 0.286724 | L2: 0.280888 | L3: 0.280712 | lrm: 0.25 | dt: 3449.94ms | tok/sec: 151,970 | mfu: 39.58 | epoch: 1 | total time: 220.73m
step 03853 (87.45%) | K: 3 | loss: 0.563977 | L1: 0.284930 | L2: 0.279136 | L3: 0.278958 | lrm: 0.25 | dt: 3451.82ms | tok/sec: 151,887 | mfu: 39.55 | epoch: 1 | total time: 220.78m
step 03854 (87.47%) | K: 3 | loss: 0.564003 | L1: 0.284965 | L2: 0.279134 | L3: 0.278942 | lrm: 0.25 | dt: 3444.70ms | tok/sec: 152,201 | mfu: 39.64 | epoch: 1 | total time: 220.84m
step 03855 (87.50%) | K: 3 | loss: 0.561312 | L1: 0.283620 | L2: 0.277787 | L3: 0.277597 | lrm: 0.25 | dt: 3451.34ms | tok/sec: 151,908 | mfu: 39.56 | epoch: 1 | total time: 220.90m
step 03856 (87.52%) | K: 3 | loss: 0.564804 | L1: 0.285353 | L2: 0.279543 | L3: 0.279360 | lrm: 0.25 | dt: 3450.27ms | tok/sec: 151,955 | mfu: 39.57 | epoch: 1 | total time: 220.96m
step 03857 (87.55%) | K: 3 | loss: 0.565292 | L1: 0.285612 | L2: 0.279771 | L3: 0.279590 | lrm: 0.25 | dt: 3448.76ms | tok/sec: 152,022 | mfu: 39.59 | epoch: 1 | total time: 221.01m
step 03858 (87.57%) | K: 3 | loss: 0.567385 | L1: 0.286662 | L2: 0.280820 | L3: 0.280626 | lrm: 0.25 | dt: 3449.79ms | tok/sec: 151,976 | mfu: 39.58 | epoch: 1 | total time: 221.07m
step 03859 (87.59%) | K: 3 | loss: 0.571983 | L1: 0.288946 | L2: 0.283136 | L3: 0.282937 | lrm: 0.25 | dt: 3447.90ms | tok/sec: 152,060 | mfu: 39.60 | epoch: 1 | total time: 221.13m
step 03860 (87.61%) | K: 3 | loss: 0.575677 | L1: 0.290811 | L2: 0.284971 | L3: 0.284761 | lrm: 0.25 | dt: 3446.94ms | tok/sec: 152,102 | mfu: 39.61 | epoch: 1 | total time: 221.19m
step 03861 (87.64%) | K: 3 | loss: 0.576430 | L1: 0.291172 | L2: 0.285372 | L3: 0.285143 | lrm: 0.25 | dt: 3447.62ms | tok/sec: 152,072 | mfu: 39.60 | epoch: 1 | total time: 221.24m
step 03862 (87.66%) | K: 3 | loss: 0.578629 | L1: 0.292295 | L2: 0.286449 | L3: 0.286219 | lrm: 0.25 | dt: 3445.07ms | tok/sec: 152,185 | mfu: 39.63 | epoch: 1 | total time: 221.30m
step 03863 (87.68%) | K: 3 | loss: 0.574361 | L1: 0.290141 | L2: 0.284333 | L3: 0.284106 | lrm: 0.25 | dt: 3447.63ms | tok/sec: 152,071 | mfu: 39.60 | epoch: 1 | total time: 221.36m
step 03864 (87.71%) | K: 3 | loss: 0.572408 | L1: 0.289150 | L2: 0.283363 | L3: 0.283154 | lrm: 0.25 | dt: 3449.44ms | tok/sec: 151,992 | mfu: 39.58 | epoch: 1 | total time: 221.42m
step 03865 (87.73%) | K: 3 | loss: 0.572520 | L1: 0.289190 | L2: 0.283426 | L3: 0.283234 | lrm: 0.25 | dt: 3452.24ms | tok/sec: 151,869 | mfu: 39.55 | epoch: 1 | total time: 221.47m
step 03866 (87.75%) | K: 3 | loss: 0.570439 | L1: 0.288143 | L2: 0.282386 | L3: 0.282206 | lrm: 0.25 | dt: 3451.78ms | tok/sec: 151,889 | mfu: 39.55 | epoch: 1 | total time: 221.53m
step 03867 (87.77%) | K: 3 | loss: 0.574638 | L1: 0.290240 | L2: 0.284486 | L3: 0.284311 | lrm: 0.24 | dt: 3450.65ms | tok/sec: 151,939 | mfu: 39.57 | epoch: 1 | total time: 221.59m
step 03868 (87.79%) | K: 3 | loss: 0.574252 | L1: 0.290028 | L2: 0.284319 | L3: 0.284128 | lrm: 0.24 | dt: 3453.65ms | tok/sec: 151,806 | mfu: 39.53 | epoch: 1 | total time: 221.65m
step 03869 (87.82%) | K: 3 | loss: 0.572363 | L1: 0.289060 | L2: 0.283401 | L3: 0.283206 | lrm: 0.24 | dt: 3448.40ms | tok/sec: 152,038 | mfu: 39.59 | epoch: 1 | total time: 221.70m
step 03870 (87.84%) | K: 3 | loss: 0.574582 | L1: 0.290171 | L2: 0.284505 | L3: 0.284317 | lrm: 0.24 | dt: 3450.91ms | tok/sec: 151,927 | mfu: 39.56 | epoch: 1 | total time: 221.76m
step 03871 (87.86%) | K: 3 | loss: 0.572716 | L1: 0.289227 | L2: 0.283583 | L3: 0.283395 | lrm: 0.24 | dt: 3446.90ms | tok/sec: 152,104 | mfu: 39.61 | epoch: 1 | total time: 221.82m
step 03872 (87.88%) | K: 3 | loss: 0.574103 | L1: 0.289931 | L2: 0.284269 | L3: 0.284076 | lrm: 0.24 | dt: 3448.58ms | tok/sec: 152,030 | mfu: 39.59 | epoch: 1 | total time: 221.88m
step 03873 (87.91%) | K: 3 | loss: 0.573525 | L1: 0.289667 | L2: 0.283959 | L3: 0.283757 | lrm: 0.24 | dt: 3448.58ms | tok/sec: 152,030 | mfu: 39.59 | epoch: 1 | total time: 221.93m
step 03874 (87.93%) | K: 3 | loss: 0.574109 | L1: 0.289997 | L2: 0.284215 | L3: 0.284008 | lrm: 0.24 | dt: 3449.68ms | tok/sec: 151,981 | mfu: 39.58 | epoch: 1 | total time: 221.99m
step 03875 (87.95%) | K: 3 | loss: 0.574889 | L1: 0.290372 | L2: 0.284623 | L3: 0.284411 | lrm: 0.24 | dt: 3445.93ms | tok/sec: 152,147 | mfu: 39.62 | epoch: 1 | total time: 222.05m
step 03876 (87.97%) | K: 3 | loss: 0.576768 | L1: 0.291362 | L2: 0.285509 | L3: 0.285302 | lrm: 0.24 | dt: 3448.05ms | tok/sec: 152,053 | mfu: 39.60 | epoch: 1 | total time: 222.11m
step 03877 (88.00%) | K: 3 | loss: 0.579676 | L1: 0.292791 | L2: 0.286982 | L3: 0.286790 | lrm: 0.24 | dt: 3442.77ms | tok/sec: 152,286 | mfu: 39.66 | epoch: 1 | total time: 222.16m
step 03878 (88.02%) | K: 3 | loss: 0.582480 | L1: 0.294207 | L2: 0.288369 | L3: 0.288177 | lrm: 0.24 | dt: 3444.55ms | tok/sec: 152,208 | mfu: 39.64 | epoch: 1 | total time: 222.22m
step 03879 (88.04%) | K: 3 | loss: 0.578063 | L1: 0.291974 | L2: 0.286179 | L3: 0.285999 | lrm: 0.24 | dt: 3436.75ms | tok/sec: 152,553 | mfu: 39.73 | epoch: 1 | total time: 222.28m
step 03880 (88.07%) | K: 3 | loss: 0.579175 | L1: 0.292532 | L2: 0.286733 | L3: 0.286554 | lrm: 0.24 | dt: 3439.44ms | tok/sec: 152,434 | mfu: 39.70 | epoch: 1 | total time: 222.34m
step 03881 (88.09%) | K: 3 | loss: 0.579717 | L1: 0.292826 | L2: 0.286978 | L3: 0.286803 | lrm: 0.24 | dt: 3442.29ms | tok/sec: 152,307 | mfu: 39.66 | epoch: 1 | total time: 222.39m
step 03882 (88.11%) | K: 3 | loss: 0.574789 | L1: 0.290328 | L2: 0.284545 | L3: 0.284376 | lrm: 0.24 | dt: 3441.24ms | tok/sec: 152,354 | mfu: 39.68 | epoch: 1 | total time: 222.45m
step 03883 (88.13%) | K: 3 | loss: 0.570780 | L1: 0.288308 | L2: 0.282550 | L3: 0.282395 | lrm: 0.24 | dt: 3446.38ms | tok/sec: 152,127 | mfu: 39.62 | epoch: 1 | total time: 222.51m
step 03884 (88.16%) | K: 3 | loss: 0.572393 | L1: 0.289135 | L2: 0.283341 | L3: 0.283173 | lrm: 0.24 | dt: 3450.68ms | tok/sec: 151,937 | mfu: 39.57 | epoch: 1 | total time: 222.56m
step 03885 (88.18%) | K: 3 | loss: 0.571773 | L1: 0.288809 | L2: 0.283049 | L3: 0.282879 | lrm: 0.24 | dt: 3451.96ms | tok/sec: 151,881 | mfu: 39.55 | epoch: 1 | total time: 222.62m
step 03886 (88.20%) | K: 3 | loss: 0.570428 | L1: 0.288110 | L2: 0.282397 | L3: 0.282239 | lrm: 0.24 | dt: 3457.50ms | tok/sec: 151,637 | mfu: 39.49 | epoch: 1 | total time: 222.68m
step 03887 (88.23%) | K: 3 | loss: 0.568311 | L1: 0.287017 | L2: 0.281377 | L3: 0.281212 | lrm: 0.24 | dt: 3453.20ms | tok/sec: 151,826 | mfu: 39.54 | epoch: 1 | total time: 222.74m
step 03888 (88.25%) | K: 3 | loss: 0.565765 | L1: 0.285735 | L2: 0.280121 | L3: 0.279938 | lrm: 0.23 | dt: 3456.88ms | tok/sec: 151,665 | mfu: 39.50 | epoch: 1 | total time: 222.80m
step 03889 (88.27%) | K: 3 | loss: 0.567958 | L1: 0.286845 | L2: 0.281212 | L3: 0.281013 | lrm: 0.23 | dt: 3450.29ms | tok/sec: 151,954 | mfu: 39.57 | epoch: 1 | total time: 222.85m
step 03890 (88.30%) | K: 3 | loss: 0.569979 | L1: 0.287902 | L2: 0.282182 | L3: 0.281972 | lrm: 0.23 | dt: 3454.91ms | tok/sec: 151,751 | mfu: 39.52 | epoch: 1 | total time: 222.91m
step 03891 (88.32%) | K: 3 | loss: 0.568686 | L1: 0.287222 | L2: 0.281559 | L3: 0.281368 | lrm: 0.23 | dt: 3453.05ms | tok/sec: 151,833 | mfu: 39.54 | epoch: 1 | total time: 222.97m
step 03892 (88.34%) | K: 3 | loss: 0.567303 | L1: 0.286590 | L2: 0.280815 | L3: 0.280611 | lrm: 0.23 | dt: 3452.22ms | tok/sec: 151,869 | mfu: 39.55 | epoch: 1 | total time: 223.03m
step 03893 (88.36%) | K: 3 | loss: 0.571050 | L1: 0.288477 | L2: 0.282674 | L3: 0.282472 | lrm: 0.23 | dt: 3452.43ms | tok/sec: 151,860 | mfu: 39.55 | epoch: 1 | total time: 223.08m
step 03894 (88.38%) | K: 3 | loss: 0.566815 | L1: 0.286375 | L2: 0.280548 | L3: 0.280333 | lrm: 0.23 | dt: 3450.09ms | tok/sec: 151,963 | mfu: 39.57 | epoch: 1 | total time: 223.14m
step 03895 (88.41%) | K: 3 | loss: 0.566504 | L1: 0.286234 | L2: 0.280377 | L3: 0.280162 | lrm: 0.23 | dt: 3449.12ms | tok/sec: 152,006 | mfu: 39.59 | epoch: 1 | total time: 223.20m
step 03896 (88.43%) | K: 3 | loss: 0.566742 | L1: 0.286339 | L2: 0.280517 | L3: 0.280290 | lrm: 0.23 | dt: 3445.09ms | tok/sec: 152,184 | mfu: 39.63 | epoch: 1 | total time: 223.26m
step 03897 (88.45%) | K: 3 | loss: 0.567225 | L1: 0.286604 | L2: 0.280741 | L3: 0.280502 | lrm: 0.23 | dt: 3444.67ms | tok/sec: 152,202 | mfu: 39.64 | epoch: 1 | total time: 223.31m
step 03898 (88.47%) | K: 3 | loss: 0.567710 | L1: 0.286807 | L2: 0.281018 | L3: 0.280789 | lrm: 0.23 | dt: 3439.25ms | tok/sec: 152,442 | mfu: 39.70 | epoch: 1 | total time: 223.37m
step 03899 (88.50%) | K: 3 | loss: 0.568651 | L1: 0.287241 | L2: 0.281521 | L3: 0.281299 | lrm: 0.23 | dt: 3446.60ms | tok/sec: 152,117 | mfu: 39.61 | epoch: 1 | total time: 223.43m
step 03900 (88.52%) | K: 3 | loss: 0.566918 | L1: 0.286407 | L2: 0.280623 | L3: 0.280397 | lrm: 0.23 | dt: 3448.04ms | tok/sec: 152,054 | mfu: 39.60 | epoch: 1 | total time: 223.48m
step 03901 (88.54%) | K: 3 | loss: 0.567813 | L1: 0.286846 | L2: 0.281079 | L3: 0.280855 | lrm: 0.23 | dt: 3449.11ms | tok/sec: 152,006 | mfu: 39.59 | epoch: 1 | total time: 223.54m
step 03902 (88.56%) | K: 3 | loss: 0.566405 | L1: 0.286154 | L2: 0.280367 | L3: 0.280134 | lrm: 0.23 | dt: 3452.25ms | tok/sec: 151,868 | mfu: 39.55 | epoch: 1 | total time: 223.60m
step 03903 (88.59%) | K: 3 | loss: 0.567285 | L1: 0.286578 | L2: 0.280818 | L3: 0.280594 | lrm: 0.23 | dt: 3457.23ms | tok/sec: 151,649 | mfu: 39.49 | epoch: 1 | total time: 223.66m
step 03904 (88.61%) | K: 3 | loss: 0.565658 | L1: 0.285749 | L2: 0.280020 | L3: 0.279798 | lrm: 0.23 | dt: 3455.25ms | tok/sec: 151,736 | mfu: 39.51 | epoch: 1 | total time: 223.72m
step 03905 (88.63%) | K: 3 | loss: 0.567114 | L1: 0.286457 | L2: 0.280761 | L3: 0.280552 | lrm: 0.23 | dt: 3459.81ms | tok/sec: 151,536 | mfu: 39.46 | epoch: 1 | total time: 223.77m
step 03906 (88.66%) | K: 3 | loss: 0.568228 | L1: 0.287075 | L2: 0.281263 | L3: 0.281042 | lrm: 0.23 | dt: 3461.90ms | tok/sec: 151,445 | mfu: 39.44 | epoch: 1 | total time: 223.83m
step 03907 (88.68%) | K: 3 | loss: 0.573336 | L1: 0.289658 | L2: 0.283792 | L3: 0.283563 | lrm: 0.23 | dt: 3461.78ms | tok/sec: 151,450 | mfu: 39.44 | epoch: 1 | total time: 223.89m
step 03908 (88.70%) | K: 3 | loss: 0.575136 | L1: 0.290562 | L2: 0.284681 | L3: 0.284468 | lrm: 0.23 | dt: 3457.33ms | tok/sec: 151,645 | mfu: 39.49 | epoch: 1 | total time: 223.95m
step 03909 (88.72%) | K: 3 | loss: 0.573445 | L1: 0.289699 | L2: 0.283853 | L3: 0.283639 | lrm: 0.23 | dt: 3462.96ms | tok/sec: 151,398 | mfu: 39.43 | epoch: 1 | total time: 224.00m
step 03910 (88.75%) | K: 3 | loss: 0.574015 | L1: 0.289973 | L2: 0.284141 | L3: 0.283942 | lrm: 0.23 | dt: 3453.72ms | tok/sec: 151,803 | mfu: 39.53 | epoch: 1 | total time: 224.06m
step 03911 (88.77%) | K: 3 | loss: 0.572765 | L1: 0.289344 | L2: 0.283525 | L3: 0.283318 | lrm: 0.22 | dt: 3458.84ms | tok/sec: 151,579 | mfu: 39.47 | epoch: 1 | total time: 224.12m
step 03912 (88.79%) | K: 3 | loss: 0.576155 | L1: 0.291029 | L2: 0.285225 | L3: 0.285027 | lrm: 0.22 | dt: 3447.97ms | tok/sec: 152,057 | mfu: 39.60 | epoch: 1 | total time: 224.18m
step 03913 (88.81%) | K: 3 | loss: 0.574217 | L1: 0.290063 | L2: 0.284252 | L3: 0.284056 | lrm: 0.22 | dt: 3450.02ms | tok/sec: 151,966 | mfu: 39.57 | epoch: 1 | total time: 224.23m
step 03914 (88.84%) | K: 3 | loss: 0.570994 | L1: 0.288431 | L2: 0.282652 | L3: 0.282473 | lrm: 0.22 | dt: 3444.42ms | tok/sec: 152,213 | mfu: 39.64 | epoch: 1 | total time: 224.29m
step 03915 (88.86%) | K: 3 | loss: 0.571850 | L1: 0.288855 | L2: 0.283086 | L3: 0.282905 | lrm: 0.22 | dt: 3440.33ms | tok/sec: 152,394 | mfu: 39.69 | epoch: 1 | total time: 224.35m
step 03916 (88.88%) | K: 3 | loss: 0.571488 | L1: 0.288696 | L2: 0.282890 | L3: 0.282695 | lrm: 0.22 | dt: 3435.82ms | tok/sec: 152,594 | mfu: 39.74 | epoch: 1 | total time: 224.41m
step 03917 (88.91%) | K: 3 | loss: 0.568159 | L1: 0.287001 | L2: 0.281254 | L3: 0.281063 | lrm: 0.22 | dt: 3441.14ms | tok/sec: 152,358 | mfu: 39.68 | epoch: 1 | total time: 224.46m
step 03918 (88.93%) | K: 3 | loss: 0.565624 | L1: 0.285781 | L2: 0.279940 | L3: 0.279747 | lrm: 0.22 | dt: 3436.94ms | tok/sec: 152,544 | mfu: 39.73 | epoch: 1 | total time: 224.52m
step 03919 (88.95%) | K: 3 | loss: 0.565406 | L1: 0.285658 | L2: 0.279847 | L3: 0.279648 | lrm: 0.22 | dt: 3437.00ms | tok/sec: 152,542 | mfu: 39.72 | epoch: 1 | total time: 224.58m
step 03920 (88.97%) | K: 3 | loss: 0.565755 | L1: 0.285889 | L2: 0.279967 | L3: 0.279766 | lrm: 0.22 | dt: 3438.51ms | tok/sec: 152,475 | mfu: 39.71 | epoch: 1 | total time: 224.63m
step 03921 (89.00%) | K: 3 | loss: 0.569387 | L1: 0.287690 | L2: 0.281803 | L3: 0.281592 | lrm: 0.22 | dt: 3441.75ms | tok/sec: 152,331 | mfu: 39.67 | epoch: 1 | total time: 224.69m
step 03922 (89.02%) | K: 3 | loss: 0.567889 | L1: 0.286969 | L2: 0.281025 | L3: 0.280815 | lrm: 0.22 | dt: 3448.27ms | tok/sec: 152,043 | mfu: 39.59 | epoch: 1 | total time: 224.75m
step 03923 (89.04%) | K: 3 | loss: 0.568204 | L1: 0.287116 | L2: 0.281189 | L3: 0.280986 | lrm: 0.22 | dt: 3451.44ms | tok/sec: 151,903 | mfu: 39.56 | epoch: 1 | total time: 224.81m
step 03924 (89.07%) | K: 3 | loss: 0.563704 | L1: 0.284835 | L2: 0.278966 | L3: 0.278771 | lrm: 0.22 | dt: 3454.58ms | tok/sec: 151,765 | mfu: 39.52 | epoch: 1 | total time: 224.86m
step 03925 (89.09%) | K: 3 | loss: 0.563331 | L1: 0.284670 | L2: 0.278762 | L3: 0.278560 | lrm: 0.22 | dt: 3447.94ms | tok/sec: 152,058 | mfu: 39.60 | epoch: 1 | total time: 224.92m
step 03926 (89.11%) | K: 3 | loss: 0.562150 | L1: 0.284066 | L2: 0.278178 | L3: 0.277991 | lrm: 0.22 | dt: 3456.07ms | tok/sec: 151,700 | mfu: 39.51 | epoch: 1 | total time: 224.98m
step 03927 (89.13%) | K: 3 | loss: 0.559706 | L1: 0.282829 | L2: 0.276964 | L3: 0.276790 | lrm: 0.22 | dt: 3452.65ms | tok/sec: 151,850 | mfu: 39.54 | epoch: 1 | total time: 225.04m
step 03928 (89.16%) | K: 3 | loss: 0.561135 | L1: 0.283540 | L2: 0.277679 | L3: 0.277513 | lrm: 0.22 | dt: 3451.69ms | tok/sec: 151,893 | mfu: 39.56 | epoch: 1 | total time: 225.09m
step 03929 (89.18%) | K: 3 | loss: 0.560347 | L1: 0.283128 | L2: 0.277299 | L3: 0.277137 | lrm: 0.22 | dt: 3452.06ms | tok/sec: 151,876 | mfu: 39.55 | epoch: 1 | total time: 225.15m
step 03930 (89.20%) | K: 3 | loss: 0.560177 | L1: 0.283015 | L2: 0.277243 | L3: 0.277080 | lrm: 0.22 | dt: 3448.48ms | tok/sec: 152,034 | mfu: 39.59 | epoch: 1 | total time: 225.21m
step 03931 (89.23%) | K: 3 | loss: 0.560010 | L1: 0.282900 | L2: 0.277194 | L3: 0.277026 | lrm: 0.22 | dt: 3448.84ms | tok/sec: 152,018 | mfu: 39.59 | epoch: 1 | total time: 225.27m
step 03932 (89.25%) | K: 3 | loss: 0.558454 | L1: 0.282102 | L2: 0.276436 | L3: 0.276268 | lrm: 0.22 | dt: 3447.28ms | tok/sec: 152,087 | mfu: 39.61 | epoch: 1 | total time: 225.32m
step 03933 (89.27%) | K: 3 | loss: 0.561050 | L1: 0.283376 | L2: 0.277757 | L3: 0.277591 | lrm: 0.21 | dt: 3444.94ms | tok/sec: 152,190 | mfu: 39.63 | epoch: 1 | total time: 225.38m
step 03934 (89.30%) | K: 3 | loss: 0.560495 | L1: 0.283098 | L2: 0.277486 | L3: 0.277307 | lrm: 0.21 | dt: 3448.55ms | tok/sec: 152,031 | mfu: 39.59 | epoch: 1 | total time: 225.44m
step 03935 (89.32%) | K: 3 | loss: 0.557485 | L1: 0.281618 | L2: 0.275962 | L3: 0.275773 | lrm: 0.21 | dt: 3448.07ms | tok/sec: 152,052 | mfu: 39.60 | epoch: 1 | total time: 225.50m
step 03936 (89.34%) | K: 3 | loss: 0.557778 | L1: 0.281767 | L2: 0.276107 | L3: 0.275915 | lrm: 0.21 | dt: 3448.05ms | tok/sec: 152,053 | mfu: 39.60 | epoch: 1 | total time: 225.55m
step 03937 (89.36%) | K: 3 | loss: 0.555112 | L1: 0.280457 | L2: 0.274755 | L3: 0.274554 | lrm: 0.21 | dt: 3455.42ms | tok/sec: 151,729 | mfu: 39.51 | epoch: 1 | total time: 225.61m
step 03938 (89.38%) | K: 3 | loss: 0.556704 | L1: 0.281240 | L2: 0.275557 | L3: 0.275372 | lrm: 0.21 | dt: 3452.78ms | tok/sec: 151,845 | mfu: 39.54 | epoch: 1 | total time: 225.67m
step 03939 (89.41%) | K: 3 | loss: 0.557147 | L1: 0.281428 | L2: 0.275806 | L3: 0.275631 | lrm: 0.21 | dt: 3452.58ms | tok/sec: 151,853 | mfu: 39.55 | epoch: 1 | total time: 225.73m
step 03940 (89.43%) | K: 3 | loss: 0.563236 | L1: 0.284502 | L2: 0.278819 | L3: 0.278648 | lrm: 0.21 | dt: 3454.67ms | tok/sec: 151,762 | mfu: 39.52 | epoch: 1 | total time: 225.78m
step 03941 (89.45%) | K: 3 | loss: 0.563070 | L1: 0.284468 | L2: 0.278700 | L3: 0.278506 | lrm: 0.21 | dt: 3455.50ms | tok/sec: 151,725 | mfu: 39.51 | epoch: 1 | total time: 225.84m
step 03942 (89.48%) | K: 3 | loss: 0.560877 | L1: 0.283361 | L2: 0.277614 | L3: 0.277418 | lrm: 0.21 | dt: 3451.85ms | tok/sec: 151,885 | mfu: 39.55 | epoch: 1 | total time: 225.90m
step 03943 (89.50%) | K: 3 | loss: 0.559633 | L1: 0.282718 | L2: 0.277019 | L3: 0.276812 | lrm: 0.21 | dt: 3453.22ms | tok/sec: 151,825 | mfu: 39.54 | epoch: 1 | total time: 225.96m
step 03944 (89.52%) | K: 3 | loss: 0.562555 | L1: 0.284181 | L2: 0.278480 | L3: 0.278268 | lrm: 0.21 | dt: 3451.64ms | tok/sec: 151,895 | mfu: 39.56 | epoch: 1 | total time: 226.02m
step 03945 (89.54%) | K: 3 | loss: 0.562192 | L1: 0.283991 | L2: 0.278305 | L3: 0.278098 | lrm: 0.21 | dt: 3451.91ms | tok/sec: 151,883 | mfu: 39.55 | epoch: 1 | total time: 226.07m
step 03946 (89.56%) | K: 3 | loss: 0.565411 | L1: 0.285597 | L2: 0.279920 | L3: 0.279709 | lrm: 0.21 | dt: 3449.33ms | tok/sec: 151,997 | mfu: 39.58 | epoch: 1 | total time: 226.13m
step 03947 (89.59%) | K: 3 | loss: 0.570035 | L1: 0.287919 | L2: 0.282219 | L3: 0.282012 | lrm: 0.21 | dt: 3450.46ms | tok/sec: 151,947 | mfu: 39.57 | epoch: 1 | total time: 226.19m
step 03948 (89.61%) | K: 3 | loss: 0.568620 | L1: 0.287201 | L2: 0.281518 | L3: 0.281319 | lrm: 0.21 | dt: 3447.78ms | tok/sec: 152,065 | mfu: 39.60 | epoch: 1 | total time: 226.25m
step 03949 (89.63%) | K: 3 | loss: 0.569740 | L1: 0.287731 | L2: 0.282101 | L3: 0.281917 | lrm: 0.21 | dt: 3451.22ms | tok/sec: 151,913 | mfu: 39.56 | epoch: 1 | total time: 226.30m
step 03950 (89.65%) | K: 3 | loss: 0.570661 | L1: 0.288191 | L2: 0.282562 | L3: 0.282378 | lrm: 0.21 | dt: 3451.19ms | tok/sec: 151,915 | mfu: 39.56 | epoch: 1 | total time: 226.36m
step 03951 (89.68%) | K: 3 | loss: 0.570555 | L1: 0.288159 | L2: 0.282479 | L3: 0.282313 | lrm: 0.21 | dt: 3454.08ms | tok/sec: 151,787 | mfu: 39.53 | epoch: 1 | total time: 226.42m
step 03952 (89.70%) | K: 3 | loss: 0.571599 | L1: 0.288701 | L2: 0.282979 | L3: 0.282818 | lrm: 0.21 | dt: 3457.14ms | tok/sec: 151,653 | mfu: 39.49 | epoch: 1 | total time: 226.48m
step 03953 (89.72%) | K: 3 | loss: 0.571547 | L1: 0.288706 | L2: 0.282925 | L3: 0.282756 | lrm: 0.21 | dt: 3457.74ms | tok/sec: 151,627 | mfu: 39.49 | epoch: 1 | total time: 226.53m
step 03954 (89.74%) | K: 3 | loss: 0.569982 | L1: 0.287947 | L2: 0.282122 | L3: 0.281947 | lrm: 0.21 | dt: 3456.09ms | tok/sec: 151,699 | mfu: 39.51 | epoch: 1 | total time: 226.59m
step 03955 (89.77%) | K: 3 | loss: 0.572223 | L1: 0.289083 | L2: 0.283228 | L3: 0.283052 | lrm: 0.20 | dt: 3458.54ms | tok/sec: 151,592 | mfu: 39.48 | epoch: 1 | total time: 226.65m
step 03956 (89.79%) | K: 3 | loss: 0.568318 | L1: 0.287131 | L2: 0.281277 | L3: 0.281098 | lrm: 0.20 | dt: 3454.16ms | tok/sec: 151,784 | mfu: 39.53 | epoch: 1 | total time: 226.71m
step 03957 (89.81%) | K: 3 | loss: 0.566133 | L1: 0.285999 | L2: 0.280220 | L3: 0.280048 | lrm: 0.20 | dt: 3455.33ms | tok/sec: 151,733 | mfu: 39.51 | epoch: 1 | total time: 226.76m
step 03958 (89.84%) | K: 3 | loss: 0.565282 | L1: 0.285550 | L2: 0.279814 | L3: 0.279649 | lrm: 0.20 | dt: 3455.40ms | tok/sec: 151,730 | mfu: 39.51 | epoch: 1 | total time: 226.82m
step 03959 (89.86%) | K: 3 | loss: 0.568034 | L1: 0.286911 | L2: 0.281202 | L3: 0.281044 | lrm: 0.20 | dt: 3447.23ms | tok/sec: 152,089 | mfu: 39.61 | epoch: 1 | total time: 226.88m
step 03960 (89.88%) | K: 3 | loss: 0.568891 | L1: 0.287340 | L2: 0.281632 | L3: 0.281472 | lrm: 0.20 | dt: 3449.76ms | tok/sec: 151,977 | mfu: 39.58 | epoch: 1 | total time: 226.94m
step 03961 (89.91%) | K: 3 | loss: 0.565676 | L1: 0.285728 | L2: 0.280030 | L3: 0.279866 | lrm: 0.20 | dt: 3454.80ms | tok/sec: 151,756 | mfu: 39.52 | epoch: 1 | total time: 226.99m
step 03962 (89.93%) | K: 3 | loss: 0.567843 | L1: 0.286791 | L2: 0.281138 | L3: 0.280965 | lrm: 0.20 | dt: 3449.74ms | tok/sec: 151,978 | mfu: 39.58 | epoch: 1 | total time: 227.05m
step 03963 (89.95%) | K: 3 | loss: 0.567725 | L1: 0.286774 | L2: 0.281039 | L3: 0.280863 | lrm: 0.20 | dt: 3449.81ms | tok/sec: 151,976 | mfu: 39.58 | epoch: 1 | total time: 227.11m
step 03964 (89.97%) | K: 3 | loss: 0.564374 | L1: 0.285097 | L2: 0.279364 | L3: 0.279190 | lrm: 0.20 | dt: 3447.28ms | tok/sec: 152,087 | mfu: 39.61 | epoch: 1 | total time: 227.17m
step 03965 (90.00%) | K: 3 | loss: 0.565435 | L1: 0.285659 | L2: 0.279863 | L3: 0.279689 | lrm: 0.20 | dt: 3448.59ms | tok/sec: 152,029 | mfu: 39.59 | epoch: 1 | total time: 227.22m
step 03966 (90.02%) | K: 3 | loss: 0.566431 | L1: 0.286175 | L2: 0.280343 | L3: 0.280169 | lrm: 0.20 | dt: 3450.34ms | tok/sec: 151,952 | mfu: 39.57 | epoch: 1 | total time: 227.28m
step 03967 (90.04%) | K: 3 | loss: 0.567397 | L1: 0.286641 | L2: 0.280852 | L3: 0.280659 | lrm: 0.20 | dt: 3444.06ms | tok/sec: 152,229 | mfu: 39.64 | epoch: 1 | total time: 227.34m
step 03968 (90.07%) | K: 3 | loss: 0.566627 | L1: 0.286263 | L2: 0.280463 | L3: 0.280266 | lrm: 0.20 | dt: 3447.34ms | tok/sec: 152,084 | mfu: 39.61 | epoch: 1 | total time: 227.40m
step 03969 (90.09%) | K: 3 | loss: 0.567243 | L1: 0.286592 | L2: 0.280747 | L3: 0.280554 | lrm: 0.20 | dt: 3448.22ms | tok/sec: 152,045 | mfu: 39.60 | epoch: 1 | total time: 227.45m
step 03970 (90.11%) | K: 3 | loss: 0.562663 | L1: 0.284274 | L2: 0.278487 | L3: 0.278290 | lrm: 0.20 | dt: 3449.66ms | tok/sec: 151,982 | mfu: 39.58 | epoch: 1 | total time: 227.51m
step 03971 (90.13%) | K: 3 | loss: 0.562743 | L1: 0.284313 | L2: 0.278524 | L3: 0.278335 | lrm: 0.20 | dt: 3454.45ms | tok/sec: 151,771 | mfu: 39.52 | epoch: 1 | total time: 227.57m
step 03972 (90.16%) | K: 3 | loss: 0.565600 | L1: 0.285731 | L2: 0.279964 | L3: 0.279774 | lrm: 0.20 | dt: 3459.66ms | tok/sec: 151,543 | mfu: 39.46 | epoch: 1 | total time: 227.63m
step 03973 (90.18%) | K: 3 | loss: 0.567176 | L1: 0.286538 | L2: 0.280733 | L3: 0.280544 | lrm: 0.20 | dt: 3458.54ms | tok/sec: 151,592 | mfu: 39.48 | epoch: 1 | total time: 227.68m
step 03974 (90.20%) | K: 3 | loss: 0.565858 | L1: 0.285858 | L2: 0.280093 | L3: 0.279907 | lrm: 0.20 | dt: 3456.48ms | tok/sec: 151,682 | mfu: 39.50 | epoch: 1 | total time: 227.74m
step 03975 (90.23%) | K: 3 | loss: 0.567159 | L1: 0.286507 | L2: 0.280740 | L3: 0.280563 | lrm: 0.20 | dt: 3455.59ms | tok/sec: 151,721 | mfu: 39.51 | epoch: 1 | total time: 227.80m
step 03976 (90.25%) | K: 3 | loss: 0.566038 | L1: 0.285899 | L2: 0.280227 | L3: 0.280051 | lrm: 0.20 | dt: 3452.82ms | tok/sec: 151,843 | mfu: 39.54 | epoch: 1 | total time: 227.86m
step 03977 (90.27%) | K: 3 | loss: 0.565452 | L1: 0.285608 | L2: 0.279926 | L3: 0.279762 | lrm: 0.19 | dt: 3453.13ms | tok/sec: 151,829 | mfu: 39.54 | epoch: 1 | total time: 227.91m
step 03978 (90.30%) | K: 3 | loss: 0.566180 | L1: 0.286012 | L2: 0.280260 | L3: 0.280076 | lrm: 0.19 | dt: 3445.46ms | tok/sec: 152,167 | mfu: 39.63 | epoch: 1 | total time: 227.97m
step 03979 (90.32%) | K: 3 | loss: 0.566434 | L1: 0.286186 | L2: 0.280343 | L3: 0.280153 | lrm: 0.19 | dt: 3449.01ms | tok/sec: 152,011 | mfu: 39.59 | epoch: 1 | total time: 228.03m
step 03980 (90.34%) | K: 3 | loss: 0.567590 | L1: 0.286769 | L2: 0.280920 | L3: 0.280721 | lrm: 0.19 | dt: 3443.37ms | tok/sec: 152,259 | mfu: 39.65 | epoch: 1 | total time: 228.09m
step 03981 (90.36%) | K: 3 | loss: 0.566119 | L1: 0.285983 | L2: 0.280236 | L3: 0.280037 | lrm: 0.19 | dt: 3443.68ms | tok/sec: 152,246 | mfu: 39.65 | epoch: 1 | total time: 228.14m
step 03982 (90.39%) | K: 3 | loss: 0.565810 | L1: 0.285864 | L2: 0.280046 | L3: 0.279846 | lrm: 0.19 | dt: 3443.36ms | tok/sec: 152,260 | mfu: 39.65 | epoch: 1 | total time: 228.20m
step 03983 (90.41%) | K: 3 | loss: 0.565764 | L1: 0.285830 | L2: 0.280024 | L3: 0.279844 | lrm: 0.19 | dt: 3447.43ms | tok/sec: 152,080 | mfu: 39.60 | epoch: 1 | total time: 228.26m
step 03984 (90.43%) | K: 3 | loss: 0.562496 | L1: 0.284176 | L2: 0.278410 | L3: 0.278230 | lrm: 0.19 | dt: 3447.09ms | tok/sec: 152,095 | mfu: 39.61 | epoch: 1 | total time: 228.32m
step 03985 (90.45%) | K: 3 | loss: 0.565383 | L1: 0.285620 | L2: 0.279861 | L3: 0.279664 | lrm: 0.19 | dt: 3450.00ms | tok/sec: 151,967 | mfu: 39.58 | epoch: 1 | total time: 228.37m
step 03986 (90.47%) | K: 3 | loss: 0.566586 | L1: 0.286242 | L2: 0.280442 | L3: 0.280245 | lrm: 0.19 | dt: 3446.05ms | tok/sec: 152,141 | mfu: 39.62 | epoch: 1 | total time: 228.43m
step 03987 (90.50%) | K: 3 | loss: 0.566075 | L1: 0.285948 | L2: 0.280217 | L3: 0.280038 | lrm: 0.19 | dt: 3448.66ms | tok/sec: 152,026 | mfu: 39.59 | epoch: 1 | total time: 228.49m
step 03988 (90.52%) | K: 3 | loss: 0.561641 | L1: 0.283760 | L2: 0.277970 | L3: 0.277793 | lrm: 0.19 | dt: 3449.69ms | tok/sec: 151,981 | mfu: 39.58 | epoch: 1 | total time: 228.55m
step 03989 (90.54%) | K: 3 | loss: 0.564193 | L1: 0.285030 | L2: 0.279256 | L3: 0.279069 | lrm: 0.19 | dt: 3451.74ms | tok/sec: 151,891 | mfu: 39.56 | epoch: 1 | total time: 228.60m
step 03990 (90.56%) | K: 3 | loss: 0.564819 | L1: 0.285312 | L2: 0.279602 | L3: 0.279412 | lrm: 0.19 | dt: 3453.30ms | tok/sec: 151,822 | mfu: 39.54 | epoch: 1 | total time: 228.66m
step 03991 (90.59%) | K: 3 | loss: 0.566238 | L1: 0.286005 | L2: 0.280329 | L3: 0.280138 | lrm: 0.19 | dt: 3450.82ms | tok/sec: 151,931 | mfu: 39.57 | epoch: 1 | total time: 228.72m
step 03992 (90.61%) | K: 3 | loss: 0.570217 | L1: 0.288014 | L2: 0.282297 | L3: 0.282109 | lrm: 0.19 | dt: 3453.15ms | tok/sec: 151,829 | mfu: 39.54 | epoch: 1 | total time: 228.78m
step 03993 (90.63%) | K: 3 | loss: 0.570619 | L1: 0.288198 | L2: 0.282509 | L3: 0.282332 | lrm: 0.19 | dt: 3456.33ms | tok/sec: 151,689 | mfu: 39.50 | epoch: 1 | total time: 228.83m
step 03994 (90.65%) | K: 3 | loss: 0.568004 | L1: 0.286921 | L2: 0.281165 | L3: 0.281002 | lrm: 0.19 | dt: 3456.06ms | tok/sec: 151,700 | mfu: 39.51 | epoch: 1 | total time: 228.89m
step 03995 (90.68%) | K: 3 | loss: 0.564640 | L1: 0.285253 | L2: 0.279472 | L3: 0.279303 | lrm: 0.19 | dt: 3451.53ms | tok/sec: 151,900 | mfu: 39.56 | epoch: 1 | total time: 228.95m
step 03996 (90.70%) | K: 3 | loss: 0.561170 | L1: 0.283513 | L2: 0.277742 | L3: 0.277573 | lrm: 0.19 | dt: 3453.83ms | tok/sec: 151,799 | mfu: 39.53 | epoch: 1 | total time: 229.01m
step 03997 (90.72%) | K: 3 | loss: 0.561571 | L1: 0.283714 | L2: 0.277940 | L3: 0.277774 | lrm: 0.19 | dt: 3453.68ms | tok/sec: 151,805 | mfu: 39.53 | epoch: 1 | total time: 229.06m
step 03998 (90.74%) | K: 3 | loss: 0.560562 | L1: 0.283256 | L2: 0.277397 | L3: 0.277215 | lrm: 0.19 | dt: 3452.40ms | tok/sec: 151,862 | mfu: 39.55 | epoch: 1 | total time: 229.12m
step 03999 (90.77%) | K: 3 | loss: 0.560591 | L1: 0.283231 | L2: 0.277445 | L3: 0.277276 | lrm: 0.18 | dt: 3453.22ms | tok/sec: 151,826 | mfu: 39.54 | epoch: 1 | total time: 229.18m
step 04000 (90.79%) | K: 3 | loss: 0.555102 | L1: 0.280433 | L2: 0.274758 | L3: 0.274578 | lrm: 0.18 | dt: 3451.16ms | tok/sec: 151,916 | mfu: 39.56 | epoch: 1 | total time: 229.24m
Step 04000 | Validation L1 bpb: 0.1545 | L2 bpb: 0.1514 | L3 bpb: 0.1513
2026-08-27 22:58:27,295 - nanochat.checkpoint_manager - [32m[1mINFO[0m - Saved optimizer state to: /home/jhu/xwang457/work/nanochat_cache/chatsft_checkpoints/d20-lf-k3-openmath-train5m/optim_004000_rank1.pt
2026-08-27 22:58:27,451 - nanochat.checkpoint_manager - [32m[1mINFO[0m - Saved optimizer state to: /home/jhu/xwang457/work/nanochat_cache/chatsft_checkpoints/d20-lf-k3-openmath-train5m/optim_004000_rank3.pt
2026-08-27 22:58:27,461 - nanochat.checkpoint_manager - [32m[1mINFO[0m - Saved optimizer state to: /home/jhu/xwang457/work/nanochat_cache/chatsft_checkpoints/d20-lf-k3-openmath-train5m/optim_004000_rank2.pt
2026-08-27 22:58:28,130 - nanochat.checkpoint_manager - [32m[1mINFO[0m - Saved model parameters to: /home/jhu/xwang457/work/nanochat_cache/chatsft_checkpoints/d20-lf-k3-openmath-train5m/model_004000.pt
2026-08-27 22:58:28,133 - nanochat.checkpoint_manager - [32m[1mINFO[0m - Saved metadata to: /home/jhu/xwang457/work/nanochat_cache/chatsft_checkpoints/d20-lf-k3-openmath-train5m/meta_004000.json
2026-08-27 22:58:28,593 - nanochat.checkpoint_manager - [32m[1mINFO[0m - Saved optimizer state to: /home/jhu/xwang457/work/nanochat_cache/chatsft_checkpoints/d20-lf-k3-openmath-train5m/optim_004000_rank0.pt
step 04001 (90.82%) | K: 3 | loss: 0.556322 | L1: 0.281052 | L2: 0.275355 | L3: 0.275184 | lrm: 0.18 | dt: 3417.62ms | tok/sec: 153,407 | mfu: 39.95 | epoch: 1 | total time: 229.29m
step 04002 (90.84%) | K: 3 | loss: 0.561545 | L1: 0.283700 | L2: 0.277930 | L3: 0.277759 | lrm: 0.18 | dt: 3444.03ms | tok/sec: 152,230 | mfu: 39.64 | epoch: 1 | total time: 229.35m
step 04003 (90.86%) | K: 3 | loss: 0.561039 | L1: 0.283466 | L2: 0.277651 | L3: 0.277495 | lrm: 0.18 | dt: 3443.09ms | tok/sec: 152,272 | mfu: 39.65 | epoch: 1 | total time: 229.41m
step 04004 (90.88%) | K: 3 | loss: 0.561694 | L1: 0.283805 | L2: 0.277964 | L3: 0.277814 | lrm: 0.18 | dt: 3439.95ms | tok/sec: 152,411 | mfu: 39.69 | epoch: 1 | total time: 229.47m
step 04005 (90.90%) | K: 3 | loss: 0.562983 | L1: 0.284417 | L2: 0.278639 | L3: 0.278494 | lrm: 0.18 | dt: 3437.69ms | tok/sec: 152,511 | mfu: 39.72 | epoch: 1 | total time: 229.52m
step 04006 (90.92%) | K: 3 | loss: 0.561262 | L1: 0.283589 | L2: 0.277748 | L3: 0.277598 | lrm: 0.18 | dt: 3434.58ms | tok/sec: 152,649 | mfu: 39.75 | epoch: 1 | total time: 229.58m
step 04007 (90.95%) | K: 3 | loss: 0.563112 | L1: 0.284487 | L2: 0.278697 | L3: 0.278552 | lrm: 0.18 | dt: 3435.30ms | tok/sec: 152,617 | mfu: 39.74 | epoch: 1 | total time: 229.64m
step 04008 (90.97%) | K: 3 | loss: 0.561745 | L1: 0.283817 | L2: 0.277998 | L3: 0.277859 | lrm: 0.18 | dt: 3433.50ms | tok/sec: 152,697 | mfu: 39.77 | epoch: 1 | total time: 229.69m
step 04009 (90.99%) | K: 3 | loss: 0.564850 | L1: 0.285405 | L2: 0.279517 | L3: 0.279373 | lrm: 0.18 | dt: 3431.31ms | tok/sec: 152,795 | mfu: 39.79 | epoch: 1 | total time: 229.75m
step 04010 (91.01%) | K: 3 | loss: 0.565424 | L1: 0.285636 | L2: 0.279858 | L3: 0.279718 | lrm: 0.18 | dt: 3443.01ms | tok/sec: 152,275 | mfu: 39.66 | epoch: 1 | total time: 229.81m
step 04011 (91.04%) | K: 3 | loss: 0.561155 | L1: 0.283513 | L2: 0.277720 | L3: 0.277565 | lrm: 0.18 | dt: 3444.98ms | tok/sec: 152,188 | mfu: 39.63 | epoch: 1 | total time: 229.87m
step 04012 (91.06%) | K: 3 | loss: 0.563288 | L1: 0.284551 | L2: 0.278820 | L3: 0.278654 | lrm: 0.18 | dt: 3449.51ms | tok/sec: 151,988 | mfu: 39.58 | epoch: 1 | total time: 229.92m
step 04013 (91.08%) | K: 3 | loss: 0.563494 | L1: 0.284659 | L2: 0.278912 | L3: 0.278758 | lrm: 0.18 | dt: 3449.22ms | tok/sec: 152,001 | mfu: 39.58 | epoch: 1 | total time: 229.98m
step 04014 (91.10%) | K: 3 | loss: 0.559645 | L1: 0.282739 | L2: 0.276987 | L3: 0.276823 | lrm: 0.18 | dt: 3454.10ms | tok/sec: 151,787 | mfu: 39.53 | epoch: 1 | total time: 230.04m
step 04015 (91.13%) | K: 3 | loss: 0.558205 | L1: 0.282015 | L2: 0.276270 | L3: 0.276109 | lrm: 0.18 | dt: 3456.43ms | tok/sec: 151,684 | mfu: 39.50 | epoch: 1 | total time: 230.10m
step 04016 (91.15%) | K: 3 | loss: 0.556216 | L1: 0.281050 | L2: 0.275244 | L3: 0.275089 | lrm: 0.18 | dt: 3457.88ms | tok/sec: 151,621 | mfu: 39.48 | epoch: 1 | total time: 230.15m
step 04017 (91.17%) | K: 3 | loss: 0.559965 | L1: 0.282918 | L2: 0.277122 | L3: 0.276972 | lrm: 0.18 | dt: 3458.36ms | tok/sec: 151,600 | mfu: 39.48 | epoch: 1 | total time: 230.21m
step 04018 (91.20%) | K: 3 | loss: 0.560676 | L1: 0.283242 | L2: 0.277513 | L3: 0.277353 | lrm: 0.18 | dt: 3458.91ms | tok/sec: 151,576 | mfu: 39.47 | epoch: 1 | total time: 230.27m
step 04019 (91.22%) | K: 3 | loss: 0.563012 | L1: 0.284378 | L2: 0.278719 | L3: 0.278548 | lrm: 0.18 | dt: 3458.46ms | tok/sec: 151,595 | mfu: 39.48 | epoch: 1 | total time: 230.33m
step 04020 (91.24%) | K: 3 | loss: 0.566527 | L1: 0.286150 | L2: 0.280463 | L3: 0.280291 | lrm: 0.18 | dt: 3455.86ms | tok/sec: 151,710 | mfu: 39.51 | epoch: 1 | total time: 230.38m
step 04021 (91.26%) | K: 3 | loss: 0.567108 | L1: 0.286433 | L2: 0.280758 | L3: 0.280592 | lrm: 0.17 | dt: 3451.41ms | tok/sec: 151,905 | mfu: 39.56 | epoch: 1 | total time: 230.44m
step 04022 (91.29%) | K: 3 | loss: 0.567278 | L1: 0.286506 | L2: 0.280855 | L3: 0.280688 | lrm: 0.17 | dt: 3451.36ms | tok/sec: 151,907 | mfu: 39.56 | epoch: 1 | total time: 230.50m
step 04023 (91.31%) | K: 3 | loss: 0.567002 | L1: 0.286348 | L2: 0.280731 | L3: 0.280577 | lrm: 0.17 | dt: 3449.89ms | tok/sec: 151,972 | mfu: 39.58 | epoch: 1 | total time: 230.56m
step 04024 (91.33%) | K: 3 | loss: 0.567602 | L1: 0.286648 | L2: 0.281037 | L3: 0.280872 | lrm: 0.17 | dt: 3445.31ms | tok/sec: 152,174 | mfu: 39.63 | epoch: 1 | total time: 230.61m
step 04025 (91.36%) | K: 3 | loss: 0.567029 | L1: 0.286322 | L2: 0.280786 | L3: 0.280628 | lrm: 0.17 | dt: 3444.95ms | tok/sec: 152,190 | mfu: 39.63 | epoch: 1 | total time: 230.67m
step 04026 (91.38%) | K: 3 | loss: 0.568168 | L1: 0.286891 | L2: 0.281347 | L3: 0.281208 | lrm: 0.17 | dt: 3445.22ms | tok/sec: 152,178 | mfu: 39.63 | epoch: 1 | total time: 230.73m
step 04027 (91.40%) | K: 3 | loss: 0.565606 | L1: 0.285614 | L2: 0.280064 | L3: 0.279919 | lrm: 0.17 | dt: 3442.04ms | tok/sec: 152,318 | mfu: 39.67 | epoch: 1 | total time: 230.79m
step 04028 (91.42%) | K: 3 | loss: 0.565777 | L1: 0.285699 | L2: 0.280145 | L3: 0.280011 | lrm: 0.17 | dt: 3440.68ms | tok/sec: 152,379 | mfu: 39.68 | epoch: 1 | total time: 230.84m
step 04029 (91.45%) | K: 3 | loss: 0.566679 | L1: 0.286131 | L2: 0.280616 | L3: 0.280481 | lrm: 0.17 | dt: 3438.44ms | tok/sec: 152,478 | mfu: 39.71 | epoch: 1 | total time: 230.90m
step 04030 (91.47%) | K: 3 | loss: 0.566453 | L1: 0.286057 | L2: 0.280471 | L3: 0.280321 | lrm: 0.17 | dt: 3439.02ms | tok/sec: 152,452 | mfu: 39.70 | epoch: 1 | total time: 230.96m
step 04031 (91.49%) | K: 3 | loss: 0.564621 | L1: 0.285169 | L2: 0.279522 | L3: 0.279382 | lrm: 0.17 | dt: 3440.42ms | tok/sec: 152,390 | mfu: 39.69 | epoch: 1 | total time: 231.02m
step 04032 (91.52%) | K: 3 | loss: 0.566832 | L1: 0.286296 | L2: 0.280608 | L3: 0.280465 | lrm: 0.17 | dt: 3445.72ms | tok/sec: 152,156 | mfu: 39.62 | epoch: 1 | total time: 231.07m
step 04033 (91.54%) | K: 3 | loss: 0.569471 | L1: 0.287611 | L2: 0.281929 | L3: 0.281792 | lrm: 0.17 | dt: 3442.48ms | tok/sec: 152,299 | mfu: 39.66 | epoch: 1 | total time: 231.13m
step 04034 (91.56%) | K: 3 | loss: 0.571357 | L1: 0.288573 | L2: 0.282854 | L3: 0.282713 | lrm: 0.17 | dt: 3448.57ms | tok/sec: 152,030 | mfu: 39.59 | epoch: 1 | total time: 231.19m
step 04035 (91.59%) | K: 3 | loss: 0.570519 | L1: 0.288183 | L2: 0.282412 | L3: 0.282261 | lrm: 0.17 | dt: 3449.64ms | tok/sec: 151,983 | mfu: 39.58 | epoch: 1 | total time: 231.25m
step 04036 (91.61%) | K: 3 | loss: 0.572331 | L1: 0.289109 | L2: 0.283298 | L3: 0.283147 | lrm: 0.17 | dt: 3450.71ms | tok/sec: 151,936 | mfu: 39.57 | epoch: 1 | total time: 231.30m
step 04037 (91.63%) | K: 3 | loss: 0.572308 | L1: 0.289075 | L2: 0.283308 | L3: 0.283157 | lrm: 0.17 | dt: 3451.22ms | tok/sec: 151,913 | mfu: 39.56 | epoch: 1 | total time: 231.36m
step 04038 (91.65%) | K: 3 | loss: 0.568384 | L1: 0.287105 | L2: 0.281356 | L3: 0.281201 | lrm: 0.17 | dt: 3453.25ms | tok/sec: 151,824 | mfu: 39.54 | epoch: 1 | total time: 231.42m
step 04039 (91.67%) | K: 3 | loss: 0.565874 | L1: 0.285792 | L2: 0.280161 | L3: 0.280003 | lrm: 0.17 | dt: 3451.39ms | tok/sec: 151,906 | mfu: 39.56 | epoch: 1 | total time: 231.48m
step 04040 (91.70%) | K: 3 | loss: 0.569147 | L1: 0.287479 | L2: 0.281753 | L3: 0.281584 | lrm: 0.17 | dt: 3452.88ms | tok/sec: 151,840 | mfu: 39.54 | epoch: 1 | total time: 231.53m
step 04041 (91.72%) | K: 3 | loss: 0.567291 | L1: 0.286527 | L2: 0.280850 | L3: 0.280677 | lrm: 0.17 | dt: 3450.20ms | tok/sec: 151,958 | mfu: 39.57 | epoch: 1 | total time: 231.59m
step 04042 (91.74%) | K: 3 | loss: 0.566373 | L1: 0.286062 | L2: 0.280403 | L3: 0.280221 | lrm: 0.17 | dt: 3452.36ms | tok/sec: 151,863 | mfu: 39.55 | epoch: 1 | total time: 231.65m
step 04043 (91.76%) | K: 3 | loss: 0.565384 | L1: 0.285543 | L2: 0.279932 | L3: 0.279749 | lrm: 0.16 | dt: 3453.11ms | tok/sec: 151,830 | mfu: 39.54 | epoch: 1 | total time: 231.71m
step 04044 (91.79%) | K: 3 | loss: 0.560978 | L1: 0.283350 | L2: 0.277727 | L3: 0.277530 | lrm: 0.16 | dt: 3450.70ms | tok/sec: 151,936 | mfu: 39.57 | epoch: 1 | total time: 231.76m
step 04045 (91.81%) | K: 3 | loss: 0.559399 | L1: 0.282508 | L2: 0.276985 | L3: 0.276795 | lrm: 0.16 | dt: 3451.54ms | tok/sec: 151,899 | mfu: 39.56 | epoch: 1 | total time: 231.82m
step 04046 (91.83%) | K: 3 | loss: 0.562278 | L1: 0.283945 | L2: 0.278424 | L3: 0.278242 | lrm: 0.16 | dt: 3448.67ms | tok/sec: 152,025 | mfu: 39.59 | epoch: 1 | total time: 231.88m
step 04047 (91.85%) | K: 3 | loss: 0.560229 | L1: 0.282930 | L2: 0.277393 | L3: 0.277206 | lrm: 0.16 | dt: 3447.16ms | tok/sec: 152,092 | mfu: 39.61 | epoch: 1 | total time: 231.94m
step 04048 (91.88%) | K: 3 | loss: 0.558646 | L1: 0.282118 | L2: 0.276620 | L3: 0.276436 | lrm: 0.16 | dt: 3447.29ms | tok/sec: 152,087 | mfu: 39.61 | epoch: 1 | total time: 231.99m
step 04049 (91.90%) | K: 3 | loss: 0.560480 | L1: 0.283070 | L2: 0.277504 | L3: 0.277314 | lrm: 0.16 | dt: 3439.85ms | tok/sec: 152,415 | mfu: 39.69 | epoch: 1 | total time: 232.05m
step 04050 (91.92%) | K: 3 | loss: 0.559169 | L1: 0.282424 | L2: 0.276837 | L3: 0.276653 | lrm: 0.16 | dt: 3441.59ms | tok/sec: 152,338 | mfu: 39.67 | epoch: 1 | total time: 232.11m
step 04051 (91.95%) | K: 3 | loss: 0.559115 | L1: 0.282361 | L2: 0.276842 | L3: 0.276667 | lrm: 0.16 | dt: 3441.16ms | tok/sec: 152,357 | mfu: 39.68 | epoch: 1 | total time: 232.17m
step 04052 (91.97%) | K: 3 | loss: 0.565384 | L1: 0.285534 | L2: 0.279936 | L3: 0.279763 | lrm: 0.16 | dt: 3445.40ms | tok/sec: 152,170 | mfu: 39.63 | epoch: 1 | total time: 232.22m
step 04053 (91.99%) | K: 3 | loss: 0.564103 | L1: 0.284935 | L2: 0.279259 | L3: 0.279077 | lrm: 0.16 | dt: 3444.07ms | tok/sec: 152,228 | mfu: 39.64 | epoch: 1 | total time: 232.28m
step 04054 (92.01%) | K: 3 | loss: 0.564814 | L1: 0.285297 | L2: 0.279603 | L3: 0.279432 | lrm: 0.16 | dt: 3449.55ms | tok/sec: 151,987 | mfu: 39.58 | epoch: 1 | total time: 232.34m
step 04055 (92.03%) | K: 3 | loss: 0.564500 | L1: 0.285126 | L2: 0.279457 | L3: 0.279292 | lrm: 0.16 | dt: 3453.10ms | tok/sec: 151,831 | mfu: 39.54 | epoch: 1 | total time: 232.40m
step 04056 (92.06%) | K: 3 | loss: 0.566223 | L1: 0.286030 | L2: 0.280279 | L3: 0.280106 | lrm: 0.16 | dt: 3455.62ms | tok/sec: 151,720 | mfu: 39.51 | epoch: 1 | total time: 232.45m
step 04057 (92.08%) | K: 3 | loss: 0.565526 | L1: 0.285661 | L2: 0.279951 | L3: 0.279779 | lrm: 0.16 | dt: 3459.13ms | tok/sec: 151,566 | mfu: 39.47 | epoch: 1 | total time: 232.51m
step 04058 (92.10%) | K: 3 | loss: 0.566884 | L1: 0.286327 | L2: 0.280644 | L3: 0.280469 | lrm: 0.16 | dt: 3462.66ms | tok/sec: 151,411 | mfu: 39.43 | epoch: 1 | total time: 232.57m
step 04059 (92.12%) | K: 3 | loss: 0.565335 | L1: 0.285611 | L2: 0.279813 | L3: 0.279635 | lrm: 0.16 | dt: 3464.55ms | tok/sec: 151,329 | mfu: 39.41 | epoch: 1 | total time: 232.63m
step 04060 (92.14%) | K: 3 | loss: 0.567283 | L1: 0.286556 | L2: 0.280811 | L3: 0.280644 | lrm: 0.16 | dt: 3465.72ms | tok/sec: 151,278 | mfu: 39.40 | epoch: 1 | total time: 232.68m
step 04061 (92.17%) | K: 3 | loss: 0.566725 | L1: 0.286309 | L2: 0.280503 | L3: 0.280328 | lrm: 0.16 | dt: 3465.82ms | tok/sec: 151,274 | mfu: 39.39 | epoch: 1 | total time: 232.74m
step 04062 (92.19%) | K: 3 | loss: 0.565251 | L1: 0.285534 | L2: 0.279794 | L3: 0.279640 | lrm: 0.16 | dt: 3464.08ms | tok/sec: 151,349 | mfu: 39.41 | epoch: 1 | total time: 232.80m
step 04063 (92.21%) | K: 3 | loss: 0.559600 | L1: 0.282663 | L2: 0.277020 | L3: 0.276855 | lrm: 0.16 | dt: 3460.63ms | tok/sec: 151,500 | mfu: 39.45 | epoch: 1 | total time: 232.86m
step 04064 (92.24%) | K: 3 | loss: 0.558718 | L1: 0.282241 | L2: 0.276560 | L3: 0.276393 | lrm: 0.16 | dt: 3462.01ms | tok/sec: 151,440 | mfu: 39.44 | epoch: 1 | total time: 232.92m
step 04065 (92.26%) | K: 3 | loss: 0.561471 | L1: 0.283641 | L2: 0.277918 | L3: 0.277743 | lrm: 0.15 | dt: 3454.70ms | tok/sec: 151,760 | mfu: 39.52 | epoch: 1 | total time: 232.97m
step 04066 (92.28%) | K: 3 | loss: 0.561033 | L1: 0.283410 | L2: 0.277720 | L3: 0.277527 | lrm: 0.15 | dt: 3454.28ms | tok/sec: 151,779 | mfu: 39.53 | epoch: 1 | total time: 233.03m
step 04067 (92.30%) | K: 3 | loss: 0.562019 | L1: 0.283871 | L2: 0.278242 | L3: 0.278054 | lrm: 0.15 | dt: 3451.67ms | tok/sec: 151,894 | mfu: 39.56 | epoch: 1 | total time: 233.09m
step 04068 (92.33%) | K: 3 | loss: 0.559533 | L1: 0.282630 | L2: 0.276998 | L3: 0.276807 | lrm: 0.15 | dt: 3447.28ms | tok/sec: 152,087 | mfu: 39.61 | epoch: 1 | total time: 233.15m
step 04069 (92.35%) | K: 3 | loss: 0.556743 | L1: 0.281243 | L2: 0.275598 | L3: 0.275401 | lrm: 0.15 | dt: 3446.29ms | tok/sec: 152,131 | mfu: 39.62 | epoch: 1 | total time: 233.20m
step 04070 (92.37%) | K: 3 | loss: 0.555608 | L1: 0.280675 | L2: 0.275026 | L3: 0.274840 | lrm: 0.15 | dt: 3443.95ms | tok/sec: 152,234 | mfu: 39.64 | epoch: 1 | total time: 233.26m
step 04071 (92.40%) | K: 3 | loss: 0.557400 | L1: 0.281598 | L2: 0.275894 | L3: 0.275710 | lrm: 0.15 | dt: 3448.33ms | tok/sec: 152,041 | mfu: 39.59 | epoch: 1 | total time: 233.32m
step 04072 (92.42%) | K: 3 | loss: 0.560056 | L1: 0.282957 | L2: 0.277186 | L3: 0.277010 | lrm: 0.15 | dt: 3445.91ms | tok/sec: 152,148 | mfu: 39.62 | epoch: 1 | total time: 233.37m
step 04073 (92.44%) | K: 3 | loss: 0.557955 | L1: 0.281877 | L2: 0.276161 | L3: 0.275995 | lrm: 0.15 | dt: 3445.89ms | tok/sec: 152,148 | mfu: 39.62 | epoch: 1 | total time: 233.43m
step 04074 (92.47%) | K: 3 | loss: 0.557778 | L1: 0.281820 | L2: 0.276053 | L3: 0.275864 | lrm: 0.15 | dt: 3449.06ms | tok/sec: 152,008 | mfu: 39.59 | epoch: 1 | total time: 233.49m
step 04075 (92.49%) | K: 3 | loss: 0.560390 | L1: 0.283117 | L2: 0.277368 | L3: 0.277178 | lrm: 0.15 | dt: 3447.80ms | tok/sec: 152,064 | mfu: 39.60 | epoch: 1 | total time: 233.55m
step 04076 (92.51%) | K: 3 | loss: 0.560169 | L1: 0.283027 | L2: 0.277237 | L3: 0.277046 | lrm: 0.15 | dt: 3449.27ms | tok/sec: 151,999 | mfu: 39.58 | epoch: 1 | total time: 233.60m
step 04077 (92.53%) | K: 3 | loss: 0.557685 | L1: 0.281810 | L2: 0.275973 | L3: 0.275777 | lrm: 0.15 | dt: 3452.78ms | tok/sec: 151,845 | mfu: 39.54 | epoch: 1 | total time: 233.66m
step 04078 (92.55%) | K: 3 | loss: 0.557735 | L1: 0.281857 | L2: 0.275978 | L3: 0.275779 | lrm: 0.15 | dt: 3454.66ms | tok/sec: 151,762 | mfu: 39.52 | epoch: 1 | total time: 233.72m
step 04079 (92.58%) | K: 3 | loss: 0.565775 | L1: 0.285874 | L2: 0.279997 | L3: 0.279804 | lrm: 0.15 | dt: 3453.81ms | tok/sec: 151,799 | mfu: 39.53 | epoch: 1 | total time: 233.78m
step 04080 (92.60%) | K: 3 | loss: 0.566543 | L1: 0.286238 | L2: 0.280406 | L3: 0.280205 | lrm: 0.15 | dt: 3456.41ms | tok/sec: 151,685 | mfu: 39.50 | epoch: 1 | total time: 233.84m
step 04081 (92.62%) | K: 3 | loss: 0.566214 | L1: 0.286086 | L2: 0.280233 | L3: 0.280022 | lrm: 0.15 | dt: 3457.95ms | tok/sec: 151,618 | mfu: 39.48 | epoch: 1 | total time: 233.89m
step 04082 (92.64%) | K: 3 | loss: 0.567770 | L1: 0.286830 | L2: 0.281037 | L3: 0.280843 | lrm: 0.15 | dt: 3457.28ms | tok/sec: 151,647 | mfu: 39.49 | epoch: 1 | total time: 233.95m
step 04083 (92.67%) | K: 3 | loss: 0.568144 | L1: 0.286997 | L2: 0.281250 | L3: 0.281045 | lrm: 0.15 | dt: 3455.75ms | tok/sec: 151,714 | mfu: 39.51 | epoch: 1 | total time: 234.01m
step 04084 (92.69%) | K: 3 | loss: 0.567428 | L1: 0.286649 | L2: 0.280882 | L3: 0.280675 | lrm: 0.15 | dt: 3452.02ms | tok/sec: 151,878 | mfu: 39.55 | epoch: 1 | total time: 234.07m
step 04085 (92.71%) | K: 3 | loss: 0.562612 | L1: 0.284242 | L2: 0.278474 | L3: 0.278266 | lrm: 0.15 | dt: 3446.69ms | tok/sec: 152,113 | mfu: 39.61 | epoch: 1 | total time: 234.12m
step 04086 (92.74%) | K: 3 | loss: 0.563396 | L1: 0.284652 | L2: 0.278861 | L3: 0.278627 | lrm: 0.15 | dt: 3444.18ms | tok/sec: 152,224 | mfu: 39.64 | epoch: 1 | total time: 234.18m
step 04087 (92.76%) | K: 3 | loss: 0.563541 | L1: 0.284699 | L2: 0.278962 | L3: 0.278723 | lrm: 0.14 | dt: 3443.37ms | tok/sec: 152,260 | mfu: 39.65 | epoch: 1 | total time: 234.24m
step 04088 (92.78%) | K: 3 | loss: 0.564018 | L1: 0.284938 | L2: 0.279199 | L3: 0.278961 | lrm: 0.14 | dt: 3442.86ms | tok/sec: 152,282 | mfu: 39.66 | epoch: 1 | total time: 234.30m
step 04089 (92.81%) | K: 3 | loss: 0.561511 | L1: 0.283675 | L2: 0.277947 | L3: 0.277724 | lrm: 0.14 | dt: 3438.63ms | tok/sec: 152,469 | mfu: 39.71 | epoch: 1 | total time: 234.35m
step 04090 (92.83%) | K: 3 | loss: 0.562813 | L1: 0.284344 | L2: 0.278579 | L3: 0.278360 | lrm: 0.14 | dt: 3441.10ms | tok/sec: 152,360 | mfu: 39.68 | epoch: 1 | total time: 234.41m
step 04091 (92.85%) | K: 3 | loss: 0.564458 | L1: 0.285139 | L2: 0.279417 | L3: 0.279220 | lrm: 0.14 | dt: 3442.05ms | tok/sec: 152,318 | mfu: 39.67 | epoch: 1 | total time: 234.47m
step 04092 (92.87%) | K: 3 | loss: 0.563984 | L1: 0.284923 | L2: 0.279155 | L3: 0.278967 | lrm: 0.14 | dt: 3449.14ms | tok/sec: 152,005 | mfu: 39.58 | epoch: 1 | total time: 234.52m
step 04093 (92.89%) | K: 3 | loss: 0.564480 | L1: 0.285174 | L2: 0.279404 | L3: 0.279208 | lrm: 0.14 | dt: 3446.62ms | tok/sec: 152,116 | mfu: 39.61 | epoch: 1 | total time: 234.58m
step 04094 (92.92%) | K: 3 | loss: 0.567688 | L1: 0.286760 | L2: 0.281025 | L3: 0.280832 | lrm: 0.14 | dt: 3450.53ms | tok/sec: 151,944 | mfu: 39.57 | epoch: 1 | total time: 234.64m
step 04095 (92.94%) | K: 3 | loss: 0.567847 | L1: 0.286837 | L2: 0.281108 | L3: 0.280911 | lrm: 0.14 | dt: 3453.57ms | tok/sec: 151,810 | mfu: 39.53 | epoch: 1 | total time: 234.70m
step 04096 (92.97%) | K: 3 | loss: 0.568876 | L1: 0.287336 | L2: 0.281639 | L3: 0.281441 | lrm: 0.14 | dt: 3458.64ms | tok/sec: 151,587 | mfu: 39.48 | epoch: 1 | total time: 234.75m
step 04097 (92.99%) | K: 3 | loss: 0.568757 | L1: 0.287256 | L2: 0.281598 | L3: 0.281404 | lrm: 0.14 | dt: 3456.33ms | tok/sec: 151,689 | mfu: 39.50 | epoch: 1 | total time: 234.81m
step 04098 (93.01%) | K: 3 | loss: 0.567705 | L1: 0.286712 | L2: 0.281085 | L3: 0.280901 | lrm: 0.14 | dt: 3457.23ms | tok/sec: 151,649 | mfu: 39.49 | epoch: 1 | total time: 234.87m
step 04099 (93.03%) | K: 3 | loss: 0.574309 | L1: 0.290008 | L2: 0.284388 | L3: 0.284214 | lrm: 0.14 | dt: 3457.24ms | tok/sec: 151,649 | mfu: 39.49 | epoch: 1 | total time: 234.93m
step 04100 (93.06%) | K: 3 | loss: 0.573916 | L1: 0.289763 | L2: 0.284241 | L3: 0.284067 | lrm: 0.14 | dt: 3453.09ms | tok/sec: 151,831 | mfu: 39.54 | epoch: 1 | total time: 234.99m
step 04101 (93.08%) | K: 3 | loss: 0.570181 | L1: 0.287908 | L2: 0.282364 | L3: 0.282183 | lrm: 0.14 | dt: 3453.10ms | tok/sec: 151,831 | mfu: 39.54 | epoch: 1 | total time: 235.04m
step 04102 (93.10%) | K: 3 | loss: 0.575451 | L1: 0.290588 | L2: 0.284954 | L3: 0.284772 | lrm: 0.14 | dt: 3451.55ms | tok/sec: 151,899 | mfu: 39.56 | epoch: 1 | total time: 235.10m
step 04103 (93.13%) | K: 3 | loss: 0.572357 | L1: 0.289094 | L2: 0.283364 | L3: 0.283162 | lrm: 0.14 | dt: 3449.95ms | tok/sec: 151,969 | mfu: 39.58 | epoch: 1 | total time: 235.16m
step 04104 (93.15%) | K: 3 | loss: 0.570863 | L1: 0.288392 | L2: 0.282577 | L3: 0.282365 | lrm: 0.14 | dt: 3446.28ms | tok/sec: 152,131 | mfu: 39.62 | epoch: 1 | total time: 235.22m
step 04105 (93.17%) | K: 3 | loss: 0.570325 | L1: 0.288121 | L2: 0.282312 | L3: 0.282095 | lrm: 0.14 | dt: 3447.01ms | tok/sec: 152,099 | mfu: 39.61 | epoch: 1 | total time: 235.27m
step 04106 (93.19%) | K: 3 | loss: 0.571015 | L1: 0.288506 | L2: 0.282619 | L3: 0.282398 | lrm: 0.14 | dt: 3448.70ms | tok/sec: 152,024 | mfu: 39.59 | epoch: 1 | total time: 235.33m
step 04107 (93.22%) | K: 3 | loss: 0.567414 | L1: 0.286705 | L2: 0.280808 | L3: 0.280608 | lrm: 0.14 | dt: 3448.14ms | tok/sec: 152,049 | mfu: 39.60 | epoch: 1 | total time: 235.39m
step 04108 (93.24%) | K: 3 | loss: 0.565684 | L1: 0.285857 | L2: 0.279931 | L3: 0.279723 | lrm: 0.14 | dt: 3450.20ms | tok/sec: 151,958 | mfu: 39.57 | epoch: 1 | total time: 235.45m
step 04109 (93.26%) | K: 3 | loss: 0.561229 | L1: 0.283616 | L2: 0.277720 | L3: 0.277506 | lrm: 0.13 | dt: 3451.15ms | tok/sec: 151,916 | mfu: 39.56 | epoch: 1 | total time: 235.50m
step 04110 (93.28%) | K: 3 | loss: 0.558883 | L1: 0.282416 | L2: 0.276582 | L3: 0.276351 | lrm: 0.13 | dt: 3453.18ms | tok/sec: 151,827 | mfu: 39.54 | epoch: 1 | total time: 235.56m
step 04111 (93.31%) | K: 3 | loss: 0.559110 | L1: 0.282516 | L2: 0.276710 | L3: 0.276479 | lrm: 0.13 | dt: 3453.76ms | tok/sec: 151,801 | mfu: 39.53 | epoch: 1 | total time: 235.62m
step 04112 (93.33%) | K: 3 | loss: 0.554864 | L1: 0.280414 | L2: 0.274562 | L3: 0.274338 | lrm: 0.13 | dt: 3458.13ms | tok/sec: 151,610 | mfu: 39.48 | epoch: 1 | total time: 235.68m
step 04113 (93.35%) | K: 3 | loss: 0.555802 | L1: 0.280838 | L2: 0.275083 | L3: 0.274845 | lrm: 0.13 | dt: 3457.12ms | tok/sec: 151,654 | mfu: 39.49 | epoch: 1 | total time: 235.73m
step 04114 (93.38%) | K: 3 | loss: 0.550383 | L1: 0.278111 | L2: 0.272384 | L3: 0.272160 | lrm: 0.13 | dt: 3454.12ms | tok/sec: 151,786 | mfu: 39.53 | epoch: 1 | total time: 235.79m
step 04115 (93.40%) | K: 3 | loss: 0.552646 | L1: 0.279241 | L2: 0.273511 | L3: 0.273300 | lrm: 0.13 | dt: 3457.02ms | tok/sec: 151,659 | mfu: 39.49 | epoch: 1 | total time: 235.85m
step 04116 (93.42%) | K: 3 | loss: 0.553204 | L1: 0.279540 | L2: 0.273772 | L3: 0.273557 | lrm: 0.13 | dt: 3457.47ms | tok/sec: 151,639 | mfu: 39.49 | epoch: 1 | total time: 235.91m
step 04117 (93.44%) | K: 3 | loss: 0.553635 | L1: 0.279756 | L2: 0.273984 | L3: 0.273775 | lrm: 0.13 | dt: 3456.69ms | tok/sec: 151,673 | mfu: 39.50 | epoch: 1 | total time: 235.96m
step 04118 (93.46%) | K: 3 | loss: 0.549826 | L1: 0.277831 | L2: 0.272091 | L3: 0.271899 | lrm: 0.13 | dt: 3454.01ms | tok/sec: 151,791 | mfu: 39.53 | epoch: 1 | total time: 236.02m
step 04119 (93.49%) | K: 3 | loss: 0.550003 | L1: 0.277911 | L2: 0.272187 | L3: 0.271997 | lrm: 0.13 | dt: 3452.03ms | tok/sec: 151,878 | mfu: 39.55 | epoch: 1 | total time: 236.08m
step 04120 (93.51%) | K: 3 | loss: 0.551594 | L1: 0.278736 | L2: 0.272954 | L3: 0.272760 | lrm: 0.13 | dt: 3451.77ms | tok/sec: 151,889 | mfu: 39.55 | epoch: 1 | total time: 236.14m
step 04121 (93.53%) | K: 3 | loss: 0.549252 | L1: 0.277570 | L2: 0.271786 | L3: 0.271577 | lrm: 0.13 | dt: 3452.22ms | tok/sec: 151,869 | mfu: 39.55 | epoch: 1 | total time: 236.19m
step 04122 (93.55%) | K: 3 | loss: 0.548595 | L1: 0.277232 | L2: 0.271468 | L3: 0.271258 | lrm: 0.13 | dt: 3451.80ms | tok/sec: 151,888 | mfu: 39.55 | epoch: 1 | total time: 236.25m
step 04123 (93.58%) | K: 3 | loss: 0.547500 | L1: 0.276681 | L2: 0.270921 | L3: 0.270718 | lrm: 0.13 | dt: 3448.78ms | tok/sec: 152,021 | mfu: 39.59 | epoch: 1 | total time: 236.31m
step 04124 (93.60%) | K: 3 | loss: 0.547886 | L1: 0.276895 | L2: 0.271087 | L3: 0.270895 | lrm: 0.13 | dt: 3440.35ms | tok/sec: 152,393 | mfu: 39.69 | epoch: 1 | total time: 236.37m
step 04125 (93.62%) | K: 3 | loss: 0.550032 | L1: 0.277991 | L2: 0.272139 | L3: 0.271944 | lrm: 0.13 | dt: 3439.35ms | tok/sec: 152,438 | mfu: 39.70 | epoch: 1 | total time: 236.42m
step 04126 (93.65%) | K: 3 | loss: 0.556117 | L1: 0.281043 | L2: 0.275181 | L3: 0.274969 | lrm: 0.13 | dt: 3438.37ms | tok/sec: 152,481 | mfu: 39.71 | epoch: 1 | total time: 236.48m
step 04127 (93.67%) | K: 3 | loss: 0.556085 | L1: 0.281035 | L2: 0.275164 | L3: 0.274935 | lrm: 0.13 | dt: 3437.45ms | tok/sec: 152,522 | mfu: 39.72 | epoch: 1 | total time: 236.54m
step 04128 (93.69%) | K: 3 | loss: 0.554872 | L1: 0.280423 | L2: 0.274556 | L3: 0.274341 | lrm: 0.13 | dt: 3441.96ms | tok/sec: 152,322 | mfu: 39.67 | epoch: 1 | total time: 236.60m
step 04129 (93.72%) | K: 3 | loss: 0.552230 | L1: 0.279069 | L2: 0.273274 | L3: 0.273049 | lrm: 0.13 | dt: 3441.24ms | tok/sec: 152,354 | mfu: 39.68 | epoch: 1 | total time: 236.65m
step 04130 (93.74%) | K: 3 | loss: 0.550415 | L1: 0.278166 | L2: 0.272357 | L3: 0.272141 | lrm: 0.13 | dt: 3443.75ms | tok/sec: 152,243 | mfu: 39.65 | epoch: 1 | total time: 236.71m
step 04131 (93.76%) | K: 3 | loss: 0.551437 | L1: 0.278657 | L2: 0.272882 | L3: 0.272677 | lrm: 0.12 | dt: 3445.84ms | tok/sec: 152,151 | mfu: 39.62 | epoch: 1 | total time: 236.77m
step 04132 (93.78%) | K: 3 | loss: 0.549148 | L1: 0.277468 | L2: 0.271781 | L3: 0.271580 | lrm: 0.12 | dt: 3450.06ms | tok/sec: 151,964 | mfu: 39.57 | epoch: 1 | total time: 236.82m
step 04133 (93.81%) | K: 3 | loss: 0.551090 | L1: 0.278452 | L2: 0.272743 | L3: 0.272533 | lrm: 0.12 | dt: 3452.20ms | tok/sec: 151,870 | mfu: 39.55 | epoch: 1 | total time: 236.88m
step 04134 (93.83%) | K: 3 | loss: 0.555752 | L1: 0.280789 | L2: 0.275072 | L3: 0.274854 | lrm: 0.12 | dt: 3454.81ms | tok/sec: 151,755 | mfu: 39.52 | epoch: 1 | total time: 236.94m
step 04135 (93.85%) | K: 3 | loss: 0.556347 | L1: 0.281122 | L2: 0.275330 | L3: 0.275122 | lrm: 0.12 | dt: 3452.13ms | tok/sec: 151,873 | mfu: 39.55 | epoch: 1 | total time: 237.00m
step 04136 (93.87%) | K: 3 | loss: 0.561656 | L1: 0.283812 | L2: 0.277952 | L3: 0.277736 | lrm: 0.12 | dt: 3448.28ms | tok/sec: 152,043 | mfu: 39.59 | epoch: 1 | total time: 237.05m
step 04137 (93.89%) | K: 3 | loss: 0.558261 | L1: 0.282094 | L2: 0.276268 | L3: 0.276066 | lrm: 0.12 | dt: 3449.59ms | tok/sec: 151,985 | mfu: 39.58 | epoch: 1 | total time: 237.11m
step 04138 (93.92%) | K: 3 | loss: 0.561153 | L1: 0.283491 | L2: 0.277762 | L3: 0.277563 | lrm: 0.12 | dt: 3444.10ms | tok/sec: 152,228 | mfu: 39.64 | epoch: 1 | total time: 237.17m
step 04139 (93.94%) | K: 3 | loss: 0.560249 | L1: 0.283024 | L2: 0.277328 | L3: 0.277122 | lrm: 0.12 | dt: 3440.87ms | tok/sec: 152,370 | mfu: 39.68 | epoch: 1 | total time: 237.23m
step 04140 (93.96%) | K: 3 | loss: 0.556503 | L1: 0.281142 | L2: 0.275464 | L3: 0.275260 | lrm: 0.12 | dt: 3440.60ms | tok/sec: 152,382 | mfu: 39.68 | epoch: 1 | total time: 237.28m
step 04141 (93.98%) | K: 3 | loss: 0.553983 | L1: 0.279884 | L2: 0.274204 | L3: 0.273995 | lrm: 0.12 | dt: 3439.51ms | tok/sec: 152,430 | mfu: 39.70 | epoch: 1 | total time: 237.34m
step 04142 (94.01%) | K: 3 | loss: 0.555084 | L1: 0.280427 | L2: 0.274764 | L3: 0.274549 | lrm: 0.12 | dt: 3440.23ms | tok/sec: 152,399 | mfu: 39.69 | epoch: 1 | total time: 237.40m
step 04143 (94.03%) | K: 3 | loss: 0.555216 | L1: 0.280502 | L2: 0.274825 | L3: 0.274604 | lrm: 0.12 | dt: 3442.79ms | tok/sec: 152,285 | mfu: 39.66 | epoch: 1 | total time: 237.46m
step 04144 (94.05%) | K: 3 | loss: 0.555522 | L1: 0.280656 | L2: 0.274975 | L3: 0.274756 | lrm: 0.12 | dt: 3446.44ms | tok/sec: 152,124 | mfu: 39.62 | epoch: 1 | total time: 237.51m
step 04145 (94.07%) | K: 3 | loss: 0.559916 | L1: 0.282877 | L2: 0.277148 | L3: 0.276931 | lrm: 0.12 | dt: 3444.97ms | tok/sec: 152,189 | mfu: 39.63 | epoch: 1 | total time: 237.57m
step 04146 (94.10%) | K: 3 | loss: 0.560593 | L1: 0.283225 | L2: 0.277464 | L3: 0.277272 | lrm: 0.12 | dt: 3447.95ms | tok/sec: 152,058 | mfu: 39.60 | epoch: 1 | total time: 237.63m
step 04147 (94.12%) | K: 3 | loss: 0.564148 | L1: 0.285026 | L2: 0.279215 | L3: 0.279029 | lrm: 0.12 | dt: 3449.51ms | tok/sec: 151,988 | mfu: 39.58 | epoch: 1 | total time: 237.69m
step 04148 (94.14%) | K: 3 | loss: 0.564206 | L1: 0.285062 | L2: 0.279234 | L3: 0.279054 | lrm: 0.12 | dt: 3452.81ms | tok/sec: 151,844 | mfu: 39.54 | epoch: 1 | total time: 237.74m
step 04149 (94.16%) | K: 3 | loss: 0.559654 | L1: 0.282735 | L2: 0.277004 | L3: 0.276835 | lrm: 0.12 | dt: 3454.46ms | tok/sec: 151,771 | mfu: 39.52 | epoch: 1 | total time: 237.80m
step 04150 (94.19%) | K: 3 | loss: 0.559466 | L1: 0.282658 | L2: 0.276896 | L3: 0.276720 | lrm: 0.12 | dt: 3454.73ms | tok/sec: 151,759 | mfu: 39.52 | epoch: 1 | total time: 237.86m
step 04151 (94.21%) | K: 3 | loss: 0.562213 | L1: 0.284060 | L2: 0.278244 | L3: 0.278061 | lrm: 0.12 | dt: 3456.08ms | tok/sec: 151,700 | mfu: 39.51 | epoch: 1 | total time: 237.92m
step 04152 (94.23%) | K: 3 | loss: 0.565677 | L1: 0.285779 | L2: 0.279989 | L3: 0.279808 | lrm: 0.12 | dt: 3453.37ms | tok/sec: 151,819 | mfu: 39.54 | epoch: 1 | total time: 237.97m
step 04153 (94.25%) | K: 3 | loss: 0.570371 | L1: 0.288144 | L2: 0.282315 | L3: 0.282139 | lrm: 0.11 | dt: 3451.89ms | tok/sec: 151,884 | mfu: 39.55 | epoch: 1 | total time: 238.03m
step 04154 (94.27%) | K: 3 | loss: 0.571974 | L1: 0.288913 | L2: 0.283149 | L3: 0.282973 | lrm: 0.11 | dt: 3451.07ms | tok/sec: 151,920 | mfu: 39.56 | epoch: 1 | total time: 238.09m
step 04155 (94.30%) | K: 3 | loss: 0.568452 | L1: 0.287132 | L2: 0.281402 | L3: 0.281239 | lrm: 0.11 | dt: 3449.35ms | tok/sec: 151,996 | mfu: 39.58 | epoch: 1 | total time: 238.15m
step 04156 (94.32%) | K: 3 | loss: 0.568945 | L1: 0.287379 | L2: 0.281654 | L3: 0.281478 | lrm: 0.11 | dt: 3444.05ms | tok/sec: 152,230 | mfu: 39.64 | epoch: 1 | total time: 238.20m
step 04157 (94.34%) | K: 3 | loss: 0.567150 | L1: 0.286506 | L2: 0.280733 | L3: 0.280556 | lrm: 0.11 | dt: 3444.11ms | tok/sec: 152,227 | mfu: 39.64 | epoch: 1 | total time: 238.26m
step 04158 (94.37%) | K: 3 | loss: 0.569831 | L1: 0.287841 | L2: 0.282078 | L3: 0.281901 | lrm: 0.11 | dt: 3440.08ms | tok/sec: 152,405 | mfu: 39.69 | epoch: 1 | total time: 238.32m
step 04159 (94.39%) | K: 3 | loss: 0.576082 | L1: 0.290980 | L2: 0.285190 | L3: 0.285014 | lrm: 0.11 | dt: 3437.23ms | tok/sec: 152,532 | mfu: 39.72 | epoch: 1 | total time: 238.38m
step 04160 (94.41%) | K: 3 | loss: 0.573281 | L1: 0.289570 | L2: 0.283801 | L3: 0.283621 | lrm: 0.11 | dt: 3442.13ms | tok/sec: 152,314 | mfu: 39.67 | epoch: 1 | total time: 238.43m
step 04161 (94.43%) | K: 3 | loss: 0.567965 | L1: 0.286894 | L2: 0.281157 | L3: 0.280984 | lrm: 0.11 | dt: 3444.07ms | tok/sec: 152,228 | mfu: 39.64 | epoch: 1 | total time: 238.49m
step 04162 (94.46%) | K: 3 | loss: 0.575089 | L1: 0.290513 | L2: 0.284666 | L3: 0.284487 | lrm: 0.11 | dt: 3442.11ms | tok/sec: 152,315 | mfu: 39.67 | epoch: 1 | total time: 238.55m
step 04163 (94.48%) | K: 3 | loss: 0.573020 | L1: 0.289461 | L2: 0.283650 | L3: 0.283467 | lrm: 0.11 | dt: 3445.09ms | tok/sec: 152,183 | mfu: 39.63 | epoch: 1 | total time: 238.61m
step 04164 (94.50%) | K: 3 | loss: 0.571032 | L1: 0.288450 | L2: 0.282674 | L3: 0.282488 | lrm: 0.11 | dt: 3446.82ms | tok/sec: 152,107 | mfu: 39.61 | epoch: 1 | total time: 238.66m
step 04165 (94.52%) | K: 3 | loss: 0.572111 | L1: 0.289005 | L2: 0.283194 | L3: 0.283018 | lrm: 0.11 | dt: 3449.43ms | tok/sec: 151,992 | mfu: 39.58 | epoch: 1 | total time: 238.72m
step 04166 (94.54%) | K: 3 | loss: 0.571616 | L1: 0.288787 | L2: 0.282910 | L3: 0.282749 | lrm: 0.11 | dt: 3444.41ms | tok/sec: 152,214 | mfu: 39.64 | epoch: 1 | total time: 238.78m
step 04167 (94.57%) | K: 3 | loss: 0.570833 | L1: 0.288382 | L2: 0.282530 | L3: 0.282373 | lrm: 0.11 | dt: 3451.63ms | tok/sec: 151,895 | mfu: 39.56 | epoch: 1 | total time: 238.84m
step 04168 (94.59%) | K: 3 | loss: 0.567901 | L1: 0.286936 | L2: 0.281053 | L3: 0.280879 | lrm: 0.11 | dt: 3452.47ms | tok/sec: 151,859 | mfu: 39.55 | epoch: 1 | total time: 238.89m
step 04169 (94.61%) | K: 3 | loss: 0.570649 | L1: 0.288302 | L2: 0.282435 | L3: 0.282258 | lrm: 0.11 | dt: 3452.94ms | tok/sec: 151,838 | mfu: 39.54 | epoch: 1 | total time: 238.95m
step 04170 (94.64%) | K: 3 | loss: 0.570104 | L1: 0.288017 | L2: 0.282176 | L3: 0.281998 | lrm: 0.11 | dt: 3453.62ms | tok/sec: 151,808 | mfu: 39.53 | epoch: 1 | total time: 239.01m
step 04171 (94.66%) | K: 3 | loss: 0.574366 | L1: 0.290162 | L2: 0.284296 | L3: 0.284112 | lrm: 0.11 | dt: 3455.59ms | tok/sec: 151,721 | mfu: 39.51 | epoch: 1 | total time: 239.07m
step 04172 (94.68%) | K: 3 | loss: 0.574371 | L1: 0.290205 | L2: 0.284253 | L3: 0.284078 | lrm: 0.11 | dt: 3454.77ms | tok/sec: 151,757 | mfu: 39.52 | epoch: 1 | total time: 239.12m
step 04173 (94.70%) | K: 3 | loss: 0.573082 | L1: 0.289575 | L2: 0.283599 | L3: 0.283413 | lrm: 0.11 | dt: 3451.72ms | tok/sec: 151,891 | mfu: 39.56 | epoch: 1 | total time: 239.18m
step 04174 (94.73%) | K: 3 | loss: 0.572750 | L1: 0.289384 | L2: 0.283452 | L3: 0.283279 | lrm: 0.11 | dt: 3450.84ms | tok/sec: 151,930 | mfu: 39.57 | epoch: 1 | total time: 239.24m
step 04175 (94.75%) | K: 3 | loss: 0.571170 | L1: 0.288554 | L2: 0.282704 | L3: 0.282529 | lrm: 0.11 | dt: 3452.53ms | tok/sec: 151,856 | mfu: 39.55 | epoch: 1 | total time: 239.30m
step 04176 (94.77%) | K: 3 | loss: 0.573130 | L1: 0.289514 | L2: 0.283704 | L3: 0.283528 | lrm: 0.10 | dt: 3449.05ms | tok/sec: 152,009 | mfu: 39.59 | epoch: 1 | total time: 239.35m
step 04177 (94.79%) | K: 3 | loss: 0.571643 | L1: 0.288754 | L2: 0.282974 | L3: 0.282804 | lrm: 0.10 | dt: 3448.18ms | tok/sec: 152,047 | mfu: 39.60 | epoch: 1 | total time: 239.41m
step 04178 (94.81%) | K: 3 | loss: 0.570253 | L1: 0.288037 | L2: 0.282307 | L3: 0.282126 | lrm: 0.10 | dt: 3445.09ms | tok/sec: 152,184 | mfu: 39.63 | epoch: 1 | total time: 239.47m
step 04179 (94.84%) | K: 3 | loss: 0.566174 | L1: 0.286037 | L2: 0.280233 | L3: 0.280040 | lrm: 0.10 | dt: 3444.79ms | tok/sec: 152,197 | mfu: 39.63 | epoch: 1 | total time: 239.53m
step 04180 (94.86%) | K: 3 | loss: 0.563713 | L1: 0.284835 | L2: 0.278978 | L3: 0.278778 | lrm: 0.10 | dt: 3443.49ms | tok/sec: 152,254 | mfu: 39.65 | epoch: 1 | total time: 239.58m
step 04181 (94.88%) | K: 3 | loss: 0.567313 | L1: 0.286593 | L2: 0.280814 | L3: 0.280625 | lrm: 0.10 | dt: 3446.00ms | tok/sec: 152,143 | mfu: 39.62 | epoch: 1 | total time: 239.64m
step 04182 (94.91%) | K: 3 | loss: 0.564585 | L1: 0.285206 | L2: 0.279471 | L3: 0.279287 | lrm: 0.10 | dt: 3444.69ms | tok/sec: 152,201 | mfu: 39.64 | epoch: 1 | total time: 239.70m
step 04183 (94.93%) | K: 3 | loss: 0.565609 | L1: 0.285733 | L2: 0.279965 | L3: 0.279787 | lrm: 0.10 | dt: 3447.09ms | tok/sec: 152,095 | mfu: 39.61 | epoch: 1 | total time: 239.76m
step 04184 (94.95%) | K: 3 | loss: 0.568143 | L1: 0.286985 | L2: 0.281245 | L3: 0.281071 | lrm: 0.10 | dt: 3452.05ms | tok/sec: 151,877 | mfu: 39.55 | epoch: 1 | total time: 239.81m
step 04185 (94.97%) | K: 3 | loss: 0.570152 | L1: 0.288008 | L2: 0.282227 | L3: 0.282059 | lrm: 0.10 | dt: 3450.01ms | tok/sec: 151,967 | mfu: 39.57 | epoch: 1 | total time: 239.87m
step 04186 (95.00%) | K: 3 | loss: 0.566774 | L1: 0.286299 | L2: 0.280555 | L3: 0.280395 | lrm: 0.10 | dt: 3454.27ms | tok/sec: 151,779 | mfu: 39.53 | epoch: 1 | total time: 239.93m
step 04187 (95.02%) | K: 3 | loss: 0.566794 | L1: 0.286307 | L2: 0.280564 | L3: 0.280412 | lrm: 0.10 | dt: 3457.76ms | tok/sec: 151,626 | mfu: 39.49 | epoch: 1 | total time: 239.99m
step 04188 (95.04%) | K: 3 | loss: 0.563785 | L1: 0.284818 | L2: 0.279042 | L3: 0.278891 | lrm: 0.10 | dt: 3459.80ms | tok/sec: 151,537 | mfu: 39.46 | epoch: 1 | total time: 240.04m
step 04189 (95.07%) | K: 3 | loss: 0.559517 | L1: 0.282676 | L2: 0.276913 | L3: 0.276768 | lrm: 0.10 | dt: 3459.71ms | tok/sec: 151,541 | mfu: 39.46 | epoch: 1 | total time: 240.10m
step 04190 (95.09%) | K: 3 | loss: 0.557929 | L1: 0.281893 | L2: 0.276121 | L3: 0.275950 | lrm: 0.10 | dt: 3465.57ms | tok/sec: 151,284 | mfu: 39.40 | epoch: 1 | total time: 240.16m
step 04191 (95.11%) | K: 3 | loss: 0.560077 | L1: 0.283000 | L2: 0.277159 | L3: 0.276995 | lrm: 0.10 | dt: 3460.76ms | tok/sec: 151,495 | mfu: 39.45 | epoch: 1 | total time: 240.22m
step 04192 (95.13%) | K: 3 | loss: 0.560332 | L1: 0.283112 | L2: 0.277291 | L3: 0.277149 | lrm: 0.10 | dt: 3456.67ms | tok/sec: 151,674 | mfu: 39.50 | epoch: 1 | total time: 240.27m
step 04193 (95.15%) | K: 3 | loss: 0.560874 | L1: 0.283408 | L2: 0.277538 | L3: 0.277395 | lrm: 0.10 | dt: 3453.29ms | tok/sec: 151,822 | mfu: 39.54 | epoch: 1 | total time: 240.33m
step 04194 (95.18%) | K: 3 | loss: 0.557498 | L1: 0.281699 | L2: 0.275865 | L3: 0.275733 | lrm: 0.10 | dt: 3450.18ms | tok/sec: 151,959 | mfu: 39.57 | epoch: 1 | total time: 240.39m
step 04195 (95.20%) | K: 3 | loss: 0.557142 | L1: 0.281513 | L2: 0.275699 | L3: 0.275560 | lrm: 0.10 | dt: 3442.45ms | tok/sec: 152,300 | mfu: 39.66 | epoch: 1 | total time: 240.45m
step 04196 (95.22%) | K: 3 | loss: 0.555099 | L1: 0.280504 | L2: 0.274670 | L3: 0.274520 | lrm: 0.10 | dt: 3440.34ms | tok/sec: 152,394 | mfu: 39.69 | epoch: 1 | total time: 240.50m
step 04197 (95.25%) | K: 3 | loss: 0.554316 | L1: 0.280111 | L2: 0.274286 | L3: 0.274124 | lrm: 0.10 | dt: 3439.86ms | tok/sec: 152,415 | mfu: 39.69 | epoch: 1 | total time: 240.56m
step 04198 (95.27%) | K: 3 | loss: 0.554887 | L1: 0.280367 | L2: 0.274605 | L3: 0.274434 | lrm: 0.09 | dt: 3438.85ms | tok/sec: 152,460 | mfu: 39.70 | epoch: 1 | total time: 240.62m
step 04199 (95.29%) | K: 3 | loss: 0.553169 | L1: 0.279479 | L2: 0.273773 | L3: 0.273607 | lrm: 0.09 | dt: 3436.43ms | tok/sec: 152,567 | mfu: 39.73 | epoch: 1 | total time: 240.68m
step 04200 (95.32%) | K: 3 | loss: 0.553247 | L1: 0.279532 | L2: 0.273792 | L3: 0.273638 | lrm: 0.09 | dt: 3438.74ms | tok/sec: 152,465 | mfu: 39.70 | epoch: 1 | total time: 240.73m
step 04201 (95.34%) | K: 3 | loss: 0.555866 | L1: 0.280834 | L2: 0.275112 | L3: 0.274953 | lrm: 0.09 | dt: 3443.35ms | tok/sec: 152,260 | mfu: 39.65 | epoch: 1 | total time: 240.79m
step 04202 (95.36%) | K: 3 | loss: 0.554733 | L1: 0.280264 | L2: 0.274540 | L3: 0.274399 | lrm: 0.09 | dt: 3449.10ms | tok/sec: 152,007 | mfu: 39.59 | epoch: 1 | total time: 240.85m
step 04203 (95.38%) | K: 3 | loss: 0.556087 | L1: 0.280961 | L2: 0.275210 | L3: 0.275043 | lrm: 0.09 | dt: 3449.29ms | tok/sec: 151,998 | mfu: 39.58 | epoch: 1 | total time: 240.91m
step 04204 (95.41%) | K: 3 | loss: 0.557357 | L1: 0.281559 | L2: 0.275878 | L3: 0.275718 | lrm: 0.09 | dt: 3451.51ms | tok/sec: 151,901 | mfu: 39.56 | epoch: 1 | total time: 240.96m
step 04205 (95.43%) | K: 3 | loss: 0.559021 | L1: 0.282422 | L2: 0.276676 | L3: 0.276521 | lrm: 0.09 | dt: 3453.72ms | tok/sec: 151,803 | mfu: 39.53 | epoch: 1 | total time: 241.02m
step 04206 (95.45%) | K: 3 | loss: 0.559524 | L1: 0.282674 | L2: 0.276928 | L3: 0.276772 | lrm: 0.09 | dt: 3455.44ms | tok/sec: 151,728 | mfu: 39.51 | epoch: 1 | total time: 241.08m
step 04207 (95.47%) | K: 3 | loss: 0.556853 | L1: 0.281332 | L2: 0.275601 | L3: 0.275443 | lrm: 0.09 | dt: 3455.38ms | tok/sec: 151,730 | mfu: 39.51 | epoch: 1 | total time: 241.14m
step 04208 (95.50%) | K: 3 | loss: 0.558566 | L1: 0.282204 | L2: 0.276434 | L3: 0.276291 | lrm: 0.09 | dt: 3456.00ms | tok/sec: 151,703 | mfu: 39.51 | epoch: 1 | total time: 241.19m
step 04209 (95.52%) | K: 3 | loss: 0.556915 | L1: 0.281379 | L2: 0.275612 | L3: 0.275461 | lrm: 0.09 | dt: 3458.70ms | tok/sec: 151,585 | mfu: 39.48 | epoch: 1 | total time: 241.25m
step 04210 (95.54%) | K: 3 | loss: 0.554849 | L1: 0.280334 | L2: 0.274582 | L3: 0.274448 | lrm: 0.09 | dt: 3458.28ms | tok/sec: 151,603 | mfu: 39.48 | epoch: 1 | total time: 241.31m
step 04211 (95.56%) | K: 3 | loss: 0.557160 | L1: 0.281471 | L2: 0.275754 | L3: 0.275623 | lrm: 0.09 | dt: 3458.77ms | tok/sec: 151,582 | mfu: 39.47 | epoch: 1 | total time: 241.37m
step 04212 (95.59%) | K: 3 | loss: 0.563545 | L1: 0.284648 | L2: 0.278958 | L3: 0.278836 | lrm: 0.09 | dt: 3458.09ms | tok/sec: 151,612 | mfu: 39.48 | epoch: 1 | total time: 241.42m
step 04213 (95.61%) | K: 3 | loss: 0.559872 | L1: 0.282802 | L2: 0.277132 | L3: 0.277010 | lrm: 0.09 | dt: 3455.82ms | tok/sec: 151,711 | mfu: 39.51 | epoch: 1 | total time: 241.48m
step 04214 (95.63%) | K: 3 | loss: 0.561284 | L1: 0.283484 | L2: 0.277860 | L3: 0.277740 | lrm: 0.09 | dt: 3452.84ms | tok/sec: 151,842 | mfu: 39.54 | epoch: 1 | total time: 241.54m
step 04215 (95.66%) | K: 3 | loss: 0.560741 | L1: 0.283235 | L2: 0.277563 | L3: 0.277450 | lrm: 0.09 | dt: 3451.55ms | tok/sec: 151,899 | mfu: 39.56 | epoch: 1 | total time: 241.60m
step 04216 (95.68%) | K: 3 | loss: 0.561905 | L1: 0.283824 | L2: 0.278136 | L3: 0.278027 | lrm: 0.09 | dt: 3448.09ms | tok/sec: 152,051 | mfu: 39.60 | epoch: 1 | total time: 241.65m
step 04217 (95.70%) | K: 3 | loss: 0.559161 | L1: 0.282465 | L2: 0.276747 | L3: 0.276644 | lrm: 0.09 | dt: 3441.47ms | tok/sec: 152,343 | mfu: 39.67 | epoch: 1 | total time: 241.71m
step 04218 (95.72%) | K: 3 | loss: 0.556314 | L1: 0.281052 | L2: 0.275315 | L3: 0.275210 | lrm: 0.09 | dt: 3445.22ms | tok/sec: 152,178 | mfu: 39.63 | epoch: 1 | total time: 241.77m
step 04219 (95.75%) | K: 3 | loss: 0.556768 | L1: 0.281291 | L2: 0.275536 | L3: 0.275417 | lrm: 0.09 | dt: 3441.98ms | tok/sec: 152,321 | mfu: 39.67 | epoch: 1 | total time: 241.83m
step 04220 (95.77%) | K: 3 | loss: 0.552065 | L1: 0.278944 | L2: 0.273188 | L3: 0.273055 | lrm: 0.08 | dt: 3448.79ms | tok/sec: 152,020 | mfu: 39.59 | epoch: 1 | total time: 241.88m
step 04221 (95.79%) | K: 3 | loss: 0.549952 | L1: 0.277856 | L2: 0.272161 | L3: 0.272031 | lrm: 0.08 | dt: 3446.22ms | tok/sec: 152,134 | mfu: 39.62 | epoch: 1 | total time: 241.94m
step 04222 (95.82%) | K: 3 | loss: 0.550766 | L1: 0.278253 | L2: 0.272573 | L3: 0.272455 | lrm: 0.08 | dt: 3450.20ms | tok/sec: 151,958 | mfu: 39.57 | epoch: 1 | total time: 242.00m
step 04223 (95.84%) | K: 3 | loss: 0.548194 | L1: 0.276976 | L2: 0.271282 | L3: 0.271153 | lrm: 0.08 | dt: 3451.26ms | tok/sec: 151,912 | mfu: 39.56 | epoch: 1 | total time: 242.06m
step 04224 (95.86%) | K: 3 | loss: 0.552571 | L1: 0.279193 | L2: 0.273445 | L3: 0.273310 | lrm: 0.08 | dt: 3457.85ms | tok/sec: 151,622 | mfu: 39.49 | epoch: 1 | total time: 242.11m
step 04225 (95.89%) | K: 3 | loss: 0.551328 | L1: 0.278553 | L2: 0.272847 | L3: 0.272703 | lrm: 0.08 | dt: 3457.29ms | tok/sec: 151,647 | mfu: 39.49 | epoch: 1 | total time: 242.17m
step 04226 (95.91%) | K: 3 | loss: 0.551093 | L1: 0.278417 | L2: 0.272744 | L3: 0.272608 | lrm: 0.08 | dt: 3456.60ms | tok/sec: 151,677 | mfu: 39.50 | epoch: 1 | total time: 242.23m
step 04227 (95.93%) | K: 3 | loss: 0.546860 | L1: 0.276301 | L2: 0.270632 | L3: 0.270486 | lrm: 0.08 | dt: 3462.73ms | tok/sec: 151,408 | mfu: 39.43 | epoch: 1 | total time: 242.29m
step 04228 (95.95%) | K: 3 | loss: 0.546676 | L1: 0.276209 | L2: 0.270545 | L3: 0.270390 | lrm: 0.08 | dt: 3462.46ms | tok/sec: 151,420 | mfu: 39.43 | epoch: 1 | total time: 242.34m
step 04229 (95.98%) | K: 3 | loss: 0.549868 | L1: 0.277804 | L2: 0.272145 | L3: 0.271982 | lrm: 0.08 | dt: 3459.72ms | tok/sec: 151,540 | mfu: 39.46 | epoch: 1 | total time: 242.40m
step 04230 (96.00%) | K: 3 | loss: 0.553186 | L1: 0.279476 | L2: 0.273797 | L3: 0.273623 | lrm: 0.08 | dt: 3456.42ms | tok/sec: 151,685 | mfu: 39.50 | epoch: 1 | total time: 242.46m
step 04231 (96.02%) | K: 3 | loss: 0.548491 | L1: 0.277120 | L2: 0.271464 | L3: 0.271277 | lrm: 0.08 | dt: 3458.04ms | tok/sec: 151,614 | mfu: 39.48 | epoch: 1 | total time: 242.52m
step 04232 (96.05%) | K: 3 | loss: 0.552927 | L1: 0.279378 | L2: 0.273640 | L3: 0.273458 | lrm: 0.08 | dt: 3452.88ms | tok/sec: 151,840 | mfu: 39.54 | epoch: 1 | total time: 242.57m
step 04233 (96.07%) | K: 3 | loss: 0.554523 | L1: 0.280156 | L2: 0.274456 | L3: 0.274278 | lrm: 0.08 | dt: 3455.32ms | tok/sec: 151,733 | mfu: 39.51 | epoch: 1 | total time: 242.63m
step 04234 (96.09%) | K: 3 | loss: 0.556817 | L1: 0.281342 | L2: 0.275579 | L3: 0.275371 | lrm: 0.08 | dt: 3448.67ms | tok/sec: 152,026 | mfu: 39.59 | epoch: 1 | total time: 242.69m
step 04235 (96.11%) | K: 3 | loss: 0.560193 | L1: 0.283014 | L2: 0.277286 | L3: 0.277072 | lrm: 0.08 | dt: 3449.55ms | tok/sec: 151,987 | mfu: 39.58 | epoch: 1 | total time: 242.75m
step 04236 (96.13%) | K: 3 | loss: 0.561285 | L1: 0.283572 | L2: 0.277812 | L3: 0.277614 | lrm: 0.08 | dt: 3442.63ms | tok/sec: 152,292 | mfu: 39.66 | epoch: 1 | total time: 242.80m
step 04237 (96.16%) | K: 3 | loss: 0.562270 | L1: 0.284074 | L2: 0.278297 | L3: 0.278096 | lrm: 0.08 | dt: 3448.34ms | tok/sec: 152,040 | mfu: 39.59 | epoch: 1 | total time: 242.86m
step 04238 (96.18%) | K: 3 | loss: 0.563143 | L1: 0.284522 | L2: 0.278721 | L3: 0.278521 | lrm: 0.08 | dt: 3440.44ms | tok/sec: 152,389 | mfu: 39.69 | epoch: 1 | total time: 242.92m
step 04239 (96.20%) | K: 3 | loss: 0.562074 | L1: 0.283989 | L2: 0.278189 | L3: 0.277981 | lrm: 0.08 | dt: 3443.48ms | tok/sec: 152,255 | mfu: 39.65 | epoch: 1 | total time: 242.98m
step 04240 (96.22%) | K: 3 | loss: 0.560322 | L1: 0.283108 | L2: 0.277322 | L3: 0.277107 | lrm: 0.08 | dt: 3436.44ms | tok/sec: 152,566 | mfu: 39.73 | epoch: 1 | total time: 243.03m
step 04241 (96.25%) | K: 3 | loss: 0.559777 | L1: 0.282836 | L2: 0.277044 | L3: 0.276838 | lrm: 0.08 | dt: 3434.20ms | tok/sec: 152,666 | mfu: 39.76 | epoch: 1 | total time: 243.09m
step 04242 (96.27%) | K: 3 | loss: 0.560453 | L1: 0.283174 | L2: 0.277382 | L3: 0.277175 | lrm: 0.07 | dt: 3438.43ms | tok/sec: 152,478 | mfu: 39.71 | epoch: 1 | total time: 243.15m
step 04243 (96.29%) | K: 3 | loss: 0.561301 | L1: 0.283636 | L2: 0.277771 | L3: 0.277560 | lrm: 0.07 | dt: 3439.55ms | tok/sec: 152,429 | mfu: 39.70 | epoch: 1 | total time: 243.21m
step 04244 (96.32%) | K: 3 | loss: 0.564014 | L1: 0.285006 | L2: 0.279113 | L3: 0.278903 | lrm: 0.07 | dt: 3444.26ms | tok/sec: 152,220 | mfu: 39.64 | epoch: 1 | total time: 243.26m
step 04245 (96.34%) | K: 3 | loss: 0.563205 | L1: 0.284571 | L2: 0.278736 | L3: 0.278530 | lrm: 0.07 | dt: 3443.06ms | tok/sec: 152,273 | mfu: 39.65 | epoch: 1 | total time: 243.32m
step 04246 (96.36%) | K: 3 | loss: 0.566394 | L1: 0.286176 | L2: 0.280322 | L3: 0.280114 | lrm: 0.07 | dt: 3445.61ms | tok/sec: 152,161 | mfu: 39.63 | epoch: 1 | total time: 243.38m
step 04247 (96.38%) | K: 3 | loss: 0.567913 | L1: 0.286983 | L2: 0.281037 | L3: 0.280823 | lrm: 0.07 | dt: 3447.41ms | tok/sec: 152,081 | mfu: 39.60 | epoch: 1 | total time: 243.44m
step 04248 (96.41%) | K: 3 | loss: 0.564806 | L1: 0.285398 | L2: 0.279514 | L3: 0.279301 | lrm: 0.07 | dt: 3455.28ms | tok/sec: 151,735 | mfu: 39.51 | epoch: 1 | total time: 243.49m
step 04249 (96.43%) | K: 3 | loss: 0.561325 | L1: 0.283659 | L2: 0.277774 | L3: 0.277559 | lrm: 0.07 | dt: 3456.10ms | tok/sec: 151,699 | mfu: 39.51 | epoch: 1 | total time: 243.55m
step 04250 (96.45%) | K: 3 | loss: 0.562659 | L1: 0.284297 | L2: 0.278472 | L3: 0.278251 | lrm: 0.07 | dt: 3456.09ms | tok/sec: 151,699 | mfu: 39.51 | epoch: 1 | total time: 243.61m
Step 04250 | Validation L1 bpb: 0.1533 | L2 bpb: 0.1502 | L3 bpb: 0.1501
step 04251 (96.47%) | K: 3 | loss: 0.566410 | L1: 0.286187 | L2: 0.280334 | L3: 0.280112 | lrm: 0.07 | dt: 3454.64ms | tok/sec: 151,763 | mfu: 39.52 | epoch: 1 | total time: 243.67m
step 04252 (96.50%) | K: 3 | loss: 0.564262 | L1: 0.285099 | L2: 0.279258 | L3: 0.279067 | lrm: 0.07 | dt: 3451.16ms | tok/sec: 151,916 | mfu: 39.56 | epoch: 1 | total time: 243.72m
step 04253 (96.52%) | K: 3 | loss: 0.562202 | L1: 0.284033 | L2: 0.278261 | L3: 0.278077 | lrm: 0.07 | dt: 3447.46ms | tok/sec: 152,079 | mfu: 39.60 | epoch: 1 | total time: 243.78m
step 04254 (96.54%) | K: 3 | loss: 0.560116 | L1: 0.282965 | L2: 0.277238 | L3: 0.277065 | lrm: 0.07 | dt: 3448.24ms | tok/sec: 152,045 | mfu: 39.60 | epoch: 1 | total time: 243.84m
step 04255 (96.56%) | K: 3 | loss: 0.560103 | L1: 0.282979 | L2: 0.277212 | L3: 0.277035 | lrm: 0.07 | dt: 3448.03ms | tok/sec: 152,054 | mfu: 39.60 | epoch: 1 | total time: 243.90m
step 04256 (96.59%) | K: 3 | loss: 0.560984 | L1: 0.283453 | L2: 0.277624 | L3: 0.277437 | lrm: 0.07 | dt: 3447.37ms | tok/sec: 152,083 | mfu: 39.61 | epoch: 1 | total time: 243.95m
step 04257 (96.61%) | K: 3 | loss: 0.562365 | L1: 0.284154 | L2: 0.278295 | L3: 0.278127 | lrm: 0.07 | dt: 3445.42ms | tok/sec: 152,169 | mfu: 39.63 | epoch: 1 | total time: 244.01m
step 04258 (96.63%) | K: 3 | loss: 0.561767 | L1: 0.283879 | L2: 0.277980 | L3: 0.277795 | lrm: 0.07 | dt: 3443.97ms | tok/sec: 152,233 | mfu: 39.64 | epoch: 1 | total time: 244.07m
step 04259 (96.66%) | K: 3 | loss: 0.562664 | L1: 0.284399 | L2: 0.278366 | L3: 0.278164 | lrm: 0.07 | dt: 3442.12ms | tok/sec: 152,315 | mfu: 39.67 | epoch: 1 | total time: 244.13m
step 04260 (96.68%) | K: 3 | loss: 0.562817 | L1: 0.284475 | L2: 0.278446 | L3: 0.278238 | lrm: 0.07 | dt: 3440.96ms | tok/sec: 152,366 | mfu: 39.68 | epoch: 1 | total time: 244.18m
step 04261 (96.70%) | K: 3 | loss: 0.566874 | L1: 0.286535 | L2: 0.280444 | L3: 0.280233 | lrm: 0.07 | dt: 3444.11ms | tok/sec: 152,227 | mfu: 39.64 | epoch: 1 | total time: 244.24m
step 04262 (96.72%) | K: 3 | loss: 0.567082 | L1: 0.286592 | L2: 0.280596 | L3: 0.280385 | lrm: 0.07 | dt: 3445.95ms | tok/sec: 152,146 | mfu: 39.62 | epoch: 1 | total time: 244.30m
step 04263 (96.74%) | K: 3 | loss: 0.570818 | L1: 0.288511 | L2: 0.282417 | L3: 0.282198 | lrm: 0.07 | dt: 3446.64ms | tok/sec: 152,115 | mfu: 39.61 | epoch: 1 | total time: 244.36m
step 04264 (96.77%) | K: 3 | loss: 0.570663 | L1: 0.288424 | L2: 0.282342 | L3: 0.282137 | lrm: 0.06 | dt: 3451.76ms | tok/sec: 151,889 | mfu: 39.55 | epoch: 1 | total time: 244.41m
step 04265 (96.79%) | K: 3 | loss: 0.571880 | L1: 0.289020 | L2: 0.282964 | L3: 0.282757 | lrm: 0.06 | dt: 3446.38ms | tok/sec: 152,127 | mfu: 39.62 | epoch: 1 | total time: 244.47m
step 04266 (96.81%) | K: 3 | loss: 0.571849 | L1: 0.288996 | L2: 0.282950 | L3: 0.282755 | lrm: 0.06 | dt: 3450.40ms | tok/sec: 151,949 | mfu: 39.57 | epoch: 1 | total time: 244.53m
step 04267 (96.83%) | K: 3 | loss: 0.569608 | L1: 0.287880 | L2: 0.281825 | L3: 0.281632 | lrm: 0.06 | dt: 3453.84ms | tok/sec: 151,798 | mfu: 39.53 | epoch: 1 | total time: 244.59m
step 04268 (96.86%) | K: 3 | loss: 0.569815 | L1: 0.288030 | L2: 0.281882 | L3: 0.281687 | lrm: 0.06 | dt: 3456.03ms | tok/sec: 151,702 | mfu: 39.51 | epoch: 1 | total time: 244.64m
step 04269 (96.88%) | K: 3 | loss: 0.569980 | L1: 0.288098 | L2: 0.281984 | L3: 0.281781 | lrm: 0.06 | dt: 3453.00ms | tok/sec: 151,835 | mfu: 39.54 | epoch: 1 | total time: 244.70m
step 04270 (96.90%) | K: 3 | loss: 0.570661 | L1: 0.288436 | L2: 0.282321 | L3: 0.282130 | lrm: 0.06 | dt: 3454.69ms | tok/sec: 151,761 | mfu: 39.52 | epoch: 1 | total time: 244.76m
step 04271 (96.92%) | K: 3 | loss: 0.568998 | L1: 0.287597 | L2: 0.281505 | L3: 0.281298 | lrm: 0.06 | dt: 3453.97ms | tok/sec: 151,793 | mfu: 39.53 | epoch: 1 | total time: 244.82m
step 04272 (96.95%) | K: 3 | loss: 0.571840 | L1: 0.288980 | L2: 0.282968 | L3: 0.282752 | lrm: 0.06 | dt: 3452.14ms | tok/sec: 151,873 | mfu: 39.55 | epoch: 1 | total time: 244.87m
step 04273 (96.97%) | K: 3 | loss: 0.572501 | L1: 0.289280 | L2: 0.283329 | L3: 0.283112 | lrm: 0.06 | dt: 3453.00ms | tok/sec: 151,835 | mfu: 39.54 | epoch: 1 | total time: 244.93m
step 04274 (96.99%) | K: 3 | loss: 0.571434 | L1: 0.288747 | L2: 0.282797 | L3: 0.282579 | lrm: 0.06 | dt: 3450.32ms | tok/sec: 151,953 | mfu: 39.57 | epoch: 1 | total time: 244.99m
step 04275 (97.01%) | K: 3 | loss: 0.575938 | L1: 0.291037 | L2: 0.285009 | L3: 0.284792 | lrm: 0.06 | dt: 3448.86ms | tok/sec: 152,017 | mfu: 39.59 | epoch: 1 | total time: 245.05m
step 04276 (97.04%) | K: 3 | loss: 0.576575 | L1: 0.291354 | L2: 0.285329 | L3: 0.285114 | lrm: 0.06 | dt: 3449.28ms | tok/sec: 151,999 | mfu: 39.58 | epoch: 1 | total time: 245.10m
step 04277 (97.06%) | K: 3 | loss: 0.576134 | L1: 0.291148 | L2: 0.285087 | L3: 0.284883 | lrm: 0.06 | dt: 3449.20ms | tok/sec: 152,002 | mfu: 39.58 | epoch: 1 | total time: 245.16m
step 04278 (97.08%) | K: 3 | loss: 0.571288 | L1: 0.288670 | L2: 0.282720 | L3: 0.282516 | lrm: 0.06 | dt: 3446.76ms | tok/sec: 152,110 | mfu: 39.61 | epoch: 1 | total time: 245.22m
step 04279 (97.10%) | K: 3 | loss: 0.572936 | L1: 0.289485 | L2: 0.283567 | L3: 0.283335 | lrm: 0.06 | dt: 3444.93ms | tok/sec: 152,191 | mfu: 39.63 | epoch: 1 | total time: 245.28m
step 04280 (97.13%) | K: 3 | loss: 0.570958 | L1: 0.288435 | L2: 0.282634 | L3: 0.282413 | lrm: 0.06 | dt: 3443.92ms | tok/sec: 152,236 | mfu: 39.64 | epoch: 1 | total time: 245.33m
step 04281 (97.15%) | K: 3 | loss: 0.568005 | L1: 0.286990 | L2: 0.281131 | L3: 0.280900 | lrm: 0.06 | dt: 3443.73ms | tok/sec: 152,244 | mfu: 39.65 | epoch: 1 | total time: 245.39m
step 04282 (97.17%) | K: 3 | loss: 0.571050 | L1: 0.288509 | L2: 0.282654 | L3: 0.282427 | lrm: 0.06 | dt: 3444.75ms | tok/sec: 152,199 | mfu: 39.64 | epoch: 1 | total time: 245.45m
step 04283 (97.19%) | K: 3 | loss: 0.568285 | L1: 0.287096 | L2: 0.281298 | L3: 0.281081 | lrm: 0.06 | dt: 3443.07ms | tok/sec: 152,273 | mfu: 39.65 | epoch: 1 | total time: 245.51m
step 04284 (97.22%) | K: 3 | loss: 0.567856 | L1: 0.286883 | L2: 0.281086 | L3: 0.280862 | lrm: 0.06 | dt: 3442.60ms | tok/sec: 152,294 | mfu: 39.66 | epoch: 1 | total time: 245.56m
step 04285 (97.24%) | K: 3 | loss: 0.569520 | L1: 0.287709 | L2: 0.281919 | L3: 0.281703 | lrm: 0.06 | dt: 3443.52ms | tok/sec: 152,253 | mfu: 39.65 | epoch: 1 | total time: 245.62m
step 04286 (97.26%) | K: 3 | loss: 0.571691 | L1: 0.288811 | L2: 0.282986 | L3: 0.282774 | lrm: 0.05 | dt: 3437.66ms | tok/sec: 152,513 | mfu: 39.72 | epoch: 1 | total time: 245.68m
step 04287 (97.28%) | K: 3 | loss: 0.571291 | L1: 0.288628 | L2: 0.282773 | L3: 0.282554 | lrm: 0.05 | dt: 3448.41ms | tok/sec: 152,037 | mfu: 39.59 | epoch: 1 | total time: 245.73m
step 04288 (97.31%) | K: 3 | loss: 0.571163 | L1: 0.288545 | L2: 0.282725 | L3: 0.282512 | lrm: 0.05 | dt: 3445.85ms | tok/sec: 152,150 | mfu: 39.62 | epoch: 1 | total time: 245.79m
step 04289 (97.33%) | K: 3 | loss: 0.571297 | L1: 0.288617 | L2: 0.282779 | L3: 0.282582 | lrm: 0.05 | dt: 3449.07ms | tok/sec: 152,008 | mfu: 39.59 | epoch: 1 | total time: 245.85m
step 04290 (97.35%) | K: 3 | loss: 0.568202 | L1: 0.287080 | L2: 0.281224 | L3: 0.281020 | lrm: 0.05 | dt: 3451.39ms | tok/sec: 151,906 | mfu: 39.56 | epoch: 1 | total time: 245.91m
step 04291 (97.37%) | K: 3 | loss: 0.565011 | L1: 0.285488 | L2: 0.279617 | L3: 0.279427 | lrm: 0.05 | dt: 3455.26ms | tok/sec: 151,736 | mfu: 39.51 | epoch: 1 | total time: 245.96m
step 04292 (97.40%) | K: 3 | loss: 0.564478 | L1: 0.285198 | L2: 0.279378 | L3: 0.279182 | lrm: 0.05 | dt: 3459.94ms | tok/sec: 151,531 | mfu: 39.46 | epoch: 1 | total time: 246.02m
step 04293 (97.42%) | K: 3 | loss: 0.563753 | L1: 0.284834 | L2: 0.279011 | L3: 0.278825 | lrm: 0.05 | dt: 3461.14ms | tok/sec: 151,478 | mfu: 39.45 | epoch: 1 | total time: 246.08m
step 04294 (97.44%) | K: 3 | loss: 0.564916 | L1: 0.285412 | L2: 0.279594 | L3: 0.279414 | lrm: 0.05 | dt: 3459.30ms | tok/sec: 151,558 | mfu: 39.47 | epoch: 1 | total time: 246.14m
step 04295 (97.46%) | K: 3 | loss: 0.561822 | L1: 0.283843 | L2: 0.278068 | L3: 0.277890 | lrm: 0.05 | dt: 3461.11ms | tok/sec: 151,479 | mfu: 39.45 | epoch: 1 | total time: 246.20m
step 04296 (97.49%) | K: 3 | loss: 0.560473 | L1: 0.283183 | L2: 0.277379 | L3: 0.277202 | lrm: 0.05 | dt: 3461.81ms | tok/sec: 151,449 | mfu: 39.44 | epoch: 1 | total time: 246.25m
step 04297 (97.51%) | K: 3 | loss: 0.561589 | L1: 0.283816 | L2: 0.277875 | L3: 0.277673 | lrm: 0.05 | dt: 3460.14ms | tok/sec: 151,521 | mfu: 39.46 | epoch: 1 | total time: 246.31m
step 04298 (97.53%) | K: 3 | loss: 0.561679 | L1: 0.283875 | L2: 0.277904 | L3: 0.277704 | lrm: 0.05 | dt: 3457.34ms | tok/sec: 151,644 | mfu: 39.49 | epoch: 1 | total time: 246.37m
step 04299 (97.55%) | K: 3 | loss: 0.564008 | L1: 0.285047 | L2: 0.279064 | L3: 0.278857 | lrm: 0.05 | dt: 3453.36ms | tok/sec: 151,819 | mfu: 39.54 | epoch: 1 | total time: 246.43m
step 04300 (97.58%) | K: 3 | loss: 0.560748 | L1: 0.283385 | L2: 0.277460 | L3: 0.277266 | lrm: 0.05 | dt: 3449.93ms | tok/sec: 151,970 | mfu: 39.58 | epoch: 1 | total time: 246.48m
step 04301 (97.60%) | K: 3 | loss: 0.559321 | L1: 0.282668 | L2: 0.276748 | L3: 0.276558 | lrm: 0.05 | dt: 3446.92ms | tok/sec: 152,103 | mfu: 39.61 | epoch: 1 | total time: 246.54m
step 04302 (97.62%) | K: 3 | loss: 0.557743 | L1: 0.281895 | L2: 0.275938 | L3: 0.275759 | lrm: 0.05 | dt: 3448.03ms | tok/sec: 152,054 | mfu: 39.60 | epoch: 1 | total time: 246.60m
step 04303 (97.64%) | K: 3 | loss: 0.554870 | L1: 0.280422 | L2: 0.274534 | L3: 0.274362 | lrm: 0.05 | dt: 3443.38ms | tok/sec: 152,259 | mfu: 39.65 | epoch: 1 | total time: 246.66m
step 04304 (97.67%) | K: 3 | loss: 0.551783 | L1: 0.278884 | L2: 0.272986 | L3: 0.272812 | lrm: 0.05 | dt: 3443.06ms | tok/sec: 152,273 | mfu: 39.65 | epoch: 1 | total time: 246.71m
step 04305 (97.69%) | K: 3 | loss: 0.550886 | L1: 0.278405 | L2: 0.272567 | L3: 0.272395 | lrm: 0.05 | dt: 3441.15ms | tok/sec: 152,358 | mfu: 39.68 | epoch: 1 | total time: 246.77m
step 04306 (97.71%) | K: 3 | loss: 0.551561 | L1: 0.278783 | L2: 0.272863 | L3: 0.272694 | lrm: 0.05 | dt: 3440.25ms | tok/sec: 152,398 | mfu: 39.69 | epoch: 1 | total time: 246.83m
step 04307 (97.73%) | K: 3 | loss: 0.555173 | L1: 0.280594 | L2: 0.274670 | L3: 0.274487 | lrm: 0.05 | dt: 3439.69ms | tok/sec: 152,422 | mfu: 39.69 | epoch: 1 | total time: 246.89m
step 04308 (97.76%) | K: 3 | loss: 0.552545 | L1: 0.279272 | L2: 0.273360 | L3: 0.273186 | lrm: 0.04 | dt: 3442.85ms | tok/sec: 152,283 | mfu: 39.66 | epoch: 1 | total time: 246.94m
step 04309 (97.78%) | K: 3 | loss: 0.557098 | L1: 0.281540 | L2: 0.275649 | L3: 0.275468 | lrm: 0.04 | dt: 3443.92ms | tok/sec: 152,235 | mfu: 39.64 | epoch: 1 | total time: 247.00m
step 04310 (97.80%) | K: 3 | loss: 0.557416 | L1: 0.281699 | L2: 0.275807 | L3: 0.275627 | lrm: 0.04 | dt: 3447.38ms | tok/sec: 152,083 | mfu: 39.61 | epoch: 1 | total time: 247.06m
step 04311 (97.82%) | K: 3 | loss: 0.557413 | L1: 0.281744 | L2: 0.275761 | L3: 0.275576 | lrm: 0.04 | dt: 3446.90ms | tok/sec: 152,104 | mfu: 39.61 | epoch: 1 | total time: 247.11m
step 04312 (97.85%) | K: 3 | loss: 0.560097 | L1: 0.283081 | L2: 0.277109 | L3: 0.276923 | lrm: 0.04 | dt: 3448.57ms | tok/sec: 152,030 | mfu: 39.59 | epoch: 1 | total time: 247.17m
step 04313 (97.87%) | K: 3 | loss: 0.560923 | L1: 0.283529 | L2: 0.277486 | L3: 0.277302 | lrm: 0.04 | dt: 3447.68ms | tok/sec: 152,069 | mfu: 39.60 | epoch: 1 | total time: 247.23m
step 04314 (97.89%) | K: 3 | loss: 0.561380 | L1: 0.283731 | L2: 0.277736 | L3: 0.277560 | lrm: 0.04 | dt: 3451.96ms | tok/sec: 151,881 | mfu: 39.55 | epoch: 1 | total time: 247.29m
step 04315 (97.92%) | K: 3 | loss: 0.562129 | L1: 0.284063 | L2: 0.278147 | L3: 0.277983 | lrm: 0.04 | dt: 3452.93ms | tok/sec: 151,838 | mfu: 39.54 | epoch: 1 | total time: 247.34m
step 04316 (97.94%) | K: 3 | loss: 0.559938 | L1: 0.282923 | L2: 0.277096 | L3: 0.276935 | lrm: 0.04 | dt: 3451.65ms | tok/sec: 151,894 | mfu: 39.56 | epoch: 1 | total time: 247.40m
step 04317 (97.96%) | K: 3 | loss: 0.555704 | L1: 0.280742 | L2: 0.275045 | L3: 0.274877 | lrm: 0.04 | dt: 3448.60ms | tok/sec: 152,029 | mfu: 39.59 | epoch: 1 | total time: 247.46m
step 04318 (97.98%) | K: 3 | loss: 0.555120 | L1: 0.280437 | L2: 0.274769 | L3: 0.274596 | lrm: 0.04 | dt: 3449.18ms | tok/sec: 152,003 | mfu: 39.58 | epoch: 1 | total time: 247.52m
step 04319 (98.01%) | K: 3 | loss: 0.556201 | L1: 0.281011 | L2: 0.275270 | L3: 0.275109 | lrm: 0.04 | dt: 3446.24ms | tok/sec: 152,133 | mfu: 39.62 | epoch: 1 | total time: 247.57m
step 04320 (98.03%) | K: 3 | loss: 0.557043 | L1: 0.281419 | L2: 0.275704 | L3: 0.275544 | lrm: 0.04 | dt: 3447.82ms | tok/sec: 152,063 | mfu: 39.60 | epoch: 1 | total time: 247.63m
step 04321 (98.05%) | K: 3 | loss: 0.558981 | L1: 0.282377 | L2: 0.276689 | L3: 0.276518 | lrm: 0.04 | dt: 3444.65ms | tok/sec: 152,203 | mfu: 39.64 | epoch: 1 | total time: 247.69m
step 04322 (98.08%) | K: 3 | loss: 0.561375 | L1: 0.283536 | L2: 0.277923 | L3: 0.277754 | lrm: 0.04 | dt: 3446.60ms | tok/sec: 152,117 | mfu: 39.61 | epoch: 1 | total time: 247.75m
step 04323 (98.10%) | K: 3 | loss: 0.558538 | L1: 0.282138 | L2: 0.276481 | L3: 0.276319 | lrm: 0.04 | dt: 3444.24ms | tok/sec: 152,221 | mfu: 39.64 | epoch: 1 | total time: 247.80m
step 04324 (98.12%) | K: 3 | loss: 0.560212 | L1: 0.282991 | L2: 0.277308 | L3: 0.277133 | lrm: 0.04 | dt: 3449.36ms | tok/sec: 151,995 | mfu: 39.58 | epoch: 1 | total time: 247.86m
step 04325 (98.14%) | K: 3 | loss: 0.565971 | L1: 0.285837 | L2: 0.280221 | L3: 0.280049 | lrm: 0.04 | dt: 3448.24ms | tok/sec: 152,045 | mfu: 39.60 | epoch: 1 | total time: 247.92m
step 04326 (98.17%) | K: 3 | loss: 0.565941 | L1: 0.285819 | L2: 0.280219 | L3: 0.280025 | lrm: 0.04 | dt: 3454.60ms | tok/sec: 151,765 | mfu: 39.52 | epoch: 1 | total time: 247.98m
step 04327 (98.19%) | K: 3 | loss: 0.560255 | L1: 0.282990 | L2: 0.277366 | L3: 0.277165 | lrm: 0.04 | dt: 3453.02ms | tok/sec: 151,834 | mfu: 39.54 | epoch: 1 | total time: 248.03m
step 04328 (98.21%) | K: 3 | loss: 0.560969 | L1: 0.283357 | L2: 0.277713 | L3: 0.277513 | lrm: 0.04 | dt: 3453.56ms | tok/sec: 151,810 | mfu: 39.53 | epoch: 1 | total time: 248.09m
step 04329 (98.23%) | K: 3 | loss: 0.557311 | L1: 0.281502 | L2: 0.275906 | L3: 0.275713 | lrm: 0.04 | dt: 3451.43ms | tok/sec: 151,904 | mfu: 39.56 | epoch: 1 | total time: 248.15m
step 04330 (98.26%) | K: 3 | loss: 0.557257 | L1: 0.281454 | L2: 0.275897 | L3: 0.275709 | lrm: 0.03 | dt: 3451.32ms | tok/sec: 151,909 | mfu: 39.56 | epoch: 1 | total time: 248.21m
step 04331 (98.28%) | K: 3 | loss: 0.553557 | L1: 0.279584 | L2: 0.274061 | L3: 0.273886 | lrm: 0.03 | dt: 3450.85ms | tok/sec: 151,930 | mfu: 39.57 | epoch: 1 | total time: 248.26m
step 04332 (98.30%) | K: 3 | loss: 0.558994 | L1: 0.282373 | L2: 0.276715 | L3: 0.276526 | lrm: 0.03 | dt: 3448.45ms | tok/sec: 152,035 | mfu: 39.59 | epoch: 1 | total time: 248.32m
step 04333 (98.32%) | K: 3 | loss: 0.557102 | L1: 0.281405 | L2: 0.275782 | L3: 0.275611 | lrm: 0.03 | dt: 3445.06ms | tok/sec: 152,185 | mfu: 39.63 | epoch: 1 | total time: 248.38m
step 04334 (98.35%) | K: 3 | loss: 0.556759 | L1: 0.281269 | L2: 0.275579 | L3: 0.275400 | lrm: 0.03 | dt: 3443.75ms | tok/sec: 152,243 | mfu: 39.65 | epoch: 1 | total time: 248.44m
step 04335 (98.37%) | K: 3 | loss: 0.560141 | L1: 0.282976 | L2: 0.277251 | L3: 0.277079 | lrm: 0.03 | dt: 3443.28ms | tok/sec: 152,264 | mfu: 39.65 | epoch: 1 | total time: 248.49m
step 04336 (98.39%) | K: 3 | loss: 0.554903 | L1: 0.280379 | L2: 0.274613 | L3: 0.274434 | lrm: 0.03 | dt: 3444.93ms | tok/sec: 152,191 | mfu: 39.63 | epoch: 1 | total time: 248.55m
step 04337 (98.41%) | K: 3 | loss: 0.556063 | L1: 0.280962 | L2: 0.275190 | L3: 0.275012 | lrm: 0.03 | dt: 3446.55ms | tok/sec: 152,119 | mfu: 39.61 | epoch: 1 | total time: 248.61m
step 04338 (98.43%) | K: 3 | loss: 0.553634 | L1: 0.279781 | L2: 0.273946 | L3: 0.273759 | lrm: 0.03 | dt: 3447.56ms | tok/sec: 152,074 | mfu: 39.60 | epoch: 1 | total time: 248.67m
step 04339 (98.46%) | K: 3 | loss: 0.555976 | L1: 0.280944 | L2: 0.275120 | L3: 0.274945 | lrm: 0.03 | dt: 3446.97ms | tok/sec: 152,101 | mfu: 39.61 | epoch: 1 | total time: 248.72m
step 04340 (98.48%) | K: 3 | loss: 0.555931 | L1: 0.280908 | L2: 0.275115 | L3: 0.274932 | lrm: 0.03 | dt: 3444.80ms | tok/sec: 152,197 | mfu: 39.63 | epoch: 1 | total time: 248.78m
step 04341 (98.50%) | K: 3 | loss: 0.557178 | L1: 0.281515 | L2: 0.275750 | L3: 0.275577 | lrm: 0.03 | dt: 3451.15ms | tok/sec: 151,916 | mfu: 39.56 | epoch: 1 | total time: 248.84m
step 04342 (98.52%) | K: 3 | loss: 0.558455 | L1: 0.282159 | L2: 0.276392 | L3: 0.276200 | lrm: 0.03 | dt: 3450.94ms | tok/sec: 151,926 | mfu: 39.56 | epoch: 1 | total time: 248.90m
step 04343 (98.55%) | K: 3 | loss: 0.560909 | L1: 0.283434 | L2: 0.277573 | L3: 0.277377 | lrm: 0.03 | dt: 3452.12ms | tok/sec: 151,874 | mfu: 39.55 | epoch: 1 | total time: 248.95m
step 04344 (98.57%) | K: 3 | loss: 0.567469 | L1: 0.286719 | L2: 0.280848 | L3: 0.280652 | lrm: 0.03 | dt: 3452.50ms | tok/sec: 151,857 | mfu: 39.55 | epoch: 1 | total time: 249.01m
step 04345 (98.59%) | K: 3 | loss: 0.568616 | L1: 0.287306 | L2: 0.281408 | L3: 0.281211 | lrm: 0.03 | dt: 3453.93ms | tok/sec: 151,794 | mfu: 39.53 | epoch: 1 | total time: 249.07m
step 04346 (98.61%) | K: 3 | loss: 0.568741 | L1: 0.287411 | L2: 0.281426 | L3: 0.281234 | lrm: 0.03 | dt: 3455.25ms | tok/sec: 151,736 | mfu: 39.51 | epoch: 1 | total time: 249.13m
step 04347 (98.64%) | K: 3 | loss: 0.567884 | L1: 0.286992 | L2: 0.280992 | L3: 0.280793 | lrm: 0.03 | dt: 3452.07ms | tok/sec: 151,876 | mfu: 39.55 | epoch: 1 | total time: 249.18m
step 04348 (98.66%) | K: 3 | loss: 0.567734 | L1: 0.286899 | L2: 0.280928 | L3: 0.280742 | lrm: 0.03 | dt: 3452.47ms | tok/sec: 151,858 | mfu: 39.55 | epoch: 1 | total time: 249.24m
step 04349 (98.68%) | K: 3 | loss: 0.568540 | L1: 0.287302 | L2: 0.281332 | L3: 0.281146 | lrm: 0.03 | dt: 3454.15ms | tok/sec: 151,784 | mfu: 39.53 | epoch: 1 | total time: 249.30m
step 04350 (98.71%) | K: 3 | loss: 0.567974 | L1: 0.286995 | L2: 0.281078 | L3: 0.280879 | lrm: 0.03 | dt: 3454.37ms | tok/sec: 151,775 | mfu: 39.52 | epoch: 1 | total time: 249.36m
step 04351 (98.73%) | K: 3 | loss: 0.568577 | L1: 0.287282 | L2: 0.281395 | L3: 0.281196 | lrm: 0.03 | dt: 3447.33ms | tok/sec: 152,085 | mfu: 39.61 | epoch: 1 | total time: 249.41m
step 04352 (98.75%) | K: 3 | loss: 0.568434 | L1: 0.287218 | L2: 0.281310 | L3: 0.281121 | lrm: 0.03 | dt: 3442.81ms | tok/sec: 152,285 | mfu: 39.66 | epoch: 1 | total time: 249.47m
step 04353 (98.77%) | K: 3 | loss: 0.564891 | L1: 0.285430 | L2: 0.279553 | L3: 0.279369 | lrm: 0.02 | dt: 3446.96ms | tok/sec: 152,101 | mfu: 39.61 | epoch: 1 | total time: 249.53m
step 04354 (98.79%) | K: 3 | loss: 0.561381 | L1: 0.283653 | L2: 0.277818 | L3: 0.277639 | lrm: 0.02 | dt: 3442.00ms | tok/sec: 152,320 | mfu: 39.67 | epoch: 1 | total time: 249.59m
step 04355 (98.82%) | K: 3 | loss: 0.560301 | L1: 0.283099 | L2: 0.277288 | L3: 0.277115 | lrm: 0.02 | dt: 3440.24ms | tok/sec: 152,398 | mfu: 39.69 | epoch: 1 | total time: 249.64m
step 04356 (98.84%) | K: 3 | loss: 0.562240 | L1: 0.284089 | L2: 0.278242 | L3: 0.278060 | lrm: 0.02 | dt: 3443.27ms | tok/sec: 152,264 | mfu: 39.65 | epoch: 1 | total time: 249.70m
step 04357 (98.86%) | K: 3 | loss: 0.559290 | L1: 0.282576 | L2: 0.276804 | L3: 0.276625 | lrm: 0.02 | dt: 3442.49ms | tok/sec: 152,299 | mfu: 39.66 | epoch: 1 | total time: 249.76m
step 04358 (98.89%) | K: 3 | loss: 0.556727 | L1: 0.281256 | L2: 0.275556 | L3: 0.275387 | lrm: 0.02 | dt: 3446.64ms | tok/sec: 152,115 | mfu: 39.61 | epoch: 1 | total time: 249.82m
step 04359 (98.91%) | K: 3 | loss: 0.559926 | L1: 0.282911 | L2: 0.277101 | L3: 0.276930 | lrm: 0.02 | dt: 3449.96ms | tok/sec: 151,969 | mfu: 39.58 | epoch: 1 | total time: 249.87m
step 04360 (98.93%) | K: 3 | loss: 0.562867 | L1: 0.284374 | L2: 0.278578 | L3: 0.278406 | lrm: 0.02 | dt: 3452.69ms | tok/sec: 151,849 | mfu: 39.54 | epoch: 1 | total time: 249.93m
step 04361 (98.96%) | K: 3 | loss: 0.564541 | L1: 0.285240 | L2: 0.279387 | L3: 0.279215 | lrm: 0.02 | dt: 3452.17ms | tok/sec: 151,871 | mfu: 39.55 | epoch: 1 | total time: 249.99m
step 04362 (98.98%) | K: 3 | loss: 0.562203 | L1: 0.284047 | L2: 0.278247 | L3: 0.278066 | lrm: 0.02 | dt: 3454.35ms | tok/sec: 151,776 | mfu: 39.53 | epoch: 1 | total time: 250.05m
step 04363 (99.00%) | K: 3 | loss: 0.563040 | L1: 0.284499 | L2: 0.278625 | L3: 0.278457 | lrm: 0.02 | dt: 3453.01ms | tok/sec: 151,835 | mfu: 39.54 | epoch: 1 | total time: 250.10m
step 04364 (99.02%) | K: 3 | loss: 0.561546 | L1: 0.283754 | L2: 0.277871 | L3: 0.277712 | lrm: 0.02 | dt: 3455.05ms | tok/sec: 151,745 | mfu: 39.52 | epoch: 1 | total time: 250.16m
step 04365 (99.05%) | K: 3 | loss: 0.561387 | L1: 0.283610 | L2: 0.277851 | L3: 0.277705 | lrm: 0.02 | dt: 3455.82ms | tok/sec: 151,711 | mfu: 39.51 | epoch: 1 | total time: 250.22m
step 04366 (99.07%) | K: 3 | loss: 0.558672 | L1: 0.282231 | L2: 0.276520 | L3: 0.276361 | lrm: 0.02 | dt: 3453.52ms | tok/sec: 151,812 | mfu: 39.53 | epoch: 1 | total time: 250.28m
step 04367 (99.09%) | K: 3 | loss: 0.560243 | L1: 0.283021 | L2: 0.277308 | L3: 0.277136 | lrm: 0.02 | dt: 3451.96ms | tok/sec: 151,881 | mfu: 39.55 | epoch: 1 | total time: 250.33m
step 04368 (99.12%) | K: 3 | loss: 0.560058 | L1: 0.282889 | L2: 0.277254 | L3: 0.277084 | lrm: 0.02 | dt: 3451.55ms | tok/sec: 151,899 | mfu: 39.56 | epoch: 1 | total time: 250.39m
step 04369 (99.14%) | K: 3 | loss: 0.561259 | L1: 0.283496 | L2: 0.277845 | L3: 0.277681 | lrm: 0.02 | dt: 3447.55ms | tok/sec: 152,075 | mfu: 39.60 | epoch: 1 | total time: 250.45m
step 04370 (99.16%) | K: 3 | loss: 0.561237 | L1: 0.283490 | L2: 0.277837 | L3: 0.277656 | lrm: 0.02 | dt: 3448.95ms | tok/sec: 152,013 | mfu: 39.59 | epoch: 1 | total time: 250.51m
step 04371 (99.19%) | K: 3 | loss: 0.563692 | L1: 0.284751 | L2: 0.279033 | L3: 0.278850 | lrm: 0.02 | dt: 3444.42ms | tok/sec: 152,213 | mfu: 39.64 | epoch: 1 | total time: 250.56m
step 04372 (99.21%) | K: 3 | loss: 0.569825 | L1: 0.287818 | L2: 0.282107 | L3: 0.281907 | lrm: 0.02 | dt: 3445.20ms | tok/sec: 152,179 | mfu: 39.63 | epoch: 1 | total time: 250.62m
step 04373 (99.23%) | K: 3 | loss: 0.569169 | L1: 0.287512 | L2: 0.281752 | L3: 0.281563 | lrm: 0.02 | dt: 3444.38ms | tok/sec: 152,215 | mfu: 39.64 | epoch: 1 | total time: 250.68m
step 04374 (99.25%) | K: 3 | loss: 0.564251 | L1: 0.285065 | L2: 0.279283 | L3: 0.279089 | lrm: 0.01 | dt: 3444.72ms | tok/sec: 152,200 | mfu: 39.64 | epoch: 1 | total time: 250.74m
step 04375 (99.27%) | K: 3 | loss: 0.566588 | L1: 0.286246 | L2: 0.280434 | L3: 0.280251 | lrm: 0.01 | dt: 3449.04ms | tok/sec: 152,009 | mfu: 39.59 | epoch: 1 | total time: 250.79m
step 04376 (99.30%) | K: 3 | loss: 0.565506 | L1: 0.285710 | L2: 0.279893 | L3: 0.279700 | lrm: 0.01 | dt: 3447.82ms | tok/sec: 152,063 | mfu: 39.60 | epoch: 1 | total time: 250.85m
step 04377 (99.32%) | K: 3 | loss: 0.564234 | L1: 0.285132 | L2: 0.279201 | L3: 0.279003 | lrm: 0.01 | dt: 3445.96ms | tok/sec: 152,145 | mfu: 39.62 | epoch: 1 | total time: 250.91m
step 04378 (99.34%) | K: 3 | loss: 0.562708 | L1: 0.284353 | L2: 0.278454 | L3: 0.278258 | lrm: 0.01 | dt: 3449.65ms | tok/sec: 151,983 | mfu: 39.58 | epoch: 1 | total time: 250.97m
step 04379 (99.36%) | K: 3 | loss: 0.561180 | L1: 0.283595 | L2: 0.277675 | L3: 0.277495 | lrm: 0.01 | dt: 3447.08ms | tok/sec: 152,096 | mfu: 39.61 | epoch: 1 | total time: 251.02m
step 04380 (99.39%) | K: 3 | loss: 0.563397 | L1: 0.284687 | L2: 0.278804 | L3: 0.278616 | lrm: 0.01 | dt: 3446.95ms | tok/sec: 152,101 | mfu: 39.61 | epoch: 1 | total time: 251.08m
step 04381 (99.41%) | K: 3 | loss: 0.564103 | L1: 0.285049 | L2: 0.279147 | L3: 0.278961 | lrm: 0.01 | dt: 3444.07ms | tok/sec: 152,229 | mfu: 39.64 | epoch: 1 | total time: 251.14m
step 04382 (99.43%) | K: 3 | loss: 0.568061 | L1: 0.287029 | L2: 0.281120 | L3: 0.280945 | lrm: 0.01 | dt: 3448.55ms | tok/sec: 152,031 | mfu: 39.59 | epoch: 1 | total time: 251.20m
step 04383 (99.45%) | K: 3 | loss: 0.566926 | L1: 0.286480 | L2: 0.280532 | L3: 0.280359 | lrm: 0.01 | dt: 3446.28ms | tok/sec: 152,131 | mfu: 39.62 | epoch: 1 | total time: 251.25m
step 04384 (99.47%) | K: 3 | loss: 0.571647 | L1: 0.288859 | L2: 0.282877 | L3: 0.282698 | lrm: 0.01 | dt: 3449.38ms | tok/sec: 151,995 | mfu: 39.58 | epoch: 1 | total time: 251.31m
step 04385 (99.50%) | K: 3 | loss: 0.571324 | L1: 0.288714 | L2: 0.282710 | L3: 0.282510 | lrm: 0.01 | dt: 3449.23ms | tok/sec: 152,001 | mfu: 39.58 | epoch: 1 | total time: 251.37m
step 04386 (99.52%) | K: 3 | loss: 0.565431 | L1: 0.285742 | L2: 0.279795 | L3: 0.279583 | lrm: 0.01 | dt: 3449.55ms | tok/sec: 151,987 | mfu: 39.58 | epoch: 1 | total time: 251.43m
step 04387 (99.54%) | K: 3 | loss: 0.567628 | L1: 0.286825 | L2: 0.280907 | L3: 0.280701 | lrm: 0.01 | dt: 3454.42ms | tok/sec: 151,773 | mfu: 39.52 | epoch: 1 | total time: 251.48m
step 04388 (99.56%) | K: 3 | loss: 0.569838 | L1: 0.287953 | L2: 0.281992 | L3: 0.281779 | lrm: 0.01 | dt: 3457.57ms | tok/sec: 151,634 | mfu: 39.49 | epoch: 1 | total time: 251.54m
step 04389 (99.59%) | K: 3 | loss: 0.568970 | L1: 0.287511 | L2: 0.281566 | L3: 0.281352 | lrm: 0.01 | dt: 3456.35ms | tok/sec: 151,688 | mfu: 39.50 | epoch: 1 | total time: 251.60m
step 04390 (99.61%) | K: 3 | loss: 0.566936 | L1: 0.286452 | L2: 0.280584 | L3: 0.280385 | lrm: 0.01 | dt: 3453.73ms | tok/sec: 151,803 | mfu: 39.53 | epoch: 1 | total time: 251.66m
step 04391 (99.63%) | K: 3 | loss: 0.568773 | L1: 0.287347 | L2: 0.281525 | L3: 0.281328 | lrm: 0.01 | dt: 3457.24ms | tok/sec: 151,649 | mfu: 39.49 | epoch: 1 | total time: 251.71m
step 04392 (99.65%) | K: 3 | loss: 0.567718 | L1: 0.286855 | L2: 0.280964 | L3: 0.280762 | lrm: 0.01 | dt: 3455.89ms | tok/sec: 151,708 | mfu: 39.51 | epoch: 1 | total time: 251.77m
step 04393 (99.68%) | K: 3 | loss: 0.570772 | L1: 0.288385 | L2: 0.282489 | L3: 0.282286 | lrm: 0.01 | dt: 3454.81ms | tok/sec: 151,756 | mfu: 39.52 | epoch: 1 | total time: 251.83m
step 04394 (99.70%) | K: 3 | loss: 0.572405 | L1: 0.289185 | L2: 0.283321 | L3: 0.283120 | lrm: 0.01 | dt: 3453.17ms | tok/sec: 151,828 | mfu: 39.54 | epoch: 1 | total time: 251.89m
step 04395 (99.72%) | K: 3 | loss: 0.573634 | L1: 0.289789 | L2: 0.283943 | L3: 0.283747 | lrm: 0.01 | dt: 3452.46ms | tok/sec: 151,859 | mfu: 39.55 | epoch: 1 | total time: 251.94m
step 04396 (99.74%) | K: 3 | loss: 0.577898 | L1: 0.291914 | L2: 0.286080 | L3: 0.285888 | lrm: 0.01 | dt: 3451.78ms | tok/sec: 151,889 | mfu: 39.55 | epoch: 1 | total time: 252.00m
step 04397 (99.76%) | K: 3 | loss: 0.574980 | L1: 0.290453 | L2: 0.284630 | L3: 0.284424 | lrm: 0.00 | dt: 3452.00ms | tok/sec: 151,879 | mfu: 39.55 | epoch: 1 | total time: 252.06m
step 04398 (99.79%) | K: 3 | loss: 0.572470 | L1: 0.289189 | L2: 0.283388 | L3: 0.283175 | lrm: 0.00 | dt: 3448.04ms | tok/sec: 152,053 | mfu: 39.60 | epoch: 1 | total time: 252.12m
step 04399 (99.81%) | K: 3 | loss: 0.571155 | L1: 0.288551 | L2: 0.282715 | L3: 0.282494 | lrm: 0.00 | dt: 3447.37ms | tok/sec: 152,083 | mfu: 39.61 | epoch: 1 | total time: 252.17m
step 04400 (99.83%) | K: 3 | loss: 0.568771 | L1: 0.287377 | L2: 0.281516 | L3: 0.281273 | lrm: 0.00 | dt: 3446.86ms | tok/sec: 152,105 | mfu: 39.61 | epoch: 1 | total time: 252.23m
step 04401 (99.85%) | K: 3 | loss: 0.563651 | L1: 0.284827 | L2: 0.278944 | L3: 0.278706 | lrm: 0.00 | dt: 3446.98ms | tok/sec: 152,100 | mfu: 39.61 | epoch: 1 | total time: 252.29m
step 04402 (99.88%) | K: 3 | loss: 0.559668 | L1: 0.282851 | L2: 0.276935 | L3: 0.276698 | lrm: 0.00 | dt: 3445.91ms | tok/sec: 152,148 | mfu: 39.62 | epoch: 1 | total time: 252.35m
step 04403 (99.90%) | K: 3 | loss: 0.554686 | L1: 0.280339 | L2: 0.274467 | L3: 0.274229 | lrm: 0.00 | dt: 3449.09ms | tok/sec: 152,007 | mfu: 39.59 | epoch: 1 | total time: 252.40m
step 04404 (99.92%) | K: 3 | loss: 0.559261 | L1: 0.282635 | L2: 0.276743 | L3: 0.276509 | lrm: 0.00 | dt: 3449.76ms | tok/sec: 151,978 | mfu: 39.58 | epoch: 1 | total time: 252.46m
step 04405 (99.95%) | K: 3 | loss: 0.558319 | L1: 0.282169 | L2: 0.276266 | L3: 0.276035 | lrm: 0.00 | dt: 3450.74ms | tok/sec: 151,934 | mfu: 39.57 | epoch: 1 | total time: 252.52m
step 04406 (99.97%) | K: 3 | loss: 0.558474 | L1: 0.282295 | L2: 0.276313 | L3: 0.276046 | lrm: 0.00 | dt: 3448.20ms | tok/sec: 152,046 | mfu: 39.60 | epoch: 1 | total time: 252.58m
step 04407 (99.99%) | K: 3 | loss: 0.556992 | L1: 0.281550 | L2: 0.275568 | L3: 0.275315 | lrm: 0.00 | dt: 3448.20ms | tok/sec: 152,046 | mfu: 39.60 | epoch: 1 | total time: 252.63m
Step 04407 | Validation L1 bpb: 0.1530 | L2 bpb: 0.1498 | L3 bpb: 0.1497
2026-08-27 23:21:58,247 - nanochat.checkpoint_manager - [32m[1mINFO[0m - Saved optimizer state to: /home/jhu/xwang457/work/nanochat_cache/chatsft_checkpoints/d20-lf-k3-openmath-train5m/optim_004407_rank1.pt
2026-08-27 23:21:58,266 - nanochat.checkpoint_manager - [32m[1mINFO[0m - Saved optimizer state to: /home/jhu/xwang457/work/nanochat_cache/chatsft_checkpoints/d20-lf-k3-openmath-train5m/optim_004407_rank3.pt
2026-08-27 23:21:58,354 - nanochat.checkpoint_manager - [32m[1mINFO[0m - Saved optimizer state to: /home/jhu/xwang457/work/nanochat_cache/chatsft_checkpoints/d20-lf-k3-openmath-train5m/optim_004407_rank2.pt
2026-08-27 23:21:59,081 - nanochat.checkpoint_manager - [32m[1mINFO[0m - Saved model parameters to: /home/jhu/xwang457/work/nanochat_cache/chatsft_checkpoints/d20-lf-k3-openmath-train5m/model_004407.pt
2026-08-27 23:21:59,084 - nanochat.checkpoint_manager - [32m[1mINFO[0m - Saved metadata to: /home/jhu/xwang457/work/nanochat_cache/chatsft_checkpoints/d20-lf-k3-openmath-train5m/meta_004407.json
2026-08-27 23:21:59,572 - nanochat.checkpoint_manager - [32m[1mINFO[0m - Saved optimizer state to: /home/jhu/xwang457/work/nanochat_cache/chatsft_checkpoints/d20-lf-k3-openmath-train5m/optim_004407_rank0.pt
Peak memory usage: 34847.98MiB
Total training time: 252.63m
Minimum validation bpb: 0.1497
wandb: updating run metadata
wandb:                                                                                
wandb: 
wandb: Run history:
wandb:                        step ▁▁▁▁▂▂▂▂▂▂▃▃▃▃▃▃▄▄▅▅▅▅▅▅▆▆▆▆▇▇▇▇▇▇▇▇▇▇██
wandb:        total_training_flops ▁▁▁▁▂▂▂▂▂▂▂▃▃▃▃▃▃▄▄▄▄▅▅▅▅▅▆▆▆▆▆▇▇▇▇█████
wandb:         total_training_time ▁▁▁▁▁▂▂▂▂▂▃▃▃▄▄▄▄▅▅▅▅▅▅▅▅▆▆▆▆▆▆▆▆▆▇▇▇███
wandb: train/active_forward_passes ▁▁▁▁▁▁▁▁▁▁▁▁▁▁▁▁▁▁▁▁▁▁▁▁▁▁▁▁▁▁▁▁▁▁▁▁▁▁▁▁
wandb:                    train/dt ▁▅▃▄▃▂▆▅▄▇▄▄▅█▆▅▂▅██▄▅▇▄▇▄▄█▆▆▇▇▆▇▇▇▇▅▄▄
wandb:                 train/epoch ▁▁▁▁▁▁▁▁▁▁▁▁▁▁▁▁▁▁▁▁▁▁▁▁▁▁▁▁▁▁▁▁▁▁▁▁▁▁▁▁
wandb:                  train/loss █▇▅▅▄▄▃▃▃▃▃▂▂▂▂▂▂▂▂▂▂▂▂▂▂▂▂▂▂▁▁▁▁▁▁▁▁▁▁▁
wandb:               train/loss_l1 █▅▄▃▃▂▂▂▂▂▂▂▂▂▂▂▂▂▂▂▂▂▁▁▁▁▁▁▁▁▁▁▁▁▁▁▁▁▁▁
wandb:               train/loss_l2 █▄▃▃▃▃▃▂▂▂▂▂▂▂▂▂▂▂▂▂▂▂▂▂▁▁▁▁▁▁▁▁▁▁▁▁▁▁▁▁
wandb:               train/loss_l3 █▆▅▄▂▂▂▂▂▂▂▂▂▂▁▂▁▁▁▁▁▁▁▁▁▁▁▁▁▁▁▁▁▁▁▁▁▁▁▁
wandb:                          +7 ...
wandb: 
wandb: Run summary:
wandb:                        step 4407
wandb:        total_training_flops 2.0096960172373574e+19
wandb:         total_training_time 15158.04104
wandb: train/active_forward_passes 3
wandb:                    train/dt 3.44686
wandb:                 train/epoch 1
wandb:                  train/loss 0.56877
wandb:               train/loss_l1 0.28738
wandb:               train/loss_l2 0.28152
wandb:               train/loss_l3 0.28127
wandb:                          +7 ...
wandb: 
wandb: 🚀 View run d20-lf-k3-openmath-train5m at: https://wandb.ai/xidulu-umass-amherst/nanochat-sft/runs/a4avoec4
wandb: ⭐️ View project at: https://wandb.ai/xidulu-umass-amherst/nanochat-sft
wandb: Synced 5 W&B file(s), 0 media file(s), 0 artifact file(s) and 0 other file(s)
wandb: Find logs at: ./wandb/run-20260827_190450-a4avoec4/logs
