[BILLING] loaded!
[BILLING] Re-emitting cost at job start!
Autodetected device type: cuda
2026-08-27 16:39:33,759 - nanochat.common - [32m[1mINFO[0m - Distributed world size: 4
COMPUTE_DTYPE: torch.bfloat16 (auto-detected: CUDA SM 90 (bf16 supported))
GPU: NVIDIA H100 80GB HBM3 | Peak FLOPS (BF16): 9.89e+14
wandb: Currently logged in as: xidulu (xidulu-umass-amherst) to https://api.wandb.ai. Use `wandb login --relogin` to force relogin
wandb: creating run
wandb: Tracking run with wandb version 0.21.3
wandb: Run data is saved locally in /weka/scratch/jhu/enalisn1/xiw/nanochat/wandb/run-20260827_163933-3374nv67
wandb: Run `wandb offline` to turn off syncing.
wandb: Syncing run d20-lf-k3-openmath-train1m
wandb: ⭐️ View project at https://wandb.ai/xidulu-umass-amherst/nanochat-sft
wandb: 🚀 View run at https://wandb.ai/xidulu-umass-amherst/nanochat-sft/runs/3374nv67
2026-08-27 16:39:34,929 - nanochat.checkpoint_manager - [32m[1mINFO[0m - Loading model from /home/jhu/xwang457/work/nanochat_cache/base_checkpoints/d20-lf-k1-smoke with step 50000
2026-08-27 16:39:35,444 - nanochat.checkpoint_manager - [32m[1mINFO[0m - Building model with config: {'sequence_len': 2048, 'vocab_size': 32768, 'n_layer': 20, 'n_head': 10, 'n_kv_head': 10, 'n_embd': 1280, 'window_pattern': 'SSSL', 'latent_feedback': True, 'weight_tying': True}
Using max_seq_len=2048
NOTE: --device-batch-size=4 overrides pretrained value of 16
Using total_batch_size=524288
Inherited embedding_lr=0.3 from pretrained checkpoint
Inherited unembedding_lr=0.008 from pretrained checkpoint
Inherited matrix_lr=0.02 from pretrained checkpoint
Tokens / micro-batch / rank: 4 x 2048 = 8,192
Tokens / micro-batch: 32,768
Total batch size 524,288 => gradient accumulation steps: 16
Scaling the LR for the AdamW parameters ∝1/√(1280/768) = 0.774597
Weight tying: shared embedding/head uses the unembedding AdamW hyperparameters
Training OpenMathInstruct-2 split=train_1M: 995,904 train rows, 4,096 validation rows
Step 00000 | Validation L1 bpb: 0.5353 | L2 bpb: 0.5278 | L3 bpb: 0.5271
step 00001 (0.10%) | K: 3 | loss: 1.103195 | L1: 1.055521 | L2: 1.041097 | L3: 1.040003 | lrm: 0.03 | dt: 39505.00ms | tok/sec: 13,271 | mfu: 2.92 | epoch: 1 | total time: 0.00m
step 00002 (0.20%) | K: 3 | loss: 1.504494 | L1: 1.080409 | L2: 1.066043 | L3: 1.064904 | lrm: 0.07 | dt: 2550.44ms | tok/sec: 205,568 | mfu: 45.20 | epoch: 1 | total time: 0.00m
step 00003 (0.31%) | K: 3 | loss: 1.678241 | L1: 1.072247 | L2: 1.058022 | L3: 1.056872 | lrm: 0.10 | dt: 2564.38ms | tok/sec: 204,449 | mfu: 44.95 | epoch: 1 | total time: 0.00m
step 00004 (0.41%) | K: 3 | loss: 1.769172 | L1: 1.060643 | L2: 1.046605 | L3: 1.045506 | lrm: 0.14 | dt: 2563.52ms | tok/sec: 204,518 | mfu: 44.97 | epoch: 1 | total time: 0.00m
step 00005 (0.52%) | K: 3 | loss: 1.847095 | L1: 1.064388 | L2: 1.049597 | L3: 1.048498 | lrm: 0.17 | dt: 2569.12ms | tok/sec: 204,073 | mfu: 44.87 | epoch: 1 | total time: 0.00m
step 00006 (0.63%) | K: 3 | loss: 1.880342 | L1: 1.054605 | L2: 1.039477 | L3: 1.038534 | lrm: 0.21 | dt: 2567.38ms | tok/sec: 204,211 | mfu: 44.90 | epoch: 1 | total time: 0.00m
step 00007 (0.73%) | K: 3 | loss: 1.905344 | L1: 1.047948 | L2: 1.032497 | L3: 1.031658 | lrm: 0.24 | dt: 2575.67ms | tok/sec: 203,554 | mfu: 44.75 | epoch: 1 | total time: 0.00m
step 00008 (0.84%) | K: 3 | loss: 1.923813 | L1: 1.042680 | L2: 1.026885 | L3: 1.026194 | lrm: 0.28 | dt: 2562.18ms | tok/sec: 204,625 | mfu: 44.99 | epoch: 1 | total time: 0.00m
step 00009 (0.95%) | K: 3 | loss: 1.942293 | L1: 1.040617 | L2: 1.024813 | L3: 1.024217 | lrm: 0.32 | dt: 2575.52ms | tok/sec: 203,565 | mfu: 44.76 | epoch: 1 | total time: 0.00m
step 00010 (1.06%) | K: 3 | loss: 1.939612 | L1: 1.029704 | L2: 1.013988 | L3: 1.013497 | lrm: 0.35 | dt: 2578.89ms | tok/sec: 203,300 | mfu: 44.70 | epoch: 1 | total time: 0.00m
step 00011 (1.17%) | K: 3 | loss: 1.931928 | L1: 1.018167 | L2: 1.002320 | L3: 1.001907 | lrm: 0.39 | dt: 2579.55ms | tok/sec: 203,248 | mfu: 44.69 | epoch: 1 | total time: 0.04m
step 00012 (1.28%) | K: 3 | loss: 1.921344 | L1: 1.006481 | L2: 0.990706 | L3: 0.990266 | lrm: 0.43 | dt: 2579.05ms | tok/sec: 203,287 | mfu: 44.70 | epoch: 1 | total time: 0.09m
step 00013 (1.39%) | K: 3 | loss: 1.917620 | L1: 0.999480 | L2: 0.983707 | L3: 0.983284 | lrm: 0.46 | dt: 2580.92ms | tok/sec: 203,139 | mfu: 44.66 | epoch: 1 | total time: 0.13m
step 00014 (1.50%) | K: 3 | loss: 1.899529 | L1: 0.985926 | L2: 0.970137 | L3: 0.969761 | lrm: 0.50 | dt: 2581.73ms | tok/sec: 203,076 | mfu: 44.65 | epoch: 1 | total time: 0.17m
step 00015 (1.62%) | K: 3 | loss: 1.881764 | L1: 0.973193 | L2: 0.957535 | L3: 0.957185 | lrm: 0.54 | dt: 2572.86ms | tok/sec: 203,776 | mfu: 44.80 | epoch: 1 | total time: 0.21m
step 00016 (1.72%) | K: 3 | loss: 1.865597 | L1: 0.961948 | L2: 0.946250 | L3: 0.945915 | lrm: 0.57 | dt: 2574.66ms | tok/sec: 203,633 | mfu: 44.77 | epoch: 1 | total time: 0.26m
step 00017 (1.83%) | K: 3 | loss: 1.848028 | L1: 0.950380 | L2: 0.934793 | L3: 0.934482 | lrm: 0.61 | dt: 2567.35ms | tok/sec: 204,213 | mfu: 44.90 | epoch: 1 | total time: 0.30m
step 00018 (1.94%) | K: 3 | loss: 1.831908 | L1: 0.939976 | L2: 0.924431 | L3: 0.924137 | lrm: 0.65 | dt: 2576.83ms | tok/sec: 203,462 | mfu: 44.73 | epoch: 1 | total time: 0.34m
step 00019 (2.05%) | K: 3 | loss: 1.813755 | L1: 0.928656 | L2: 0.913564 | L3: 0.913289 | lrm: 0.68 | dt: 2574.54ms | tok/sec: 203,643 | mfu: 44.77 | epoch: 1 | total time: 0.39m
step 00020 (2.15%) | K: 3 | loss: 1.795993 | L1: 0.917959 | L2: 0.903020 | L3: 0.902762 | lrm: 0.72 | dt: 2577.29ms | tok/sec: 203,426 | mfu: 44.73 | epoch: 1 | total time: 0.43m
step 00021 (2.26%) | K: 3 | loss: 1.782999 | L1: 0.909912 | L2: 0.895143 | L3: 0.894843 | lrm: 0.75 | dt: 2568.83ms | tok/sec: 204,096 | mfu: 44.87 | epoch: 1 | total time: 0.47m
step 00022 (2.37%) | K: 3 | loss: 1.762817 | L1: 0.898312 | L2: 0.883899 | L3: 0.883623 | lrm: 0.79 | dt: 2572.17ms | tok/sec: 203,830 | mfu: 44.82 | epoch: 1 | total time: 0.52m
step 00023 (2.49%) | K: 3 | loss: 1.740879 | L1: 0.885971 | L2: 0.871982 | L3: 0.871694 | lrm: 0.83 | dt: 2571.20ms | tok/sec: 203,907 | mfu: 44.83 | epoch: 1 | total time: 0.56m
step 00024 (2.60%) | K: 3 | loss: 1.722781 | L1: 0.875717 | L2: 0.862130 | L3: 0.861862 | lrm: 0.87 | dt: 2577.15ms | tok/sec: 203,436 | mfu: 44.73 | epoch: 1 | total time: 0.60m
step 00025 (2.71%) | K: 3 | loss: 1.704525 | L1: 0.865616 | L2: 0.852224 | L3: 0.851959 | lrm: 0.90 | dt: 2573.73ms | tok/sec: 203,707 | mfu: 44.79 | epoch: 1 | total time: 0.64m
step 00026 (2.82%) | K: 3 | loss: 1.687783 | L1: 0.856336 | L2: 0.843238 | L3: 0.842972 | lrm: 0.94 | dt: 2576.80ms | tok/sec: 203,464 | mfu: 44.74 | epoch: 1 | total time: 0.69m
step 00027 (2.93%) | K: 3 | loss: 1.676707 | L1: 0.850014 | L2: 0.837169 | L3: 0.836921 | lrm: 0.98 | dt: 2583.75ms | tok/sec: 202,917 | mfu: 44.61 | epoch: 1 | total time: 0.73m
step 00028 (3.03%) | K: 3 | loss: 1.666537 | L1: 0.844191 | L2: 0.831665 | L3: 0.831432 | lrm: 1.00 | dt: 2575.66ms | tok/sec: 203,555 | mfu: 44.76 | epoch: 1 | total time: 0.77m
step 00029 (3.14%) | K: 3 | loss: 1.646721 | L1: 0.833677 | L2: 0.821303 | L3: 0.821064 | lrm: 1.00 | dt: 2578.85ms | tok/sec: 203,302 | mfu: 44.70 | epoch: 1 | total time: 0.82m
step 00030 (3.26%) | K: 3 | loss: 1.631092 | L1: 0.825261 | L2: 0.813158 | L3: 0.812945 | lrm: 1.00 | dt: 2579.35ms | tok/sec: 203,263 | mfu: 44.69 | epoch: 1 | total time: 0.86m
step 00031 (3.36%) | K: 3 | loss: 1.609146 | L1: 0.813724 | L2: 0.801902 | L3: 0.801707 | lrm: 1.00 | dt: 2581.94ms | tok/sec: 203,059 | mfu: 44.65 | epoch: 1 | total time: 0.90m
step 00032 (3.47%) | K: 3 | loss: 1.599603 | L1: 0.808493 | L2: 0.796887 | L3: 0.796710 | lrm: 1.00 | dt: 2581.78ms | tok/sec: 203,071 | mfu: 44.65 | epoch: 1 | total time: 0.94m
step 00033 (3.58%) | K: 3 | loss: 1.589772 | L1: 0.803191 | L2: 0.791740 | L3: 0.791560 | lrm: 1.00 | dt: 2576.83ms | tok/sec: 203,462 | mfu: 44.73 | epoch: 1 | total time: 0.99m
step 00034 (3.70%) | K: 3 | loss: 1.572877 | L1: 0.794443 | L2: 0.783007 | L3: 0.782861 | lrm: 1.00 | dt: 2578.37ms | tok/sec: 203,341 | mfu: 44.71 | epoch: 1 | total time: 1.03m
step 00035 (3.81%) | K: 3 | loss: 1.560512 | L1: 0.787971 | L2: 0.776625 | L3: 0.776470 | lrm: 1.00 | dt: 2582.53ms | tok/sec: 203,013 | mfu: 44.64 | epoch: 1 | total time: 1.07m
step 00036 (3.92%) | K: 3 | loss: 1.542679 | L1: 0.778777 | L2: 0.767530 | L3: 0.767385 | lrm: 1.00 | dt: 2582.15ms | tok/sec: 203,043 | mfu: 44.64 | epoch: 1 | total time: 1.12m
step 00037 (4.03%) | K: 3 | loss: 1.522141 | L1: 0.768216 | L2: 0.757155 | L3: 0.756995 | lrm: 1.00 | dt: 2577.27ms | tok/sec: 203,427 | mfu: 44.73 | epoch: 1 | total time: 1.16m
step 00038 (4.13%) | K: 3 | loss: 1.505645 | L1: 0.759713 | L2: 0.748806 | L3: 0.748656 | lrm: 1.00 | dt: 2581.57ms | tok/sec: 203,088 | mfu: 44.65 | epoch: 1 | total time: 1.20m
step 00039 (4.24%) | K: 3 | loss: 1.492103 | L1: 0.752704 | L2: 0.741966 | L3: 0.741814 | lrm: 1.00 | dt: 2584.59ms | tok/sec: 202,851 | mfu: 44.60 | epoch: 1 | total time: 1.25m
step 00040 (4.34%) | K: 3 | loss: 1.478851 | L1: 0.745904 | L2: 0.735244 | L3: 0.735088 | lrm: 1.00 | dt: 2591.39ms | tok/sec: 202,319 | mfu: 44.48 | epoch: 1 | total time: 1.29m
step 00041 (4.45%) | K: 3 | loss: 1.464933 | L1: 0.738769 | L2: 0.728211 | L3: 0.728068 | lrm: 1.00 | dt: 2580.13ms | tok/sec: 203,202 | mfu: 44.68 | epoch: 1 | total time: 1.33m
step 00042 (4.56%) | K: 3 | loss: 1.452225 | L1: 0.732276 | L2: 0.721778 | L3: 0.721640 | lrm: 1.00 | dt: 2576.27ms | tok/sec: 203,506 | mfu: 44.74 | epoch: 1 | total time: 1.37m
step 00043 (4.67%) | K: 3 | loss: 1.436898 | L1: 0.724458 | L2: 0.714079 | L3: 0.713931 | lrm: 1.00 | dt: 2579.06ms | tok/sec: 203,286 | mfu: 44.70 | epoch: 1 | total time: 1.42m
step 00044 (4.78%) | K: 3 | loss: 1.429095 | L1: 0.720362 | L2: 0.710201 | L3: 0.710064 | lrm: 1.00 | dt: 2584.40ms | tok/sec: 202,866 | mfu: 44.60 | epoch: 1 | total time: 1.46m
step 00045 (4.89%) | K: 3 | loss: 1.415482 | L1: 0.713469 | L2: 0.703328 | L3: 0.703190 | lrm: 1.00 | dt: 2587.68ms | tok/sec: 202,609 | mfu: 44.55 | epoch: 1 | total time: 1.50m
step 00046 (5.00%) | K: 3 | loss: 1.403484 | L1: 0.707350 | L2: 0.697314 | L3: 0.697176 | lrm: 1.00 | dt: 2588.46ms | tok/sec: 202,548 | mfu: 44.53 | epoch: 1 | total time: 1.55m
step 00047 (5.11%) | K: 3 | loss: 1.394835 | L1: 0.702960 | L2: 0.692941 | L3: 0.692795 | lrm: 1.00 | dt: 2583.55ms | tok/sec: 202,933 | mfu: 44.62 | epoch: 1 | total time: 1.59m
step 00048 (5.22%) | K: 3 | loss: 1.384610 | L1: 0.697754 | L2: 0.687818 | L3: 0.687667 | lrm: 1.00 | dt: 2589.93ms | tok/sec: 202,433 | mfu: 44.51 | epoch: 1 | total time: 1.63m
step 00049 (5.33%) | K: 3 | loss: 1.374639 | L1: 0.692706 | L2: 0.682814 | L3: 0.682636 | lrm: 1.00 | dt: 2580.65ms | tok/sec: 203,161 | mfu: 44.67 | epoch: 1 | total time: 1.68m
step 00050 (5.44%) | K: 3 | loss: 1.365053 | L1: 0.687810 | L2: 0.678042 | L3: 0.677858 | lrm: 1.00 | dt: 2586.10ms | tok/sec: 202,732 | mfu: 44.57 | epoch: 1 | total time: 1.72m
step 00051 (5.56%) | K: 3 | loss: 1.354642 | L1: 0.682477 | L2: 0.672888 | L3: 0.672705 | lrm: 1.00 | dt: 2594.02ms | tok/sec: 202,114 | mfu: 44.44 | epoch: 1 | total time: 1.76m
step 00052 (5.66%) | K: 3 | loss: 1.345935 | L1: 0.678047 | L2: 0.668531 | L3: 0.668374 | lrm: 1.00 | dt: 2583.55ms | tok/sec: 202,933 | mfu: 44.62 | epoch: 1 | total time: 1.81m
step 00053 (5.77%) | K: 3 | loss: 1.337689 | L1: 0.673870 | L2: 0.664399 | L3: 0.664247 | lrm: 1.00 | dt: 2593.72ms | tok/sec: 202,137 | mfu: 44.44 | epoch: 1 | total time: 1.85m
step 00054 (5.89%) | K: 3 | loss: 1.329179 | L1: 0.669524 | L2: 0.660183 | L3: 0.660030 | lrm: 1.00 | dt: 2584.43ms | tok/sec: 202,864 | mfu: 44.60 | epoch: 1 | total time: 1.89m
step 00055 (6.00%) | K: 3 | loss: 1.321816 | L1: 0.665781 | L2: 0.656519 | L3: 0.656360 | lrm: 1.00 | dt: 2582.15ms | tok/sec: 203,043 | mfu: 44.64 | epoch: 1 | total time: 1.94m
step 00056 (6.10%) | K: 3 | loss: 1.311739 | L1: 0.660690 | L2: 0.651489 | L3: 0.651330 | lrm: 1.00 | dt: 2588.03ms | tok/sec: 202,581 | mfu: 44.54 | epoch: 1 | total time: 1.98m
step 00057 (6.22%) | K: 3 | loss: 1.303372 | L1: 0.656439 | L2: 0.647334 | L3: 0.647176 | lrm: 1.00 | dt: 2582.82ms | tok/sec: 202,990 | mfu: 44.63 | epoch: 1 | total time: 2.02m
step 00058 (6.32%) | K: 3 | loss: 1.295108 | L1: 0.652260 | L2: 0.643203 | L3: 0.643068 | lrm: 1.00 | dt: 2579.92ms | tok/sec: 203,218 | mfu: 44.68 | epoch: 1 | total time: 2.06m
step 00059 (6.44%) | K: 3 | loss: 1.286677 | L1: 0.648033 | L2: 0.638979 | L3: 0.638824 | lrm: 1.00 | dt: 2581.89ms | tok/sec: 203,063 | mfu: 44.65 | epoch: 1 | total time: 2.11m
step 00060 (6.55%) | K: 3 | loss: 1.281908 | L1: 0.645670 | L2: 0.636558 | L3: 0.636379 | lrm: 1.00 | dt: 2593.39ms | tok/sec: 202,162 | mfu: 44.45 | epoch: 1 | total time: 2.15m
step 00061 (6.65%) | K: 3 | loss: 1.272051 | L1: 0.640686 | L2: 0.631657 | L3: 0.631485 | lrm: 1.00 | dt: 2580.23ms | tok/sec: 203,194 | mfu: 44.68 | epoch: 1 | total time: 2.19m
step 00062 (6.76%) | K: 3 | loss: 1.268865 | L1: 0.639038 | L2: 0.630090 | L3: 0.629935 | lrm: 1.00 | dt: 2579.96ms | tok/sec: 203,215 | mfu: 44.68 | epoch: 1 | total time: 2.24m
step 00063 (6.87%) | K: 3 | loss: 1.263210 | L1: 0.636197 | L2: 0.627260 | L3: 0.627097 | lrm: 1.00 | dt: 2577.99ms | tok/sec: 203,370 | mfu: 44.71 | epoch: 1 | total time: 2.28m
step 00064 (6.97%) | K: 3 | loss: 1.262038 | L1: 0.635574 | L2: 0.626690 | L3: 0.626534 | lrm: 1.00 | dt: 2585.12ms | tok/sec: 202,809 | mfu: 44.59 | epoch: 1 | total time: 2.32m
step 00065 (7.09%) | K: 3 | loss: 1.254479 | L1: 0.631772 | L2: 0.622924 | L3: 0.622756 | lrm: 1.00 | dt: 2594.21ms | tok/sec: 202,099 | mfu: 44.44 | epoch: 1 | total time: 2.37m
step 00066 (7.19%) | K: 3 | loss: 1.248115 | L1: 0.628585 | L2: 0.619736 | L3: 0.619561 | lrm: 1.00 | dt: 2580.33ms | tok/sec: 203,186 | mfu: 44.67 | epoch: 1 | total time: 2.41m
step 00067 (7.31%) | K: 3 | loss: 1.240377 | L1: 0.624687 | L2: 0.615879 | L3: 0.615716 | lrm: 1.00 | dt: 2588.15ms | tok/sec: 202,572 | mfu: 44.54 | epoch: 1 | total time: 2.45m
step 00068 (7.42%) | K: 3 | loss: 1.233325 | L1: 0.621164 | L2: 0.612334 | L3: 0.612180 | lrm: 1.00 | dt: 2589.20ms | tok/sec: 202,490 | mfu: 44.52 | epoch: 1 | total time: 2.50m
step 00069 (7.53%) | K: 3 | loss: 1.232022 | L1: 0.620524 | L2: 0.611669 | L3: 0.611499 | lrm: 1.00 | dt: 2582.66ms | tok/sec: 203,003 | mfu: 44.63 | epoch: 1 | total time: 2.54m
step 00070 (7.64%) | K: 3 | loss: 1.228552 | L1: 0.618800 | L2: 0.609913 | L3: 0.609746 | lrm: 1.00 | dt: 2594.85ms | tok/sec: 202,049 | mfu: 44.42 | epoch: 1 | total time: 2.58m
step 00071 (7.75%) | K: 3 | loss: 1.225461 | L1: 0.617210 | L2: 0.608409 | L3: 0.608231 | lrm: 1.00 | dt: 2580.20ms | tok/sec: 203,196 | mfu: 44.68 | epoch: 1 | total time: 2.62m
step 00072 (7.86%) | K: 3 | loss: 1.227034 | L1: 0.618008 | L2: 0.609172 | L3: 0.609003 | lrm: 1.00 | dt: 2593.14ms | tok/sec: 202,182 | mfu: 44.45 | epoch: 1 | total time: 2.67m
step 00073 (7.98%) | K: 3 | loss: 1.227953 | L1: 0.618460 | L2: 0.609631 | L3: 0.609468 | lrm: 1.00 | dt: 2590.78ms | tok/sec: 202,366 | mfu: 44.49 | epoch: 1 | total time: 2.71m
step 00074 (8.08%) | K: 3 | loss: 1.224155 | L1: 0.616592 | L2: 0.607702 | L3: 0.607524 | lrm: 1.00 | dt: 2591.62ms | tok/sec: 202,301 | mfu: 44.48 | epoch: 1 | total time: 2.75m
step 00075 (8.20%) | K: 3 | loss: 1.221392 | L1: 0.615180 | L2: 0.606347 | L3: 0.606167 | lrm: 1.00 | dt: 2590.94ms | tok/sec: 202,354 | mfu: 44.49 | epoch: 1 | total time: 2.80m
step 00076 (8.31%) | K: 3 | loss: 1.217861 | L1: 0.613386 | L2: 0.604602 | L3: 0.604430 | lrm: 1.00 | dt: 2591.30ms | tok/sec: 202,325 | mfu: 44.48 | epoch: 1 | total time: 2.84m
step 00077 (8.41%) | K: 3 | loss: 1.215527 | L1: 0.612171 | L2: 0.603478 | L3: 0.603307 | lrm: 1.00 | dt: 2596.70ms | tok/sec: 201,905 | mfu: 44.39 | epoch: 1 | total time: 2.88m
step 00078 (8.52%) | K: 3 | loss: 1.212944 | L1: 0.610843 | L2: 0.602221 | L3: 0.602047 | lrm: 1.00 | dt: 2594.46ms | tok/sec: 202,080 | mfu: 44.43 | epoch: 1 | total time: 2.93m
step 00079 (8.62%) | K: 3 | loss: 1.214086 | L1: 0.611390 | L2: 0.602815 | L3: 0.602637 | lrm: 1.00 | dt: 2585.38ms | tok/sec: 202,789 | mfu: 44.59 | epoch: 1 | total time: 2.97m
step 00080 (8.74%) | K: 3 | loss: 1.213033 | L1: 0.610855 | L2: 0.602294 | L3: 0.602114 | lrm: 1.00 | dt: 2592.55ms | tok/sec: 202,228 | mfu: 44.46 | epoch: 1 | total time: 3.01m
step 00081 (8.85%) | K: 3 | loss: 1.204097 | L1: 0.606363 | L2: 0.597853 | L3: 0.597662 | lrm: 1.00 | dt: 2588.72ms | tok/sec: 202,527 | mfu: 44.53 | epoch: 1 | total time: 3.06m
step 00082 (8.96%) | K: 3 | loss: 1.203744 | L1: 0.606223 | L2: 0.597640 | L3: 0.597444 | lrm: 1.00 | dt: 2592.87ms | tok/sec: 202,203 | mfu: 44.46 | epoch: 1 | total time: 3.10m
step 00083 (9.07%) | K: 3 | loss: 1.199047 | L1: 0.603884 | L2: 0.595276 | L3: 0.595088 | lrm: 1.00 | dt: 2579.47ms | tok/sec: 203,254 | mfu: 44.69 | epoch: 1 | total time: 3.14m
step 00084 (9.18%) | K: 3 | loss: 1.191297 | L1: 0.600009 | L2: 0.591400 | L3: 0.591210 | lrm: 1.00 | dt: 2585.89ms | tok/sec: 202,749 | mfu: 44.58 | epoch: 1 | total time: 3.19m
step 00085 (9.29%) | K: 3 | loss: 1.186874 | L1: 0.597767 | L2: 0.589221 | L3: 0.589024 | lrm: 1.00 | dt: 2590.04ms | tok/sec: 202,425 | mfu: 44.51 | epoch: 1 | total time: 3.23m
step 00086 (9.40%) | K: 3 | loss: 1.186797 | L1: 0.597684 | L2: 0.589220 | L3: 0.589034 | lrm: 1.00 | dt: 2581.21ms | tok/sec: 203,116 | mfu: 44.66 | epoch: 1 | total time: 3.27m
step 00087 (9.51%) | K: 3 | loss: 1.184610 | L1: 0.596589 | L2: 0.588127 | L3: 0.587940 | lrm: 1.00 | dt: 2578.61ms | tok/sec: 203,322 | mfu: 44.70 | epoch: 1 | total time: 3.31m
step 00088 (9.62%) | K: 3 | loss: 1.175866 | L1: 0.592206 | L2: 0.583766 | L3: 0.583577 | lrm: 1.00 | dt: 2578.70ms | tok/sec: 203,315 | mfu: 44.70 | epoch: 1 | total time: 3.36m
step 00089 (9.72%) | K: 3 | loss: 1.172129 | L1: 0.590345 | L2: 0.581887 | L3: 0.581701 | lrm: 1.00 | dt: 2580.85ms | tok/sec: 203,145 | mfu: 44.67 | epoch: 1 | total time: 3.40m
step 00090 (9.83%) | K: 3 | loss: 1.175203 | L1: 0.591879 | L2: 0.583432 | L3: 0.583235 | lrm: 1.00 | dt: 2582.01ms | tok/sec: 203,053 | mfu: 44.64 | epoch: 1 | total time: 3.44m
step 00091 (9.94%) | K: 3 | loss: 1.164747 | L1: 0.586690 | L2: 0.578162 | L3: 0.577968 | lrm: 1.00 | dt: 2595.17ms | tok/sec: 202,024 | mfu: 44.42 | epoch: 1 | total time: 3.49m
step 00092 (10.05%) | K: 3 | loss: 1.159294 | L1: 0.583918 | L2: 0.575477 | L3: 0.575291 | lrm: 1.00 | dt: 2578.46ms | tok/sec: 203,333 | mfu: 44.71 | epoch: 1 | total time: 3.53m
step 00093 (10.16%) | K: 3 | loss: 1.153737 | L1: 0.581141 | L2: 0.572696 | L3: 0.572509 | lrm: 1.00 | dt: 2588.76ms | tok/sec: 202,525 | mfu: 44.53 | epoch: 1 | total time: 3.57m
step 00094 (10.28%) | K: 3 | loss: 1.149844 | L1: 0.579190 | L2: 0.570752 | L3: 0.570567 | lrm: 1.00 | dt: 2589.94ms | tok/sec: 202,432 | mfu: 44.51 | epoch: 1 | total time: 3.62m
step 00095 (10.39%) | K: 3 | loss: 1.150853 | L1: 0.579673 | L2: 0.571278 | L3: 0.571091 | lrm: 1.00 | dt: 2579.72ms | tok/sec: 203,234 | mfu: 44.68 | epoch: 1 | total time: 3.66m
step 00096 (10.50%) | K: 3 | loss: 1.148041 | L1: 0.578311 | L2: 0.569821 | L3: 0.569648 | lrm: 1.00 | dt: 2582.62ms | tok/sec: 203,006 | mfu: 44.63 | epoch: 1 | total time: 3.70m
step 00097 (10.60%) | K: 3 | loss: 1.148975 | L1: 0.578827 | L2: 0.570228 | L3: 0.570077 | lrm: 1.00 | dt: 2582.74ms | tok/sec: 202,996 | mfu: 44.63 | epoch: 1 | total time: 3.75m
step 00098 (10.71%) | K: 3 | loss: 1.139973 | L1: 0.574269 | L2: 0.565777 | L3: 0.565637 | lrm: 1.00 | dt: 2589.30ms | tok/sec: 202,482 | mfu: 44.52 | epoch: 1 | total time: 3.79m
step 00099 (10.82%) | K: 3 | loss: 1.136654 | L1: 0.572606 | L2: 0.564117 | L3: 0.563987 | lrm: 1.00 | dt: 2588.10ms | tok/sec: 202,576 | mfu: 44.54 | epoch: 1 | total time: 3.83m
step 00100 (10.94%) | K: 3 | loss: 1.136166 | L1: 0.572307 | L2: 0.563941 | L3: 0.563782 | lrm: 1.00 | dt: 2589.13ms | tok/sec: 202,496 | mfu: 44.52 | epoch: 1 | total time: 3.88m
Step 00100 | Validation L1 bpb: 0.3000 | L2 bpb: 0.2955 | L3 bpb: 0.2954
step 00101 (11.05%) | K: 3 | loss: 1.131310 | L1: 0.569876 | L2: 0.561516 | L3: 0.561356 | lrm: 1.00 | dt: 2596.32ms | tok/sec: 201,934 | mfu: 44.40 | epoch: 1 | total time: 3.92m
step 00102 (11.16%) | K: 3 | loss: 1.129714 | L1: 0.569085 | L2: 0.560717 | L3: 0.560546 | lrm: 1.00 | dt: 2597.08ms | tok/sec: 201,875 | mfu: 44.39 | epoch: 1 | total time: 3.96m
step 00103 (11.27%) | K: 3 | loss: 1.128215 | L1: 0.568356 | L2: 0.559943 | L3: 0.559781 | lrm: 1.00 | dt: 2585.01ms | tok/sec: 202,818 | mfu: 44.59 | epoch: 1 | total time: 4.00m
step 00104 (11.38%) | K: 3 | loss: 1.126534 | L1: 0.567485 | L2: 0.559146 | L3: 0.558957 | lrm: 1.00 | dt: 2595.97ms | tok/sec: 201,961 | mfu: 44.40 | epoch: 1 | total time: 4.05m
step 00105 (11.49%) | K: 3 | loss: 1.128487 | L1: 0.568453 | L2: 0.560137 | L3: 0.559933 | lrm: 1.00 | dt: 2593.66ms | tok/sec: 202,142 | mfu: 44.44 | epoch: 1 | total time: 4.09m
step 00106 (11.59%) | K: 3 | loss: 1.126681 | L1: 0.567541 | L2: 0.559243 | L3: 0.559040 | lrm: 1.00 | dt: 2590.93ms | tok/sec: 202,355 | mfu: 44.49 | epoch: 1 | total time: 4.13m
step 00107 (11.70%) | K: 3 | loss: 1.124818 | L1: 0.566621 | L2: 0.558298 | L3: 0.558099 | lrm: 1.00 | dt: 2590.03ms | tok/sec: 202,425 | mfu: 44.51 | epoch: 1 | total time: 4.18m
step 00108 (11.81%) | K: 3 | loss: 1.126410 | L1: 0.567398 | L2: 0.559107 | L3: 0.558920 | lrm: 1.00 | dt: 2592.86ms | tok/sec: 202,204 | mfu: 44.46 | epoch: 1 | total time: 4.22m
step 00109 (11.92%) | K: 3 | loss: 1.121594 | L1: 0.565001 | L2: 0.556688 | L3: 0.556500 | lrm: 1.00 | dt: 2593.29ms | tok/sec: 202,170 | mfu: 44.45 | epoch: 1 | total time: 4.26m
step 00110 (12.03%) | K: 3 | loss: 1.120226 | L1: 0.564311 | L2: 0.556020 | L3: 0.555811 | lrm: 1.00 | dt: 2595.28ms | tok/sec: 202,016 | mfu: 44.42 | epoch: 1 | total time: 4.31m
step 00111 (12.15%) | K: 3 | loss: 1.120977 | L1: 0.564660 | L2: 0.556423 | L3: 0.556215 | lrm: 1.00 | dt: 2597.49ms | tok/sec: 201,843 | mfu: 44.38 | epoch: 1 | total time: 4.35m
step 00112 (12.26%) | K: 3 | loss: 1.125205 | L1: 0.566832 | L2: 0.558482 | L3: 0.558265 | lrm: 1.00 | dt: 2591.29ms | tok/sec: 202,327 | mfu: 44.49 | epoch: 1 | total time: 4.39m
step 00113 (12.37%) | K: 3 | loss: 1.118852 | L1: 0.563661 | L2: 0.555302 | L3: 0.555083 | lrm: 1.00 | dt: 2585.20ms | tok/sec: 202,803 | mfu: 44.59 | epoch: 1 | total time: 4.44m
step 00114 (12.47%) | K: 3 | loss: 1.118267 | L1: 0.563382 | L2: 0.554987 | L3: 0.554784 | lrm: 1.00 | dt: 2595.92ms | tok/sec: 201,965 | mfu: 44.41 | epoch: 1 | total time: 4.48m
step 00115 (12.59%) | K: 3 | loss: 1.116141 | L1: 0.562243 | L2: 0.554004 | L3: 0.553793 | lrm: 1.00 | dt: 2583.54ms | tok/sec: 202,934 | mfu: 44.62 | epoch: 1 | total time: 4.52m
step 00116 (12.70%) | K: 3 | loss: 1.117491 | L1: 0.562922 | L2: 0.554676 | L3: 0.554464 | lrm: 1.00 | dt: 2595.85ms | tok/sec: 201,971 | mfu: 44.41 | epoch: 1 | total time: 4.57m
step 00117 (12.80%) | K: 3 | loss: 1.116314 | L1: 0.562317 | L2: 0.554090 | L3: 0.553904 | lrm: 1.00 | dt: 2596.45ms | tok/sec: 201,924 | mfu: 44.40 | epoch: 1 | total time: 4.61m
step 00118 (12.91%) | K: 3 | loss: 1.112626 | L1: 0.560483 | L2: 0.552232 | L3: 0.552055 | lrm: 1.00 | dt: 2594.17ms | tok/sec: 202,102 | mfu: 44.44 | epoch: 1 | total time: 4.65m
step 00119 (13.02%) | K: 3 | loss: 1.109709 | L1: 0.559026 | L2: 0.550767 | L3: 0.550599 | lrm: 1.00 | dt: 2591.75ms | tok/sec: 202,291 | mfu: 44.48 | epoch: 1 | total time: 4.70m
step 00120 (13.12%) | K: 3 | loss: 1.105151 | L1: 0.556816 | L2: 0.548425 | L3: 0.548246 | lrm: 1.00 | dt: 2590.42ms | tok/sec: 202,394 | mfu: 44.50 | epoch: 1 | total time: 4.74m
step 00121 (13.23%) | K: 3 | loss: 1.101598 | L1: 0.555072 | L2: 0.546625 | L3: 0.546426 | lrm: 1.00 | dt: 2595.51ms | tok/sec: 201,997 | mfu: 44.41 | epoch: 1 | total time: 4.78m
step 00122 (13.34%) | K: 3 | loss: 1.100221 | L1: 0.554377 | L2: 0.545936 | L3: 0.545753 | lrm: 1.00 | dt: 2589.55ms | tok/sec: 202,463 | mfu: 44.52 | epoch: 1 | total time: 4.83m
step 00123 (13.45%) | K: 3 | loss: 1.096718 | L1: 0.552611 | L2: 0.544192 | L3: 0.544023 | lrm: 1.00 | dt: 2596.49ms | tok/sec: 201,921 | mfu: 44.40 | epoch: 1 | total time: 4.87m
step 00124 (13.56%) | K: 3 | loss: 1.092130 | L1: 0.550261 | L2: 0.541952 | L3: 0.541788 | lrm: 1.00 | dt: 2589.61ms | tok/sec: 202,458 | mfu: 44.51 | epoch: 1 | total time: 4.91m
step 00125 (13.67%) | K: 3 | loss: 1.091501 | L1: 0.549901 | L2: 0.541683 | L3: 0.541516 | lrm: 1.00 | dt: 2592.41ms | tok/sec: 202,239 | mfu: 44.47 | epoch: 1 | total time: 4.96m
step 00126 (13.78%) | K: 3 | loss: 1.088092 | L1: 0.548146 | L2: 0.540030 | L3: 0.539863 | lrm: 1.00 | dt: 2577.87ms | tok/sec: 203,380 | mfu: 44.72 | epoch: 1 | total time: 5.00m
step 00127 (13.89%) | K: 3 | loss: 1.088458 | L1: 0.548327 | L2: 0.540222 | L3: 0.540042 | lrm: 1.00 | dt: 2585.46ms | tok/sec: 202,783 | mfu: 44.59 | epoch: 1 | total time: 5.04m
step 00128 (14.00%) | K: 3 | loss: 1.082107 | L1: 0.545102 | L2: 0.537087 | L3: 0.536923 | lrm: 1.00 | dt: 2589.94ms | tok/sec: 202,432 | mfu: 44.51 | epoch: 1 | total time: 5.08m
step 00129 (14.11%) | K: 3 | loss: 1.079909 | L1: 0.543948 | L2: 0.536042 | L3: 0.535880 | lrm: 1.00 | dt: 2590.17ms | tok/sec: 202,414 | mfu: 44.50 | epoch: 1 | total time: 5.13m
step 00130 (14.22%) | K: 3 | loss: 1.076901 | L1: 0.542452 | L2: 0.534525 | L3: 0.534373 | lrm: 1.00 | dt: 2593.15ms | tok/sec: 202,182 | mfu: 44.45 | epoch: 1 | total time: 5.17m
step 00131 (14.33%) | K: 3 | loss: 1.080636 | L1: 0.544352 | L2: 0.536366 | L3: 0.536201 | lrm: 1.00 | dt: 2596.98ms | tok/sec: 201,883 | mfu: 44.39 | epoch: 1 | total time: 5.21m
step 00132 (14.45%) | K: 3 | loss: 1.077868 | L1: 0.543002 | L2: 0.534941 | L3: 0.534791 | lrm: 1.00 | dt: 2587.19ms | tok/sec: 202,647 | mfu: 44.56 | epoch: 1 | total time: 5.26m
step 00133 (14.56%) | K: 3 | loss: 1.075915 | L1: 0.542010 | L2: 0.533979 | L3: 0.533832 | lrm: 1.00 | dt: 2591.82ms | tok/sec: 202,285 | mfu: 44.48 | epoch: 1 | total time: 5.30m
step 00134 (14.66%) | K: 3 | loss: 1.075195 | L1: 0.541665 | L2: 0.533601 | L3: 0.533459 | lrm: 1.00 | dt: 2594.19ms | tok/sec: 202,101 | mfu: 44.44 | epoch: 1 | total time: 5.34m
step 00135 (14.77%) | K: 3 | loss: 1.082060 | L1: 0.545101 | L2: 0.537030 | L3: 0.536889 | lrm: 1.00 | dt: 2586.98ms | tok/sec: 202,664 | mfu: 44.56 | epoch: 1 | total time: 5.39m
step 00136 (14.88%) | K: 3 | loss: 1.072865 | L1: 0.540423 | L2: 0.532512 | L3: 0.532374 | lrm: 1.00 | dt: 2595.74ms | tok/sec: 201,979 | mfu: 44.41 | epoch: 1 | total time: 5.43m
step 00137 (14.99%) | K: 3 | loss: 1.066681 | L1: 0.537295 | L2: 0.529454 | L3: 0.529317 | lrm: 1.00 | dt: 2595.35ms | tok/sec: 202,010 | mfu: 44.42 | epoch: 1 | total time: 5.47m
step 00138 (15.10%) | K: 3 | loss: 1.067036 | L1: 0.537445 | L2: 0.529654 | L3: 0.529528 | lrm: 1.00 | dt: 2596.26ms | tok/sec: 201,940 | mfu: 44.40 | epoch: 1 | total time: 5.52m
step 00139 (15.20%) | K: 3 | loss: 1.069982 | L1: 0.538923 | L2: 0.531124 | L3: 0.530993 | lrm: 1.00 | dt: 2591.98ms | tok/sec: 202,273 | mfu: 44.47 | epoch: 1 | total time: 5.56m
step 00140 (15.31%) | K: 3 | loss: 1.063163 | L1: 0.535533 | L2: 0.527701 | L3: 0.527560 | lrm: 1.00 | dt: 2592.52ms | tok/sec: 202,231 | mfu: 44.46 | epoch: 1 | total time: 5.60m
step 00141 (15.43%) | K: 3 | loss: 1.066199 | L1: 0.537053 | L2: 0.529230 | L3: 0.529062 | lrm: 1.00 | dt: 2586.34ms | tok/sec: 202,714 | mfu: 44.57 | epoch: 1 | total time: 5.65m
step 00142 (15.53%) | K: 3 | loss: 1.061374 | L1: 0.534667 | L2: 0.526789 | L3: 0.526625 | lrm: 1.00 | dt: 2597.62ms | tok/sec: 201,834 | mfu: 44.38 | epoch: 1 | total time: 5.69m
step 00143 (15.64%) | K: 3 | loss: 1.055039 | L1: 0.531545 | L2: 0.523576 | L3: 0.523411 | lrm: 1.00 | dt: 2595.70ms | tok/sec: 201,983 | mfu: 44.41 | epoch: 1 | total time: 5.73m
step 00144 (15.75%) | K: 3 | loss: 1.051250 | L1: 0.529651 | L2: 0.521684 | L3: 0.521514 | lrm: 1.00 | dt: 2597.31ms | tok/sec: 201,857 | mfu: 44.38 | epoch: 1 | total time: 5.78m
step 00145 (15.85%) | K: 3 | loss: 1.054355 | L1: 0.531279 | L2: 0.523161 | L3: 0.522992 | lrm: 1.00 | dt: 2591.61ms | tok/sec: 202,302 | mfu: 44.48 | epoch: 1 | total time: 5.82m
step 00146 (15.96%) | K: 3 | loss: 1.049713 | L1: 0.528951 | L2: 0.520845 | L3: 0.520680 | lrm: 1.00 | dt: 2589.35ms | tok/sec: 202,478 | mfu: 44.52 | epoch: 1 | total time: 5.86m
step 00147 (16.07%) | K: 3 | loss: 1.047645 | L1: 0.527957 | L2: 0.519771 | L3: 0.519606 | lrm: 1.00 | dt: 2596.62ms | tok/sec: 201,912 | mfu: 44.39 | epoch: 1 | total time: 5.91m
step 00148 (16.18%) | K: 3 | loss: 1.042890 | L1: 0.525560 | L2: 0.517407 | L3: 0.517252 | lrm: 1.00 | dt: 2584.54ms | tok/sec: 202,855 | mfu: 44.60 | epoch: 1 | total time: 5.95m
step 00149 (16.29%) | K: 3 | loss: 1.041067 | L1: 0.524672 | L2: 0.516478 | L3: 0.516312 | lrm: 1.00 | dt: 2595.09ms | tok/sec: 202,030 | mfu: 44.42 | epoch: 1 | total time: 5.99m
step 00150 (16.40%) | K: 3 | loss: 1.041284 | L1: 0.524786 | L2: 0.516578 | L3: 0.516417 | lrm: 1.00 | dt: 2595.04ms | tok/sec: 202,034 | mfu: 44.42 | epoch: 1 | total time: 6.04m
step 00151 (16.51%) | K: 3 | loss: 1.038144 | L1: 0.523179 | L2: 0.515039 | L3: 0.514891 | lrm: 1.00 | dt: 2598.29ms | tok/sec: 201,781 | mfu: 44.37 | epoch: 1 | total time: 6.08m
step 00152 (16.61%) | K: 3 | loss: 1.035290 | L1: 0.521720 | L2: 0.513642 | L3: 0.513498 | lrm: 1.00 | dt: 2581.76ms | tok/sec: 203,073 | mfu: 44.65 | epoch: 1 | total time: 6.12m
step 00153 (16.73%) | K: 3 | loss: 1.038741 | L1: 0.523434 | L2: 0.515379 | L3: 0.515235 | lrm: 1.00 | dt: 2592.50ms | tok/sec: 202,232 | mfu: 44.46 | epoch: 1 | total time: 6.16m
step 00154 (16.83%) | K: 3 | loss: 1.041991 | L1: 0.525029 | L2: 0.517036 | L3: 0.516889 | lrm: 1.00 | dt: 2592.33ms | tok/sec: 202,245 | mfu: 44.47 | epoch: 1 | total time: 6.21m
step 00155 (16.95%) | K: 3 | loss: 1.036642 | L1: 0.522327 | L2: 0.514397 | L3: 0.514233 | lrm: 1.00 | dt: 2592.88ms | tok/sec: 202,202 | mfu: 44.46 | epoch: 1 | total time: 6.25m
step 00156 (17.05%) | K: 3 | loss: 1.038533 | L1: 0.523291 | L2: 0.515326 | L3: 0.515159 | lrm: 1.00 | dt: 2594.60ms | tok/sec: 202,068 | mfu: 44.43 | epoch: 1 | total time: 6.29m
step 00157 (17.17%) | K: 3 | loss: 1.033237 | L1: 0.520638 | L2: 0.512683 | L3: 0.512515 | lrm: 1.00 | dt: 2584.40ms | tok/sec: 202,866 | mfu: 44.60 | epoch: 1 | total time: 6.34m
step 00158 (17.28%) | K: 3 | loss: 1.030001 | L1: 0.519018 | L2: 0.511069 | L3: 0.510897 | lrm: 1.00 | dt: 2596.50ms | tok/sec: 201,921 | mfu: 44.40 | epoch: 1 | total time: 6.38m
step 00159 (17.39%) | K: 3 | loss: 1.027820 | L1: 0.517940 | L2: 0.509970 | L3: 0.509788 | lrm: 1.00 | dt: 2593.87ms | tok/sec: 202,125 | mfu: 44.44 | epoch: 1 | total time: 6.42m
step 00160 (17.51%) | K: 3 | loss: 1.022912 | L1: 0.515443 | L2: 0.507556 | L3: 0.507382 | lrm: 1.00 | dt: 2589.05ms | tok/sec: 202,502 | mfu: 44.52 | epoch: 1 | total time: 6.47m
step 00161 (17.61%) | K: 3 | loss: 1.025192 | L1: 0.516567 | L2: 0.508722 | L3: 0.508528 | lrm: 1.00 | dt: 2594.63ms | tok/sec: 202,066 | mfu: 44.43 | epoch: 1 | total time: 6.51m
step 00162 (17.72%) | K: 3 | loss: 1.029259 | L1: 0.518561 | L2: 0.510789 | L3: 0.510607 | lrm: 1.00 | dt: 2588.63ms | tok/sec: 202,534 | mfu: 44.53 | epoch: 1 | total time: 6.55m
step 00163 (17.83%) | K: 3 | loss: 1.029020 | L1: 0.518435 | L2: 0.510678 | L3: 0.510492 | lrm: 1.00 | dt: 2592.64ms | tok/sec: 202,221 | mfu: 44.46 | epoch: 1 | total time: 6.60m
step 00164 (17.94%) | K: 3 | loss: 1.023709 | L1: 0.515787 | L2: 0.508019 | L3: 0.507826 | lrm: 1.00 | dt: 2594.35ms | tok/sec: 202,088 | mfu: 44.43 | epoch: 1 | total time: 6.64m
step 00165 (18.04%) | K: 3 | loss: 1.022098 | L1: 0.514981 | L2: 0.507207 | L3: 0.507028 | lrm: 1.00 | dt: 2595.41ms | tok/sec: 202,006 | mfu: 44.41 | epoch: 1 | total time: 6.68m
step 00166 (18.15%) | K: 3 | loss: 1.019615 | L1: 0.513779 | L2: 0.505931 | L3: 0.505740 | lrm: 1.00 | dt: 2587.02ms | tok/sec: 202,661 | mfu: 44.56 | epoch: 1 | total time: 6.73m
step 00167 (18.27%) | K: 3 | loss: 1.018681 | L1: 0.513326 | L2: 0.505441 | L3: 0.505268 | lrm: 1.00 | dt: 2590.33ms | tok/sec: 202,402 | mfu: 44.50 | epoch: 1 | total time: 6.77m
step 00168 (18.38%) | K: 3 | loss: 1.022314 | L1: 0.515175 | L2: 0.507223 | L3: 0.507056 | lrm: 1.00 | dt: 2587.41ms | tok/sec: 202,630 | mfu: 44.55 | epoch: 1 | total time: 6.81m
step 00169 (18.48%) | K: 3 | loss: 1.018301 | L1: 0.513175 | L2: 0.505208 | L3: 0.505044 | lrm: 1.00 | dt: 2592.31ms | tok/sec: 202,247 | mfu: 44.47 | epoch: 1 | total time: 6.86m
step 00170 (18.60%) | K: 3 | loss: 1.016041 | L1: 0.512018 | L2: 0.504107 | L3: 0.503938 | lrm: 1.00 | dt: 2597.84ms | tok/sec: 201,817 | mfu: 44.37 | epoch: 1 | total time: 6.90m
step 00171 (18.71%) | K: 3 | loss: 1.012454 | L1: 0.510196 | L2: 0.502337 | L3: 0.502180 | lrm: 1.00 | dt: 2593.17ms | tok/sec: 202,180 | mfu: 44.45 | epoch: 1 | total time: 6.94m
step 00172 (18.82%) | K: 3 | loss: 1.005889 | L1: 0.506899 | L2: 0.499061 | L3: 0.498920 | lrm: 1.00 | dt: 2592.27ms | tok/sec: 202,250 | mfu: 44.47 | epoch: 1 | total time: 6.99m
step 00173 (18.93%) | K: 3 | loss: 1.003597 | L1: 0.505720 | L2: 0.497948 | L3: 0.497806 | lrm: 1.00 | dt: 2596.33ms | tok/sec: 201,934 | mfu: 44.40 | epoch: 1 | total time: 7.03m
step 00174 (19.04%) | K: 3 | loss: 1.001196 | L1: 0.504518 | L2: 0.496749 | L3: 0.496607 | lrm: 1.00 | dt: 2591.85ms | tok/sec: 202,283 | mfu: 44.48 | epoch: 1 | total time: 7.07m
step 00175 (19.16%) | K: 3 | loss: 0.999179 | L1: 0.503541 | L2: 0.495709 | L3: 0.495566 | lrm: 1.00 | dt: 2589.10ms | tok/sec: 202,498 | mfu: 44.52 | epoch: 1 | total time: 7.12m
step 00176 (19.27%) | K: 3 | loss: 0.997981 | L1: 0.502988 | L2: 0.495073 | L3: 0.494912 | lrm: 1.00 | dt: 2592.26ms | tok/sec: 202,251 | mfu: 44.47 | epoch: 1 | total time: 7.16m
step 00177 (19.39%) | K: 3 | loss: 1.001576 | L1: 0.504777 | L2: 0.496886 | L3: 0.496711 | lrm: 1.00 | dt: 2593.09ms | tok/sec: 202,186 | mfu: 44.45 | epoch: 1 | total time: 7.20m
step 00178 (19.49%) | K: 3 | loss: 1.000341 | L1: 0.504166 | L2: 0.496262 | L3: 0.496090 | lrm: 1.00 | dt: 2594.63ms | tok/sec: 202,066 | mfu: 44.43 | epoch: 1 | total time: 7.24m
step 00179 (19.60%) | K: 3 | loss: 0.998236 | L1: 0.503151 | L2: 0.495172 | L3: 0.495000 | lrm: 1.00 | dt: 2593.11ms | tok/sec: 202,184 | mfu: 44.45 | epoch: 1 | total time: 7.29m
step 00180 (19.71%) | K: 3 | loss: 0.996198 | L1: 0.502141 | L2: 0.494141 | L3: 0.493972 | lrm: 1.00 | dt: 2594.54ms | tok/sec: 202,073 | mfu: 44.43 | epoch: 1 | total time: 7.33m
step 00181 (19.82%) | K: 3 | loss: 1.000021 | L1: 0.504080 | L2: 0.496030 | L3: 0.495853 | lrm: 1.00 | dt: 2594.74ms | tok/sec: 202,057 | mfu: 44.43 | epoch: 1 | total time: 7.37m
step 00182 (19.93%) | K: 3 | loss: 0.994777 | L1: 0.501409 | L2: 0.493452 | L3: 0.493283 | lrm: 1.00 | dt: 2593.83ms | tok/sec: 202,128 | mfu: 44.44 | epoch: 1 | total time: 7.42m
step 00183 (20.04%) | K: 3 | loss: 0.987784 | L1: 0.497991 | L2: 0.489872 | L3: 0.489714 | lrm: 1.00 | dt: 2594.87ms | tok/sec: 202,047 | mfu: 44.42 | epoch: 1 | total time: 7.46m
step 00184 (20.14%) | K: 3 | loss: 0.989543 | L1: 0.498874 | L2: 0.490736 | L3: 0.490602 | lrm: 1.00 | dt: 2591.19ms | tok/sec: 202,334 | mfu: 44.49 | epoch: 1 | total time: 7.50m
step 00185 (20.25%) | K: 3 | loss: 0.980450 | L1: 0.494317 | L2: 0.486208 | L3: 0.486057 | lrm: 1.00 | dt: 2597.21ms | tok/sec: 201,865 | mfu: 44.38 | epoch: 1 | total time: 7.55m
step 00186 (20.37%) | K: 3 | loss: 0.977714 | L1: 0.492940 | L2: 0.484847 | L3: 0.484700 | lrm: 1.00 | dt: 2592.21ms | tok/sec: 202,255 | mfu: 44.47 | epoch: 1 | total time: 7.59m
step 00187 (20.48%) | K: 3 | loss: 0.978448 | L1: 0.493282 | L2: 0.485247 | L3: 0.485085 | lrm: 1.00 | dt: 2597.98ms | tok/sec: 201,806 | mfu: 44.37 | epoch: 1 | total time: 7.63m
step 00188 (20.59%) | K: 3 | loss: 0.984608 | L1: 0.496383 | L2: 0.488303 | L3: 0.488147 | lrm: 1.00 | dt: 2593.58ms | tok/sec: 202,148 | mfu: 44.45 | epoch: 1 | total time: 7.68m
step 00189 (20.69%) | K: 3 | loss: 0.988361 | L1: 0.498247 | L2: 0.490187 | L3: 0.490041 | lrm: 1.00 | dt: 2589.13ms | tok/sec: 202,495 | mfu: 44.52 | epoch: 1 | total time: 7.72m
step 00190 (20.80%) | K: 3 | loss: 0.985120 | L1: 0.496675 | L2: 0.488516 | L3: 0.488375 | lrm: 1.00 | dt: 2594.54ms | tok/sec: 202,073 | mfu: 44.43 | epoch: 1 | total time: 7.76m
step 00191 (20.91%) | K: 3 | loss: 0.983263 | L1: 0.495691 | L2: 0.487666 | L3: 0.487479 | lrm: 1.00 | dt: 2592.65ms | tok/sec: 202,221 | mfu: 44.46 | epoch: 1 | total time: 7.81m
step 00192 (21.02%) | K: 3 | loss: 0.984688 | L1: 0.496445 | L2: 0.488335 | L3: 0.488150 | lrm: 1.00 | dt: 2590.29ms | tok/sec: 202,405 | mfu: 44.50 | epoch: 1 | total time: 7.85m
step 00193 (21.13%) | K: 3 | loss: 0.987315 | L1: 0.497731 | L2: 0.489667 | L3: 0.489502 | lrm: 1.00 | dt: 2602.58ms | tok/sec: 201,449 | mfu: 44.29 | epoch: 1 | total time: 7.89m
step 00194 (21.24%) | K: 3 | loss: 0.988509 | L1: 0.498358 | L2: 0.490245 | L3: 0.490056 | lrm: 1.00 | dt: 2598.66ms | tok/sec: 201,753 | mfu: 44.36 | epoch: 1 | total time: 7.94m
step 00195 (21.35%) | K: 3 | loss: 0.987434 | L1: 0.497822 | L2: 0.489709 | L3: 0.489514 | lrm: 1.00 | dt: 2591.80ms | tok/sec: 202,287 | mfu: 44.48 | epoch: 1 | total time: 7.98m
step 00196 (21.45%) | K: 3 | loss: 0.989631 | L1: 0.498942 | L2: 0.490796 | L3: 0.490581 | lrm: 1.00 | dt: 2581.20ms | tok/sec: 203,118 | mfu: 44.66 | epoch: 1 | total time: 8.02m
step 00197 (21.56%) | K: 3 | loss: 0.987698 | L1: 0.497944 | L2: 0.489865 | L3: 0.489643 | lrm: 1.00 | dt: 2592.85ms | tok/sec: 202,205 | mfu: 44.46 | epoch: 1 | total time: 8.07m
step 00198 (21.68%) | K: 3 | loss: 0.987217 | L1: 0.497669 | L2: 0.489657 | L3: 0.489439 | lrm: 1.00 | dt: 2582.37ms | tok/sec: 203,025 | mfu: 44.64 | epoch: 1 | total time: 8.11m
step 00199 (21.79%) | K: 3 | loss: 0.991497 | L1: 0.499843 | L2: 0.491769 | L3: 0.491539 | lrm: 1.00 | dt: 2585.80ms | tok/sec: 202,756 | mfu: 44.58 | epoch: 1 | total time: 8.15m
step 00200 (21.89%) | K: 3 | loss: 0.987664 | L1: 0.497915 | L2: 0.489870 | L3: 0.489629 | lrm: 1.00 | dt: 2590.95ms | tok/sec: 202,353 | mfu: 44.49 | epoch: 1 | total time: 8.20m
Step 00200 | Validation L1 bpb: 0.2616 | L2 bpb: 0.2572 | L3 bpb: 0.2570
step 00201 (22.00%) | K: 3 | loss: 0.988712 | L1: 0.498443 | L2: 0.490378 | L3: 0.490160 | lrm: 1.00 | dt: 2601.20ms | tok/sec: 201,556 | mfu: 44.32 | epoch: 1 | total time: 8.24m
step 00202 (22.11%) | K: 3 | loss: 0.986373 | L1: 0.497251 | L2: 0.489222 | L3: 0.489023 | lrm: 1.00 | dt: 2596.48ms | tok/sec: 201,922 | mfu: 44.40 | epoch: 1 | total time: 8.28m
step 00203 (22.21%) | K: 3 | loss: 0.992175 | L1: 0.500146 | L2: 0.492122 | L3: 0.491935 | lrm: 1.00 | dt: 2597.82ms | tok/sec: 201,818 | mfu: 44.37 | epoch: 1 | total time: 8.33m
step 00204 (22.32%) | K: 3 | loss: 0.990167 | L1: 0.499132 | L2: 0.491125 | L3: 0.490945 | lrm: 1.00 | dt: 2584.25ms | tok/sec: 202,877 | mfu: 44.61 | epoch: 1 | total time: 8.37m
step 00205 (22.43%) | K: 3 | loss: 0.993172 | L1: 0.500617 | L2: 0.492634 | L3: 0.492475 | lrm: 1.00 | dt: 2594.88ms | tok/sec: 202,046 | mfu: 44.42 | epoch: 1 | total time: 8.41m
step 00206 (22.54%) | K: 3 | loss: 0.984343 | L1: 0.496195 | L2: 0.488222 | L3: 0.488074 | lrm: 1.00 | dt: 2593.20ms | tok/sec: 202,177 | mfu: 44.45 | epoch: 1 | total time: 8.45m
step 00207 (22.65%) | K: 3 | loss: 0.985742 | L1: 0.496901 | L2: 0.488919 | L3: 0.488763 | lrm: 1.00 | dt: 2586.56ms | tok/sec: 202,696 | mfu: 44.57 | epoch: 1 | total time: 8.50m
step 00208 (22.77%) | K: 3 | loss: 0.983104 | L1: 0.495558 | L2: 0.487620 | L3: 0.487472 | lrm: 1.00 | dt: 2592.95ms | tok/sec: 202,197 | mfu: 44.46 | epoch: 1 | total time: 8.54m
step 00209 (22.87%) | K: 3 | loss: 0.979614 | L1: 0.493833 | L2: 0.485854 | L3: 0.485707 | lrm: 1.00 | dt: 2585.73ms | tok/sec: 202,762 | mfu: 44.58 | epoch: 1 | total time: 8.58m
step 00210 (22.98%) | K: 3 | loss: 0.979033 | L1: 0.493571 | L2: 0.485546 | L3: 0.485378 | lrm: 1.00 | dt: 2581.15ms | tok/sec: 203,121 | mfu: 44.66 | epoch: 1 | total time: 8.63m
step 00211 (23.09%) | K: 3 | loss: 0.976668 | L1: 0.492394 | L2: 0.484361 | L3: 0.484188 | lrm: 1.00 | dt: 2594.83ms | tok/sec: 202,050 | mfu: 44.42 | epoch: 1 | total time: 8.67m
step 00212 (23.19%) | K: 3 | loss: 0.974515 | L1: 0.491301 | L2: 0.483302 | L3: 0.483126 | lrm: 1.00 | dt: 2593.29ms | tok/sec: 202,170 | mfu: 44.45 | epoch: 1 | total time: 8.71m
step 00213 (23.31%) | K: 3 | loss: 0.974033 | L1: 0.491022 | L2: 0.483101 | L3: 0.482920 | lrm: 1.00 | dt: 2593.97ms | tok/sec: 202,117 | mfu: 44.44 | epoch: 1 | total time: 8.76m
step 00214 (23.42%) | K: 3 | loss: 0.976206 | L1: 0.492110 | L2: 0.484181 | L3: 0.484012 | lrm: 1.00 | dt: 2592.76ms | tok/sec: 202,212 | mfu: 44.46 | epoch: 1 | total time: 8.80m
step 00215 (23.52%) | K: 3 | loss: 0.983119 | L1: 0.495605 | L2: 0.487604 | L3: 0.487425 | lrm: 1.00 | dt: 2596.12ms | tok/sec: 201,950 | mfu: 44.40 | epoch: 1 | total time: 8.84m
step 00216 (23.63%) | K: 3 | loss: 0.978447 | L1: 0.493259 | L2: 0.485283 | L3: 0.485094 | lrm: 1.00 | dt: 2600.15ms | tok/sec: 201,637 | mfu: 44.33 | epoch: 1 | total time: 8.89m
step 00217 (23.74%) | K: 3 | loss: 0.971155 | L1: 0.489605 | L2: 0.481642 | L3: 0.481457 | lrm: 1.00 | dt: 2600.92ms | tok/sec: 201,578 | mfu: 44.32 | epoch: 1 | total time: 8.93m
step 00218 (23.85%) | K: 3 | loss: 0.968956 | L1: 0.488475 | L2: 0.480567 | L3: 0.480395 | lrm: 1.00 | dt: 2598.70ms | tok/sec: 201,750 | mfu: 44.36 | epoch: 1 | total time: 8.97m
step 00219 (23.96%) | K: 3 | loss: 0.967158 | L1: 0.487571 | L2: 0.479677 | L3: 0.479497 | lrm: 1.00 | dt: 2596.92ms | tok/sec: 201,888 | mfu: 44.39 | epoch: 1 | total time: 9.02m
step 00220 (24.07%) | K: 3 | loss: 0.966576 | L1: 0.487244 | L2: 0.479414 | L3: 0.479248 | lrm: 1.00 | dt: 2600.65ms | tok/sec: 201,599 | mfu: 44.33 | epoch: 1 | total time: 9.06m
step 00221 (24.19%) | K: 3 | loss: 0.967621 | L1: 0.487747 | L2: 0.479952 | L3: 0.479795 | lrm: 1.00 | dt: 2593.31ms | tok/sec: 202,169 | mfu: 44.45 | epoch: 1 | total time: 9.10m
step 00222 (24.30%) | K: 3 | loss: 0.970572 | L1: 0.489270 | L2: 0.481392 | L3: 0.481212 | lrm: 1.00 | dt: 2595.04ms | tok/sec: 202,034 | mfu: 44.42 | epoch: 1 | total time: 9.15m
step 00223 (24.41%) | K: 3 | loss: 0.969391 | L1: 0.488686 | L2: 0.480797 | L3: 0.480613 | lrm: 1.00 | dt: 2591.53ms | tok/sec: 202,307 | mfu: 44.48 | epoch: 1 | total time: 9.19m
step 00224 (24.52%) | K: 3 | loss: 0.976309 | L1: 0.492141 | L2: 0.484264 | L3: 0.484072 | lrm: 1.00 | dt: 2593.73ms | tok/sec: 202,136 | mfu: 44.44 | epoch: 1 | total time: 9.23m
step 00225 (24.63%) | K: 3 | loss: 0.974940 | L1: 0.491445 | L2: 0.483593 | L3: 0.483397 | lrm: 1.00 | dt: 2596.55ms | tok/sec: 201,916 | mfu: 44.39 | epoch: 1 | total time: 9.28m
step 00226 (24.74%) | K: 3 | loss: 0.967241 | L1: 0.487594 | L2: 0.479750 | L3: 0.479545 | lrm: 1.00 | dt: 2584.67ms | tok/sec: 202,845 | mfu: 44.60 | epoch: 1 | total time: 9.32m
step 00227 (24.86%) | K: 3 | loss: 0.960838 | L1: 0.484384 | L2: 0.476556 | L3: 0.476352 | lrm: 1.00 | dt: 2593.90ms | tok/sec: 202,123 | mfu: 44.44 | epoch: 1 | total time: 9.36m
step 00228 (24.96%) | K: 3 | loss: 0.958539 | L1: 0.483175 | L2: 0.475459 | L3: 0.475270 | lrm: 1.00 | dt: 2584.99ms | tok/sec: 202,819 | mfu: 44.59 | epoch: 1 | total time: 9.41m
step 00229 (25.07%) | K: 3 | loss: 0.954924 | L1: 0.481434 | L2: 0.473591 | L3: 0.473388 | lrm: 1.00 | dt: 2593.20ms | tok/sec: 202,178 | mfu: 44.45 | epoch: 1 | total time: 9.45m
step 00230 (25.18%) | K: 3 | loss: 0.955237 | L1: 0.481633 | L2: 0.473709 | L3: 0.473499 | lrm: 1.00 | dt: 2586.21ms | tok/sec: 202,724 | mfu: 44.57 | epoch: 1 | total time: 9.49m
step 00231 (25.29%) | K: 3 | loss: 0.958152 | L1: 0.483067 | L2: 0.475178 | L3: 0.474993 | lrm: 1.00 | dt: 2593.32ms | tok/sec: 202,168 | mfu: 44.45 | epoch: 1 | total time: 9.54m
step 00232 (25.40%) | K: 3 | loss: 0.957083 | L1: 0.482442 | L2: 0.474722 | L3: 0.474560 | lrm: 1.00 | dt: 2594.15ms | tok/sec: 202,104 | mfu: 44.44 | epoch: 1 | total time: 9.58m
step 00233 (25.52%) | K: 3 | loss: 0.954437 | L1: 0.481098 | L2: 0.473417 | L3: 0.473261 | lrm: 1.00 | dt: 2587.49ms | tok/sec: 202,624 | mfu: 44.55 | epoch: 1 | total time: 9.62m
step 00234 (25.62%) | K: 3 | loss: 0.955525 | L1: 0.481732 | L2: 0.473884 | L3: 0.473702 | lrm: 1.00 | dt: 2578.19ms | tok/sec: 203,354 | mfu: 44.71 | epoch: 1 | total time: 9.66m
step 00235 (25.74%) | K: 3 | loss: 0.954500 | L1: 0.481208 | L2: 0.473387 | L3: 0.473197 | lrm: 1.00 | dt: 2585.05ms | tok/sec: 202,815 | mfu: 44.59 | epoch: 1 | total time: 9.71m
step 00236 (25.85%) | K: 3 | loss: 0.957656 | L1: 0.482804 | L2: 0.474950 | L3: 0.474754 | lrm: 1.00 | dt: 2592.12ms | tok/sec: 202,262 | mfu: 44.47 | epoch: 1 | total time: 9.75m
step 00237 (25.97%) | K: 3 | loss: 0.954634 | L1: 0.481289 | L2: 0.473452 | L3: 0.473237 | lrm: 1.00 | dt: 2582.25ms | tok/sec: 203,035 | mfu: 44.64 | epoch: 1 | total time: 9.79m
step 00238 (26.07%) | K: 3 | loss: 0.959165 | L1: 0.483566 | L2: 0.475707 | L3: 0.475491 | lrm: 1.00 | dt: 2584.73ms | tok/sec: 202,840 | mfu: 44.60 | epoch: 1 | total time: 9.84m
step 00239 (26.18%) | K: 3 | loss: 0.955318 | L1: 0.481635 | L2: 0.473791 | L3: 0.473574 | lrm: 1.00 | dt: 2592.49ms | tok/sec: 202,233 | mfu: 44.46 | epoch: 1 | total time: 9.88m
step 00240 (26.29%) | K: 3 | loss: 0.954849 | L1: 0.481448 | L2: 0.473502 | L3: 0.473300 | lrm: 1.00 | dt: 2593.29ms | tok/sec: 202,170 | mfu: 44.45 | epoch: 1 | total time: 9.92m
step 00241 (26.40%) | K: 3 | loss: 0.950509 | L1: 0.479279 | L2: 0.471334 | L3: 0.471125 | lrm: 1.00 | dt: 2591.13ms | tok/sec: 202,339 | mfu: 44.49 | epoch: 1 | total time: 9.97m
step 00242 (26.51%) | K: 3 | loss: 0.949130 | L1: 0.478589 | L2: 0.470646 | L3: 0.470436 | lrm: 1.00 | dt: 2591.44ms | tok/sec: 202,315 | mfu: 44.48 | epoch: 1 | total time: 10.01m
step 00243 (26.62%) | K: 3 | loss: 0.951317 | L1: 0.479706 | L2: 0.471713 | L3: 0.471510 | lrm: 1.00 | dt: 2596.80ms | tok/sec: 201,897 | mfu: 44.39 | epoch: 1 | total time: 10.05m
step 00244 (26.73%) | K: 3 | loss: 0.950001 | L1: 0.479036 | L2: 0.471060 | L3: 0.470869 | lrm: 1.00 | dt: 2588.11ms | tok/sec: 202,575 | mfu: 44.54 | epoch: 1 | total time: 10.10m
step 00245 (26.83%) | K: 3 | loss: 0.951253 | L1: 0.479694 | L2: 0.471646 | L3: 0.471472 | lrm: 1.00 | dt: 2594.77ms | tok/sec: 202,055 | mfu: 44.43 | epoch: 1 | total time: 10.14m
step 00246 (26.95%) | K: 3 | loss: 0.952167 | L1: 0.480080 | L2: 0.472176 | L3: 0.471997 | lrm: 1.00 | dt: 2594.85ms | tok/sec: 202,049 | mfu: 44.42 | epoch: 1 | total time: 10.18m
step 00247 (27.05%) | K: 3 | loss: 0.947221 | L1: 0.477629 | L2: 0.469694 | L3: 0.469489 | lrm: 1.00 | dt: 2588.73ms | tok/sec: 202,527 | mfu: 44.53 | epoch: 1 | total time: 10.23m
step 00248 (27.16%) | K: 3 | loss: 0.943050 | L1: 0.475536 | L2: 0.467615 | L3: 0.467413 | lrm: 1.00 | dt: 2595.98ms | tok/sec: 201,961 | mfu: 44.40 | epoch: 1 | total time: 10.27m
step 00249 (27.26%) | K: 3 | loss: 0.942834 | L1: 0.475391 | L2: 0.467535 | L3: 0.467350 | lrm: 1.00 | dt: 2597.41ms | tok/sec: 201,850 | mfu: 44.38 | epoch: 1 | total time: 10.31m
step 00250 (27.37%) | K: 3 | loss: 0.941013 | L1: 0.474489 | L2: 0.466628 | L3: 0.466419 | lrm: 1.00 | dt: 2596.39ms | tok/sec: 201,929 | mfu: 44.40 | epoch: 1 | total time: 10.36m
2026-08-27 16:51:14,994 - nanochat.checkpoint_manager - [32m[1mINFO[0m - Saved optimizer state to: /home/jhu/xwang457/work/nanochat_cache/chatsft_checkpoints/d20-lf-k3-openmath-train1m/optim_000250_rank3.pt
2026-08-27 16:51:15,003 - nanochat.checkpoint_manager - [32m[1mINFO[0m - Saved optimizer state to: /home/jhu/xwang457/work/nanochat_cache/chatsft_checkpoints/d20-lf-k3-openmath-train1m/optim_000250_rank1.pt
2026-08-27 16:51:15,040 - nanochat.checkpoint_manager - [32m[1mINFO[0m - Saved optimizer state to: /home/jhu/xwang457/work/nanochat_cache/chatsft_checkpoints/d20-lf-k3-openmath-train1m/optim_000250_rank2.pt
2026-08-27 16:51:15,889 - nanochat.checkpoint_manager - [32m[1mINFO[0m - Saved model parameters to: /home/jhu/xwang457/work/nanochat_cache/chatsft_checkpoints/d20-lf-k3-openmath-train1m/model_000250.pt
2026-08-27 16:51:15,893 - nanochat.checkpoint_manager - [32m[1mINFO[0m - Saved metadata to: /home/jhu/xwang457/work/nanochat_cache/chatsft_checkpoints/d20-lf-k3-openmath-train1m/meta_000250.json
2026-08-27 16:51:16,402 - nanochat.checkpoint_manager - [32m[1mINFO[0m - Saved optimizer state to: /home/jhu/xwang457/work/nanochat_cache/chatsft_checkpoints/d20-lf-k3-openmath-train1m/optim_000250_rank0.pt
step 00251 (27.49%) | K: 3 | loss: 0.938300 | L1: 0.473143 | L2: 0.465261 | L3: 0.465053 | lrm: 1.00 | dt: 2565.39ms | tok/sec: 204,369 | mfu: 44.93 | epoch: 1 | total time: 10.40m
step 00252 (27.59%) | K: 3 | loss: 0.938187 | L1: 0.473118 | L2: 0.465176 | L3: 0.464961 | lrm: 1.00 | dt: 2588.09ms | tok/sec: 202,577 | mfu: 44.54 | epoch: 1 | total time: 10.44m
step 00253 (27.70%) | K: 3 | loss: 0.935996 | L1: 0.471987 | L2: 0.464104 | L3: 0.463915 | lrm: 1.00 | dt: 2586.76ms | tok/sec: 202,681 | mfu: 44.56 | epoch: 1 | total time: 10.48m
step 00254 (27.81%) | K: 3 | loss: 0.935360 | L1: 0.471706 | L2: 0.463762 | L3: 0.463547 | lrm: 1.00 | dt: 2594.69ms | tok/sec: 202,061 | mfu: 44.43 | epoch: 1 | total time: 10.53m
step 00255 (27.92%) | K: 3 | loss: 0.933498 | L1: 0.470797 | L2: 0.462802 | L3: 0.462599 | lrm: 1.00 | dt: 2591.93ms | tok/sec: 202,277 | mfu: 44.47 | epoch: 1 | total time: 10.57m
step 00256 (28.03%) | K: 3 | loss: 0.930849 | L1: 0.469456 | L2: 0.461491 | L3: 0.461295 | lrm: 1.00 | dt: 2586.66ms | tok/sec: 202,689 | mfu: 44.56 | epoch: 1 | total time: 10.61m
step 00257 (28.14%) | K: 3 | loss: 0.928781 | L1: 0.468425 | L2: 0.460451 | L3: 0.460261 | lrm: 1.00 | dt: 2593.48ms | tok/sec: 202,156 | mfu: 44.45 | epoch: 1 | total time: 10.66m
step 00258 (28.24%) | K: 3 | loss: 0.927771 | L1: 0.467900 | L2: 0.459971 | L3: 0.459770 | lrm: 1.00 | dt: 2583.76ms | tok/sec: 202,916 | mfu: 44.61 | epoch: 1 | total time: 10.70m
step 00259 (28.35%) | K: 3 | loss: 0.926629 | L1: 0.467336 | L2: 0.459402 | L3: 0.459184 | lrm: 1.00 | dt: 2598.76ms | tok/sec: 201,745 | mfu: 44.36 | epoch: 1 | total time: 10.74m
step 00260 (28.46%) | K: 3 | loss: 0.928051 | L1: 0.468012 | L2: 0.460143 | L3: 0.459936 | lrm: 1.00 | dt: 2591.13ms | tok/sec: 202,339 | mfu: 44.49 | epoch: 1 | total time: 10.79m
step 00261 (28.56%) | K: 3 | loss: 0.927559 | L1: 0.467782 | L2: 0.459875 | L3: 0.459678 | lrm: 1.00 | dt: 2590.92ms | tok/sec: 202,356 | mfu: 44.49 | epoch: 1 | total time: 10.83m
step 00262 (28.67%) | K: 3 | loss: 0.922248 | L1: 0.465093 | L2: 0.457259 | L3: 0.457049 | lrm: 1.00 | dt: 2593.27ms | tok/sec: 202,172 | mfu: 44.45 | epoch: 1 | total time: 10.87m
step 00263 (28.77%) | K: 3 | loss: 0.921009 | L1: 0.464503 | L2: 0.456623 | L3: 0.456388 | lrm: 1.00 | dt: 2592.00ms | tok/sec: 202,271 | mfu: 44.47 | epoch: 1 | total time: 10.92m
step 00264 (28.88%) | K: 3 | loss: 0.919794 | L1: 0.463883 | L2: 0.456021 | L3: 0.455800 | lrm: 1.00 | dt: 2589.39ms | tok/sec: 202,475 | mfu: 44.52 | epoch: 1 | total time: 10.96m
step 00265 (28.99%) | K: 3 | loss: 0.922755 | L1: 0.465376 | L2: 0.457489 | L3: 0.457270 | lrm: 1.00 | dt: 2594.52ms | tok/sec: 202,075 | mfu: 44.43 | epoch: 1 | total time: 11.00m
step 00266 (29.10%) | K: 3 | loss: 0.923590 | L1: 0.465817 | L2: 0.457876 | L3: 0.457670 | lrm: 1.00 | dt: 2586.83ms | tok/sec: 202,675 | mfu: 44.56 | epoch: 1 | total time: 11.05m
step 00267 (29.21%) | K: 3 | loss: 0.920459 | L1: 0.464243 | L2: 0.456314 | L3: 0.456119 | lrm: 1.00 | dt: 2596.04ms | tok/sec: 201,957 | mfu: 44.40 | epoch: 1 | total time: 11.09m
step 00268 (29.32%) | K: 3 | loss: 0.924845 | L1: 0.466440 | L2: 0.458501 | L3: 0.458309 | lrm: 1.00 | dt: 2584.85ms | tok/sec: 202,831 | mfu: 44.60 | epoch: 1 | total time: 11.13m
step 00269 (29.42%) | K: 3 | loss: 0.923642 | L1: 0.465832 | L2: 0.457897 | L3: 0.457722 | lrm: 1.00 | dt: 2592.21ms | tok/sec: 202,255 | mfu: 44.47 | epoch: 1 | total time: 11.18m
step 00270 (29.54%) | K: 3 | loss: 0.920580 | L1: 0.464297 | L2: 0.456367 | L3: 0.456198 | lrm: 1.00 | dt: 2596.92ms | tok/sec: 201,888 | mfu: 44.39 | epoch: 1 | total time: 11.22m
step 00271 (29.65%) | K: 3 | loss: 0.916276 | L1: 0.462151 | L2: 0.454215 | L3: 0.454035 | lrm: 1.00 | dt: 2592.20ms | tok/sec: 202,256 | mfu: 44.47 | epoch: 1 | total time: 11.26m
step 00272 (29.76%) | K: 3 | loss: 0.921693 | L1: 0.464810 | L2: 0.456972 | L3: 0.456794 | lrm: 1.00 | dt: 2589.63ms | tok/sec: 202,456 | mfu: 44.51 | epoch: 1 | total time: 11.31m
step 00273 (29.88%) | K: 3 | loss: 0.918894 | L1: 0.463394 | L2: 0.455593 | L3: 0.455408 | lrm: 1.00 | dt: 2593.20ms | tok/sec: 202,178 | mfu: 44.45 | epoch: 1 | total time: 11.35m
step 00274 (29.98%) | K: 3 | loss: 0.916493 | L1: 0.462206 | L2: 0.454382 | L3: 0.454191 | lrm: 1.00 | dt: 2582.79ms | tok/sec: 202,993 | mfu: 44.63 | epoch: 1 | total time: 11.39m
step 00275 (30.09%) | K: 3 | loss: 0.915194 | L1: 0.461538 | L2: 0.453748 | L3: 0.453564 | lrm: 1.00 | dt: 2595.01ms | tok/sec: 202,037 | mfu: 44.42 | epoch: 1 | total time: 11.43m
step 00276 (30.20%) | K: 3 | loss: 0.917197 | L1: 0.462542 | L2: 0.454751 | L3: 0.454560 | lrm: 1.00 | dt: 2588.89ms | tok/sec: 202,514 | mfu: 44.53 | epoch: 1 | total time: 11.48m
step 00277 (30.31%) | K: 3 | loss: 0.911918 | L1: 0.459900 | L2: 0.452109 | L3: 0.451927 | lrm: 1.00 | dt: 2597.40ms | tok/sec: 201,850 | mfu: 44.38 | epoch: 1 | total time: 11.52m
step 00278 (30.42%) | K: 3 | loss: 0.912193 | L1: 0.460015 | L2: 0.452270 | L3: 0.452087 | lrm: 1.00 | dt: 2596.49ms | tok/sec: 201,921 | mfu: 44.40 | epoch: 1 | total time: 11.56m
step 00279 (30.54%) | K: 3 | loss: 0.913884 | L1: 0.460886 | L2: 0.453084 | L3: 0.452913 | lrm: 1.00 | dt: 2586.46ms | tok/sec: 202,705 | mfu: 44.57 | epoch: 1 | total time: 11.61m
step 00280 (30.65%) | K: 3 | loss: 0.918705 | L1: 0.463311 | L2: 0.455473 | L3: 0.455315 | lrm: 1.00 | dt: 2589.79ms | tok/sec: 202,444 | mfu: 44.51 | epoch: 1 | total time: 11.65m
step 00281 (30.75%) | K: 3 | loss: 0.916798 | L1: 0.462388 | L2: 0.454476 | L3: 0.454343 | lrm: 1.00 | dt: 2583.23ms | tok/sec: 202,958 | mfu: 44.62 | epoch: 1 | total time: 11.69m
step 00282 (30.86%) | K: 3 | loss: 0.914350 | L1: 0.461177 | L2: 0.453258 | L3: 0.453089 | lrm: 1.00 | dt: 2594.75ms | tok/sec: 202,057 | mfu: 44.43 | epoch: 1 | total time: 11.74m
step 00283 (30.97%) | K: 3 | loss: 0.912238 | L1: 0.460099 | L2: 0.452233 | L3: 0.452047 | lrm: 1.00 | dt: 2596.65ms | tok/sec: 201,909 | mfu: 44.39 | epoch: 1 | total time: 11.78m
step 00284 (31.08%) | K: 3 | loss: 0.912591 | L1: 0.460303 | L2: 0.452386 | L3: 0.452191 | lrm: 1.00 | dt: 2586.69ms | tok/sec: 202,686 | mfu: 44.56 | epoch: 1 | total time: 11.82m
step 00285 (31.19%) | K: 3 | loss: 0.913747 | L1: 0.460840 | L2: 0.453003 | L3: 0.452811 | lrm: 1.00 | dt: 2595.65ms | tok/sec: 201,986 | mfu: 44.41 | epoch: 1 | total time: 11.87m
step 00286 (31.30%) | K: 3 | loss: 0.911788 | L1: 0.459832 | L2: 0.452064 | L3: 0.451849 | lrm: 1.00 | dt: 2594.48ms | tok/sec: 202,078 | mfu: 44.43 | epoch: 1 | total time: 11.91m
step 00287 (31.41%) | K: 3 | loss: 0.912840 | L1: 0.460326 | L2: 0.452616 | L3: 0.452412 | lrm: 1.00 | dt: 2589.00ms | tok/sec: 202,506 | mfu: 44.52 | epoch: 1 | total time: 11.95m
step 00288 (31.51%) | K: 3 | loss: 0.914396 | L1: 0.461068 | L2: 0.453430 | L3: 0.453227 | lrm: 1.00 | dt: 2597.87ms | tok/sec: 201,814 | mfu: 44.37 | epoch: 1 | total time: 12.00m
step 00289 (31.62%) | K: 3 | loss: 0.911647 | L1: 0.459698 | L2: 0.452042 | L3: 0.451856 | lrm: 1.00 | dt: 2597.32ms | tok/sec: 201,857 | mfu: 44.38 | epoch: 1 | total time: 12.04m
step 00290 (31.73%) | K: 3 | loss: 0.907794 | L1: 0.457752 | L2: 0.450139 | L3: 0.449945 | lrm: 1.00 | dt: 2594.31ms | tok/sec: 202,091 | mfu: 44.43 | epoch: 1 | total time: 12.08m
step 00291 (31.84%) | K: 3 | loss: 0.907567 | L1: 0.457683 | L2: 0.449983 | L3: 0.449785 | lrm: 1.00 | dt: 2593.34ms | tok/sec: 202,167 | mfu: 44.45 | epoch: 1 | total time: 12.13m
step 00292 (31.95%) | K: 3 | loss: 0.905732 | L1: 0.456771 | L2: 0.449066 | L3: 0.448856 | lrm: 1.00 | dt: 2590.51ms | tok/sec: 202,387 | mfu: 44.50 | epoch: 1 | total time: 12.17m
step 00293 (32.07%) | K: 3 | loss: 0.906881 | L1: 0.457327 | L2: 0.449655 | L3: 0.449453 | lrm: 1.00 | dt: 2597.41ms | tok/sec: 201,850 | mfu: 44.38 | epoch: 1 | total time: 12.21m
step 00294 (32.17%) | K: 3 | loss: 0.909497 | L1: 0.458658 | L2: 0.450944 | L3: 0.450736 | lrm: 1.00 | dt: 2598.17ms | tok/sec: 201,790 | mfu: 44.37 | epoch: 1 | total time: 12.26m
step 00295 (32.29%) | K: 3 | loss: 0.905859 | L1: 0.456844 | L2: 0.449111 | L3: 0.448919 | lrm: 1.00 | dt: 2580.31ms | tok/sec: 203,188 | mfu: 44.67 | epoch: 1 | total time: 12.30m
step 00296 (32.40%) | K: 3 | loss: 0.910672 | L1: 0.459285 | L2: 0.451477 | L3: 0.451297 | lrm: 1.00 | dt: 2593.46ms | tok/sec: 202,157 | mfu: 44.45 | epoch: 1 | total time: 12.34m
step 00297 (32.51%) | K: 3 | loss: 0.905682 | L1: 0.456736 | L2: 0.449034 | L3: 0.448856 | lrm: 1.00 | dt: 2595.71ms | tok/sec: 201,982 | mfu: 44.41 | epoch: 1 | total time: 12.39m
step 00298 (32.62%) | K: 3 | loss: 0.909621 | L1: 0.458727 | L2: 0.450991 | L3: 0.450797 | lrm: 1.00 | dt: 2587.97ms | tok/sec: 202,586 | mfu: 44.54 | epoch: 1 | total time: 12.43m
step 00299 (32.72%) | K: 3 | loss: 0.906963 | L1: 0.457366 | L2: 0.449695 | L3: 0.449500 | lrm: 1.00 | dt: 2597.26ms | tok/sec: 201,861 | mfu: 44.38 | epoch: 1 | total time: 12.47m
step 00300 (32.83%) | K: 3 | loss: 0.903420 | L1: 0.455550 | L2: 0.447965 | L3: 0.447776 | lrm: 1.00 | dt: 2593.84ms | tok/sec: 202,128 | mfu: 44.44 | epoch: 1 | total time: 12.52m
Step 00300 | Validation L1 bpb: 0.2410 | L2 bpb: 0.2368 | L3 bpb: 0.2367
step 00301 (32.95%) | K: 3 | loss: 0.898071 | L1: 0.452838 | L2: 0.445323 | L3: 0.445143 | lrm: 1.00 | dt: 2592.91ms | tok/sec: 202,200 | mfu: 44.46 | epoch: 1 | total time: 12.56m
step 00302 (33.05%) | K: 3 | loss: 0.901826 | L1: 0.454787 | L2: 0.447137 | L3: 0.446941 | lrm: 1.00 | dt: 2591.16ms | tok/sec: 202,337 | mfu: 44.49 | epoch: 1 | total time: 12.60m
step 00303 (33.15%) | K: 3 | loss: 0.898887 | L1: 0.453306 | L2: 0.445671 | L3: 0.445489 | lrm: 1.00 | dt: 2582.98ms | tok/sec: 202,977 | mfu: 44.63 | epoch: 1 | total time: 12.64m
step 00304 (33.26%) | K: 3 | loss: 0.901426 | L1: 0.454551 | L2: 0.446969 | L3: 0.446782 | lrm: 1.00 | dt: 2595.16ms | tok/sec: 202,025 | mfu: 44.42 | epoch: 1 | total time: 12.69m
step 00305 (33.37%) | K: 3 | loss: 0.900887 | L1: 0.454338 | L2: 0.446651 | L3: 0.446448 | lrm: 1.00 | dt: 2591.16ms | tok/sec: 202,337 | mfu: 44.49 | epoch: 1 | total time: 12.73m
step 00306 (33.48%) | K: 3 | loss: 0.900699 | L1: 0.454254 | L2: 0.446538 | L3: 0.446352 | lrm: 1.00 | dt: 2590.26ms | tok/sec: 202,407 | mfu: 44.50 | epoch: 1 | total time: 12.77m
step 00307 (33.59%) | K: 3 | loss: 0.893430 | L1: 0.450652 | L2: 0.442868 | L3: 0.442689 | lrm: 1.00 | dt: 2594.30ms | tok/sec: 202,092 | mfu: 44.43 | epoch: 1 | total time: 12.82m
step 00308 (33.70%) | K: 3 | loss: 0.891757 | L1: 0.449802 | L2: 0.442046 | L3: 0.441863 | lrm: 1.00 | dt: 2593.73ms | tok/sec: 202,136 | mfu: 44.44 | epoch: 1 | total time: 12.86m
step 00309 (33.81%) | K: 3 | loss: 0.890411 | L1: 0.449076 | L2: 0.441431 | L3: 0.441240 | lrm: 1.00 | dt: 2598.99ms | tok/sec: 201,727 | mfu: 44.35 | epoch: 1 | total time: 12.90m
step 00310 (33.92%) | K: 3 | loss: 0.890261 | L1: 0.449000 | L2: 0.441361 | L3: 0.441160 | lrm: 1.00 | dt: 2590.73ms | tok/sec: 202,371 | mfu: 44.49 | epoch: 1 | total time: 12.95m
step 00311 (34.03%) | K: 3 | loss: 0.888391 | L1: 0.448040 | L2: 0.440455 | L3: 0.440245 | lrm: 1.00 | dt: 2600.01ms | tok/sec: 201,648 | mfu: 44.34 | epoch: 1 | total time: 12.99m
step 00312 (34.14%) | K: 3 | loss: 0.883959 | L1: 0.445877 | L2: 0.438184 | L3: 0.437981 | lrm: 1.00 | dt: 2597.34ms | tok/sec: 201,855 | mfu: 44.38 | epoch: 1 | total time: 13.03m
step 00313 (34.25%) | K: 3 | loss: 0.885366 | L1: 0.446558 | L2: 0.438905 | L3: 0.438712 | lrm: 1.00 | dt: 2596.32ms | tok/sec: 201,934 | mfu: 44.40 | epoch: 1 | total time: 13.08m
step 00314 (34.37%) | K: 3 | loss: 0.884504 | L1: 0.446133 | L2: 0.438477 | L3: 0.438266 | lrm: 1.00 | dt: 2593.61ms | tok/sec: 202,146 | mfu: 44.45 | epoch: 1 | total time: 13.12m
step 00315 (34.48%) | K: 3 | loss: 0.884136 | L1: 0.445940 | L2: 0.438295 | L3: 0.438095 | lrm: 1.00 | dt: 2590.99ms | tok/sec: 202,350 | mfu: 44.49 | epoch: 1 | total time: 13.16m
step 00316 (34.60%) | K: 3 | loss: 0.887790 | L1: 0.447723 | L2: 0.440163 | L3: 0.439972 | lrm: 1.00 | dt: 2597.65ms | tok/sec: 201,831 | mfu: 44.38 | epoch: 1 | total time: 13.21m
step 00317 (34.71%) | K: 3 | loss: 0.887000 | L1: 0.447357 | L2: 0.439751 | L3: 0.439534 | lrm: 1.00 | dt: 2595.58ms | tok/sec: 201,992 | mfu: 44.41 | epoch: 1 | total time: 13.25m
step 00318 (34.82%) | K: 3 | loss: 0.888530 | L1: 0.448141 | L2: 0.440493 | L3: 0.440285 | lrm: 1.00 | dt: 2594.51ms | tok/sec: 202,076 | mfu: 44.43 | epoch: 1 | total time: 13.29m
step 00319 (34.93%) | K: 3 | loss: 0.888104 | L1: 0.447965 | L2: 0.440245 | L3: 0.440032 | lrm: 1.00 | dt: 2584.34ms | tok/sec: 202,871 | mfu: 44.60 | epoch: 1 | total time: 13.34m
step 00320 (35.03%) | K: 3 | loss: 0.887699 | L1: 0.447715 | L2: 0.440081 | L3: 0.439887 | lrm: 1.00 | dt: 2593.98ms | tok/sec: 202,116 | mfu: 44.44 | epoch: 1 | total time: 13.38m
step 00321 (35.14%) | K: 3 | loss: 0.891916 | L1: 0.449864 | L2: 0.442151 | L3: 0.441953 | lrm: 1.00 | dt: 2594.86ms | tok/sec: 202,048 | mfu: 44.42 | epoch: 1 | total time: 13.42m
step 00322 (35.25%) | K: 3 | loss: 0.894131 | L1: 0.450931 | L2: 0.443292 | L3: 0.443108 | lrm: 1.00 | dt: 2595.08ms | tok/sec: 202,031 | mfu: 44.42 | epoch: 1 | total time: 13.47m
step 00323 (35.36%) | K: 3 | loss: 0.887361 | L1: 0.447537 | L2: 0.439909 | L3: 0.439739 | lrm: 1.00 | dt: 2597.66ms | tok/sec: 201,830 | mfu: 44.38 | epoch: 1 | total time: 13.51m
step 00324 (35.46%) | K: 3 | loss: 0.890014 | L1: 0.448869 | L2: 0.441235 | L3: 0.441055 | lrm: 1.00 | dt: 2593.05ms | tok/sec: 202,189 | mfu: 44.46 | epoch: 1 | total time: 13.55m
step 00325 (35.58%) | K: 3 | loss: 0.882512 | L1: 0.445102 | L2: 0.437498 | L3: 0.437322 | lrm: 1.00 | dt: 2591.15ms | tok/sec: 202,338 | mfu: 44.49 | epoch: 1 | total time: 13.60m
step 00326 (35.69%) | K: 3 | loss: 0.885799 | L1: 0.446755 | L2: 0.439131 | L3: 0.438956 | lrm: 1.00 | dt: 2589.62ms | tok/sec: 202,457 | mfu: 44.51 | epoch: 1 | total time: 13.64m
step 00327 (35.80%) | K: 3 | loss: 0.882740 | L1: 0.445232 | L2: 0.437597 | L3: 0.437418 | lrm: 1.00 | dt: 2597.06ms | tok/sec: 201,877 | mfu: 44.39 | epoch: 1 | total time: 13.68m
step 00328 (35.90%) | K: 3 | loss: 0.883369 | L1: 0.445540 | L2: 0.437926 | L3: 0.437732 | lrm: 1.00 | dt: 2584.45ms | tok/sec: 202,862 | mfu: 44.60 | epoch: 1 | total time: 13.73m
step 00329 (36.01%) | K: 3 | loss: 0.880076 | L1: 0.443892 | L2: 0.436289 | L3: 0.436080 | lrm: 1.00 | dt: 2594.25ms | tok/sec: 202,095 | mfu: 44.43 | epoch: 1 | total time: 13.77m
step 00330 (36.12%) | K: 3 | loss: 0.877934 | L1: 0.442825 | L2: 0.435215 | L3: 0.435004 | lrm: 1.00 | dt: 2590.62ms | tok/sec: 202,379 | mfu: 44.50 | epoch: 1 | total time: 13.81m
step 00331 (36.23%) | K: 3 | loss: 0.879201 | L1: 0.443428 | L2: 0.435878 | L3: 0.435667 | lrm: 1.00 | dt: 2588.09ms | tok/sec: 202,576 | mfu: 44.54 | epoch: 1 | total time: 13.85m
step 00332 (36.34%) | K: 3 | loss: 0.875477 | L1: 0.441537 | L2: 0.434043 | L3: 0.433837 | lrm: 1.00 | dt: 2599.33ms | tok/sec: 201,701 | mfu: 44.35 | epoch: 1 | total time: 13.90m
step 00333 (36.45%) | K: 3 | loss: 0.869181 | L1: 0.438410 | L2: 0.430868 | L3: 0.430675 | lrm: 1.00 | dt: 2589.59ms | tok/sec: 202,460 | mfu: 44.51 | epoch: 1 | total time: 13.94m
step 00334 (36.56%) | K: 3 | loss: 0.872573 | L1: 0.440145 | L2: 0.432523 | L3: 0.432333 | lrm: 1.00 | dt: 2589.81ms | tok/sec: 202,442 | mfu: 44.51 | epoch: 1 | total time: 13.98m
step 00335 (36.67%) | K: 3 | loss: 0.875915 | L1: 0.441855 | L2: 0.434151 | L3: 0.433969 | lrm: 1.00 | dt: 2600.10ms | tok/sec: 201,641 | mfu: 44.33 | epoch: 1 | total time: 14.03m
step 00336 (36.77%) | K: 3 | loss: 0.884853 | L1: 0.446331 | L2: 0.438614 | L3: 0.438431 | lrm: 1.00 | dt: 2595.59ms | tok/sec: 201,992 | mfu: 44.41 | epoch: 1 | total time: 14.07m
step 00337 (36.88%) | K: 3 | loss: 0.892152 | L1: 0.449974 | L2: 0.442261 | L3: 0.442095 | lrm: 1.00 | dt: 2587.11ms | tok/sec: 202,653 | mfu: 44.56 | epoch: 1 | total time: 14.11m
step 00338 (37.00%) | K: 3 | loss: 0.886842 | L1: 0.447280 | L2: 0.439644 | L3: 0.439480 | lrm: 1.00 | dt: 2592.69ms | tok/sec: 202,217 | mfu: 44.46 | epoch: 1 | total time: 14.16m
step 00339 (37.10%) | K: 3 | loss: 0.888713 | L1: 0.448209 | L2: 0.440587 | L3: 0.440421 | lrm: 1.00 | dt: 2597.87ms | tok/sec: 201,814 | mfu: 44.37 | epoch: 1 | total time: 14.20m
step 00340 (37.21%) | K: 3 | loss: 0.889931 | L1: 0.448842 | L2: 0.441172 | L3: 0.441007 | lrm: 1.00 | dt: 2594.21ms | tok/sec: 202,099 | mfu: 44.44 | epoch: 1 | total time: 14.24m
step 00341 (37.31%) | K: 3 | loss: 0.883796 | L1: 0.445741 | L2: 0.438147 | L3: 0.437962 | lrm: 1.00 | dt: 2589.14ms | tok/sec: 202,494 | mfu: 44.52 | epoch: 1 | total time: 14.29m
step 00342 (37.42%) | K: 3 | loss: 0.883889 | L1: 0.445789 | L2: 0.438183 | L3: 0.438017 | lrm: 1.00 | dt: 2595.50ms | tok/sec: 201,998 | mfu: 44.41 | epoch: 1 | total time: 14.33m
step 00343 (37.53%) | K: 3 | loss: 0.880689 | L1: 0.444115 | L2: 0.436651 | L3: 0.436499 | lrm: 1.00 | dt: 2597.51ms | tok/sec: 201,842 | mfu: 44.38 | epoch: 1 | total time: 14.37m
step 00344 (37.64%) | K: 3 | loss: 0.879698 | L1: 0.443671 | L2: 0.436106 | L3: 0.435948 | lrm: 1.00 | dt: 2587.78ms | tok/sec: 202,601 | mfu: 44.55 | epoch: 1 | total time: 14.42m
step 00345 (37.75%) | K: 3 | loss: 0.872162 | L1: 0.439884 | L2: 0.432354 | L3: 0.432202 | lrm: 1.00 | dt: 2598.45ms | tok/sec: 201,769 | mfu: 44.36 | epoch: 1 | total time: 14.46m
step 00346 (37.85%) | K: 3 | loss: 0.868637 | L1: 0.438127 | L2: 0.430590 | L3: 0.430430 | lrm: 1.00 | dt: 2592.77ms | tok/sec: 202,211 | mfu: 44.46 | epoch: 1 | total time: 14.50m
step 00347 (37.96%) | K: 3 | loss: 0.867851 | L1: 0.437737 | L2: 0.430200 | L3: 0.430029 | lrm: 1.00 | dt: 2593.85ms | tok/sec: 202,127 | mfu: 44.44 | epoch: 1 | total time: 14.55m
step 00348 (38.07%) | K: 3 | loss: 0.867777 | L1: 0.437659 | L2: 0.430206 | L3: 0.430030 | lrm: 1.00 | dt: 2592.58ms | tok/sec: 202,225 | mfu: 44.46 | epoch: 1 | total time: 14.59m
step 00349 (38.19%) | K: 3 | loss: 0.869042 | L1: 0.438367 | L2: 0.430774 | L3: 0.430576 | lrm: 1.00 | dt: 2596.49ms | tok/sec: 201,921 | mfu: 44.40 | epoch: 1 | total time: 14.63m
step 00350 (38.30%) | K: 3 | loss: 0.868502 | L1: 0.438067 | L2: 0.430534 | L3: 0.430337 | lrm: 1.00 | dt: 2592.57ms | tok/sec: 202,227 | mfu: 44.46 | epoch: 1 | total time: 14.68m
step 00351 (38.41%) | K: 3 | loss: 0.868953 | L1: 0.438314 | L2: 0.430731 | L3: 0.430547 | lrm: 1.00 | dt: 2595.62ms | tok/sec: 201,989 | mfu: 44.41 | epoch: 1 | total time: 14.72m
step 00352 (38.52%) | K: 3 | loss: 0.869212 | L1: 0.438457 | L2: 0.430845 | L3: 0.430665 | lrm: 1.00 | dt: 2592.70ms | tok/sec: 202,217 | mfu: 44.46 | epoch: 1 | total time: 14.76m
step 00353 (38.62%) | K: 3 | loss: 0.864206 | L1: 0.435952 | L2: 0.428354 | L3: 0.428155 | lrm: 1.00 | dt: 2596.41ms | tok/sec: 201,928 | mfu: 44.40 | epoch: 1 | total time: 14.81m
step 00354 (38.73%) | K: 3 | loss: 0.869540 | L1: 0.438577 | L2: 0.431066 | L3: 0.430861 | lrm: 1.00 | dt: 2591.04ms | tok/sec: 202,346 | mfu: 44.49 | epoch: 1 | total time: 14.85m
step 00355 (38.84%) | K: 3 | loss: 0.874107 | L1: 0.440835 | L2: 0.433367 | L3: 0.433177 | lrm: 1.00 | dt: 2594.34ms | tok/sec: 202,088 | mfu: 44.43 | epoch: 1 | total time: 14.89m
step 00356 (38.95%) | K: 3 | loss: 0.870150 | L1: 0.438890 | L2: 0.431359 | L3: 0.431161 | lrm: 1.00 | dt: 2587.11ms | tok/sec: 202,653 | mfu: 44.56 | epoch: 1 | total time: 14.94m
step 00357 (39.05%) | K: 3 | loss: 0.868573 | L1: 0.438099 | L2: 0.430569 | L3: 0.430379 | lrm: 1.00 | dt: 2594.71ms | tok/sec: 202,060 | mfu: 44.43 | epoch: 1 | total time: 14.98m
step 00358 (39.16%) | K: 3 | loss: 0.868413 | L1: 0.437992 | L2: 0.430520 | L3: 0.430321 | lrm: 1.00 | dt: 2595.23ms | tok/sec: 202,019 | mfu: 44.42 | epoch: 1 | total time: 15.02m
step 00359 (39.28%) | K: 3 | loss: 0.865670 | L1: 0.436600 | L2: 0.429167 | L3: 0.428973 | lrm: 1.00 | dt: 2587.69ms | tok/sec: 202,608 | mfu: 44.55 | epoch: 1 | total time: 15.07m
step 00360 (39.39%) | K: 3 | loss: 0.866135 | L1: 0.436847 | L2: 0.429386 | L3: 0.429189 | lrm: 1.00 | dt: 2596.48ms | tok/sec: 201,922 | mfu: 44.40 | epoch: 1 | total time: 15.11m
step 00361 (39.50%) | K: 3 | loss: 0.865864 | L1: 0.436675 | L2: 0.429293 | L3: 0.429085 | lrm: 1.00 | dt: 2600.64ms | tok/sec: 201,599 | mfu: 44.33 | epoch: 1 | total time: 15.15m
step 00362 (39.61%) | K: 3 | loss: 0.864186 | L1: 0.435854 | L2: 0.428439 | L3: 0.428225 | lrm: 1.00 | dt: 2600.65ms | tok/sec: 201,598 | mfu: 44.32 | epoch: 1 | total time: 15.20m
step 00363 (39.71%) | K: 3 | loss: 0.863278 | L1: 0.435399 | L2: 0.427992 | L3: 0.427767 | lrm: 1.00 | dt: 2595.13ms | tok/sec: 202,027 | mfu: 44.42 | epoch: 1 | total time: 15.24m
step 00364 (39.82%) | K: 3 | loss: 0.866737 | L1: 0.437139 | L2: 0.429715 | L3: 0.429483 | lrm: 1.00 | dt: 2595.89ms | tok/sec: 201,968 | mfu: 44.41 | epoch: 1 | total time: 15.28m
step 00365 (39.94%) | K: 3 | loss: 0.862317 | L1: 0.434927 | L2: 0.427505 | L3: 0.427275 | lrm: 1.00 | dt: 2591.24ms | tok/sec: 202,330 | mfu: 44.49 | epoch: 1 | total time: 15.32m
step 00366 (40.04%) | K: 3 | loss: 0.866389 | L1: 0.437013 | L2: 0.429486 | L3: 0.429266 | lrm: 1.00 | dt: 2599.62ms | tok/sec: 201,678 | mfu: 44.34 | epoch: 1 | total time: 15.37m
step 00367 (40.15%) | K: 3 | loss: 0.867271 | L1: 0.437475 | L2: 0.429909 | L3: 0.429683 | lrm: 1.00 | dt: 2597.92ms | tok/sec: 201,810 | mfu: 44.37 | epoch: 1 | total time: 15.41m
step 00368 (40.26%) | K: 3 | loss: 0.865302 | L1: 0.436512 | L2: 0.428901 | L3: 0.428678 | lrm: 1.00 | dt: 2597.88ms | tok/sec: 201,813 | mfu: 44.37 | epoch: 1 | total time: 15.45m
step 00369 (40.37%) | K: 3 | loss: 0.868758 | L1: 0.438260 | L2: 0.430606 | L3: 0.430390 | lrm: 1.00 | dt: 2593.43ms | tok/sec: 202,160 | mfu: 44.45 | epoch: 1 | total time: 15.50m
step 00370 (40.48%) | K: 3 | loss: 0.863226 | L1: 0.435421 | L2: 0.427915 | L3: 0.427697 | lrm: 1.00 | dt: 2599.32ms | tok/sec: 201,702 | mfu: 44.35 | epoch: 1 | total time: 15.54m
step 00371 (40.59%) | K: 3 | loss: 0.857732 | L1: 0.432635 | L2: 0.425200 | L3: 0.424993 | lrm: 1.00 | dt: 2596.78ms | tok/sec: 201,899 | mfu: 44.39 | epoch: 1 | total time: 15.58m
step 00372 (40.70%) | K: 3 | loss: 0.855156 | L1: 0.431326 | L2: 0.423943 | L3: 0.423717 | lrm: 1.00 | dt: 2599.18ms | tok/sec: 201,712 | mfu: 44.35 | epoch: 1 | total time: 15.63m
step 00373 (40.82%) | K: 3 | loss: 0.858239 | L1: 0.432831 | L2: 0.425516 | L3: 0.425299 | lrm: 1.00 | dt: 2594.29ms | tok/sec: 202,093 | mfu: 44.43 | epoch: 1 | total time: 15.67m
step 00374 (40.93%) | K: 3 | loss: 0.858049 | L1: 0.432752 | L2: 0.425408 | L3: 0.425186 | lrm: 1.00 | dt: 2597.86ms | tok/sec: 201,815 | mfu: 44.37 | epoch: 1 | total time: 15.71m
step 00375 (41.04%) | K: 3 | loss: 0.857382 | L1: 0.432457 | L2: 0.425036 | L3: 0.424814 | lrm: 1.00 | dt: 2587.81ms | tok/sec: 202,598 | mfu: 44.54 | epoch: 1 | total time: 15.76m
step 00376 (41.14%) | K: 3 | loss: 0.859495 | L1: 0.433545 | L2: 0.426060 | L3: 0.425840 | lrm: 1.00 | dt: 2594.68ms | tok/sec: 202,062 | mfu: 44.43 | epoch: 1 | total time: 15.80m
step 00377 (41.24%) | K: 3 | loss: 0.864676 | L1: 0.436143 | L2: 0.428636 | L3: 0.428429 | lrm: 1.00 | dt: 2596.75ms | tok/sec: 201,901 | mfu: 44.39 | epoch: 1 | total time: 15.84m
step 00378 (41.35%) | K: 3 | loss: 0.860048 | L1: 0.433859 | L2: 0.426294 | L3: 0.426083 | lrm: 1.00 | dt: 2598.57ms | tok/sec: 201,760 | mfu: 44.36 | epoch: 1 | total time: 15.89m
step 00379 (41.46%) | K: 3 | loss: 0.859384 | L1: 0.433547 | L2: 0.425950 | L3: 0.425724 | lrm: 1.00 | dt: 2587.56ms | tok/sec: 202,618 | mfu: 44.55 | epoch: 1 | total time: 15.93m
step 00380 (41.56%) | K: 3 | loss: 0.853731 | L1: 0.430723 | L2: 0.423122 | L3: 0.422893 | lrm: 1.00 | dt: 2594.82ms | tok/sec: 202,051 | mfu: 44.42 | epoch: 1 | total time: 15.97m
step 00381 (41.68%) | K: 3 | loss: 0.856294 | L1: 0.431951 | L2: 0.424452 | L3: 0.424235 | lrm: 1.00 | dt: 2586.11ms | tok/sec: 202,732 | mfu: 44.57 | epoch: 1 | total time: 16.02m
step 00382 (41.79%) | K: 3 | loss: 0.851195 | L1: 0.429435 | L2: 0.421877 | L3: 0.421643 | lrm: 1.00 | dt: 2592.09ms | tok/sec: 202,264 | mfu: 44.47 | epoch: 1 | total time: 16.06m
step 00383 (41.90%) | K: 3 | loss: 0.856716 | L1: 0.432149 | L2: 0.424678 | L3: 0.424456 | lrm: 1.00 | dt: 2585.64ms | tok/sec: 202,769 | mfu: 44.58 | epoch: 1 | total time: 16.10m
step 00384 (42.01%) | K: 3 | loss: 0.856940 | L1: 0.432274 | L2: 0.424779 | L3: 0.424554 | lrm: 1.00 | dt: 2596.98ms | tok/sec: 201,883 | mfu: 44.39 | epoch: 1 | total time: 16.15m
step 00385 (42.12%) | K: 3 | loss: 0.852354 | L1: 0.429926 | L2: 0.422533 | L3: 0.422322 | lrm: 1.00 | dt: 2596.26ms | tok/sec: 201,939 | mfu: 44.40 | epoch: 1 | total time: 16.19m
step 00386 (42.23%) | K: 3 | loss: 0.853330 | L1: 0.430420 | L2: 0.423005 | L3: 0.422815 | lrm: 1.00 | dt: 2593.85ms | tok/sec: 202,127 | mfu: 44.44 | epoch: 1 | total time: 16.23m
step 00387 (42.35%) | K: 3 | loss: 0.851282 | L1: 0.429411 | L2: 0.421968 | L3: 0.421773 | lrm: 1.00 | dt: 2592.38ms | tok/sec: 202,242 | mfu: 44.47 | epoch: 1 | total time: 16.28m
step 00388 (42.46%) | K: 3 | loss: 0.856552 | L1: 0.432040 | L2: 0.424610 | L3: 0.424416 | lrm: 1.00 | dt: 2593.60ms | tok/sec: 202,146 | mfu: 44.45 | epoch: 1 | total time: 16.32m
step 00389 (42.56%) | K: 3 | loss: 0.847887 | L1: 0.427711 | L2: 0.420275 | L3: 0.420078 | lrm: 1.00 | dt: 2597.41ms | tok/sec: 201,850 | mfu: 44.38 | epoch: 1 | total time: 16.36m
step 00390 (42.67%) | K: 3 | loss: 0.849611 | L1: 0.428573 | L2: 0.421138 | L3: 0.420940 | lrm: 1.00 | dt: 2595.08ms | tok/sec: 202,031 | mfu: 44.42 | epoch: 1 | total time: 16.41m
step 00391 (42.79%) | K: 3 | loss: 0.847752 | L1: 0.427701 | L2: 0.420154 | L3: 0.419949 | lrm: 1.00 | dt: 2587.46ms | tok/sec: 202,626 | mfu: 44.55 | epoch: 1 | total time: 16.45m
step 00392 (42.90%) | K: 3 | loss: 0.843548 | L1: 0.425594 | L2: 0.418062 | L3: 0.417846 | lrm: 1.00 | dt: 2598.91ms | tok/sec: 201,733 | mfu: 44.35 | epoch: 1 | total time: 16.49m
step 00393 (43.01%) | K: 3 | loss: 0.844039 | L1: 0.425810 | L2: 0.418342 | L3: 0.418116 | lrm: 1.00 | dt: 2594.68ms | tok/sec: 202,063 | mfu: 44.43 | epoch: 1 | total time: 16.54m
step 00394 (43.12%) | K: 3 | loss: 0.845131 | L1: 0.426411 | L2: 0.418837 | L3: 0.418603 | lrm: 1.00 | dt: 2589.62ms | tok/sec: 202,457 | mfu: 44.51 | epoch: 1 | total time: 16.58m
step 00395 (43.23%) | K: 3 | loss: 0.839203 | L1: 0.423421 | L2: 0.415900 | L3: 0.415664 | lrm: 1.00 | dt: 2590.66ms | tok/sec: 202,376 | mfu: 44.50 | epoch: 1 | total time: 16.62m
step 00396 (43.34%) | K: 3 | loss: 0.833356 | L1: 0.420491 | L2: 0.412980 | L3: 0.412751 | lrm: 1.00 | dt: 2597.52ms | tok/sec: 201,841 | mfu: 44.38 | epoch: 1 | total time: 16.67m
step 00397 (43.45%) | K: 3 | loss: 0.835282 | L1: 0.421452 | L2: 0.413940 | L3: 0.413720 | lrm: 1.00 | dt: 2599.05ms | tok/sec: 201,723 | mfu: 44.35 | epoch: 1 | total time: 16.71m
step 00398 (43.56%) | K: 3 | loss: 0.839001 | L1: 0.423393 | L2: 0.415720 | L3: 0.415496 | lrm: 1.00 | dt: 2591.26ms | tok/sec: 202,329 | mfu: 44.49 | epoch: 1 | total time: 16.75m
step 00399 (43.67%) | K: 3 | loss: 0.838167 | L1: 0.422948 | L2: 0.415323 | L3: 0.415115 | lrm: 1.00 | dt: 2587.45ms | tok/sec: 202,626 | mfu: 44.55 | epoch: 1 | total time: 16.79m
step 00400 (43.78%) | K: 3 | loss: 0.835464 | L1: 0.421559 | L2: 0.414012 | L3: 0.413798 | lrm: 1.00 | dt: 2595.81ms | tok/sec: 201,975 | mfu: 44.41 | epoch: 1 | total time: 16.84m
Step 00400 | Validation L1 bpb: 0.2268 | L2 bpb: 0.2228 | L3 bpb: 0.2227
step 00401 (43.89%) | K: 3 | loss: 0.833803 | L1: 0.420709 | L2: 0.413198 | L3: 0.412991 | lrm: 1.00 | dt: 2589.50ms | tok/sec: 202,466 | mfu: 44.52 | epoch: 1 | total time: 16.88m
step 00402 (43.99%) | K: 3 | loss: 0.835199 | L1: 0.421402 | L2: 0.413908 | L3: 0.413686 | lrm: 1.00 | dt: 2589.38ms | tok/sec: 202,476 | mfu: 44.52 | epoch: 1 | total time: 16.92m
step 00403 (44.10%) | K: 3 | loss: 0.832060 | L1: 0.419840 | L2: 0.412337 | L3: 0.412103 | lrm: 1.00 | dt: 2594.83ms | tok/sec: 202,050 | mfu: 44.42 | epoch: 1 | total time: 16.97m
step 00404 (44.22%) | K: 3 | loss: 0.830151 | L1: 0.418888 | L2: 0.411378 | L3: 0.411148 | lrm: 1.00 | dt: 2586.14ms | tok/sec: 202,730 | mfu: 44.57 | epoch: 1 | total time: 17.01m
step 00405 (44.34%) | K: 3 | loss: 0.830721 | L1: 0.419193 | L2: 0.411642 | L3: 0.411412 | lrm: 1.00 | dt: 2594.79ms | tok/sec: 202,053 | mfu: 44.43 | epoch: 1 | total time: 17.05m
step 00406 (44.45%) | K: 3 | loss: 0.834060 | L1: 0.420836 | L2: 0.413338 | L3: 0.413109 | lrm: 1.00 | dt: 2591.23ms | tok/sec: 202,331 | mfu: 44.49 | epoch: 1 | total time: 17.10m
step 00407 (44.56%) | K: 3 | loss: 0.838374 | L1: 0.422967 | L2: 0.415526 | L3: 0.415288 | lrm: 1.00 | dt: 2593.45ms | tok/sec: 202,158 | mfu: 44.45 | epoch: 1 | total time: 17.14m
step 00408 (44.66%) | K: 3 | loss: 0.835501 | L1: 0.421540 | L2: 0.414083 | L3: 0.413838 | lrm: 1.00 | dt: 2593.30ms | tok/sec: 202,170 | mfu: 44.45 | epoch: 1 | total time: 17.18m
step 00409 (44.77%) | K: 3 | loss: 0.833205 | L1: 0.420431 | L2: 0.412891 | L3: 0.412657 | lrm: 1.00 | dt: 2587.84ms | tok/sec: 202,596 | mfu: 44.54 | epoch: 1 | total time: 17.23m
step 00410 (44.88%) | K: 3 | loss: 0.837117 | L1: 0.422390 | L2: 0.414841 | L3: 0.414613 | lrm: 1.00 | dt: 2593.24ms | tok/sec: 202,175 | mfu: 44.45 | epoch: 1 | total time: 17.27m
step 00411 (44.98%) | K: 3 | loss: 0.834805 | L1: 0.421256 | L2: 0.413675 | L3: 0.413424 | lrm: 1.00 | dt: 2584.30ms | tok/sec: 202,874 | mfu: 44.61 | epoch: 1 | total time: 17.31m
step 00412 (45.09%) | K: 3 | loss: 0.834703 | L1: 0.421218 | L2: 0.413608 | L3: 0.413362 | lrm: 1.00 | dt: 2598.71ms | tok/sec: 201,749 | mfu: 44.36 | epoch: 1 | total time: 17.36m
step 00413 (45.20%) | K: 3 | loss: 0.828957 | L1: 0.418360 | L2: 0.410722 | L3: 0.410472 | lrm: 1.00 | dt: 2596.22ms | tok/sec: 201,943 | mfu: 44.40 | epoch: 1 | total time: 17.40m
step 00414 (45.30%) | K: 3 | loss: 0.829235 | L1: 0.418491 | L2: 0.410870 | L3: 0.410619 | lrm: 1.00 | dt: 2592.46ms | tok/sec: 202,235 | mfu: 44.47 | epoch: 1 | total time: 17.44m
step 00415 (45.42%) | K: 3 | loss: 0.833748 | L1: 0.420788 | L2: 0.413078 | L3: 0.412843 | lrm: 1.00 | dt: 2598.24ms | tok/sec: 201,785 | mfu: 44.37 | epoch: 1 | total time: 17.49m
step 00416 (45.53%) | K: 3 | loss: 0.835436 | L1: 0.421681 | L2: 0.413877 | L3: 0.413634 | lrm: 1.00 | dt: 2592.32ms | tok/sec: 202,246 | mfu: 44.47 | epoch: 1 | total time: 17.53m
step 00417 (45.65%) | K: 3 | loss: 0.831365 | L1: 0.419571 | L2: 0.411919 | L3: 0.411669 | lrm: 1.00 | dt: 2594.32ms | tok/sec: 202,090 | mfu: 44.43 | epoch: 1 | total time: 17.57m
step 00418 (45.77%) | K: 3 | loss: 0.832199 | L1: 0.419989 | L2: 0.412328 | L3: 0.412090 | lrm: 1.00 | dt: 2602.00ms | tok/sec: 201,494 | mfu: 44.30 | epoch: 1 | total time: 17.62m
step 00419 (45.88%) | K: 3 | loss: 0.832473 | L1: 0.420158 | L2: 0.412429 | L3: 0.412201 | lrm: 1.00 | dt: 2601.00ms | tok/sec: 201,571 | mfu: 44.32 | epoch: 1 | total time: 17.66m
step 00420 (45.99%) | K: 3 | loss: 0.830503 | L1: 0.419131 | L2: 0.411488 | L3: 0.411257 | lrm: 1.00 | dt: 2596.25ms | tok/sec: 201,940 | mfu: 44.40 | epoch: 1 | total time: 17.70m
step 00421 (46.10%) | K: 3 | loss: 0.828785 | L1: 0.418274 | L2: 0.410621 | L3: 0.410403 | lrm: 1.00 | dt: 2599.89ms | tok/sec: 201,657 | mfu: 44.34 | epoch: 1 | total time: 17.75m
step 00422 (46.21%) | K: 3 | loss: 0.825643 | L1: 0.416675 | L2: 0.409078 | L3: 0.408857 | lrm: 1.00 | dt: 2594.82ms | tok/sec: 202,051 | mfu: 44.42 | epoch: 1 | total time: 17.79m
step 00423 (46.32%) | K: 3 | loss: 0.826527 | L1: 0.417058 | L2: 0.409576 | L3: 0.409361 | lrm: 1.00 | dt: 2595.28ms | tok/sec: 202,015 | mfu: 44.42 | epoch: 1 | total time: 17.83m
step 00424 (46.42%) | K: 3 | loss: 0.827616 | L1: 0.417547 | L2: 0.410170 | L3: 0.409966 | lrm: 1.00 | dt: 2588.33ms | tok/sec: 202,558 | mfu: 44.54 | epoch: 1 | total time: 17.88m
step 00425 (46.54%) | K: 3 | loss: 0.826904 | L1: 0.417173 | L2: 0.409838 | L3: 0.409623 | lrm: 1.00 | dt: 2595.45ms | tok/sec: 202,002 | mfu: 44.41 | epoch: 1 | total time: 17.92m
step 00426 (46.65%) | K: 3 | loss: 0.824931 | L1: 0.416223 | L2: 0.408823 | L3: 0.408594 | lrm: 1.00 | dt: 2600.57ms | tok/sec: 201,605 | mfu: 44.33 | epoch: 1 | total time: 17.96m
step 00427 (46.76%) | K: 3 | loss: 0.824965 | L1: 0.416221 | L2: 0.408855 | L3: 0.408633 | lrm: 1.00 | dt: 2596.78ms | tok/sec: 201,899 | mfu: 44.39 | epoch: 1 | total time: 18.01m
step 00428 (46.86%) | K: 3 | loss: 0.828608 | L1: 0.418067 | L2: 0.410651 | L3: 0.410431 | lrm: 1.00 | dt: 2595.53ms | tok/sec: 201,996 | mfu: 44.41 | epoch: 1 | total time: 18.05m
step 00429 (46.97%) | K: 3 | loss: 0.826731 | L1: 0.417074 | L2: 0.409769 | L3: 0.409546 | lrm: 1.00 | dt: 2594.96ms | tok/sec: 202,040 | mfu: 44.42 | epoch: 1 | total time: 18.09m
step 00430 (47.08%) | K: 3 | loss: 0.837027 | L1: 0.422206 | L2: 0.414934 | L3: 0.414710 | lrm: 1.00 | dt: 2596.54ms | tok/sec: 201,918 | mfu: 44.40 | epoch: 1 | total time: 18.14m
step 00431 (47.19%) | K: 3 | loss: 0.835242 | L1: 0.421263 | L2: 0.414090 | L3: 0.413868 | lrm: 1.00 | dt: 2592.50ms | tok/sec: 202,232 | mfu: 44.46 | epoch: 1 | total time: 18.18m
step 00432 (47.30%) | K: 3 | loss: 0.831745 | L1: 0.419564 | L2: 0.412293 | L3: 0.412069 | lrm: 1.00 | dt: 2591.38ms | tok/sec: 202,320 | mfu: 44.48 | epoch: 1 | total time: 18.22m
step 00433 (47.41%) | K: 3 | loss: 0.832463 | L1: 0.419944 | L2: 0.412625 | L3: 0.412413 | lrm: 1.00 | dt: 2584.55ms | tok/sec: 202,855 | mfu: 44.60 | epoch: 1 | total time: 18.26m
step 00434 (47.52%) | K: 3 | loss: 0.829410 | L1: 0.418389 | L2: 0.411121 | L3: 0.410920 | lrm: 1.00 | dt: 2590.82ms | tok/sec: 202,364 | mfu: 44.49 | epoch: 1 | total time: 18.31m
step 00435 (47.63%) | K: 3 | loss: 0.825274 | L1: 0.416316 | L2: 0.409055 | L3: 0.408861 | lrm: 1.00 | dt: 2589.06ms | tok/sec: 202,501 | mfu: 44.52 | epoch: 1 | total time: 18.35m
step 00436 (47.74%) | K: 3 | loss: 0.825954 | L1: 0.416687 | L2: 0.409370 | L3: 0.409164 | lrm: 1.00 | dt: 2580.39ms | tok/sec: 203,181 | mfu: 44.67 | epoch: 1 | total time: 18.39m
step 00437 (47.85%) | K: 3 | loss: 0.821193 | L1: 0.414341 | L2: 0.406948 | L3: 0.406756 | lrm: 1.00 | dt: 2593.18ms | tok/sec: 202,179 | mfu: 44.45 | epoch: 1 | total time: 18.44m
step 00438 (47.96%) | K: 3 | loss: 0.821162 | L1: 0.414366 | L2: 0.406890 | L3: 0.406702 | lrm: 1.00 | dt: 2581.11ms | tok/sec: 203,124 | mfu: 44.66 | epoch: 1 | total time: 18.48m
step 00439 (48.07%) | K: 3 | loss: 0.816684 | L1: 0.412169 | L2: 0.404620 | L3: 0.404411 | lrm: 1.00 | dt: 2593.34ms | tok/sec: 202,167 | mfu: 44.45 | epoch: 1 | total time: 18.52m
step 00440 (48.18%) | K: 3 | loss: 0.816439 | L1: 0.411992 | L2: 0.404548 | L3: 0.404346 | lrm: 1.00 | dt: 2583.32ms | tok/sec: 202,950 | mfu: 44.62 | epoch: 1 | total time: 18.57m
step 00441 (48.29%) | K: 3 | loss: 0.816744 | L1: 0.412168 | L2: 0.404687 | L3: 0.404465 | lrm: 1.00 | dt: 2590.81ms | tok/sec: 202,364 | mfu: 44.49 | epoch: 1 | total time: 18.61m
step 00442 (48.40%) | K: 3 | loss: 0.814259 | L1: 0.410936 | L2: 0.403439 | L3: 0.403208 | lrm: 1.00 | dt: 2592.89ms | tok/sec: 202,202 | mfu: 44.46 | epoch: 1 | total time: 18.65m
step 00443 (48.51%) | K: 3 | loss: 0.808229 | L1: 0.407898 | L2: 0.400438 | L3: 0.400225 | lrm: 1.00 | dt: 2596.49ms | tok/sec: 201,921 | mfu: 44.40 | epoch: 1 | total time: 18.70m
step 00444 (48.61%) | K: 3 | loss: 0.808499 | L1: 0.408070 | L2: 0.400548 | L3: 0.400311 | lrm: 1.00 | dt: 2594.60ms | tok/sec: 202,068 | mfu: 44.43 | epoch: 1 | total time: 18.74m
step 00445 (48.72%) | K: 3 | loss: 0.814027 | L1: 0.410812 | L2: 0.403328 | L3: 0.403102 | lrm: 1.00 | dt: 2594.22ms | tok/sec: 202,098 | mfu: 44.43 | epoch: 1 | total time: 18.78m
step 00446 (48.83%) | K: 3 | loss: 0.818185 | L1: 0.412903 | L2: 0.405402 | L3: 0.405162 | lrm: 1.00 | dt: 2588.08ms | tok/sec: 202,577 | mfu: 44.54 | epoch: 1 | total time: 18.83m
step 00447 (48.94%) | K: 3 | loss: 0.818631 | L1: 0.413096 | L2: 0.405653 | L3: 0.405418 | lrm: 1.00 | dt: 2594.66ms | tok/sec: 202,064 | mfu: 44.43 | epoch: 1 | total time: 18.87m
step 00448 (49.05%) | K: 3 | loss: 0.822707 | L1: 0.415102 | L2: 0.407717 | L3: 0.407494 | lrm: 1.00 | dt: 2587.30ms | tok/sec: 202,639 | mfu: 44.55 | epoch: 1 | total time: 18.91m
step 00449 (49.16%) | K: 3 | loss: 0.820478 | L1: 0.413989 | L2: 0.406604 | L3: 0.406374 | lrm: 1.00 | dt: 2597.09ms | tok/sec: 201,875 | mfu: 44.39 | epoch: 1 | total time: 18.96m
step 00450 (49.27%) | K: 3 | loss: 0.822731 | L1: 0.415135 | L2: 0.407702 | L3: 0.407490 | lrm: 1.00 | dt: 2598.85ms | tok/sec: 201,738 | mfu: 44.36 | epoch: 1 | total time: 19.00m
step 00451 (49.38%) | K: 3 | loss: 0.823609 | L1: 0.415609 | L2: 0.408115 | L3: 0.407886 | lrm: 1.00 | dt: 2597.79ms | tok/sec: 201,820 | mfu: 44.37 | epoch: 1 | total time: 19.04m
step 00452 (49.50%) | K: 3 | loss: 0.815180 | L1: 0.411379 | L2: 0.403909 | L3: 0.403694 | lrm: 1.00 | dt: 2597.27ms | tok/sec: 201,861 | mfu: 44.38 | epoch: 1 | total time: 19.09m
step 00453 (49.61%) | K: 3 | loss: 0.812692 | L1: 0.410155 | L2: 0.402651 | L3: 0.402423 | lrm: 1.00 | dt: 2599.87ms | tok/sec: 201,659 | mfu: 44.34 | epoch: 1 | total time: 19.13m
step 00454 (49.72%) | K: 3 | loss: 0.812829 | L1: 0.410199 | L2: 0.402742 | L3: 0.402517 | lrm: 1.00 | dt: 2593.38ms | tok/sec: 202,163 | mfu: 44.45 | epoch: 1 | total time: 19.17m
step 00455 (49.84%) | K: 3 | loss: 0.813725 | L1: 0.410666 | L2: 0.403179 | L3: 0.402939 | lrm: 1.00 | dt: 2599.07ms | tok/sec: 201,721 | mfu: 44.35 | epoch: 1 | total time: 19.22m
step 00456 (49.94%) | K: 3 | loss: 0.812336 | L1: 0.409947 | L2: 0.402510 | L3: 0.402269 | lrm: 1.00 | dt: 2592.11ms | tok/sec: 202,262 | mfu: 44.47 | epoch: 1 | total time: 19.26m
step 00457 (50.05%) | K: 3 | loss: 0.816650 | L1: 0.412128 | L2: 0.404647 | L3: 0.404398 | lrm: 1.00 | dt: 2594.99ms | tok/sec: 202,038 | mfu: 44.42 | epoch: 1 | total time: 19.30m
step 00458 (50.17%) | K: 3 | loss: 0.819106 | L1: 0.413404 | L2: 0.405816 | L3: 0.405589 | lrm: 1.00 | dt: 2599.19ms | tok/sec: 201,711 | mfu: 44.35 | epoch: 1 | total time: 19.35m
step 00459 (50.28%) | K: 3 | loss: 0.816523 | L1: 0.412092 | L2: 0.404552 | L3: 0.404311 | lrm: 0.99 | dt: 2599.25ms | tok/sec: 201,707 | mfu: 44.35 | epoch: 1 | total time: 19.39m
step 00460 (50.39%) | K: 3 | loss: 0.817600 | L1: 0.412637 | L2: 0.405086 | L3: 0.404840 | lrm: 0.99 | dt: 2593.15ms | tok/sec: 202,181 | mfu: 44.45 | epoch: 1 | total time: 19.43m
step 00461 (50.50%) | K: 3 | loss: 0.818910 | L1: 0.413285 | L2: 0.405744 | L3: 0.405505 | lrm: 0.99 | dt: 2596.79ms | tok/sec: 201,898 | mfu: 44.39 | epoch: 1 | total time: 19.47m
step 00462 (50.61%) | K: 3 | loss: 0.821302 | L1: 0.414469 | L2: 0.406957 | L3: 0.406710 | lrm: 0.99 | dt: 2599.30ms | tok/sec: 201,703 | mfu: 44.35 | epoch: 1 | total time: 19.52m
step 00463 (50.73%) | K: 3 | loss: 0.819896 | L1: 0.413742 | L2: 0.406269 | L3: 0.406038 | lrm: 0.99 | dt: 2592.12ms | tok/sec: 202,262 | mfu: 44.47 | epoch: 1 | total time: 19.56m
step 00464 (50.83%) | K: 3 | loss: 0.821127 | L1: 0.414409 | L2: 0.406835 | L3: 0.406602 | lrm: 0.98 | dt: 2598.95ms | tok/sec: 201,730 | mfu: 44.35 | epoch: 1 | total time: 19.60m
step 00465 (50.94%) | K: 3 | loss: 0.821410 | L1: 0.414494 | L2: 0.407025 | L3: 0.406807 | lrm: 0.98 | dt: 2590.80ms | tok/sec: 202,365 | mfu: 44.49 | epoch: 1 | total time: 19.65m
step 00466 (51.05%) | K: 3 | loss: 0.823125 | L1: 0.415386 | L2: 0.407844 | L3: 0.407634 | lrm: 0.98 | dt: 2599.89ms | tok/sec: 201,657 | mfu: 44.34 | epoch: 1 | total time: 19.69m
step 00467 (51.16%) | K: 3 | loss: 0.817390 | L1: 0.412465 | L2: 0.405028 | L3: 0.404823 | lrm: 0.98 | dt: 2596.90ms | tok/sec: 201,890 | mfu: 44.39 | epoch: 1 | total time: 19.73m
step 00468 (51.27%) | K: 3 | loss: 0.821651 | L1: 0.414605 | L2: 0.407156 | L3: 0.406936 | lrm: 0.97 | dt: 2585.05ms | tok/sec: 202,815 | mfu: 44.59 | epoch: 1 | total time: 19.78m
step 00469 (51.39%) | K: 3 | loss: 0.815786 | L1: 0.411664 | L2: 0.404230 | L3: 0.404013 | lrm: 0.97 | dt: 2591.83ms | tok/sec: 202,285 | mfu: 44.48 | epoch: 1 | total time: 19.82m
step 00470 (51.50%) | K: 3 | loss: 0.818337 | L1: 0.412922 | L2: 0.405517 | L3: 0.405311 | lrm: 0.97 | dt: 2592.48ms | tok/sec: 202,234 | mfu: 44.46 | epoch: 1 | total time: 19.86m
step 00471 (51.61%) | K: 3 | loss: 0.818049 | L1: 0.412798 | L2: 0.405349 | L3: 0.405151 | lrm: 0.97 | dt: 2589.34ms | tok/sec: 202,479 | mfu: 44.52 | epoch: 1 | total time: 19.91m
step 00472 (51.72%) | K: 3 | loss: 0.821847 | L1: 0.414777 | L2: 0.407173 | L3: 0.406966 | lrm: 0.97 | dt: 2589.76ms | tok/sec: 202,446 | mfu: 44.51 | epoch: 1 | total time: 19.95m
step 00473 (51.83%) | K: 3 | loss: 0.819450 | L1: 0.413530 | L2: 0.406020 | L3: 0.405819 | lrm: 0.96 | dt: 2596.18ms | tok/sec: 201,946 | mfu: 44.40 | epoch: 1 | total time: 19.99m
step 00474 (51.95%) | K: 3 | loss: 0.815846 | L1: 0.411775 | L2: 0.404171 | L3: 0.403971 | lrm: 0.96 | dt: 2590.08ms | tok/sec: 202,421 | mfu: 44.51 | epoch: 1 | total time: 20.04m
step 00475 (52.05%) | K: 3 | loss: 0.816559 | L1: 0.412150 | L2: 0.404510 | L3: 0.404310 | lrm: 0.96 | dt: 2579.82ms | tok/sec: 203,226 | mfu: 44.68 | epoch: 1 | total time: 20.08m
step 00476 (52.17%) | K: 3 | loss: 0.819329 | L1: 0.413536 | L2: 0.405893 | L3: 0.405692 | lrm: 0.96 | dt: 2586.18ms | tok/sec: 202,726 | mfu: 44.57 | epoch: 1 | total time: 20.12m
step 00477 (52.28%) | K: 3 | loss: 0.819404 | L1: 0.413550 | L2: 0.405949 | L3: 0.405760 | lrm: 0.95 | dt: 2593.46ms | tok/sec: 202,157 | mfu: 44.45 | epoch: 1 | total time: 20.17m
step 00478 (52.39%) | K: 3 | loss: 0.818548 | L1: 0.413117 | L2: 0.405537 | L3: 0.405324 | lrm: 0.95 | dt: 2586.98ms | tok/sec: 202,664 | mfu: 44.56 | epoch: 1 | total time: 20.21m
step 00479 (52.50%) | K: 3 | loss: 0.817513 | L1: 0.412585 | L2: 0.405035 | L3: 0.404821 | lrm: 0.95 | dt: 2592.31ms | tok/sec: 202,247 | mfu: 44.47 | epoch: 1 | total time: 20.25m
step 00480 (52.61%) | K: 3 | loss: 0.819247 | L1: 0.413514 | L2: 0.405845 | L3: 0.405621 | lrm: 0.95 | dt: 2593.93ms | tok/sec: 202,121 | mfu: 44.44 | epoch: 1 | total time: 20.30m
step 00481 (52.72%) | K: 3 | loss: 0.820867 | L1: 0.414331 | L2: 0.406652 | L3: 0.406420 | lrm: 0.95 | dt: 2592.36ms | tok/sec: 202,243 | mfu: 44.47 | epoch: 1 | total time: 20.34m
step 00482 (52.84%) | K: 3 | loss: 0.818343 | L1: 0.413016 | L2: 0.405441 | L3: 0.405214 | lrm: 0.94 | dt: 2588.88ms | tok/sec: 202,515 | mfu: 44.53 | epoch: 1 | total time: 20.38m
step 00483 (52.95%) | K: 3 | loss: 0.817079 | L1: 0.412366 | L2: 0.404825 | L3: 0.404602 | lrm: 0.94 | dt: 2589.03ms | tok/sec: 202,503 | mfu: 44.52 | epoch: 1 | total time: 20.43m
step 00484 (53.06%) | K: 3 | loss: 0.817584 | L1: 0.412594 | L2: 0.405100 | L3: 0.404879 | lrm: 0.94 | dt: 2592.40ms | tok/sec: 202,240 | mfu: 44.47 | epoch: 1 | total time: 20.47m
step 00485 (53.17%) | K: 3 | loss: 0.817506 | L1: 0.412520 | L2: 0.405101 | L3: 0.404869 | lrm: 0.94 | dt: 2588.32ms | tok/sec: 202,558 | mfu: 44.54 | epoch: 1 | total time: 20.51m
step 00486 (53.28%) | K: 3 | loss: 0.816975 | L1: 0.412234 | L2: 0.404849 | L3: 0.404633 | lrm: 0.93 | dt: 2588.91ms | tok/sec: 202,513 | mfu: 44.53 | epoch: 1 | total time: 20.55m
step 00487 (53.39%) | K: 3 | loss: 0.809972 | L1: 0.408731 | L2: 0.401344 | L3: 0.401138 | lrm: 0.93 | dt: 2584.86ms | tok/sec: 202,830 | mfu: 44.60 | epoch: 1 | total time: 20.60m
step 00488 (53.49%) | K: 3 | loss: 0.816296 | L1: 0.411913 | L2: 0.404494 | L3: 0.404271 | lrm: 0.93 | dt: 2593.71ms | tok/sec: 202,137 | mfu: 44.44 | epoch: 1 | total time: 20.64m
step 00489 (53.60%) | K: 3 | loss: 0.817083 | L1: 0.412284 | L2: 0.404910 | L3: 0.404687 | lrm: 0.93 | dt: 2595.08ms | tok/sec: 202,031 | mfu: 44.42 | epoch: 1 | total time: 20.68m
step 00490 (53.72%) | K: 3 | loss: 0.813670 | L1: 0.410535 | L2: 0.403241 | L3: 0.403029 | lrm: 0.93 | dt: 2588.30ms | tok/sec: 202,560 | mfu: 44.54 | epoch: 1 | total time: 20.73m
step 00491 (53.83%) | K: 3 | loss: 0.817944 | L1: 0.412721 | L2: 0.405327 | L3: 0.405118 | lrm: 0.92 | dt: 2592.90ms | tok/sec: 202,201 | mfu: 44.46 | epoch: 1 | total time: 20.77m
step 00492 (53.94%) | K: 3 | loss: 0.818738 | L1: 0.413109 | L2: 0.405732 | L3: 0.405527 | lrm: 0.92 | dt: 2583.45ms | tok/sec: 202,941 | mfu: 44.62 | epoch: 1 | total time: 20.81m
step 00493 (54.04%) | K: 3 | loss: 0.816644 | L1: 0.412062 | L2: 0.404680 | L3: 0.404485 | lrm: 0.92 | dt: 2597.18ms | tok/sec: 201,867 | mfu: 44.38 | epoch: 1 | total time: 20.86m
step 00494 (54.16%) | K: 3 | loss: 0.821332 | L1: 0.414369 | L2: 0.407067 | L3: 0.406860 | lrm: 0.92 | dt: 2594.46ms | tok/sec: 202,080 | mfu: 44.43 | epoch: 1 | total time: 20.90m
step 00495 (54.27%) | K: 3 | loss: 0.818835 | L1: 0.413127 | L2: 0.405812 | L3: 0.405606 | lrm: 0.91 | dt: 2583.84ms | tok/sec: 202,910 | mfu: 44.61 | epoch: 1 | total time: 20.94m
step 00496 (54.37%) | K: 3 | loss: 0.820150 | L1: 0.413810 | L2: 0.406450 | L3: 0.406230 | lrm: 0.91 | dt: 2580.98ms | tok/sec: 203,135 | mfu: 44.66 | epoch: 1 | total time: 20.99m
step 00497 (54.48%) | K: 3 | loss: 0.818265 | L1: 0.412953 | L2: 0.405423 | L3: 0.405202 | lrm: 0.91 | dt: 2595.65ms | tok/sec: 201,987 | mfu: 44.41 | epoch: 1 | total time: 21.03m
step 00498 (54.59%) | K: 3 | loss: 0.814884 | L1: 0.411270 | L2: 0.403723 | L3: 0.403505 | lrm: 0.91 | dt: 2596.85ms | tok/sec: 201,894 | mfu: 44.39 | epoch: 1 | total time: 21.07m
step 00499 (54.69%) | K: 3 | loss: 0.812839 | L1: 0.410249 | L2: 0.402699 | L3: 0.402482 | lrm: 0.91 | dt: 2591.67ms | tok/sec: 202,297 | mfu: 44.48 | epoch: 1 | total time: 21.12m
step 00500 (54.80%) | K: 3 | loss: 0.808990 | L1: 0.408353 | L2: 0.400749 | L3: 0.400524 | lrm: 0.90 | dt: 2594.23ms | tok/sec: 202,097 | mfu: 44.43 | epoch: 1 | total time: 21.16m
Step 00500 | Validation L1 bpb: 0.2166 | L2 bpb: 0.2127 | L3 bpb: 0.2126
2026-08-27 17:02:10,846 - nanochat.checkpoint_manager - [32m[1mINFO[0m - Saved optimizer state to: /home/jhu/xwang457/work/nanochat_cache/chatsft_checkpoints/d20-lf-k3-openmath-train1m/optim_000500_rank1.pt
2026-08-27 17:02:10,857 - nanochat.checkpoint_manager - [32m[1mINFO[0m - Saved optimizer state to: /home/jhu/xwang457/work/nanochat_cache/chatsft_checkpoints/d20-lf-k3-openmath-train1m/optim_000500_rank3.pt
2026-08-27 17:02:10,864 - nanochat.checkpoint_manager - [32m[1mINFO[0m - Saved optimizer state to: /home/jhu/xwang457/work/nanochat_cache/chatsft_checkpoints/d20-lf-k3-openmath-train1m/optim_000500_rank2.pt
2026-08-27 17:02:11,807 - nanochat.checkpoint_manager - [32m[1mINFO[0m - Saved model parameters to: /home/jhu/xwang457/work/nanochat_cache/chatsft_checkpoints/d20-lf-k3-openmath-train1m/model_000500.pt
2026-08-27 17:02:11,809 - nanochat.checkpoint_manager - [32m[1mINFO[0m - Saved metadata to: /home/jhu/xwang457/work/nanochat_cache/chatsft_checkpoints/d20-lf-k3-openmath-train1m/meta_000500.json
2026-08-27 17:02:12,326 - nanochat.checkpoint_manager - [32m[1mINFO[0m - Saved optimizer state to: /home/jhu/xwang457/work/nanochat_cache/chatsft_checkpoints/d20-lf-k3-openmath-train1m/optim_000500_rank0.pt
step 00501 (54.91%) | K: 3 | loss: 0.810786 | L1: 0.409224 | L2: 0.401668 | L3: 0.401458 | lrm: 0.90 | dt: 2566.21ms | tok/sec: 204,304 | mfu: 44.92 | epoch: 1 | total time: 21.20m
step 00502 (55.02%) | K: 3 | loss: 0.810716 | L1: 0.409183 | L2: 0.401644 | L3: 0.401424 | lrm: 0.90 | dt: 2588.91ms | tok/sec: 202,513 | mfu: 44.53 | epoch: 1 | total time: 21.25m
step 00503 (55.14%) | K: 3 | loss: 0.810662 | L1: 0.409137 | L2: 0.401642 | L3: 0.401407 | lrm: 0.90 | dt: 2604.23ms | tok/sec: 201,321 | mfu: 44.26 | epoch: 1 | total time: 21.29m
step 00504 (55.24%) | K: 3 | loss: 0.812144 | L1: 0.409908 | L2: 0.402354 | L3: 0.402117 | lrm: 0.90 | dt: 2593.76ms | tok/sec: 202,134 | mfu: 44.44 | epoch: 1 | total time: 21.33m
step 00505 (55.35%) | K: 3 | loss: 0.809525 | L1: 0.408643 | L2: 0.400997 | L3: 0.400767 | lrm: 0.89 | dt: 2602.24ms | tok/sec: 201,475 | mfu: 44.30 | epoch: 1 | total time: 21.38m
step 00506 (55.46%) | K: 3 | loss: 0.810310 | L1: 0.409016 | L2: 0.401406 | L3: 0.401182 | lrm: 0.89 | dt: 2592.52ms | tok/sec: 202,231 | mfu: 44.46 | epoch: 1 | total time: 21.42m
step 00507 (55.57%) | K: 3 | loss: 0.809180 | L1: 0.408440 | L2: 0.400847 | L3: 0.400633 | lrm: 0.89 | dt: 2588.89ms | tok/sec: 202,514 | mfu: 44.53 | epoch: 1 | total time: 21.46m
step 00508 (55.67%) | K: 3 | loss: 0.805629 | L1: 0.406659 | L2: 0.399077 | L3: 0.398863 | lrm: 0.89 | dt: 2595.17ms | tok/sec: 202,024 | mfu: 44.42 | epoch: 1 | total time: 21.50m
step 00509 (55.78%) | K: 3 | loss: 0.812109 | L1: 0.409914 | L2: 0.402304 | L3: 0.402086 | lrm: 0.88 | dt: 2588.14ms | tok/sec: 202,573 | mfu: 44.54 | epoch: 1 | total time: 21.55m
step 00510 (55.89%) | K: 3 | loss: 0.815455 | L1: 0.411627 | L2: 0.403940 | L3: 0.403716 | lrm: 0.88 | dt: 2589.52ms | tok/sec: 202,465 | mfu: 44.52 | epoch: 1 | total time: 21.59m
step 00511 (56.00%) | K: 3 | loss: 0.809665 | L1: 0.408689 | L2: 0.401085 | L3: 0.400867 | lrm: 0.88 | dt: 2587.46ms | tok/sec: 202,626 | mfu: 44.55 | epoch: 1 | total time: 21.63m
step 00512 (56.11%) | K: 3 | loss: 0.810893 | L1: 0.409305 | L2: 0.401690 | L3: 0.401484 | lrm: 0.88 | dt: 2595.50ms | tok/sec: 201,998 | mfu: 44.41 | epoch: 1 | total time: 21.68m
step 00513 (56.22%) | K: 3 | loss: 0.812543 | L1: 0.410085 | L2: 0.402561 | L3: 0.402354 | lrm: 0.88 | dt: 2590.52ms | tok/sec: 202,387 | mfu: 44.50 | epoch: 1 | total time: 21.72m
step 00514 (56.33%) | K: 3 | loss: 0.806875 | L1: 0.407257 | L2: 0.399720 | L3: 0.399515 | lrm: 0.87 | dt: 2590.65ms | tok/sec: 202,376 | mfu: 44.50 | epoch: 1 | total time: 21.76m
step 00515 (56.44%) | K: 3 | loss: 0.802431 | L1: 0.405041 | L2: 0.397489 | L3: 0.397290 | lrm: 0.87 | dt: 2595.09ms | tok/sec: 202,030 | mfu: 44.42 | epoch: 1 | total time: 21.81m
step 00516 (56.55%) | K: 3 | loss: 0.804972 | L1: 0.406296 | L2: 0.398780 | L3: 0.398571 | lrm: 0.87 | dt: 2595.19ms | tok/sec: 202,022 | mfu: 44.42 | epoch: 1 | total time: 21.85m
step 00517 (56.66%) | K: 3 | loss: 0.801206 | L1: 0.404396 | L2: 0.396915 | L3: 0.396705 | lrm: 0.87 | dt: 2595.60ms | tok/sec: 201,990 | mfu: 44.41 | epoch: 1 | total time: 21.89m
step 00518 (56.77%) | K: 3 | loss: 0.801034 | L1: 0.404327 | L2: 0.396818 | L3: 0.396597 | lrm: 0.86 | dt: 2592.41ms | tok/sec: 202,239 | mfu: 44.47 | epoch: 1 | total time: 21.94m
step 00519 (56.88%) | K: 3 | loss: 0.807281 | L1: 0.407496 | L2: 0.399890 | L3: 0.399679 | lrm: 0.86 | dt: 2591.06ms | tok/sec: 202,345 | mfu: 44.49 | epoch: 1 | total time: 21.98m
step 00520 (56.98%) | K: 3 | loss: 0.804493 | L1: 0.406082 | L2: 0.398515 | L3: 0.398307 | lrm: 0.86 | dt: 2596.63ms | tok/sec: 201,911 | mfu: 44.39 | epoch: 1 | total time: 22.02m
step 00521 (57.10%) | K: 3 | loss: 0.805390 | L1: 0.406499 | L2: 0.398990 | L3: 0.398791 | lrm: 0.86 | dt: 2592.03ms | tok/sec: 202,269 | mfu: 44.47 | epoch: 1 | total time: 22.07m
step 00522 (57.21%) | K: 3 | loss: 0.804676 | L1: 0.406175 | L2: 0.398603 | L3: 0.398401 | lrm: 0.86 | dt: 2592.57ms | tok/sec: 202,226 | mfu: 44.46 | epoch: 1 | total time: 22.11m
step 00523 (57.32%) | K: 3 | loss: 0.802621 | L1: 0.405147 | L2: 0.397576 | L3: 0.397372 | lrm: 0.85 | dt: 2595.16ms | tok/sec: 202,025 | mfu: 44.42 | epoch: 1 | total time: 22.15m
step 00524 (57.43%) | K: 3 | loss: 0.804211 | L1: 0.405975 | L2: 0.398338 | L3: 0.398134 | lrm: 0.85 | dt: 2595.43ms | tok/sec: 202,004 | mfu: 44.41 | epoch: 1 | total time: 22.20m
step 00525 (57.54%) | K: 3 | loss: 0.803224 | L1: 0.405442 | L2: 0.397887 | L3: 0.397677 | lrm: 0.85 | dt: 2591.22ms | tok/sec: 202,332 | mfu: 44.49 | epoch: 1 | total time: 22.24m
step 00526 (57.64%) | K: 3 | loss: 0.805037 | L1: 0.406357 | L2: 0.398784 | L3: 0.398575 | lrm: 0.85 | dt: 2601.54ms | tok/sec: 201,529 | mfu: 44.31 | epoch: 1 | total time: 22.28m
step 00527 (57.76%) | K: 3 | loss: 0.809157 | L1: 0.408425 | L2: 0.400842 | L3: 0.400621 | lrm: 0.84 | dt: 2595.92ms | tok/sec: 201,965 | mfu: 44.41 | epoch: 1 | total time: 22.33m
step 00528 (57.87%) | K: 3 | loss: 0.811963 | L1: 0.409816 | L2: 0.402255 | L3: 0.402038 | lrm: 0.84 | dt: 2605.64ms | tok/sec: 201,212 | mfu: 44.24 | epoch: 1 | total time: 22.37m
step 00529 (57.98%) | K: 3 | loss: 0.811956 | L1: 0.409777 | L2: 0.402288 | L3: 0.402069 | lrm: 0.84 | dt: 2596.46ms | tok/sec: 201,923 | mfu: 44.40 | epoch: 1 | total time: 22.41m
step 00530 (58.09%) | K: 3 | loss: 0.809449 | L1: 0.408552 | L2: 0.401008 | L3: 0.400787 | lrm: 0.84 | dt: 2593.76ms | tok/sec: 202,134 | mfu: 44.44 | epoch: 1 | total time: 22.46m
step 00531 (58.20%) | K: 3 | loss: 0.807333 | L1: 0.407527 | L2: 0.399926 | L3: 0.399687 | lrm: 0.84 | dt: 2592.92ms | tok/sec: 202,199 | mfu: 44.46 | epoch: 1 | total time: 22.50m
step 00532 (58.31%) | K: 3 | loss: 0.808295 | L1: 0.407998 | L2: 0.400413 | L3: 0.400181 | lrm: 0.83 | dt: 2586.89ms | tok/sec: 202,671 | mfu: 44.56 | epoch: 1 | total time: 22.54m
step 00533 (58.42%) | K: 3 | loss: 0.802217 | L1: 0.404932 | L2: 0.397407 | L3: 0.397163 | lrm: 0.83 | dt: 2594.85ms | tok/sec: 202,049 | mfu: 44.42 | epoch: 1 | total time: 22.59m
step 00534 (58.53%) | K: 3 | loss: 0.800736 | L1: 0.404250 | L2: 0.396602 | L3: 0.396370 | lrm: 0.83 | dt: 2592.09ms | tok/sec: 202,264 | mfu: 44.47 | epoch: 1 | total time: 22.63m
step 00535 (58.64%) | K: 3 | loss: 0.798080 | L1: 0.402902 | L2: 0.395290 | L3: 0.395066 | lrm: 0.83 | dt: 2589.11ms | tok/sec: 202,497 | mfu: 44.52 | epoch: 1 | total time: 22.67m
step 00536 (58.75%) | K: 3 | loss: 0.797495 | L1: 0.402619 | L2: 0.394992 | L3: 0.394758 | lrm: 0.83 | dt: 2592.62ms | tok/sec: 202,223 | mfu: 44.46 | epoch: 1 | total time: 22.72m
step 00537 (58.86%) | K: 3 | loss: 0.806057 | L1: 0.406927 | L2: 0.399249 | L3: 0.399012 | lrm: 0.82 | dt: 2593.88ms | tok/sec: 202,125 | mfu: 44.44 | epoch: 1 | total time: 22.76m
step 00538 (58.97%) | K: 3 | loss: 0.806121 | L1: 0.406996 | L2: 0.399242 | L3: 0.399008 | lrm: 0.82 | dt: 2591.24ms | tok/sec: 202,331 | mfu: 44.49 | epoch: 1 | total time: 22.80m
step 00539 (59.08%) | K: 3 | loss: 0.802149 | L1: 0.404994 | L2: 0.397271 | L3: 0.397039 | lrm: 0.82 | dt: 2594.02ms | tok/sec: 202,114 | mfu: 44.44 | epoch: 1 | total time: 22.84m
step 00540 (59.19%) | K: 3 | loss: 0.803709 | L1: 0.405712 | L2: 0.398102 | L3: 0.397892 | lrm: 0.82 | dt: 2594.41ms | tok/sec: 202,083 | mfu: 44.43 | epoch: 1 | total time: 22.89m
step 00541 (59.30%) | K: 3 | loss: 0.800702 | L1: 0.404194 | L2: 0.396605 | L3: 0.396412 | lrm: 0.81 | dt: 2597.39ms | tok/sec: 201,851 | mfu: 44.38 | epoch: 1 | total time: 22.93m
step 00542 (59.41%) | K: 3 | loss: 0.797682 | L1: 0.402663 | L2: 0.395116 | L3: 0.394922 | lrm: 0.81 | dt: 2596.91ms | tok/sec: 201,889 | mfu: 44.39 | epoch: 1 | total time: 22.97m
step 00543 (59.52%) | K: 3 | loss: 0.795224 | L1: 0.401400 | L2: 0.393914 | L3: 0.393733 | lrm: 0.81 | dt: 2587.35ms | tok/sec: 202,635 | mfu: 44.55 | epoch: 1 | total time: 23.02m
step 00544 (59.64%) | K: 3 | loss: 0.794598 | L1: 0.401102 | L2: 0.393599 | L3: 0.393395 | lrm: 0.81 | dt: 2582.30ms | tok/sec: 203,031 | mfu: 44.64 | epoch: 1 | total time: 23.06m
step 00545 (59.74%) | K: 3 | loss: 0.800670 | L1: 0.404188 | L2: 0.396592 | L3: 0.396371 | lrm: 0.81 | dt: 2596.43ms | tok/sec: 201,926 | mfu: 44.40 | epoch: 1 | total time: 23.10m
step 00546 (59.85%) | K: 3 | loss: 0.798178 | L1: 0.402976 | L2: 0.395321 | L3: 0.395082 | lrm: 0.80 | dt: 2585.75ms | tok/sec: 202,760 | mfu: 44.58 | epoch: 1 | total time: 23.15m
step 00547 (59.95%) | K: 3 | loss: 0.800428 | L1: 0.404112 | L2: 0.396434 | L3: 0.396198 | lrm: 0.80 | dt: 2591.64ms | tok/sec: 202,299 | mfu: 44.48 | epoch: 1 | total time: 23.19m
step 00548 (60.06%) | K: 3 | loss: 0.798761 | L1: 0.403246 | L2: 0.395626 | L3: 0.395404 | lrm: 0.80 | dt: 2595.69ms | tok/sec: 201,984 | mfu: 44.41 | epoch: 1 | total time: 23.23m
step 00549 (60.17%) | K: 3 | loss: 0.802057 | L1: 0.404868 | L2: 0.397296 | L3: 0.397081 | lrm: 0.80 | dt: 2592.98ms | tok/sec: 202,195 | mfu: 44.46 | epoch: 1 | total time: 23.28m
step 00550 (60.28%) | K: 3 | loss: 0.800266 | L1: 0.404005 | L2: 0.396368 | L3: 0.396154 | lrm: 0.79 | dt: 2591.01ms | tok/sec: 202,348 | mfu: 44.49 | epoch: 1 | total time: 23.32m
step 00551 (60.39%) | K: 3 | loss: 0.804245 | L1: 0.405984 | L2: 0.398361 | L3: 0.398159 | lrm: 0.79 | dt: 2596.65ms | tok/sec: 201,909 | mfu: 44.39 | epoch: 1 | total time: 23.36m
step 00552 (60.50%) | K: 3 | loss: 0.805338 | L1: 0.406554 | L2: 0.398887 | L3: 0.398682 | lrm: 0.79 | dt: 2595.05ms | tok/sec: 202,033 | mfu: 44.42 | epoch: 1 | total time: 23.41m
step 00553 (60.62%) | K: 3 | loss: 0.800298 | L1: 0.403983 | L2: 0.396421 | L3: 0.396208 | lrm: 0.79 | dt: 2589.58ms | tok/sec: 202,460 | mfu: 44.51 | epoch: 1 | total time: 23.45m
step 00554 (60.73%) | K: 3 | loss: 0.800432 | L1: 0.404011 | L2: 0.396522 | L3: 0.396320 | lrm: 0.79 | dt: 2591.40ms | tok/sec: 202,318 | mfu: 44.48 | epoch: 1 | total time: 23.49m
step 00555 (60.84%) | K: 3 | loss: 0.802141 | L1: 0.404843 | L2: 0.397390 | L3: 0.397206 | lrm: 0.78 | dt: 2594.27ms | tok/sec: 202,094 | mfu: 44.43 | epoch: 1 | total time: 23.54m
step 00556 (60.95%) | K: 3 | loss: 0.801074 | L1: 0.404300 | L2: 0.396869 | L3: 0.396681 | lrm: 0.78 | dt: 2593.87ms | tok/sec: 202,125 | mfu: 44.44 | epoch: 1 | total time: 23.58m
step 00557 (61.06%) | K: 3 | loss: 0.809610 | L1: 0.408554 | L2: 0.401154 | L3: 0.400959 | lrm: 0.78 | dt: 2591.33ms | tok/sec: 202,323 | mfu: 44.48 | epoch: 1 | total time: 23.62m
step 00558 (61.17%) | K: 3 | loss: 0.811365 | L1: 0.409404 | L2: 0.402064 | L3: 0.401859 | lrm: 0.78 | dt: 2594.31ms | tok/sec: 202,091 | mfu: 44.43 | epoch: 1 | total time: 23.67m
step 00559 (61.28%) | K: 3 | loss: 0.807172 | L1: 0.407333 | L2: 0.399949 | L3: 0.399728 | lrm: 0.77 | dt: 2588.81ms | tok/sec: 202,521 | mfu: 44.53 | epoch: 1 | total time: 23.71m
step 00560 (61.39%) | K: 3 | loss: 0.803486 | L1: 0.405502 | L2: 0.398097 | L3: 0.397870 | lrm: 0.77 | dt: 2600.40ms | tok/sec: 201,618 | mfu: 44.33 | epoch: 1 | total time: 23.75m
step 00561 (61.50%) | K: 3 | loss: 0.797192 | L1: 0.402352 | L2: 0.394949 | L3: 0.394732 | lrm: 0.77 | dt: 2591.76ms | tok/sec: 202,290 | mfu: 44.48 | epoch: 1 | total time: 23.80m
step 00562 (61.61%) | K: 3 | loss: 0.793491 | L1: 0.400484 | L2: 0.393112 | L3: 0.392902 | lrm: 0.77 | dt: 2593.67ms | tok/sec: 202,141 | mfu: 44.44 | epoch: 1 | total time: 23.84m
step 00563 (61.72%) | K: 3 | loss: 0.791515 | L1: 0.399515 | L2: 0.392102 | L3: 0.391897 | lrm: 0.77 | dt: 2591.78ms | tok/sec: 202,288 | mfu: 44.48 | epoch: 1 | total time: 23.88m
step 00564 (61.84%) | K: 3 | loss: 0.788482 | L1: 0.398015 | L2: 0.390577 | L3: 0.390357 | lrm: 0.76 | dt: 2593.62ms | tok/sec: 202,145 | mfu: 44.45 | epoch: 1 | total time: 23.92m
step 00565 (61.94%) | K: 3 | loss: 0.785191 | L1: 0.396358 | L2: 0.388942 | L3: 0.388723 | lrm: 0.76 | dt: 2598.86ms | tok/sec: 201,737 | mfu: 44.36 | epoch: 1 | total time: 23.97m
step 00566 (62.05%) | K: 3 | loss: 0.788417 | L1: 0.397972 | L2: 0.390547 | L3: 0.390343 | lrm: 0.76 | dt: 2581.85ms | tok/sec: 203,066 | mfu: 44.65 | epoch: 1 | total time: 24.01m
step 00567 (62.16%) | K: 3 | loss: 0.790407 | L1: 0.398940 | L2: 0.391567 | L3: 0.391369 | lrm: 0.76 | dt: 2593.55ms | tok/sec: 202,150 | mfu: 44.45 | epoch: 1 | total time: 24.05m
step 00568 (62.28%) | K: 3 | loss: 0.789361 | L1: 0.398412 | L2: 0.391051 | L3: 0.390846 | lrm: 0.75 | dt: 2595.70ms | tok/sec: 201,982 | mfu: 44.41 | epoch: 1 | total time: 24.10m
step 00569 (62.38%) | K: 3 | loss: 0.793091 | L1: 0.400226 | L2: 0.392973 | L3: 0.392757 | lrm: 0.75 | dt: 2597.64ms | tok/sec: 201,832 | mfu: 44.38 | epoch: 1 | total time: 24.14m
step 00570 (62.50%) | K: 3 | loss: 0.796006 | L1: 0.401711 | L2: 0.394402 | L3: 0.394188 | lrm: 0.75 | dt: 2591.89ms | tok/sec: 202,279 | mfu: 44.47 | epoch: 1 | total time: 24.18m
step 00571 (62.61%) | K: 3 | loss: 0.793281 | L1: 0.400324 | L2: 0.393068 | L3: 0.392846 | lrm: 0.75 | dt: 2600.32ms | tok/sec: 201,624 | mfu: 44.33 | epoch: 1 | total time: 24.23m
step 00572 (62.72%) | K: 3 | loss: 0.794257 | L1: 0.400820 | L2: 0.393548 | L3: 0.393325 | lrm: 0.75 | dt: 2602.05ms | tok/sec: 201,490 | mfu: 44.30 | epoch: 1 | total time: 24.27m
step 00573 (62.83%) | K: 3 | loss: 0.787323 | L1: 0.397362 | L2: 0.390068 | L3: 0.389855 | lrm: 0.74 | dt: 2595.08ms | tok/sec: 202,031 | mfu: 44.42 | epoch: 1 | total time: 24.31m
step 00574 (62.94%) | K: 3 | loss: 0.786821 | L1: 0.397155 | L2: 0.389784 | L3: 0.389549 | lrm: 0.74 | dt: 2594.56ms | tok/sec: 202,072 | mfu: 44.43 | epoch: 1 | total time: 24.36m
step 00575 (63.04%) | K: 3 | loss: 0.783117 | L1: 0.395347 | L2: 0.387894 | L3: 0.387646 | lrm: 0.74 | dt: 2597.88ms | tok/sec: 201,813 | mfu: 44.37 | epoch: 1 | total time: 24.40m
step 00576 (63.16%) | K: 3 | loss: 0.785018 | L1: 0.396306 | L2: 0.388840 | L3: 0.388584 | lrm: 0.74 | dt: 2600.36ms | tok/sec: 201,621 | mfu: 44.33 | epoch: 1 | total time: 24.44m
step 00577 (63.28%) | K: 3 | loss: 0.786339 | L1: 0.396969 | L2: 0.389491 | L3: 0.389249 | lrm: 0.73 | dt: 2590.76ms | tok/sec: 202,368 | mfu: 44.49 | epoch: 1 | total time: 24.49m
step 00578 (63.39%) | K: 3 | loss: 0.782417 | L1: 0.395016 | L2: 0.387519 | L3: 0.387283 | lrm: 0.73 | dt: 2593.60ms | tok/sec: 202,146 | mfu: 44.45 | epoch: 1 | total time: 24.53m
step 00579 (63.50%) | K: 3 | loss: 0.784922 | L1: 0.396261 | L2: 0.388777 | L3: 0.388545 | lrm: 0.73 | dt: 2599.41ms | tok/sec: 201,694 | mfu: 44.35 | epoch: 1 | total time: 24.57m
step 00580 (63.61%) | K: 3 | loss: 0.781488 | L1: 0.394556 | L2: 0.387026 | L3: 0.386838 | lrm: 0.73 | dt: 2591.97ms | tok/sec: 202,274 | mfu: 44.47 | epoch: 1 | total time: 24.62m
step 00581 (63.72%) | K: 3 | loss: 0.780184 | L1: 0.393863 | L2: 0.386421 | L3: 0.386222 | lrm: 0.73 | dt: 2592.48ms | tok/sec: 202,234 | mfu: 44.46 | epoch: 1 | total time: 24.66m
step 00582 (63.83%) | K: 3 | loss: 0.780176 | L1: 0.393858 | L2: 0.386416 | L3: 0.386221 | lrm: 0.72 | dt: 2591.91ms | tok/sec: 202,278 | mfu: 44.47 | epoch: 1 | total time: 24.70m
step 00583 (63.93%) | K: 3 | loss: 0.788412 | L1: 0.397985 | L2: 0.390522 | L3: 0.390331 | lrm: 0.72 | dt: 2591.44ms | tok/sec: 202,315 | mfu: 44.48 | epoch: 1 | total time: 24.75m
step 00584 (64.04%) | K: 3 | loss: 0.787462 | L1: 0.397495 | L2: 0.390060 | L3: 0.389873 | lrm: 0.72 | dt: 2600.52ms | tok/sec: 201,609 | mfu: 44.33 | epoch: 1 | total time: 24.79m
step 00585 (64.15%) | K: 3 | loss: 0.791254 | L1: 0.399381 | L2: 0.391980 | L3: 0.391767 | lrm: 0.72 | dt: 2596.28ms | tok/sec: 201,938 | mfu: 44.40 | epoch: 1 | total time: 24.83m
step 00586 (64.25%) | K: 3 | loss: 0.795062 | L1: 0.401306 | L2: 0.393858 | L3: 0.393653 | lrm: 0.71 | dt: 2595.85ms | tok/sec: 201,971 | mfu: 44.41 | epoch: 1 | total time: 24.88m
step 00587 (64.37%) | K: 3 | loss: 0.798604 | L1: 0.403066 | L2: 0.395646 | L3: 0.395429 | lrm: 0.71 | dt: 2595.52ms | tok/sec: 201,997 | mfu: 44.41 | epoch: 1 | total time: 24.92m
step 00588 (64.47%) | K: 3 | loss: 0.793803 | L1: 0.400641 | L2: 0.393268 | L3: 0.393056 | lrm: 0.71 | dt: 2590.62ms | tok/sec: 202,378 | mfu: 44.50 | epoch: 1 | total time: 24.96m
step 00589 (64.57%) | K: 3 | loss: 0.792757 | L1: 0.400149 | L2: 0.392708 | L3: 0.392508 | lrm: 0.71 | dt: 2590.32ms | tok/sec: 202,402 | mfu: 44.50 | epoch: 1 | total time: 25.01m
step 00590 (64.68%) | K: 3 | loss: 0.795637 | L1: 0.401558 | L2: 0.394187 | L3: 0.393970 | lrm: 0.71 | dt: 2591.65ms | tok/sec: 202,298 | mfu: 44.48 | epoch: 1 | total time: 25.05m
step 00591 (64.78%) | K: 3 | loss: 0.796196 | L1: 0.401876 | L2: 0.394428 | L3: 0.394212 | lrm: 0.70 | dt: 2592.19ms | tok/sec: 202,256 | mfu: 44.47 | epoch: 1 | total time: 25.09m
step 00592 (64.90%) | K: 3 | loss: 0.794594 | L1: 0.401040 | L2: 0.393657 | L3: 0.393450 | lrm: 0.70 | dt: 2590.56ms | tok/sec: 202,383 | mfu: 44.50 | epoch: 1 | total time: 25.14m
step 00593 (65.00%) | K: 3 | loss: 0.791424 | L1: 0.399422 | L2: 0.392102 | L3: 0.391902 | lrm: 0.70 | dt: 2587.40ms | tok/sec: 202,630 | mfu: 44.55 | epoch: 1 | total time: 25.18m
step 00594 (65.11%) | K: 3 | loss: 0.785480 | L1: 0.396457 | L2: 0.389127 | L3: 0.388918 | lrm: 0.70 | dt: 2584.29ms | tok/sec: 202,874 | mfu: 44.61 | epoch: 1 | total time: 25.22m
step 00595 (65.21%) | K: 3 | loss: 0.779577 | L1: 0.393534 | L2: 0.386149 | L3: 0.385937 | lrm: 0.70 | dt: 2595.93ms | tok/sec: 201,965 | mfu: 44.41 | epoch: 1 | total time: 25.27m
step 00596 (65.32%) | K: 3 | loss: 0.776474 | L1: 0.392020 | L2: 0.384551 | L3: 0.384357 | lrm: 0.69 | dt: 2593.97ms | tok/sec: 202,118 | mfu: 44.44 | epoch: 1 | total time: 25.31m
step 00597 (65.43%) | K: 3 | loss: 0.772132 | L1: 0.389830 | L2: 0.382408 | L3: 0.382198 | lrm: 0.69 | dt: 2588.53ms | tok/sec: 202,542 | mfu: 44.53 | epoch: 1 | total time: 25.35m
step 00598 (65.53%) | K: 3 | loss: 0.772392 | L1: 0.389991 | L2: 0.382506 | L3: 0.382296 | lrm: 0.69 | dt: 2591.26ms | tok/sec: 202,329 | mfu: 44.49 | epoch: 1 | total time: 25.39m
step 00599 (65.64%) | K: 3 | loss: 0.772775 | L1: 0.390165 | L2: 0.382714 | L3: 0.382506 | lrm: 0.69 | dt: 2596.30ms | tok/sec: 201,936 | mfu: 44.40 | epoch: 1 | total time: 25.44m
step 00600 (65.75%) | K: 3 | loss: 0.778829 | L1: 0.393167 | L2: 0.385768 | L3: 0.385557 | lrm: 0.69 | dt: 2590.79ms | tok/sec: 202,366 | mfu: 44.49 | epoch: 1 | total time: 25.48m
Step 00600 | Validation L1 bpb: 0.2087 | L2 bpb: 0.2048 | L3 bpb: 0.2046
step 00601 (65.85%) | K: 3 | loss: 0.773074 | L1: 0.390252 | L2: 0.382932 | L3: 0.382712 | lrm: 0.68 | dt: 2592.78ms | tok/sec: 202,211 | mfu: 44.46 | epoch: 1 | total time: 25.52m
step 00602 (65.97%) | K: 3 | loss: 0.774097 | L1: 0.390730 | L2: 0.383477 | L3: 0.383258 | lrm: 0.68 | dt: 2596.91ms | tok/sec: 201,888 | mfu: 44.39 | epoch: 1 | total time: 25.57m
step 00603 (66.08%) | K: 3 | loss: 0.773846 | L1: 0.390621 | L2: 0.383329 | L3: 0.383121 | lrm: 0.68 | dt: 2596.77ms | tok/sec: 201,900 | mfu: 44.39 | epoch: 1 | total time: 25.61m
step 00604 (66.19%) | K: 3 | loss: 0.779518 | L1: 0.393418 | L2: 0.386197 | L3: 0.386003 | lrm: 0.68 | dt: 2598.64ms | tok/sec: 201,755 | mfu: 44.36 | epoch: 1 | total time: 25.65m
step 00605 (66.30%) | K: 3 | loss: 0.782263 | L1: 0.394828 | L2: 0.387539 | L3: 0.387329 | lrm: 0.67 | dt: 2596.76ms | tok/sec: 201,901 | mfu: 44.39 | epoch: 1 | total time: 25.70m
step 00606 (66.41%) | K: 3 | loss: 0.777669 | L1: 0.392542 | L2: 0.385240 | L3: 0.385014 | lrm: 0.67 | dt: 2594.65ms | tok/sec: 202,064 | mfu: 44.43 | epoch: 1 | total time: 25.74m
step 00607 (66.52%) | K: 3 | loss: 0.781580 | L1: 0.394503 | L2: 0.387193 | L3: 0.386960 | lrm: 0.67 | dt: 2596.86ms | tok/sec: 201,893 | mfu: 44.39 | epoch: 1 | total time: 25.78m
step 00608 (66.63%) | K: 3 | loss: 0.783332 | L1: 0.395400 | L2: 0.388048 | L3: 0.387816 | lrm: 0.67 | dt: 2590.87ms | tok/sec: 202,359 | mfu: 44.49 | epoch: 1 | total time: 25.83m
step 00609 (66.74%) | K: 3 | loss: 0.780301 | L1: 0.393855 | L2: 0.386571 | L3: 0.386321 | lrm: 0.67 | dt: 2593.57ms | tok/sec: 202,148 | mfu: 44.45 | epoch: 1 | total time: 25.87m
step 00610 (66.85%) | K: 3 | loss: 0.778060 | L1: 0.392721 | L2: 0.385462 | L3: 0.385217 | lrm: 0.66 | dt: 2589.94ms | tok/sec: 202,432 | mfu: 44.51 | epoch: 1 | total time: 25.91m
step 00611 (66.95%) | K: 3 | loss: 0.777136 | L1: 0.392262 | L2: 0.384997 | L3: 0.384751 | lrm: 0.66 | dt: 2591.78ms | tok/sec: 202,288 | mfu: 44.48 | epoch: 1 | total time: 25.96m
step 00612 (67.06%) | K: 3 | loss: 0.775497 | L1: 0.391426 | L2: 0.384194 | L3: 0.383948 | lrm: 0.66 | dt: 2593.89ms | tok/sec: 202,124 | mfu: 44.44 | epoch: 1 | total time: 26.00m
step 00613 (67.16%) | K: 3 | loss: 0.773257 | L1: 0.390281 | L2: 0.383093 | L3: 0.382860 | lrm: 0.66 | dt: 2584.89ms | tok/sec: 202,827 | mfu: 44.60 | epoch: 1 | total time: 26.04m
step 00614 (67.26%) | K: 3 | loss: 0.774566 | L1: 0.390949 | L2: 0.383733 | L3: 0.383501 | lrm: 0.65 | dt: 2585.70ms | tok/sec: 202,764 | mfu: 44.58 | epoch: 1 | total time: 26.09m
step 00615 (67.37%) | K: 3 | loss: 0.776210 | L1: 0.391792 | L2: 0.384531 | L3: 0.384306 | lrm: 0.65 | dt: 2593.82ms | tok/sec: 202,129 | mfu: 44.44 | epoch: 1 | total time: 26.13m
step 00616 (67.49%) | K: 3 | loss: 0.774452 | L1: 0.390936 | L2: 0.383629 | L3: 0.383403 | lrm: 0.65 | dt: 2593.40ms | tok/sec: 202,162 | mfu: 44.45 | epoch: 1 | total time: 26.17m
step 00617 (67.60%) | K: 3 | loss: 0.772269 | L1: 0.389833 | L2: 0.382550 | L3: 0.382322 | lrm: 0.65 | dt: 2591.88ms | tok/sec: 202,280 | mfu: 44.47 | epoch: 1 | total time: 26.22m
step 00618 (67.71%) | K: 3 | loss: 0.767987 | L1: 0.387663 | L2: 0.380434 | L3: 0.380215 | lrm: 0.65 | dt: 2591.75ms | tok/sec: 202,291 | mfu: 44.48 | epoch: 1 | total time: 26.26m
step 00619 (67.82%) | K: 3 | loss: 0.769016 | L1: 0.388249 | L2: 0.380877 | L3: 0.380657 | lrm: 0.64 | dt: 2581.97ms | tok/sec: 203,057 | mfu: 44.65 | epoch: 1 | total time: 26.30m
step 00620 (67.93%) | K: 3 | loss: 0.765098 | L1: 0.386262 | L2: 0.378944 | L3: 0.378730 | lrm: 0.64 | dt: 2594.14ms | tok/sec: 202,104 | mfu: 44.44 | epoch: 1 | total time: 26.35m
step 00621 (68.03%) | K: 3 | loss: 0.772421 | L1: 0.389842 | L2: 0.382684 | L3: 0.382474 | lrm: 0.64 | dt: 2596.71ms | tok/sec: 201,904 | mfu: 44.39 | epoch: 1 | total time: 26.39m
step 00622 (68.15%) | K: 3 | loss: 0.768123 | L1: 0.387698 | L2: 0.380526 | L3: 0.380322 | lrm: 0.64 | dt: 2592.61ms | tok/sec: 202,223 | mfu: 44.46 | epoch: 1 | total time: 26.43m
step 00623 (68.26%) | K: 3 | loss: 0.762372 | L1: 0.384804 | L2: 0.377665 | L3: 0.377470 | lrm: 0.63 | dt: 2597.30ms | tok/sec: 201,858 | mfu: 44.38 | epoch: 1 | total time: 26.48m
step 00624 (68.37%) | K: 3 | loss: 0.759386 | L1: 0.383323 | L2: 0.376159 | L3: 0.375968 | lrm: 0.63 | dt: 2593.22ms | tok/sec: 202,176 | mfu: 44.45 | epoch: 1 | total time: 26.52m
step 00625 (68.48%) | K: 3 | loss: 0.763834 | L1: 0.385509 | L2: 0.378413 | L3: 0.378238 | lrm: 0.63 | dt: 2597.65ms | tok/sec: 201,831 | mfu: 44.38 | epoch: 1 | total time: 26.56m
step 00626 (68.59%) | K: 3 | loss: 0.762779 | L1: 0.385000 | L2: 0.377870 | L3: 0.377687 | lrm: 0.63 | dt: 2596.36ms | tok/sec: 201,932 | mfu: 44.40 | epoch: 1 | total time: 26.60m
step 00627 (68.70%) | K: 3 | loss: 0.760902 | L1: 0.384044 | L2: 0.376945 | L3: 0.376770 | lrm: 0.63 | dt: 2590.01ms | tok/sec: 202,427 | mfu: 44.51 | epoch: 1 | total time: 26.65m
step 00628 (68.81%) | K: 3 | loss: 0.765925 | L1: 0.386603 | L2: 0.379409 | L3: 0.379235 | lrm: 0.62 | dt: 2594.84ms | tok/sec: 202,050 | mfu: 44.42 | epoch: 1 | total time: 26.69m
step 00629 (68.92%) | K: 3 | loss: 0.768408 | L1: 0.387849 | L2: 0.380645 | L3: 0.380472 | lrm: 0.62 | dt: 2599.68ms | tok/sec: 201,674 | mfu: 44.34 | epoch: 1 | total time: 26.73m
step 00630 (69.03%) | K: 3 | loss: 0.771948 | L1: 0.389638 | L2: 0.382397 | L3: 0.382222 | lrm: 0.62 | dt: 2597.02ms | tok/sec: 201,880 | mfu: 44.39 | epoch: 1 | total time: 26.78m
step 00631 (69.14%) | K: 3 | loss: 0.770860 | L1: 0.389128 | L2: 0.381819 | L3: 0.381646 | lrm: 0.62 | dt: 2593.16ms | tok/sec: 202,181 | mfu: 44.45 | epoch: 1 | total time: 26.82m
step 00632 (69.25%) | K: 3 | loss: 0.773189 | L1: 0.390296 | L2: 0.382985 | L3: 0.382802 | lrm: 0.61 | dt: 2597.69ms | tok/sec: 201,828 | mfu: 44.38 | epoch: 1 | total time: 26.86m
step 00633 (69.37%) | K: 3 | loss: 0.770513 | L1: 0.388901 | L2: 0.381706 | L3: 0.381519 | lrm: 0.61 | dt: 2596.86ms | tok/sec: 201,893 | mfu: 44.39 | epoch: 1 | total time: 26.91m
step 00634 (69.49%) | K: 3 | loss: 0.770305 | L1: 0.388795 | L2: 0.381611 | L3: 0.381409 | lrm: 0.61 | dt: 2592.05ms | tok/sec: 202,267 | mfu: 44.47 | epoch: 1 | total time: 26.95m
step 00635 (69.60%) | K: 3 | loss: 0.771392 | L1: 0.389320 | L2: 0.382176 | L3: 0.381968 | lrm: 0.61 | dt: 2596.78ms | tok/sec: 201,898 | mfu: 44.39 | epoch: 1 | total time: 26.99m
step 00636 (69.71%) | K: 3 | loss: 0.772145 | L1: 0.389718 | L2: 0.382532 | L3: 0.382323 | lrm: 0.61 | dt: 2596.85ms | tok/sec: 201,894 | mfu: 44.39 | epoch: 1 | total time: 27.04m
step 00637 (69.82%) | K: 3 | loss: 0.768899 | L1: 0.388067 | L2: 0.380924 | L3: 0.380739 | lrm: 0.60 | dt: 2592.97ms | tok/sec: 202,196 | mfu: 44.46 | epoch: 1 | total time: 27.08m
step 00638 (69.93%) | K: 3 | loss: 0.770825 | L1: 0.389053 | L2: 0.381868 | L3: 0.381676 | lrm: 0.60 | dt: 2584.77ms | tok/sec: 202,837 | mfu: 44.60 | epoch: 1 | total time: 27.12m
step 00639 (70.04%) | K: 3 | loss: 0.768869 | L1: 0.388076 | L2: 0.380892 | L3: 0.380694 | lrm: 0.60 | dt: 2581.85ms | tok/sec: 203,066 | mfu: 44.65 | epoch: 1 | total time: 27.17m
step 00640 (70.14%) | K: 3 | loss: 0.766548 | L1: 0.386955 | L2: 0.379695 | L3: 0.379493 | lrm: 0.60 | dt: 2595.93ms | tok/sec: 201,965 | mfu: 44.41 | epoch: 1 | total time: 27.21m
step 00641 (70.26%) | K: 3 | loss: 0.766212 | L1: 0.386828 | L2: 0.379499 | L3: 0.379268 | lrm: 0.59 | dt: 2578.24ms | tok/sec: 203,351 | mfu: 44.71 | epoch: 1 | total time: 27.25m
step 00642 (70.37%) | K: 3 | loss: 0.761922 | L1: 0.384693 | L2: 0.377347 | L3: 0.377109 | lrm: 0.59 | dt: 2587.58ms | tok/sec: 202,617 | mfu: 44.55 | epoch: 1 | total time: 27.30m
step 00643 (70.48%) | K: 3 | loss: 0.763065 | L1: 0.385245 | L2: 0.377934 | L3: 0.377704 | lrm: 0.59 | dt: 2591.79ms | tok/sec: 202,288 | mfu: 44.48 | epoch: 1 | total time: 27.34m
step 00644 (70.60%) | K: 3 | loss: 0.761313 | L1: 0.384367 | L2: 0.377056 | L3: 0.376836 | lrm: 0.59 | dt: 2595.08ms | tok/sec: 202,031 | mfu: 44.42 | epoch: 1 | total time: 27.38m
step 00645 (70.71%) | K: 3 | loss: 0.763324 | L1: 0.385416 | L2: 0.378025 | L3: 0.377791 | lrm: 0.59 | dt: 2597.91ms | tok/sec: 201,811 | mfu: 44.37 | epoch: 1 | total time: 27.43m
step 00646 (70.83%) | K: 3 | loss: 0.762501 | L1: 0.385035 | L2: 0.377575 | L3: 0.377356 | lrm: 0.58 | dt: 2588.77ms | tok/sec: 202,523 | mfu: 44.53 | epoch: 1 | total time: 27.47m
step 00647 (70.94%) | K: 3 | loss: 0.771806 | L1: 0.389743 | L2: 0.382171 | L3: 0.381955 | lrm: 0.58 | dt: 2605.17ms | tok/sec: 201,249 | mfu: 44.25 | epoch: 1 | total time: 27.51m
step 00648 (71.05%) | K: 3 | loss: 0.773430 | L1: 0.390555 | L2: 0.382981 | L3: 0.382770 | lrm: 0.58 | dt: 2599.98ms | tok/sec: 201,650 | mfu: 44.34 | epoch: 1 | total time: 27.56m
step 00649 (71.16%) | K: 3 | loss: 0.772178 | L1: 0.389903 | L2: 0.382382 | L3: 0.382166 | lrm: 0.58 | dt: 2598.33ms | tok/sec: 201,778 | mfu: 44.36 | epoch: 1 | total time: 27.60m
step 00650 (71.27%) | K: 3 | loss: 0.772685 | L1: 0.390154 | L2: 0.382636 | L3: 0.382426 | lrm: 0.57 | dt: 2600.31ms | tok/sec: 201,625 | mfu: 44.33 | epoch: 1 | total time: 27.64m
step 00651 (71.38%) | K: 3 | loss: 0.774156 | L1: 0.390881 | L2: 0.383383 | L3: 0.383167 | lrm: 0.57 | dt: 2599.78ms | tok/sec: 201,666 | mfu: 44.34 | epoch: 1 | total time: 27.69m
step 00652 (71.49%) | K: 3 | loss: 0.771735 | L1: 0.389695 | L2: 0.382152 | L3: 0.381929 | lrm: 0.57 | dt: 2601.49ms | tok/sec: 201,533 | mfu: 44.31 | epoch: 1 | total time: 27.73m
step 00653 (71.60%) | K: 3 | loss: 0.772203 | L1: 0.389965 | L2: 0.382359 | L3: 0.382117 | lrm: 0.57 | dt: 2589.11ms | tok/sec: 202,497 | mfu: 44.52 | epoch: 1 | total time: 27.77m
step 00654 (71.71%) | K: 3 | loss: 0.767780 | L1: 0.387717 | L2: 0.380187 | L3: 0.379939 | lrm: 0.57 | dt: 2600.80ms | tok/sec: 201,586 | mfu: 44.32 | epoch: 1 | total time: 27.82m
step 00655 (71.83%) | K: 3 | loss: 0.766567 | L1: 0.387132 | L2: 0.379566 | L3: 0.379304 | lrm: 0.56 | dt: 2603.87ms | tok/sec: 201,349 | mfu: 44.27 | epoch: 1 | total time: 27.86m
step 00656 (71.94%) | K: 3 | loss: 0.768780 | L1: 0.388234 | L2: 0.380683 | L3: 0.380409 | lrm: 0.56 | dt: 2601.88ms | tok/sec: 201,503 | mfu: 44.30 | epoch: 1 | total time: 27.90m
step 00657 (72.05%) | K: 3 | loss: 0.769712 | L1: 0.388727 | L2: 0.381130 | L3: 0.380841 | lrm: 0.56 | dt: 2597.39ms | tok/sec: 201,851 | mfu: 44.38 | epoch: 1 | total time: 27.95m
step 00658 (72.15%) | K: 3 | loss: 0.764474 | L1: 0.386109 | L2: 0.378510 | L3: 0.378219 | lrm: 0.56 | dt: 2604.02ms | tok/sec: 201,338 | mfu: 44.27 | epoch: 1 | total time: 27.99m
step 00659 (72.27%) | K: 3 | loss: 0.760232 | L1: 0.383952 | L2: 0.376413 | L3: 0.376146 | lrm: 0.55 | dt: 2596.05ms | tok/sec: 201,955 | mfu: 44.40 | epoch: 1 | total time: 28.03m
step 00660 (72.37%) | K: 3 | loss: 0.760295 | L1: 0.383992 | L2: 0.376426 | L3: 0.376179 | lrm: 0.55 | dt: 2596.87ms | tok/sec: 201,892 | mfu: 44.39 | epoch: 1 | total time: 28.08m
step 00661 (72.48%) | K: 3 | loss: 0.757959 | L1: 0.382783 | L2: 0.375295 | L3: 0.375057 | lrm: 0.55 | dt: 2599.34ms | tok/sec: 201,700 | mfu: 44.35 | epoch: 1 | total time: 28.12m
step 00662 (72.59%) | K: 3 | loss: 0.753402 | L1: 0.380489 | L2: 0.373025 | L3: 0.372802 | lrm: 0.55 | dt: 2592.48ms | tok/sec: 202,234 | mfu: 44.46 | epoch: 1 | total time: 28.16m
step 00663 (72.70%) | K: 3 | loss: 0.757894 | L1: 0.382744 | L2: 0.375255 | L3: 0.375045 | lrm: 0.55 | dt: 2595.59ms | tok/sec: 201,991 | mfu: 44.41 | epoch: 1 | total time: 28.21m
step 00664 (72.81%) | K: 3 | loss: 0.760321 | L1: 0.383898 | L2: 0.376525 | L3: 0.376320 | lrm: 0.54 | dt: 2596.44ms | tok/sec: 201,926 | mfu: 44.40 | epoch: 1 | total time: 28.25m
step 00665 (72.91%) | K: 3 | loss: 0.764081 | L1: 0.385807 | L2: 0.378381 | L3: 0.378167 | lrm: 0.54 | dt: 2593.39ms | tok/sec: 202,163 | mfu: 44.45 | epoch: 1 | total time: 28.29m
step 00666 (73.03%) | K: 3 | loss: 0.766467 | L1: 0.387031 | L2: 0.379542 | L3: 0.379331 | lrm: 0.54 | dt: 2596.74ms | tok/sec: 201,902 | mfu: 44.39 | epoch: 1 | total time: 28.34m
step 00667 (73.14%) | K: 3 | loss: 0.764040 | L1: 0.385774 | L2: 0.378372 | L3: 0.378159 | lrm: 0.54 | dt: 2592.37ms | tok/sec: 202,242 | mfu: 44.47 | epoch: 1 | total time: 28.38m
step 00668 (73.26%) | K: 3 | loss: 0.767937 | L1: 0.387746 | L2: 0.380308 | L3: 0.380075 | lrm: 0.53 | dt: 2594.66ms | tok/sec: 202,063 | mfu: 44.43 | epoch: 1 | total time: 28.42m
step 00669 (73.37%) | K: 3 | loss: 0.767062 | L1: 0.387357 | L2: 0.379817 | L3: 0.379593 | lrm: 0.53 | dt: 2592.50ms | tok/sec: 202,232 | mfu: 44.46 | epoch: 1 | total time: 28.46m
step 00670 (73.48%) | K: 3 | loss: 0.767233 | L1: 0.387431 | L2: 0.379917 | L3: 0.379688 | lrm: 0.53 | dt: 2587.17ms | tok/sec: 202,649 | mfu: 44.56 | epoch: 1 | total time: 28.51m
step 00671 (73.60%) | K: 3 | loss: 0.767420 | L1: 0.387493 | L2: 0.380040 | L3: 0.379815 | lrm: 0.53 | dt: 2593.99ms | tok/sec: 202,116 | mfu: 44.44 | epoch: 1 | total time: 28.55m
step 00672 (73.70%) | K: 3 | loss: 0.769963 | L1: 0.388748 | L2: 0.381326 | L3: 0.381102 | lrm: 0.53 | dt: 2591.90ms | tok/sec: 202,279 | mfu: 44.47 | epoch: 1 | total time: 28.59m
step 00673 (73.81%) | K: 3 | loss: 0.766912 | L1: 0.387202 | L2: 0.379815 | L3: 0.379605 | lrm: 0.52 | dt: 2591.98ms | tok/sec: 202,273 | mfu: 44.47 | epoch: 1 | total time: 28.64m
step 00674 (73.92%) | K: 3 | loss: 0.764531 | L1: 0.386042 | L2: 0.378591 | L3: 0.378388 | lrm: 0.52 | dt: 2582.94ms | tok/sec: 202,981 | mfu: 44.63 | epoch: 1 | total time: 28.68m
step 00675 (74.03%) | K: 3 | loss: 0.768416 | L1: 0.388003 | L2: 0.380511 | L3: 0.380314 | lrm: 0.52 | dt: 2595.41ms | tok/sec: 202,005 | mfu: 44.41 | epoch: 1 | total time: 28.72m
step 00676 (74.14%) | K: 3 | loss: 0.763355 | L1: 0.385469 | L2: 0.377979 | L3: 0.377792 | lrm: 0.52 | dt: 2595.91ms | tok/sec: 201,967 | mfu: 44.41 | epoch: 1 | total time: 28.77m
step 00677 (74.25%) | K: 3 | loss: 0.760450 | L1: 0.383965 | L2: 0.376578 | L3: 0.376392 | lrm: 0.52 | dt: 2588.45ms | tok/sec: 202,548 | mfu: 44.53 | epoch: 1 | total time: 28.81m
step 00678 (74.36%) | K: 3 | loss: 0.761291 | L1: 0.384398 | L2: 0.376983 | L3: 0.376804 | lrm: 0.51 | dt: 2593.48ms | tok/sec: 202,156 | mfu: 44.45 | epoch: 1 | total time: 28.85m
step 00679 (74.47%) | K: 3 | loss: 0.759681 | L1: 0.383588 | L2: 0.376181 | L3: 0.376006 | lrm: 0.51 | dt: 2596.32ms | tok/sec: 201,934 | mfu: 44.40 | epoch: 1 | total time: 28.90m
step 00680 (74.57%) | K: 3 | loss: 0.761842 | L1: 0.384647 | L2: 0.377286 | L3: 0.377104 | lrm: 0.51 | dt: 2589.98ms | tok/sec: 202,429 | mfu: 44.51 | epoch: 1 | total time: 28.94m
step 00681 (74.68%) | K: 3 | loss: 0.761373 | L1: 0.384436 | L2: 0.377026 | L3: 0.376849 | lrm: 0.51 | dt: 2601.88ms | tok/sec: 201,503 | mfu: 44.30 | epoch: 1 | total time: 28.98m
step 00682 (74.79%) | K: 3 | loss: 0.758176 | L1: 0.382829 | L2: 0.375439 | L3: 0.375255 | lrm: 0.50 | dt: 2600.31ms | tok/sec: 201,624 | mfu: 44.33 | epoch: 1 | total time: 29.03m
step 00683 (74.90%) | K: 3 | loss: 0.761859 | L1: 0.384696 | L2: 0.377263 | L3: 0.377065 | lrm: 0.50 | dt: 2596.40ms | tok/sec: 201,928 | mfu: 44.40 | epoch: 1 | total time: 29.07m
step 00684 (75.01%) | K: 3 | loss: 0.761552 | L1: 0.384521 | L2: 0.377133 | L3: 0.376929 | lrm: 0.50 | dt: 2593.17ms | tok/sec: 202,180 | mfu: 44.45 | epoch: 1 | total time: 29.11m
step 00685 (75.11%) | K: 3 | loss: 0.760714 | L1: 0.384071 | L2: 0.376745 | L3: 0.376542 | lrm: 0.50 | dt: 2596.16ms | tok/sec: 201,947 | mfu: 44.40 | epoch: 1 | total time: 29.16m
step 00686 (75.23%) | K: 3 | loss: 0.761450 | L1: 0.384420 | L2: 0.377125 | L3: 0.376934 | lrm: 0.50 | dt: 2597.45ms | tok/sec: 201,847 | mfu: 44.38 | epoch: 1 | total time: 29.20m
step 00687 (75.34%) | K: 3 | loss: 0.764550 | L1: 0.385997 | L2: 0.378646 | L3: 0.378460 | lrm: 0.49 | dt: 2596.20ms | tok/sec: 201,944 | mfu: 44.40 | epoch: 1 | total time: 29.24m
step 00688 (75.45%) | K: 3 | loss: 0.761535 | L1: 0.384485 | L2: 0.377152 | L3: 0.376946 | lrm: 0.49 | dt: 2596.06ms | tok/sec: 201,955 | mfu: 44.40 | epoch: 1 | total time: 29.29m
step 00689 (75.56%) | K: 3 | loss: 0.757029 | L1: 0.382202 | L2: 0.374931 | L3: 0.374724 | lrm: 0.49 | dt: 2587.28ms | tok/sec: 202,640 | mfu: 44.55 | epoch: 1 | total time: 29.33m
step 00690 (75.66%) | K: 3 | loss: 0.753789 | L1: 0.380549 | L2: 0.373340 | L3: 0.373138 | lrm: 0.49 | dt: 2593.60ms | tok/sec: 202,146 | mfu: 44.45 | epoch: 1 | total time: 29.37m
step 00691 (75.78%) | K: 3 | loss: 0.756192 | L1: 0.381787 | L2: 0.374502 | L3: 0.374308 | lrm: 0.48 | dt: 2597.11ms | tok/sec: 201,873 | mfu: 44.39 | epoch: 1 | total time: 29.42m
step 00692 (75.89%) | K: 3 | loss: 0.754086 | L1: 0.380695 | L2: 0.373484 | L3: 0.373299 | lrm: 0.48 | dt: 2582.15ms | tok/sec: 203,042 | mfu: 44.64 | epoch: 1 | total time: 29.46m
step 00693 (76.01%) | K: 3 | loss: 0.753104 | L1: 0.380185 | L2: 0.373017 | L3: 0.372820 | lrm: 0.48 | dt: 2594.62ms | tok/sec: 202,067 | mfu: 44.43 | epoch: 1 | total time: 29.50m
step 00694 (76.12%) | K: 3 | loss: 0.749052 | L1: 0.378162 | L2: 0.370993 | L3: 0.370787 | lrm: 0.48 | dt: 2597.78ms | tok/sec: 201,821 | mfu: 44.37 | epoch: 1 | total time: 29.55m
step 00695 (76.23%) | K: 3 | loss: 0.745664 | L1: 0.376457 | L2: 0.369320 | L3: 0.369094 | lrm: 0.48 | dt: 2587.10ms | tok/sec: 202,654 | mfu: 44.56 | epoch: 1 | total time: 29.59m
step 00696 (76.34%) | K: 3 | loss: 0.746573 | L1: 0.376924 | L2: 0.369756 | L3: 0.369541 | lrm: 0.47 | dt: 2600.58ms | tok/sec: 201,603 | mfu: 44.33 | epoch: 1 | total time: 29.63m
step 00697 (76.45%) | K: 3 | loss: 0.740491 | L1: 0.373918 | L2: 0.366678 | L3: 0.366470 | lrm: 0.47 | dt: 2597.81ms | tok/sec: 201,819 | mfu: 44.37 | epoch: 1 | total time: 29.68m
step 00698 (76.55%) | K: 3 | loss: 0.741621 | L1: 0.374520 | L2: 0.367223 | L3: 0.366980 | lrm: 0.47 | dt: 2587.05ms | tok/sec: 202,658 | mfu: 44.56 | epoch: 1 | total time: 29.72m
step 00699 (76.66%) | K: 3 | loss: 0.746200 | L1: 0.376816 | L2: 0.369509 | L3: 0.369259 | lrm: 0.47 | dt: 2591.08ms | tok/sec: 202,343 | mfu: 44.49 | epoch: 1 | total time: 29.76m
step 00700 (76.78%) | K: 3 | loss: 0.746574 | L1: 0.376998 | L2: 0.369702 | L3: 0.369451 | lrm: 0.46 | dt: 2589.05ms | tok/sec: 202,502 | mfu: 44.52 | epoch: 1 | total time: 29.80m
Step 00700 | Validation L1 bpb: 0.2031 | L2 bpb: 0.1990 | L3 bpb: 0.1989
step 00701 (76.89%) | K: 3 | loss: 0.744180 | L1: 0.375761 | L2: 0.368548 | L3: 0.368289 | lrm: 0.46 | dt: 2593.54ms | tok/sec: 202,151 | mfu: 44.45 | epoch: 1 | total time: 29.85m
step 00702 (77.00%) | K: 3 | loss: 0.740239 | L1: 0.373739 | L2: 0.366625 | L3: 0.366374 | lrm: 0.46 | dt: 2593.09ms | tok/sec: 202,186 | mfu: 44.45 | epoch: 1 | total time: 29.89m
step 00703 (77.11%) | K: 3 | loss: 0.743424 | L1: 0.375322 | L2: 0.368225 | L3: 0.367979 | lrm: 0.46 | dt: 2585.70ms | tok/sec: 202,764 | mfu: 44.58 | epoch: 1 | total time: 29.93m
step 00704 (77.22%) | K: 3 | loss: 0.742244 | L1: 0.374728 | L2: 0.367640 | L3: 0.367392 | lrm: 0.46 | dt: 2593.14ms | tok/sec: 202,182 | mfu: 44.45 | epoch: 1 | total time: 29.98m
step 00705 (77.33%) | K: 3 | loss: 0.743077 | L1: 0.375121 | L2: 0.368078 | L3: 0.367833 | lrm: 0.45 | dt: 2597.57ms | tok/sec: 201,837 | mfu: 44.38 | epoch: 1 | total time: 30.02m
step 00706 (77.44%) | K: 3 | loss: 0.741190 | L1: 0.374167 | L2: 0.367145 | L3: 0.366901 | lrm: 0.45 | dt: 2587.54ms | tok/sec: 202,619 | mfu: 44.55 | epoch: 1 | total time: 30.06m
step 00707 (77.55%) | K: 3 | loss: 0.741341 | L1: 0.374256 | L2: 0.367198 | L3: 0.366972 | lrm: 0.45 | dt: 2597.76ms | tok/sec: 201,823 | mfu: 44.37 | epoch: 1 | total time: 30.11m
step 00708 (77.66%) | K: 3 | loss: 0.742567 | L1: 0.374912 | L2: 0.367772 | L3: 0.367539 | lrm: 0.45 | dt: 2596.26ms | tok/sec: 201,939 | mfu: 44.40 | epoch: 1 | total time: 30.15m
step 00709 (77.77%) | K: 3 | loss: 0.745394 | L1: 0.376339 | L2: 0.369166 | L3: 0.368944 | lrm: 0.44 | dt: 2599.73ms | tok/sec: 201,670 | mfu: 44.34 | epoch: 1 | total time: 30.19m
step 00710 (77.87%) | K: 3 | loss: 0.747361 | L1: 0.377346 | L2: 0.370125 | L3: 0.369905 | lrm: 0.44 | dt: 2592.48ms | tok/sec: 202,234 | mfu: 44.46 | epoch: 1 | total time: 30.24m
step 00711 (77.99%) | K: 3 | loss: 0.744037 | L1: 0.375658 | L2: 0.368486 | L3: 0.368272 | lrm: 0.44 | dt: 2600.72ms | tok/sec: 201,593 | mfu: 44.32 | epoch: 1 | total time: 30.28m
step 00712 (78.10%) | K: 3 | loss: 0.743702 | L1: 0.375509 | L2: 0.368297 | L3: 0.368088 | lrm: 0.44 | dt: 2587.17ms | tok/sec: 202,649 | mfu: 44.56 | epoch: 1 | total time: 30.32m
step 00713 (78.21%) | K: 3 | loss: 0.743197 | L1: 0.375294 | L2: 0.368013 | L3: 0.367793 | lrm: 0.44 | dt: 2600.86ms | tok/sec: 201,582 | mfu: 44.32 | epoch: 1 | total time: 30.37m
step 00714 (78.32%) | K: 3 | loss: 0.743061 | L1: 0.375221 | L2: 0.367949 | L3: 0.367731 | lrm: 0.43 | dt: 2603.79ms | tok/sec: 201,356 | mfu: 44.27 | epoch: 1 | total time: 30.41m
step 00715 (78.43%) | K: 3 | loss: 0.741985 | L1: 0.374656 | L2: 0.367441 | L3: 0.367216 | lrm: 0.43 | dt: 2599.55ms | tok/sec: 201,684 | mfu: 44.34 | epoch: 1 | total time: 30.45m
step 00716 (78.54%) | K: 3 | loss: 0.744675 | L1: 0.375992 | L2: 0.368790 | L3: 0.368576 | lrm: 0.43 | dt: 2600.09ms | tok/sec: 201,641 | mfu: 44.33 | epoch: 1 | total time: 30.50m
step 00717 (78.64%) | K: 3 | loss: 0.753007 | L1: 0.380172 | L2: 0.372935 | L3: 0.372735 | lrm: 0.43 | dt: 2602.18ms | tok/sec: 201,479 | mfu: 44.30 | epoch: 1 | total time: 30.54m
step 00718 (78.75%) | K: 3 | loss: 0.750214 | L1: 0.378736 | L2: 0.371574 | L3: 0.371382 | lrm: 0.42 | dt: 2594.24ms | tok/sec: 202,096 | mfu: 44.43 | epoch: 1 | total time: 30.58m
step 00719 (78.87%) | K: 3 | loss: 0.753381 | L1: 0.380311 | L2: 0.373165 | L3: 0.372977 | lrm: 0.42 | dt: 2596.79ms | tok/sec: 201,898 | mfu: 44.39 | epoch: 1 | total time: 30.63m
step 00720 (78.98%) | K: 3 | loss: 0.752232 | L1: 0.379746 | L2: 0.372580 | L3: 0.372393 | lrm: 0.42 | dt: 2600.79ms | tok/sec: 201,587 | mfu: 44.32 | epoch: 1 | total time: 30.67m
step 00721 (79.10%) | K: 3 | loss: 0.753106 | L1: 0.380187 | L2: 0.373020 | L3: 0.372817 | lrm: 0.42 | dt: 2593.67ms | tok/sec: 202,141 | mfu: 44.44 | epoch: 1 | total time: 30.71m
step 00722 (79.21%) | K: 3 | loss: 0.751408 | L1: 0.379396 | L2: 0.372111 | L3: 0.371914 | lrm: 0.42 | dt: 2597.74ms | tok/sec: 201,824 | mfu: 44.37 | epoch: 1 | total time: 30.76m
step 00723 (79.32%) | K: 3 | loss: 0.745510 | L1: 0.376487 | L2: 0.369139 | L3: 0.368908 | lrm: 0.41 | dt: 2591.98ms | tok/sec: 202,273 | mfu: 44.47 | epoch: 1 | total time: 30.80m
step 00724 (79.43%) | K: 3 | loss: 0.746686 | L1: 0.377059 | L2: 0.369739 | L3: 0.369516 | lrm: 0.41 | dt: 2590.93ms | tok/sec: 202,355 | mfu: 44.49 | epoch: 1 | total time: 30.84m
step 00725 (79.54%) | K: 3 | loss: 0.744260 | L1: 0.375838 | L2: 0.368534 | L3: 0.368311 | lrm: 0.41 | dt: 2592.07ms | tok/sec: 202,265 | mfu: 44.47 | epoch: 1 | total time: 30.89m
step 00726 (79.65%) | K: 3 | loss: 0.745577 | L1: 0.376490 | L2: 0.369193 | L3: 0.368982 | lrm: 0.41 | dt: 2596.41ms | tok/sec: 201,927 | mfu: 44.40 | epoch: 1 | total time: 30.93m
step 00727 (79.76%) | K: 3 | loss: 0.745703 | L1: 0.376556 | L2: 0.369244 | L3: 0.369050 | lrm: 0.40 | dt: 2588.11ms | tok/sec: 202,575 | mfu: 44.54 | epoch: 1 | total time: 30.97m
step 00728 (79.86%) | K: 3 | loss: 0.743586 | L1: 0.375540 | L2: 0.368148 | L3: 0.367945 | lrm: 0.40 | dt: 2594.30ms | tok/sec: 202,092 | mfu: 44.43 | epoch: 1 | total time: 31.02m
step 00729 (79.97%) | K: 3 | loss: 0.746363 | L1: 0.376947 | L2: 0.369514 | L3: 0.369318 | lrm: 0.40 | dt: 2600.09ms | tok/sec: 201,642 | mfu: 44.33 | epoch: 1 | total time: 31.06m
step 00730 (80.09%) | K: 3 | loss: 0.751904 | L1: 0.379690 | L2: 0.372308 | L3: 0.372120 | lrm: 0.40 | dt: 2593.24ms | tok/sec: 202,174 | mfu: 44.45 | epoch: 1 | total time: 31.10m
step 00731 (80.19%) | K: 3 | loss: 0.751450 | L1: 0.379378 | L2: 0.372164 | L3: 0.371979 | lrm: 0.40 | dt: 2593.77ms | tok/sec: 202,133 | mfu: 44.44 | epoch: 1 | total time: 31.15m
step 00732 (80.30%) | K: 3 | loss: 0.748569 | L1: 0.377957 | L2: 0.370697 | L3: 0.370526 | lrm: 0.39 | dt: 2587.95ms | tok/sec: 202,588 | mfu: 44.54 | epoch: 1 | total time: 31.19m
step 00733 (80.41%) | K: 3 | loss: 0.749298 | L1: 0.378370 | L2: 0.371021 | L3: 0.370836 | lrm: 0.39 | dt: 2593.87ms | tok/sec: 202,125 | mfu: 44.44 | epoch: 1 | total time: 31.23m
step 00734 (80.52%) | K: 3 | loss: 0.749030 | L1: 0.378214 | L2: 0.370900 | L3: 0.370730 | lrm: 0.39 | dt: 2597.33ms | tok/sec: 201,856 | mfu: 44.38 | epoch: 1 | total time: 31.28m
step 00735 (80.63%) | K: 3 | loss: 0.746516 | L1: 0.376964 | L2: 0.369649 | L3: 0.369454 | lrm: 0.39 | dt: 2596.73ms | tok/sec: 201,903 | mfu: 44.39 | epoch: 1 | total time: 31.32m
step 00736 (80.74%) | K: 3 | loss: 0.748418 | L1: 0.377894 | L2: 0.370621 | L3: 0.370426 | lrm: 0.39 | dt: 2595.74ms | tok/sec: 201,980 | mfu: 44.41 | epoch: 1 | total time: 31.36m
step 00737 (80.85%) | K: 3 | loss: 0.746264 | L1: 0.376783 | L2: 0.369577 | L3: 0.369387 | lrm: 0.38 | dt: 2589.83ms | tok/sec: 202,441 | mfu: 44.51 | epoch: 1 | total time: 31.41m
step 00738 (80.96%) | K: 3 | loss: 0.746021 | L1: 0.376670 | L2: 0.369456 | L3: 0.369246 | lrm: 0.38 | dt: 2597.88ms | tok/sec: 201,813 | mfu: 44.37 | epoch: 1 | total time: 31.45m
step 00739 (81.07%) | K: 3 | loss: 0.746570 | L1: 0.377031 | L2: 0.369655 | L3: 0.369423 | lrm: 0.38 | dt: 2593.23ms | tok/sec: 202,175 | mfu: 44.45 | epoch: 1 | total time: 31.49m
step 00740 (81.18%) | K: 3 | loss: 0.749072 | L1: 0.378292 | L2: 0.370902 | L3: 0.370659 | lrm: 0.38 | dt: 2588.73ms | tok/sec: 202,527 | mfu: 44.53 | epoch: 1 | total time: 31.53m
step 00741 (81.30%) | K: 3 | loss: 0.748954 | L1: 0.378181 | L2: 0.370894 | L3: 0.370650 | lrm: 0.37 | dt: 2598.22ms | tok/sec: 201,787 | mfu: 44.37 | epoch: 1 | total time: 31.58m
step 00742 (81.41%) | K: 3 | loss: 0.749306 | L1: 0.378407 | L2: 0.371022 | L3: 0.370775 | lrm: 0.37 | dt: 2590.30ms | tok/sec: 202,404 | mfu: 44.50 | epoch: 1 | total time: 31.62m
step 00743 (81.51%) | K: 3 | loss: 0.750514 | L1: 0.379012 | L2: 0.371620 | L3: 0.371382 | lrm: 0.37 | dt: 2589.21ms | tok/sec: 202,489 | mfu: 44.52 | epoch: 1 | total time: 31.66m
step 00744 (81.62%) | K: 3 | loss: 0.753191 | L1: 0.380374 | L2: 0.372933 | L3: 0.372700 | lrm: 0.37 | dt: 2595.53ms | tok/sec: 201,996 | mfu: 44.41 | epoch: 1 | total time: 31.71m
step 00745 (81.73%) | K: 3 | loss: 0.752053 | L1: 0.379821 | L2: 0.372352 | L3: 0.372112 | lrm: 0.37 | dt: 2587.75ms | tok/sec: 202,604 | mfu: 44.55 | epoch: 1 | total time: 31.75m
step 00746 (81.84%) | K: 3 | loss: 0.754855 | L1: 0.381266 | L2: 0.373718 | L3: 0.373462 | lrm: 0.36 | dt: 2590.82ms | tok/sec: 202,363 | mfu: 44.49 | epoch: 1 | total time: 31.79m
step 00747 (81.95%) | K: 3 | loss: 0.751976 | L1: 0.379735 | L2: 0.372364 | L3: 0.372119 | lrm: 0.36 | dt: 2598.06ms | tok/sec: 201,800 | mfu: 44.37 | epoch: 1 | total time: 31.84m
step 00748 (82.06%) | K: 3 | loss: 0.749424 | L1: 0.378414 | L2: 0.371132 | L3: 0.370888 | lrm: 0.36 | dt: 2596.08ms | tok/sec: 201,953 | mfu: 44.40 | epoch: 1 | total time: 31.88m
step 00749 (82.18%) | K: 3 | loss: 0.747706 | L1: 0.377574 | L2: 0.370257 | L3: 0.370007 | lrm: 0.36 | dt: 2591.45ms | tok/sec: 202,314 | mfu: 44.48 | epoch: 1 | total time: 31.92m
step 00750 (82.28%) | K: 3 | loss: 0.748888 | L1: 0.378171 | L2: 0.370850 | L3: 0.370585 | lrm: 0.35 | dt: 2600.65ms | tok/sec: 201,599 | mfu: 44.33 | epoch: 1 | total time: 31.97m
2026-08-27 17:13:05,222 - nanochat.checkpoint_manager - [32m[1mINFO[0m - Saved optimizer state to: /home/jhu/xwang457/work/nanochat_cache/chatsft_checkpoints/d20-lf-k3-openmath-train1m/optim_000750_rank3.pt
2026-08-27 17:13:05,295 - nanochat.checkpoint_manager - [32m[1mINFO[0m - Saved optimizer state to: /home/jhu/xwang457/work/nanochat_cache/chatsft_checkpoints/d20-lf-k3-openmath-train1m/optim_000750_rank1.pt
2026-08-27 17:13:05,311 - nanochat.checkpoint_manager - [32m[1mINFO[0m - Saved optimizer state to: /home/jhu/xwang457/work/nanochat_cache/chatsft_checkpoints/d20-lf-k3-openmath-train1m/optim_000750_rank2.pt
2026-08-27 17:13:06,247 - nanochat.checkpoint_manager - [32m[1mINFO[0m - Saved model parameters to: /home/jhu/xwang457/work/nanochat_cache/chatsft_checkpoints/d20-lf-k3-openmath-train1m/model_000750.pt
2026-08-27 17:13:06,250 - nanochat.checkpoint_manager - [32m[1mINFO[0m - Saved metadata to: /home/jhu/xwang457/work/nanochat_cache/chatsft_checkpoints/d20-lf-k3-openmath-train1m/meta_000750.json
2026-08-27 17:13:06,730 - nanochat.checkpoint_manager - [32m[1mINFO[0m - Saved optimizer state to: /home/jhu/xwang457/work/nanochat_cache/chatsft_checkpoints/d20-lf-k3-openmath-train1m/optim_000750_rank0.pt
step 00751 (82.39%) | K: 3 | loss: 0.746699 | L1: 0.377073 | L2: 0.369745 | L3: 0.369508 | lrm: 0.35 | dt: 2563.18ms | tok/sec: 204,545 | mfu: 44.97 | epoch: 1 | total time: 32.01m
step 00752 (82.50%) | K: 3 | loss: 0.749734 | L1: 0.378604 | L2: 0.371245 | L3: 0.371015 | lrm: 0.35 | dt: 2590.44ms | tok/sec: 202,393 | mfu: 44.50 | epoch: 1 | total time: 32.05m
step 00753 (82.61%) | K: 3 | loss: 0.745310 | L1: 0.376394 | L2: 0.369022 | L3: 0.368809 | lrm: 0.35 | dt: 2590.35ms | tok/sec: 202,400 | mfu: 44.50 | epoch: 1 | total time: 32.10m
step 00754 (82.72%) | K: 3 | loss: 0.745443 | L1: 0.376450 | L2: 0.369099 | L3: 0.368888 | lrm: 0.35 | dt: 2593.66ms | tok/sec: 202,141 | mfu: 44.44 | epoch: 1 | total time: 32.14m
step 00755 (82.83%) | K: 3 | loss: 0.747082 | L1: 0.377307 | L2: 0.369884 | L3: 0.369665 | lrm: 0.34 | dt: 2596.13ms | tok/sec: 201,949 | mfu: 44.40 | epoch: 1 | total time: 32.18m
step 00756 (82.95%) | K: 3 | loss: 0.747122 | L1: 0.377291 | L2: 0.369940 | L3: 0.369723 | lrm: 0.34 | dt: 2587.20ms | tok/sec: 202,646 | mfu: 44.56 | epoch: 1 | total time: 32.23m
step 00757 (83.05%) | K: 3 | loss: 0.749462 | L1: 0.378447 | L2: 0.371126 | L3: 0.370903 | lrm: 0.34 | dt: 2591.69ms | tok/sec: 202,295 | mfu: 44.48 | epoch: 1 | total time: 32.27m
step 00758 (83.16%) | K: 3 | loss: 0.750485 | L1: 0.378932 | L2: 0.371666 | L3: 0.371439 | lrm: 0.34 | dt: 2592.28ms | tok/sec: 202,250 | mfu: 44.47 | epoch: 1 | total time: 32.31m
step 00759 (83.26%) | K: 3 | loss: 0.752185 | L1: 0.379794 | L2: 0.372498 | L3: 0.372284 | lrm: 0.33 | dt: 2587.08ms | tok/sec: 202,656 | mfu: 44.56 | epoch: 1 | total time: 32.36m
step 00760 (83.37%) | K: 3 | loss: 0.754284 | L1: 0.380835 | L2: 0.373560 | L3: 0.373339 | lrm: 0.33 | dt: 2592.92ms | tok/sec: 202,200 | mfu: 44.46 | epoch: 1 | total time: 32.40m
step 00761 (83.48%) | K: 3 | loss: 0.754211 | L1: 0.380829 | L2: 0.373487 | L3: 0.373278 | lrm: 0.33 | dt: 2582.98ms | tok/sec: 202,977 | mfu: 44.63 | epoch: 1 | total time: 32.44m
step 00762 (83.59%) | K: 3 | loss: 0.754827 | L1: 0.381130 | L2: 0.373802 | L3: 0.373591 | lrm: 0.33 | dt: 2596.33ms | tok/sec: 201,934 | mfu: 44.40 | epoch: 1 | total time: 32.48m
step 00763 (83.69%) | K: 3 | loss: 0.755537 | L1: 0.381501 | L2: 0.374153 | L3: 0.373919 | lrm: 0.33 | dt: 2587.39ms | tok/sec: 202,631 | mfu: 44.55 | epoch: 1 | total time: 32.53m
step 00764 (83.80%) | K: 3 | loss: 0.756689 | L1: 0.382086 | L2: 0.374725 | L3: 0.374480 | lrm: 0.32 | dt: 2594.88ms | tok/sec: 202,047 | mfu: 44.42 | epoch: 1 | total time: 32.57m
step 00765 (83.90%) | K: 3 | loss: 0.757033 | L1: 0.382273 | L2: 0.374874 | L3: 0.374644 | lrm: 0.32 | dt: 2581.92ms | tok/sec: 203,061 | mfu: 44.65 | epoch: 1 | total time: 32.61m
step 00766 (84.01%) | K: 3 | loss: 0.751996 | L1: 0.379741 | L2: 0.372379 | L3: 0.372132 | lrm: 0.32 | dt: 2596.53ms | tok/sec: 201,918 | mfu: 44.40 | epoch: 1 | total time: 32.66m
step 00767 (84.13%) | K: 3 | loss: 0.751293 | L1: 0.379436 | L2: 0.371990 | L3: 0.371724 | lrm: 0.32 | dt: 2596.06ms | tok/sec: 201,955 | mfu: 44.40 | epoch: 1 | total time: 32.70m
step 00768 (84.24%) | K: 3 | loss: 0.755958 | L1: 0.381797 | L2: 0.374295 | L3: 0.374028 | lrm: 0.32 | dt: 2587.11ms | tok/sec: 202,654 | mfu: 44.56 | epoch: 1 | total time: 32.74m
step 00769 (84.35%) | K: 3 | loss: 0.756471 | L1: 0.382066 | L2: 0.374543 | L3: 0.374268 | lrm: 0.31 | dt: 2595.20ms | tok/sec: 202,022 | mfu: 44.42 | epoch: 1 | total time: 32.79m
step 00770 (84.46%) | K: 3 | loss: 0.752423 | L1: 0.379980 | L2: 0.372577 | L3: 0.372307 | lrm: 0.31 | dt: 2597.36ms | tok/sec: 201,854 | mfu: 44.38 | epoch: 1 | total time: 32.83m
step 00771 (84.56%) | K: 3 | loss: 0.753524 | L1: 0.380553 | L2: 0.373111 | L3: 0.372831 | lrm: 0.31 | dt: 2595.92ms | tok/sec: 201,966 | mfu: 44.41 | epoch: 1 | total time: 32.87m
step 00772 (84.67%) | K: 3 | loss: 0.755213 | L1: 0.381438 | L2: 0.373917 | L3: 0.373633 | lrm: 0.31 | dt: 2595.58ms | tok/sec: 201,992 | mfu: 44.41 | epoch: 1 | total time: 32.92m
step 00773 (84.78%) | K: 3 | loss: 0.753921 | L1: 0.380769 | L2: 0.373292 | L3: 0.373013 | lrm: 0.30 | dt: 2593.25ms | tok/sec: 202,173 | mfu: 44.45 | epoch: 1 | total time: 32.96m
step 00774 (84.89%) | K: 3 | loss: 0.753177 | L1: 0.380438 | L2: 0.372870 | L3: 0.372607 | lrm: 0.30 | dt: 2596.93ms | tok/sec: 201,887 | mfu: 44.39 | epoch: 1 | total time: 33.00m
step 00775 (85.00%) | K: 3 | loss: 0.752938 | L1: 0.380270 | L2: 0.372797 | L3: 0.372541 | lrm: 0.30 | dt: 2599.51ms | tok/sec: 201,687 | mfu: 44.34 | epoch: 1 | total time: 33.05m
step 00776 (85.11%) | K: 3 | loss: 0.748884 | L1: 0.378201 | L2: 0.370811 | L3: 0.370555 | lrm: 0.30 | dt: 2599.52ms | tok/sec: 201,686 | mfu: 44.34 | epoch: 1 | total time: 33.09m
step 00777 (85.22%) | K: 3 | loss: 0.748229 | L1: 0.377831 | L2: 0.370535 | L3: 0.370262 | lrm: 0.30 | dt: 2602.06ms | tok/sec: 201,489 | mfu: 44.30 | epoch: 1 | total time: 33.13m
step 00778 (85.33%) | K: 3 | loss: 0.747167 | L1: 0.377324 | L2: 0.369980 | L3: 0.369707 | lrm: 0.29 | dt: 2594.87ms | tok/sec: 202,047 | mfu: 44.42 | epoch: 1 | total time: 33.18m
step 00779 (85.45%) | K: 3 | loss: 0.745297 | L1: 0.376347 | L2: 0.369077 | L3: 0.368823 | lrm: 0.29 | dt: 2598.82ms | tok/sec: 201,740 | mfu: 44.36 | epoch: 1 | total time: 33.22m
step 00780 (85.55%) | K: 3 | loss: 0.745977 | L1: 0.376745 | L2: 0.369367 | L3: 0.369097 | lrm: 0.29 | dt: 2597.25ms | tok/sec: 201,862 | mfu: 44.38 | epoch: 1 | total time: 33.26m
step 00781 (85.66%) | K: 3 | loss: 0.745962 | L1: 0.376751 | L2: 0.369353 | L3: 0.369071 | lrm: 0.29 | dt: 2599.85ms | tok/sec: 201,661 | mfu: 44.34 | epoch: 1 | total time: 33.31m
step 00782 (85.77%) | K: 3 | loss: 0.745081 | L1: 0.376340 | L2: 0.368877 | L3: 0.368605 | lrm: 0.28 | dt: 2599.50ms | tok/sec: 201,687 | mfu: 44.34 | epoch: 1 | total time: 33.35m
step 00783 (85.88%) | K: 3 | loss: 0.740659 | L1: 0.374105 | L2: 0.366690 | L3: 0.366418 | lrm: 0.28 | dt: 2594.27ms | tok/sec: 202,094 | mfu: 44.43 | epoch: 1 | total time: 33.39m
step 00784 (86.00%) | K: 3 | loss: 0.736063 | L1: 0.371816 | L2: 0.364387 | L3: 0.364107 | lrm: 0.28 | dt: 2597.05ms | tok/sec: 201,878 | mfu: 44.39 | epoch: 1 | total time: 33.44m
step 00785 (86.11%) | K: 3 | loss: 0.736855 | L1: 0.372225 | L2: 0.364766 | L3: 0.364495 | lrm: 0.28 | dt: 2593.97ms | tok/sec: 202,117 | mfu: 44.44 | epoch: 1 | total time: 33.48m
step 00786 (86.22%) | K: 3 | loss: 0.737943 | L1: 0.372775 | L2: 0.365307 | L3: 0.365028 | lrm: 0.28 | dt: 2590.97ms | tok/sec: 202,352 | mfu: 44.49 | epoch: 1 | total time: 33.52m
step 00787 (86.33%) | K: 3 | loss: 0.737961 | L1: 0.372758 | L2: 0.365341 | L3: 0.365066 | lrm: 0.27 | dt: 2598.43ms | tok/sec: 201,771 | mfu: 44.36 | epoch: 1 | total time: 33.57m
step 00788 (86.44%) | K: 3 | loss: 0.738258 | L1: 0.372864 | L2: 0.365525 | L3: 0.365263 | lrm: 0.27 | dt: 2597.22ms | tok/sec: 201,864 | mfu: 44.38 | epoch: 1 | total time: 33.61m
step 00789 (86.54%) | K: 3 | loss: 0.730842 | L1: 0.369125 | L2: 0.361844 | L3: 0.361588 | lrm: 0.27 | dt: 2598.07ms | tok/sec: 201,798 | mfu: 44.37 | epoch: 1 | total time: 33.65m
step 00790 (86.65%) | K: 3 | loss: 0.736714 | L1: 0.372047 | L2: 0.364793 | L3: 0.364542 | lrm: 0.27 | dt: 2598.90ms | tok/sec: 201,734 | mfu: 44.35 | epoch: 1 | total time: 33.70m
step 00791 (86.76%) | K: 3 | loss: 0.737761 | L1: 0.372586 | L2: 0.365296 | L3: 0.365054 | lrm: 0.26 | dt: 2597.29ms | tok/sec: 201,859 | mfu: 44.38 | epoch: 1 | total time: 33.74m
step 00792 (86.88%) | K: 3 | loss: 0.736629 | L1: 0.372021 | L2: 0.364734 | L3: 0.364482 | lrm: 0.26 | dt: 2596.46ms | tok/sec: 201,923 | mfu: 44.40 | epoch: 1 | total time: 33.78m
step 00793 (86.99%) | K: 3 | loss: 0.736122 | L1: 0.371756 | L2: 0.364488 | L3: 0.364245 | lrm: 0.26 | dt: 2591.27ms | tok/sec: 202,328 | mfu: 44.49 | epoch: 1 | total time: 33.83m
step 00794 (87.10%) | K: 3 | loss: 0.735679 | L1: 0.371518 | L2: 0.364280 | L3: 0.364041 | lrm: 0.26 | dt: 2594.78ms | tok/sec: 202,054 | mfu: 44.43 | epoch: 1 | total time: 33.87m
step 00795 (87.21%) | K: 3 | loss: 0.736560 | L1: 0.371939 | L2: 0.364745 | L3: 0.364497 | lrm: 0.26 | dt: 2598.86ms | tok/sec: 201,737 | mfu: 44.36 | epoch: 1 | total time: 33.91m
step 00796 (87.32%) | K: 3 | loss: 0.736990 | L1: 0.372109 | L2: 0.364995 | L3: 0.364768 | lrm: 0.25 | dt: 2597.85ms | tok/sec: 201,815 | mfu: 44.37 | epoch: 1 | total time: 33.96m
step 00797 (87.43%) | K: 3 | loss: 0.737628 | L1: 0.372478 | L2: 0.365261 | L3: 0.365039 | lrm: 0.25 | dt: 2594.16ms | tok/sec: 202,103 | mfu: 44.44 | epoch: 1 | total time: 34.00m
step 00798 (87.55%) | K: 3 | loss: 0.737916 | L1: 0.372602 | L2: 0.365425 | L3: 0.365203 | lrm: 0.25 | dt: 2591.72ms | tok/sec: 202,293 | mfu: 44.48 | epoch: 1 | total time: 34.04m
step 00799 (87.66%) | K: 3 | loss: 0.740366 | L1: 0.373861 | L2: 0.366619 | L3: 0.366391 | lrm: 0.25 | dt: 2590.87ms | tok/sec: 202,359 | mfu: 44.49 | epoch: 1 | total time: 34.09m
step 00800 (87.76%) | K: 3 | loss: 0.742908 | L1: 0.375177 | L2: 0.367841 | L3: 0.367619 | lrm: 0.24 | dt: 2593.71ms | tok/sec: 202,138 | mfu: 44.44 | epoch: 1 | total time: 34.13m
Step 00800 | Validation L1 bpb: 0.1989 | L2 bpb: 0.1949 | L3 bpb: 0.1948
step 00801 (87.88%) | K: 3 | loss: 0.743749 | L1: 0.375580 | L2: 0.368294 | L3: 0.368043 | lrm: 0.24 | dt: 2596.59ms | tok/sec: 201,913 | mfu: 44.39 | epoch: 1 | total time: 34.17m
step 00802 (87.99%) | K: 3 | loss: 0.746789 | L1: 0.377118 | L2: 0.369796 | L3: 0.369545 | lrm: 0.24 | dt: 2595.44ms | tok/sec: 202,003 | mfu: 44.41 | epoch: 1 | total time: 34.22m
step 00803 (88.10%) | K: 3 | loss: 0.750497 | L1: 0.378947 | L2: 0.371674 | L3: 0.371425 | lrm: 0.24 | dt: 2593.92ms | tok/sec: 202,121 | mfu: 44.44 | epoch: 1 | total time: 34.26m
step 00804 (88.20%) | K: 3 | loss: 0.749541 | L1: 0.378423 | L2: 0.371243 | L3: 0.370993 | lrm: 0.24 | dt: 2592.85ms | tok/sec: 202,204 | mfu: 44.46 | epoch: 1 | total time: 34.30m
step 00805 (88.31%) | K: 3 | loss: 0.743747 | L1: 0.375559 | L2: 0.368313 | L3: 0.368064 | lrm: 0.23 | dt: 2595.62ms | tok/sec: 201,989 | mfu: 44.41 | epoch: 1 | total time: 34.34m
step 00806 (88.42%) | K: 3 | loss: 0.745234 | L1: 0.376329 | L2: 0.369028 | L3: 0.368782 | lrm: 0.23 | dt: 2598.38ms | tok/sec: 201,774 | mfu: 44.36 | epoch: 1 | total time: 34.39m
step 00807 (88.53%) | K: 3 | loss: 0.749066 | L1: 0.378219 | L2: 0.370960 | L3: 0.370734 | lrm: 0.23 | dt: 2599.44ms | tok/sec: 201,692 | mfu: 44.35 | epoch: 1 | total time: 34.43m
step 00808 (88.65%) | K: 3 | loss: 0.750453 | L1: 0.378937 | L2: 0.371632 | L3: 0.371401 | lrm: 0.23 | dt: 2589.64ms | tok/sec: 202,455 | mfu: 44.51 | epoch: 1 | total time: 34.47m
step 00809 (88.77%) | K: 3 | loss: 0.751836 | L1: 0.379643 | L2: 0.372312 | L3: 0.372073 | lrm: 0.22 | dt: 2592.77ms | tok/sec: 202,211 | mfu: 44.46 | epoch: 1 | total time: 34.52m
step 00810 (88.88%) | K: 3 | loss: 0.746779 | L1: 0.377077 | L2: 0.369815 | L3: 0.369589 | lrm: 0.22 | dt: 2599.27ms | tok/sec: 201,705 | mfu: 44.35 | epoch: 1 | total time: 34.56m
step 00811 (88.99%) | K: 3 | loss: 0.745190 | L1: 0.376328 | L2: 0.368966 | L3: 0.368757 | lrm: 0.22 | dt: 2596.62ms | tok/sec: 201,911 | mfu: 44.39 | epoch: 1 | total time: 34.60m
step 00812 (89.10%) | K: 3 | loss: 0.746140 | L1: 0.376795 | L2: 0.369455 | L3: 0.369235 | lrm: 0.22 | dt: 2586.22ms | tok/sec: 202,723 | mfu: 44.57 | epoch: 1 | total time: 34.65m
step 00813 (89.21%) | K: 3 | loss: 0.748862 | L1: 0.378209 | L2: 0.370765 | L3: 0.370540 | lrm: 0.22 | dt: 2598.60ms | tok/sec: 201,757 | mfu: 44.36 | epoch: 1 | total time: 34.69m
step 00814 (89.32%) | K: 3 | loss: 0.749816 | L1: 0.378734 | L2: 0.371185 | L3: 0.370978 | lrm: 0.21 | dt: 2597.67ms | tok/sec: 201,830 | mfu: 44.38 | epoch: 1 | total time: 34.73m
step 00815 (89.43%) | K: 3 | loss: 0.749824 | L1: 0.378721 | L2: 0.371207 | L3: 0.370999 | lrm: 0.21 | dt: 2599.18ms | tok/sec: 201,712 | mfu: 44.35 | epoch: 1 | total time: 34.78m
step 00816 (89.54%) | K: 3 | loss: 0.746170 | L1: 0.376930 | L2: 0.369357 | L3: 0.369122 | lrm: 0.21 | dt: 2592.51ms | tok/sec: 202,231 | mfu: 44.46 | epoch: 1 | total time: 34.82m
step 00817 (89.65%) | K: 3 | loss: 0.744091 | L1: 0.375910 | L2: 0.368301 | L3: 0.368061 | lrm: 0.21 | dt: 2587.15ms | tok/sec: 202,650 | mfu: 44.56 | epoch: 1 | total time: 34.86m
step 00818 (89.76%) | K: 3 | loss: 0.743359 | L1: 0.375600 | L2: 0.367882 | L3: 0.367635 | lrm: 0.20 | dt: 2596.98ms | tok/sec: 201,883 | mfu: 44.39 | epoch: 1 | total time: 34.91m
step 00819 (89.87%) | K: 3 | loss: 0.741634 | L1: 0.374731 | L2: 0.367024 | L3: 0.366782 | lrm: 0.20 | dt: 2601.33ms | tok/sec: 201,546 | mfu: 44.31 | epoch: 1 | total time: 34.95m
step 00820 (89.98%) | K: 3 | loss: 0.739467 | L1: 0.373681 | L2: 0.365906 | L3: 0.365667 | lrm: 0.20 | dt: 2600.47ms | tok/sec: 201,612 | mfu: 44.33 | epoch: 1 | total time: 34.99m
step 00821 (90.10%) | K: 3 | loss: 0.739124 | L1: 0.373505 | L2: 0.365738 | L3: 0.365500 | lrm: 0.20 | dt: 2598.14ms | tok/sec: 201,793 | mfu: 44.37 | epoch: 1 | total time: 35.04m
step 00822 (90.20%) | K: 3 | loss: 0.734760 | L1: 0.371335 | L2: 0.363539 | L3: 0.363312 | lrm: 0.20 | dt: 2594.87ms | tok/sec: 202,047 | mfu: 44.42 | epoch: 1 | total time: 35.08m
step 00823 (90.32%) | K: 3 | loss: 0.734451 | L1: 0.371206 | L2: 0.363361 | L3: 0.363130 | lrm: 0.19 | dt: 2594.67ms | tok/sec: 202,063 | mfu: 44.43 | epoch: 1 | total time: 35.12m
step 00824 (90.43%) | K: 3 | loss: 0.740896 | L1: 0.374405 | L2: 0.366602 | L3: 0.366382 | lrm: 0.19 | dt: 2597.35ms | tok/sec: 201,854 | mfu: 44.38 | epoch: 1 | total time: 35.17m
step 00825 (90.54%) | K: 3 | loss: 0.740670 | L1: 0.374249 | L2: 0.366531 | L3: 0.366312 | lrm: 0.19 | dt: 2595.58ms | tok/sec: 201,992 | mfu: 44.41 | epoch: 1 | total time: 35.21m
step 00826 (90.66%) | K: 3 | loss: 0.744080 | L1: 0.375870 | L2: 0.368322 | L3: 0.368099 | lrm: 0.19 | dt: 2590.58ms | tok/sec: 202,382 | mfu: 44.50 | epoch: 1 | total time: 35.25m
step 00827 (90.76%) | K: 3 | loss: 0.736026 | L1: 0.371850 | L2: 0.364288 | L3: 0.364065 | lrm: 0.18 | dt: 2593.17ms | tok/sec: 202,180 | mfu: 44.45 | epoch: 1 | total time: 35.30m
step 00828 (90.88%) | K: 3 | loss: 0.733214 | L1: 0.370442 | L2: 0.362884 | L3: 0.362660 | lrm: 0.18 | dt: 2588.96ms | tok/sec: 202,509 | mfu: 44.53 | epoch: 1 | total time: 35.34m
step 00829 (90.99%) | K: 3 | loss: 0.733292 | L1: 0.370453 | L2: 0.362942 | L3: 0.362735 | lrm: 0.18 | dt: 2593.62ms | tok/sec: 202,145 | mfu: 44.45 | epoch: 1 | total time: 35.38m
step 00830 (91.10%) | K: 3 | loss: 0.733418 | L1: 0.370482 | L2: 0.363037 | L3: 0.362836 | lrm: 0.18 | dt: 2590.72ms | tok/sec: 202,371 | mfu: 44.49 | epoch: 1 | total time: 35.43m
step 00831 (91.21%) | K: 3 | loss: 0.727825 | L1: 0.367671 | L2: 0.360241 | L3: 0.360069 | lrm: 0.18 | dt: 2587.30ms | tok/sec: 202,639 | mfu: 44.55 | epoch: 1 | total time: 35.47m
step 00832 (91.32%) | K: 3 | loss: 0.725745 | L1: 0.366649 | L2: 0.359186 | L3: 0.359006 | lrm: 0.17 | dt: 2584.38ms | tok/sec: 202,867 | mfu: 44.60 | epoch: 1 | total time: 35.51m
step 00833 (91.43%) | K: 3 | loss: 0.724398 | L1: 0.365952 | L2: 0.358532 | L3: 0.358359 | lrm: 0.17 | dt: 2596.85ms | tok/sec: 201,893 | mfu: 44.39 | epoch: 1 | total time: 35.56m
step 00834 (91.54%) | K: 3 | loss: 0.730902 | L1: 0.369168 | L2: 0.361819 | L3: 0.361649 | lrm: 0.17 | dt: 2595.12ms | tok/sec: 202,028 | mfu: 44.42 | epoch: 1 | total time: 35.60m
step 00835 (91.65%) | K: 3 | loss: 0.728754 | L1: 0.368076 | L2: 0.360767 | L3: 0.360589 | lrm: 0.17 | dt: 2585.98ms | tok/sec: 202,742 | mfu: 44.58 | epoch: 1 | total time: 35.64m
step 00836 (91.76%) | K: 3 | loss: 0.740325 | L1: 0.373840 | L2: 0.366574 | L3: 0.366395 | lrm: 0.16 | dt: 2594.23ms | tok/sec: 202,097 | mfu: 44.43 | epoch: 1 | total time: 35.69m
step 00837 (91.87%) | K: 3 | loss: 0.744809 | L1: 0.376092 | L2: 0.368807 | L3: 0.368627 | lrm: 0.16 | dt: 2594.10ms | tok/sec: 202,108 | mfu: 44.44 | epoch: 1 | total time: 35.73m
step 00838 (91.97%) | K: 3 | loss: 0.745509 | L1: 0.376453 | L2: 0.369150 | L3: 0.368963 | lrm: 0.16 | dt: 2598.29ms | tok/sec: 201,782 | mfu: 44.37 | epoch: 1 | total time: 35.77m
step 00839 (92.08%) | K: 3 | loss: 0.745189 | L1: 0.376294 | L2: 0.368986 | L3: 0.368804 | lrm: 0.16 | dt: 2591.90ms | tok/sec: 202,279 | mfu: 44.47 | epoch: 1 | total time: 35.81m
step 00840 (92.20%) | K: 3 | loss: 0.742152 | L1: 0.374739 | L2: 0.367508 | L3: 0.367318 | lrm: 0.16 | dt: 2592.70ms | tok/sec: 202,216 | mfu: 44.46 | epoch: 1 | total time: 35.86m
step 00841 (92.30%) | K: 3 | loss: 0.739300 | L1: 0.373352 | L2: 0.366042 | L3: 0.365853 | lrm: 0.15 | dt: 2596.48ms | tok/sec: 201,922 | mfu: 44.40 | epoch: 1 | total time: 35.90m
step 00842 (92.41%) | K: 3 | loss: 0.736032 | L1: 0.371708 | L2: 0.364421 | L3: 0.364227 | lrm: 0.15 | dt: 2598.24ms | tok/sec: 201,785 | mfu: 44.37 | epoch: 1 | total time: 35.94m
step 00843 (92.52%) | K: 3 | loss: 0.739156 | L1: 0.373301 | L2: 0.365953 | L3: 0.365757 | lrm: 0.15 | dt: 2597.31ms | tok/sec: 201,857 | mfu: 44.38 | epoch: 1 | total time: 35.99m
step 00844 (92.63%) | K: 3 | loss: 0.739002 | L1: 0.373227 | L2: 0.365876 | L3: 0.365672 | lrm: 0.15 | dt: 2600.19ms | tok/sec: 201,634 | mfu: 44.33 | epoch: 1 | total time: 36.03m
step 00845 (92.74%) | K: 3 | loss: 0.737201 | L1: 0.372390 | L2: 0.364918 | L3: 0.364704 | lrm: 0.15 | dt: 2588.28ms | tok/sec: 202,561 | mfu: 44.54 | epoch: 1 | total time: 36.07m
step 00846 (92.85%) | K: 3 | loss: 0.731291 | L1: 0.369392 | L2: 0.362009 | L3: 0.361789 | lrm: 0.14 | dt: 2598.62ms | tok/sec: 201,756 | mfu: 44.36 | epoch: 1 | total time: 36.12m
step 00847 (92.96%) | K: 3 | loss: 0.734575 | L1: 0.371060 | L2: 0.363629 | L3: 0.363400 | lrm: 0.14 | dt: 2600.86ms | tok/sec: 201,582 | mfu: 44.32 | epoch: 1 | total time: 36.16m
step 00848 (93.06%) | K: 3 | loss: 0.733722 | L1: 0.370615 | L2: 0.363222 | L3: 0.362992 | lrm: 0.14 | dt: 2598.81ms | tok/sec: 201,741 | mfu: 44.36 | epoch: 1 | total time: 36.20m
step 00849 (93.18%) | K: 3 | loss: 0.736159 | L1: 0.371842 | L2: 0.364424 | L3: 0.364212 | lrm: 0.14 | dt: 2590.50ms | tok/sec: 202,389 | mfu: 44.50 | epoch: 1 | total time: 36.25m
step 00850 (93.29%) | K: 3 | loss: 0.732567 | L1: 0.370072 | L2: 0.362604 | L3: 0.362387 | lrm: 0.13 | dt: 2593.03ms | tok/sec: 202,191 | mfu: 44.46 | epoch: 1 | total time: 36.29m
step 00851 (93.40%) | K: 3 | loss: 0.736151 | L1: 0.371853 | L2: 0.364414 | L3: 0.364181 | lrm: 0.13 | dt: 2589.37ms | tok/sec: 202,476 | mfu: 44.52 | epoch: 1 | total time: 36.33m
step 00852 (93.51%) | K: 3 | loss: 0.732247 | L1: 0.369872 | L2: 0.362482 | L3: 0.362266 | lrm: 0.13 | dt: 2597.54ms | tok/sec: 201,839 | mfu: 44.38 | epoch: 1 | total time: 36.38m
step 00853 (93.62%) | K: 3 | loss: 0.729892 | L1: 0.368650 | L2: 0.361345 | L3: 0.361140 | lrm: 0.13 | dt: 2601.32ms | tok/sec: 201,546 | mfu: 44.31 | epoch: 1 | total time: 36.42m
step 00854 (93.73%) | K: 3 | loss: 0.729650 | L1: 0.368538 | L2: 0.361212 | L3: 0.361013 | lrm: 0.13 | dt: 2597.95ms | tok/sec: 201,808 | mfu: 44.37 | epoch: 1 | total time: 36.46m
step 00855 (93.85%) | K: 3 | loss: 0.732962 | L1: 0.370162 | L2: 0.362891 | L3: 0.362708 | lrm: 0.12 | dt: 2592.84ms | tok/sec: 202,205 | mfu: 44.46 | epoch: 1 | total time: 36.51m
step 00856 (93.96%) | K: 3 | loss: 0.737642 | L1: 0.372529 | L2: 0.365214 | L3: 0.365011 | lrm: 0.12 | dt: 2587.43ms | tok/sec: 202,628 | mfu: 44.55 | epoch: 1 | total time: 36.55m
step 00857 (94.06%) | K: 3 | loss: 0.735301 | L1: 0.371357 | L2: 0.364047 | L3: 0.363841 | lrm: 0.12 | dt: 2597.28ms | tok/sec: 201,860 | mfu: 44.38 | epoch: 1 | total time: 36.59m
step 00858 (94.17%) | K: 3 | loss: 0.734904 | L1: 0.371186 | L2: 0.363821 | L3: 0.363615 | lrm: 0.12 | dt: 2596.35ms | tok/sec: 201,932 | mfu: 44.40 | epoch: 1 | total time: 36.64m
step 00859 (94.28%) | K: 3 | loss: 0.731690 | L1: 0.369606 | L2: 0.362190 | L3: 0.361978 | lrm: 0.11 | dt: 2584.70ms | tok/sec: 202,842 | mfu: 44.60 | epoch: 1 | total time: 36.68m
step 00860 (94.39%) | K: 3 | loss: 0.724782 | L1: 0.366126 | L2: 0.358770 | L3: 0.358544 | lrm: 0.11 | dt: 2599.07ms | tok/sec: 201,721 | mfu: 44.35 | epoch: 1 | total time: 36.72m
step 00861 (94.49%) | K: 3 | loss: 0.724169 | L1: 0.365786 | L2: 0.358496 | L3: 0.358270 | lrm: 0.11 | dt: 2593.26ms | tok/sec: 202,173 | mfu: 44.45 | epoch: 1 | total time: 36.77m
step 00862 (94.60%) | K: 3 | loss: 0.727127 | L1: 0.367266 | L2: 0.359965 | L3: 0.359756 | lrm: 0.11 | dt: 2596.61ms | tok/sec: 201,912 | mfu: 44.39 | epoch: 1 | total time: 36.81m
step 00863 (94.71%) | K: 3 | loss: 0.725617 | L1: 0.366456 | L2: 0.359262 | L3: 0.359060 | lrm: 0.11 | dt: 2589.46ms | tok/sec: 202,469 | mfu: 44.52 | epoch: 1 | total time: 36.85m
step 00864 (94.83%) | K: 3 | loss: 0.728323 | L1: 0.367837 | L2: 0.360591 | L3: 0.360381 | lrm: 0.10 | dt: 2590.62ms | tok/sec: 202,378 | mfu: 44.50 | epoch: 1 | total time: 36.90m
step 00865 (94.94%) | K: 3 | loss: 0.729947 | L1: 0.368641 | L2: 0.361419 | L3: 0.361194 | lrm: 0.10 | dt: 2594.51ms | tok/sec: 202,076 | mfu: 44.43 | epoch: 1 | total time: 36.94m
step 00866 (95.05%) | K: 3 | loss: 0.725853 | L1: 0.366618 | L2: 0.359341 | L3: 0.359129 | lrm: 0.10 | dt: 2596.48ms | tok/sec: 201,922 | mfu: 44.40 | epoch: 1 | total time: 36.98m
step 00867 (95.16%) | K: 3 | loss: 0.728614 | L1: 0.367998 | L2: 0.360730 | L3: 0.360502 | lrm: 0.10 | dt: 2590.41ms | tok/sec: 202,395 | mfu: 44.50 | epoch: 1 | total time: 37.03m
step 00868 (95.27%) | K: 3 | loss: 0.731699 | L1: 0.369576 | L2: 0.362238 | L3: 0.362008 | lrm: 0.09 | dt: 2598.93ms | tok/sec: 201,732 | mfu: 44.35 | epoch: 1 | total time: 37.07m
step 00869 (95.38%) | K: 3 | loss: 0.731638 | L1: 0.369533 | L2: 0.362217 | L3: 0.361992 | lrm: 0.09 | dt: 2595.59ms | tok/sec: 201,992 | mfu: 44.41 | epoch: 1 | total time: 37.11m
step 00870 (95.50%) | K: 3 | loss: 0.729811 | L1: 0.368574 | L2: 0.361356 | L3: 0.361119 | lrm: 0.09 | dt: 2594.92ms | tok/sec: 202,044 | mfu: 44.42 | epoch: 1 | total time: 37.16m
step 00871 (95.61%) | K: 3 | loss: 0.728386 | L1: 0.367894 | L2: 0.360602 | L3: 0.360381 | lrm: 0.09 | dt: 2585.85ms | tok/sec: 202,752 | mfu: 44.58 | epoch: 1 | total time: 37.20m
step 00872 (95.72%) | K: 3 | loss: 0.727748 | L1: 0.367622 | L2: 0.360246 | L3: 0.360008 | lrm: 0.09 | dt: 2595.81ms | tok/sec: 201,974 | mfu: 44.41 | epoch: 1 | total time: 37.24m
step 00873 (95.82%) | K: 3 | loss: 0.728880 | L1: 0.368219 | L2: 0.360783 | L3: 0.360538 | lrm: 0.08 | dt: 2596.76ms | tok/sec: 201,901 | mfu: 44.39 | epoch: 1 | total time: 37.29m
step 00874 (95.92%) | K: 3 | loss: 0.733281 | L1: 0.370423 | L2: 0.362982 | L3: 0.362733 | lrm: 0.08 | dt: 2598.62ms | tok/sec: 201,756 | mfu: 44.36 | epoch: 1 | total time: 37.33m
step 00875 (96.04%) | K: 3 | loss: 0.730929 | L1: 0.369197 | L2: 0.361849 | L3: 0.361616 | lrm: 0.08 | dt: 2590.31ms | tok/sec: 202,403 | mfu: 44.50 | epoch: 1 | total time: 37.37m
step 00876 (96.15%) | K: 3 | loss: 0.730935 | L1: 0.369206 | L2: 0.361849 | L3: 0.361610 | lrm: 0.08 | dt: 2596.93ms | tok/sec: 201,887 | mfu: 44.39 | epoch: 1 | total time: 37.41m
step 00877 (96.26%) | K: 3 | loss: 0.726997 | L1: 0.367211 | L2: 0.359912 | L3: 0.359659 | lrm: 0.07 | dt: 2597.82ms | tok/sec: 201,818 | mfu: 44.37 | epoch: 1 | total time: 37.46m
step 00878 (96.37%) | K: 3 | loss: 0.731988 | L1: 0.369706 | L2: 0.362417 | L3: 0.362147 | lrm: 0.07 | dt: 2596.61ms | tok/sec: 201,912 | mfu: 44.39 | epoch: 1 | total time: 37.50m
step 00879 (96.48%) | K: 3 | loss: 0.729798 | L1: 0.368582 | L2: 0.361357 | L3: 0.361074 | lrm: 0.07 | dt: 2595.22ms | tok/sec: 202,020 | mfu: 44.42 | epoch: 1 | total time: 37.54m
step 00880 (96.59%) | K: 3 | loss: 0.731870 | L1: 0.369643 | L2: 0.362369 | L3: 0.362085 | lrm: 0.07 | dt: 2594.74ms | tok/sec: 202,058 | mfu: 44.43 | epoch: 1 | total time: 37.59m
step 00881 (96.70%) | K: 3 | loss: 0.729718 | L1: 0.368608 | L2: 0.361247 | L3: 0.360973 | lrm: 0.07 | dt: 2589.93ms | tok/sec: 202,433 | mfu: 44.51 | epoch: 1 | total time: 37.63m
step 00882 (96.81%) | K: 3 | loss: 0.733980 | L1: 0.370760 | L2: 0.363353 | L3: 0.363088 | lrm: 0.06 | dt: 2599.90ms | tok/sec: 201,656 | mfu: 44.34 | epoch: 1 | total time: 37.67m
step 00883 (96.91%) | K: 3 | loss: 0.738042 | L1: 0.372838 | L2: 0.365347 | L3: 0.365061 | lrm: 0.06 | dt: 2593.21ms | tok/sec: 202,177 | mfu: 44.45 | epoch: 1 | total time: 37.72m
step 00884 (97.02%) | K: 3 | loss: 0.741783 | L1: 0.374728 | L2: 0.367199 | L3: 0.366911 | lrm: 0.06 | dt: 2593.55ms | tok/sec: 202,150 | mfu: 44.45 | epoch: 1 | total time: 37.76m
step 00885 (97.14%) | K: 3 | loss: 0.737543 | L1: 0.372584 | L2: 0.365099 | L3: 0.364820 | lrm: 0.06 | dt: 2589.58ms | tok/sec: 202,460 | mfu: 44.51 | epoch: 1 | total time: 37.80m
step 00886 (97.25%) | K: 3 | loss: 0.737743 | L1: 0.372658 | L2: 0.365215 | L3: 0.364955 | lrm: 0.06 | dt: 2593.80ms | tok/sec: 202,131 | mfu: 44.44 | epoch: 1 | total time: 37.85m
step 00887 (97.36%) | K: 3 | loss: 0.741404 | L1: 0.374489 | L2: 0.367038 | L3: 0.366792 | lrm: 0.05 | dt: 2590.95ms | tok/sec: 202,353 | mfu: 44.49 | epoch: 1 | total time: 37.89m
step 00888 (97.47%) | K: 3 | loss: 0.739385 | L1: 0.373473 | L2: 0.366035 | L3: 0.365788 | lrm: 0.05 | dt: 2592.08ms | tok/sec: 202,265 | mfu: 44.47 | epoch: 1 | total time: 37.93m
step 00889 (97.58%) | K: 3 | loss: 0.738915 | L1: 0.373219 | L2: 0.365811 | L3: 0.365580 | lrm: 0.05 | dt: 2596.43ms | tok/sec: 201,926 | mfu: 44.40 | epoch: 1 | total time: 37.98m
step 00890 (97.68%) | K: 3 | loss: 0.735328 | L1: 0.371448 | L2: 0.363999 | L3: 0.363760 | lrm: 0.05 | dt: 2582.81ms | tok/sec: 202,991 | mfu: 44.63 | epoch: 1 | total time: 38.02m
step 00891 (97.79%) | K: 3 | loss: 0.736032 | L1: 0.371848 | L2: 0.364300 | L3: 0.364069 | lrm: 0.04 | dt: 2598.26ms | tok/sec: 201,784 | mfu: 44.37 | epoch: 1 | total time: 38.06m
step 00892 (97.90%) | K: 3 | loss: 0.731450 | L1: 0.369544 | L2: 0.362014 | L3: 0.361797 | lrm: 0.04 | dt: 2591.56ms | tok/sec: 202,305 | mfu: 44.48 | epoch: 1 | total time: 38.11m
step 00893 (98.01%) | K: 3 | loss: 0.737362 | L1: 0.372536 | L2: 0.364942 | L3: 0.364711 | lrm: 0.04 | dt: 2592.20ms | tok/sec: 202,256 | mfu: 44.47 | epoch: 1 | total time: 38.15m
step 00894 (98.12%) | K: 3 | loss: 0.735654 | L1: 0.371666 | L2: 0.364108 | L3: 0.363867 | lrm: 0.04 | dt: 2597.07ms | tok/sec: 201,876 | mfu: 44.39 | epoch: 1 | total time: 38.19m
step 00895 (98.24%) | K: 3 | loss: 0.737294 | L1: 0.372504 | L2: 0.364914 | L3: 0.364666 | lrm: 0.04 | dt: 2593.99ms | tok/sec: 202,116 | mfu: 44.44 | epoch: 1 | total time: 38.24m
step 00896 (98.34%) | K: 3 | loss: 0.737199 | L1: 0.372491 | L2: 0.364840 | L3: 0.364576 | lrm: 0.03 | dt: 2594.25ms | tok/sec: 202,096 | mfu: 44.43 | epoch: 1 | total time: 38.28m
step 00897 (98.46%) | K: 3 | loss: 0.736812 | L1: 0.372287 | L2: 0.364658 | L3: 0.364392 | lrm: 0.03 | dt: 2586.13ms | tok/sec: 202,730 | mfu: 44.57 | epoch: 1 | total time: 38.32m
step 00898 (98.57%) | K: 3 | loss: 0.738741 | L1: 0.373290 | L2: 0.365585 | L3: 0.365318 | lrm: 0.03 | dt: 2597.34ms | tok/sec: 201,855 | mfu: 44.38 | epoch: 1 | total time: 38.37m
step 00899 (98.68%) | K: 3 | loss: 0.740657 | L1: 0.374233 | L2: 0.366552 | L3: 0.366294 | lrm: 0.03 | dt: 2597.34ms | tok/sec: 201,855 | mfu: 44.38 | epoch: 1 | total time: 38.41m
step 00900 (98.79%) | K: 3 | loss: 0.736260 | L1: 0.372034 | L2: 0.364349 | L3: 0.364102 | lrm: 0.02 | dt: 2585.34ms | tok/sec: 202,792 | mfu: 44.59 | epoch: 1 | total time: 38.45m
Step 00900 | Validation L1 bpb: 0.1967 | L2 bpb: 0.1926 | L3 bpb: 0.1925
step 00901 (98.90%) | K: 3 | loss: 0.737918 | L1: 0.372849 | L2: 0.365187 | L3: 0.364951 | lrm: 0.02 | dt: 2598.04ms | tok/sec: 201,801 | mfu: 44.37 | epoch: 1 | total time: 38.50m
step 00902 (99.01%) | K: 3 | loss: 0.736723 | L1: 0.372235 | L2: 0.364593 | L3: 0.364382 | lrm: 0.02 | dt: 2592.62ms | tok/sec: 202,223 | mfu: 44.46 | epoch: 1 | total time: 38.54m
step 00903 (99.11%) | K: 3 | loss: 0.742425 | L1: 0.375115 | L2: 0.367423 | L3: 0.367197 | lrm: 0.02 | dt: 2595.61ms | tok/sec: 201,990 | mfu: 44.41 | epoch: 1 | total time: 38.58m
step 00904 (99.22%) | K: 3 | loss: 0.740974 | L1: 0.374328 | L2: 0.366757 | L3: 0.366534 | lrm: 0.02 | dt: 2595.08ms | tok/sec: 202,031 | mfu: 44.42 | epoch: 1 | total time: 38.63m
step 00905 (99.33%) | K: 3 | loss: 0.740417 | L1: 0.374055 | L2: 0.366474 | L3: 0.366251 | lrm: 0.01 | dt: 2589.76ms | tok/sec: 202,446 | mfu: 44.51 | epoch: 1 | total time: 38.67m
step 00906 (99.45%) | K: 3 | loss: 0.739854 | L1: 0.373743 | L2: 0.366229 | L3: 0.365993 | lrm: 0.01 | dt: 2595.50ms | tok/sec: 201,998 | mfu: 44.41 | epoch: 1 | total time: 38.71m
step 00907 (99.56%) | K: 3 | loss: 0.745506 | L1: 0.376564 | L2: 0.369066 | L3: 0.368817 | lrm: 0.01 | dt: 2590.87ms | tok/sec: 202,359 | mfu: 44.49 | epoch: 1 | total time: 38.75m
step 00908 (99.67%) | K: 3 | loss: 0.747178 | L1: 0.377353 | L2: 0.369949 | L3: 0.369701 | lrm: 0.01 | dt: 2587.56ms | tok/sec: 202,618 | mfu: 44.55 | epoch: 1 | total time: 38.80m
step 00909 (99.77%) | K: 3 | loss: 0.749696 | L1: 0.378585 | L2: 0.371225 | L3: 0.370997 | lrm: 0.00 | dt: 2596.22ms | tok/sec: 201,942 | mfu: 44.40 | epoch: 1 | total time: 38.84m
step 00910 (99.89%) | K: 3 | loss: 0.747753 | L1: 0.377563 | L2: 0.370297 | L3: 0.370082 | lrm: 0.00 | dt: 2594.93ms | tok/sec: 202,043 | mfu: 44.42 | epoch: 1 | total time: 38.88m
step 00911 (100.00%) | K: 3 | loss: 0.744556 | L1: 0.375976 | L2: 0.368683 | L3: 0.368479 | lrm: 0.00 | dt: 2594.00ms | tok/sec: 202,115 | mfu: 44.44 | epoch: 2 | total time: 38.93m
Step 00911 | Validation L1 bpb: 0.1966 | L2 bpb: 0.1926 | L3 bpb: 0.1924
2026-08-27 17:20:10,468 - nanochat.checkpoint_manager - [32m[1mINFO[0m - Saved optimizer state to: /home/jhu/xwang457/work/nanochat_cache/chatsft_checkpoints/d20-lf-k3-openmath-train1m/optim_000911_rank3.pt
2026-08-27 17:20:10,555 - nanochat.checkpoint_manager - [32m[1mINFO[0m - Saved optimizer state to: /home/jhu/xwang457/work/nanochat_cache/chatsft_checkpoints/d20-lf-k3-openmath-train1m/optim_000911_rank1.pt
2026-08-27 17:20:10,563 - nanochat.checkpoint_manager - [32m[1mINFO[0m - Saved optimizer state to: /home/jhu/xwang457/work/nanochat_cache/chatsft_checkpoints/d20-lf-k3-openmath-train1m/optim_000911_rank2.pt
2026-08-27 17:20:11,588 - nanochat.checkpoint_manager - [32m[1mINFO[0m - Saved model parameters to: /home/jhu/xwang457/work/nanochat_cache/chatsft_checkpoints/d20-lf-k3-openmath-train1m/model_000911.pt
2026-08-27 17:20:11,596 - nanochat.checkpoint_manager - [32m[1mINFO[0m - Saved metadata to: /home/jhu/xwang457/work/nanochat_cache/chatsft_checkpoints/d20-lf-k3-openmath-train1m/meta_000911.json
2026-08-27 17:20:12,099 - nanochat.checkpoint_manager - [32m[1mINFO[0m - Saved optimizer state to: /home/jhu/xwang457/work/nanochat_cache/chatsft_checkpoints/d20-lf-k3-openmath-train1m/optim_000911_rank0.pt
Peak memory usage: 34847.36MiB
Total training time: 38.93m
Minimum validation bpb: 0.1924
wandb: updating run metadata
wandb:                                                                                
wandb: 
wandb: Run history:
wandb:                        step ▁▁▁▁▂▂▂▂▂▃▃▃▃▃▃▄▄▄▄▄▅▅▅▅▅▆▆▆▆▆▇▇▇▇▇█████
wandb:        total_training_flops ▁▂▂▂▂▂▃▃▃▃▃▃▄▄▄▄▅▅▅▅▅▆▆▆▆▆▆▆▆▆▇▇▇▇▇█████
wandb:         total_training_time ▁▁▁▁▂▂▂▂▂▂▂▃▃▃▃▃▄▄▄▄▄▄▅▅▅▅▆▆▆▆▆▆▇▇▇▇▇▇██
wandb: train/active_forward_passes ▁▁▁▁▁▁▁▁▁▁▁▁▁▁▁▁▁▁▁▁▁▁▁▁▁▁▁▁▁▁▁▁▁▁▁▁▁▁▁▁
wandb:                    train/dt ▁▁▅▆▅▆▄▇▅▂▃▆▅▇▄▅▆▆█▆▇▆▄▆▆▅▅▅▇▆▅▆█▄█▇▆█▅▇
wandb:                 train/epoch ▁▁▁▁▁▁▁▁▁▁▁▁▁▁▁▁▁▁▁▁▁▁▁▁▁▁▁▁▁▁▁▁▁▁▁▁▁▁▁▁
wandb:                  train/loss █▆▆▅▅▄▄▄▃▃▃▃▃▂▂▂▂▂▂▂▂▂▂▂▂▁▁▁▁▁▁▁▁▁▁▁▁▁▁▁
wandb:               train/loss_l1 █▇▅▅▄▄▃▃▃▃▃▃▂▂▂▂▂▂▂▂▂▂▂▂▂▁▁▁▁▁▁▁▁▁▁▁▁▁▁▁
wandb:               train/loss_l2 █▇▆▅▄▄▄▃▃▃▃▃▃▃▂▂▂▂▂▂▂▂▂▂▂▁▁▁▁▁▁▁▁▁▁▁▁▁▁▁
wandb:               train/loss_l3 █▇▆▄▄▂▂▂▂▂▂▂▂▂▂▂▂▂▂▁▂▁▁▁▁▁▁▁▁▁▁▁▁▁▁▁▁▁▁▁
wandb:                          +7 ...
wandb: 
wandb: Run summary:
wandb:                        step 911
wandb:        total_training_flops 4154375020883214336
wandb:         total_training_time 2335.65962
wandb: train/active_forward_passes 3
wandb:                    train/dt 2.59493
wandb:                 train/epoch 1
wandb:                  train/loss 0.74775
wandb:               train/loss_l1 0.37756
wandb:               train/loss_l2 0.3703
wandb:               train/loss_l3 0.37008
wandb:                          +7 ...
wandb: 
wandb: 🚀 View run d20-lf-k3-openmath-train1m at: https://wandb.ai/xidulu-umass-amherst/nanochat-sft/runs/3374nv67
wandb: ⭐️ View project at: https://wandb.ai/xidulu-umass-amherst/nanochat-sft
wandb: Synced 5 W&B file(s), 0 media file(s), 0 artifact file(s) and 0 other file(s)
wandb: Find logs at: ./wandb/run-20260827_163933-3374nv67/logs
