[BILLING] loaded!
[BILLING] Re-emitting cost at job start!
Autodetected device type: cuda
2026-08-28 19:46:00,183 - nanochat.common - [32m[1mINFO[0m - Distributed world size: 4
COMPUTE_DTYPE: torch.bfloat16 (auto-detected: CUDA SM 90 (bf16 supported))
GPU: NVIDIA H100 80GB HBM3 | Peak FLOPS (BF16): 9.89e+14
wandb: Currently logged in as: xidulu (xidulu-umass-amherst) to https://api.wandb.ai. Use `wandb login --relogin` to force relogin
wandb: creating run
wandb: Tracking run with wandb version 0.21.3
wandb: Run data is saved locally in /weka/scratch/jhu/enalisn1/xiw/nanochat/wandb/run-20260828_194600-hwo33t1a
wandb: Run `wandb offline` to turn off syncing.
wandb: Syncing run d20-lf-k3-stackedu-python-budget
wandb: ⭐️ View project at https://wandb.ai/xidulu-umass-amherst/nanochat-sft
wandb: 🚀 View run at https://wandb.ai/xidulu-umass-amherst/nanochat-sft/runs/hwo33t1a
2026-08-28 19:46:01,421 - nanochat.checkpoint_manager - [32m[1mINFO[0m - Loading model from /home/jhu/xwang457/work/nanochat_cache/base_checkpoints/d20-lf-k1-smoke with step 50000
2026-08-28 19:46:02,063 - nanochat.checkpoint_manager - [32m[1mINFO[0m - Building model with config: {'sequence_len': 2048, 'vocab_size': 32768, 'n_layer': 20, 'n_head': 10, 'n_kv_head': 10, 'n_embd': 1280, 'window_pattern': 'SSSL', 'latent_feedback': True, 'weight_tying': True}
Using max_seq_len=2048
NOTE: --device-batch-size=4 overrides pretrained value of 16
Using total_batch_size=524288
Inherited embedding_lr=0.3 from pretrained checkpoint
Inherited unembedding_lr=0.008 from pretrained checkpoint
Inherited matrix_lr=0.02 from pretrained checkpoint
Tokens / micro-batch / rank: 4 x 2048 = 8,192
Tokens / micro-batch: 32,768
Total batch size 524,288 => gradient accumulation steps: 16
Scaling the LR for the AdamW parameters ∝1/√(1280/768) = 0.774597
Weight tying: shared embedding/head uses the unembedding AdamW hyperparameters
Training Stack-Edu text from /home/jhu/xwang457/work/nanochat_cache/task_data/HuggingFaceTB--stack-edu/materialized/Python/stackedu_python_budget.parquet: 4,081,520 train rows, 4,096 validation rows
Step 00000 | Validation L1 bpb: 0.7507 | L2 bpb: 0.7432 | L3 bpb: 0.7430
step 00001 (0.02%) | K: 3 | loss: 1.490854 | L1: 1.423214 | L2: 1.409516 | L3: 1.409301 | lrm: 0.01 | dt: 121475.04ms | tok/sec: 4,316 | mfu: 0.95 | epoch: 1 | total time: 0.00m
step 00002 (0.05%) | K: 3 | loss: 2.014378 | L1: 1.443382 | L2: 1.429787 | L3: 1.429728 | lrm: 0.02 | dt: 2585.68ms | tok/sec: 202,765 | mfu: 44.58 | epoch: 1 | total time: 0.00m
step 00003 (0.07%) | K: 3 | loss: 2.249783 | L1: 1.434461 | L2: 1.420604 | L3: 1.420440 | lrm: 0.02 | dt: 2596.13ms | tok/sec: 201,949 | mfu: 44.40 | epoch: 1 | total time: 0.00m
step 00004 (0.09%) | K: 3 | loss: 2.398677 | L1: 1.435194 | L2: 1.421168 | L3: 1.421047 | lrm: 0.03 | dt: 2591.36ms | tok/sec: 202,321 | mfu: 44.48 | epoch: 1 | total time: 0.00m
step 00005 (0.11%) | K: 3 | loss: 2.507296 | L1: 1.441282 | L2: 1.427622 | L3: 1.427481 | lrm: 0.04 | dt: 2590.53ms | tok/sec: 202,386 | mfu: 44.50 | epoch: 1 | total time: 0.00m
step 00006 (0.14%) | K: 3 | loss: 2.586458 | L1: 1.446888 | L2: 1.432974 | L3: 1.432879 | lrm: 0.05 | dt: 2596.73ms | tok/sec: 201,903 | mfu: 44.39 | epoch: 1 | total time: 0.00m
step 00007 (0.16%) | K: 3 | loss: 2.644678 | L1: 1.450489 | L2: 1.436716 | L3: 1.436590 | lrm: 0.05 | dt: 2596.18ms | tok/sec: 201,945 | mfu: 44.40 | epoch: 1 | total time: 0.00m
step 00008 (0.18%) | K: 3 | loss: 2.694572 | L1: 1.455957 | L2: 1.442319 | L3: 1.442237 | lrm: 0.06 | dt: 2598.79ms | tok/sec: 201,742 | mfu: 44.36 | epoch: 1 | total time: 0.00m
step 00009 (0.20%) | K: 3 | loss: 2.731294 | L1: 1.458850 | L2: 1.445247 | L3: 1.445117 | lrm: 0.07 | dt: 2599.99ms | tok/sec: 201,649 | mfu: 44.34 | epoch: 1 | total time: 0.00m
step 00010 (0.23%) | K: 3 | loss: 2.765868 | L1: 1.463894 | L2: 1.450104 | L3: 1.449979 | lrm: 0.08 | dt: 2602.08ms | tok/sec: 201,487 | mfu: 44.30 | epoch: 1 | total time: 0.00m
step 00011 (0.25%) | K: 3 | loss: 2.777929 | L1: 1.459418 | L2: 1.445618 | L3: 1.445486 | lrm: 0.08 | dt: 2604.41ms | tok/sec: 201,307 | mfu: 44.26 | epoch: 1 | total time: 0.04m
step 00012 (0.27%) | K: 3 | loss: 2.800399 | L1: 1.462293 | L2: 1.448396 | L3: 1.448258 | lrm: 0.09 | dt: 2604.90ms | tok/sec: 201,269 | mfu: 44.25 | epoch: 1 | total time: 0.09m
step 00013 (0.29%) | K: 3 | loss: 2.821225 | L1: 1.465655 | L2: 1.451785 | L3: 1.451658 | lrm: 0.10 | dt: 2613.70ms | tok/sec: 200,591 | mfu: 44.10 | epoch: 1 | total time: 0.13m
step 00014 (0.32%) | K: 3 | loss: 2.825369 | L1: 1.461504 | L2: 1.447743 | L3: 1.447603 | lrm: 0.11 | dt: 2610.88ms | tok/sec: 200,808 | mfu: 44.15 | epoch: 1 | total time: 0.17m
step 00015 (0.34%) | K: 3 | loss: 2.840879 | L1: 1.464231 | L2: 1.450377 | L3: 1.450232 | lrm: 0.11 | dt: 2618.48ms | tok/sec: 200,226 | mfu: 44.02 | epoch: 1 | total time: 0.22m
step 00016 (0.36%) | K: 3 | loss: 2.831338 | L1: 1.454820 | L2: 1.440978 | L3: 1.440855 | lrm: 0.12 | dt: 2611.38ms | tok/sec: 200,770 | mfu: 44.14 | epoch: 1 | total time: 0.26m
step 00017 (0.39%) | K: 3 | loss: 2.823995 | L1: 1.447219 | L2: 1.433365 | L3: 1.433232 | lrm: 0.13 | dt: 2614.03ms | tok/sec: 200,567 | mfu: 44.10 | epoch: 1 | total time: 0.30m
step 00018 (0.41%) | K: 3 | loss: 2.817650 | L1: 1.440678 | L2: 1.426808 | L3: 1.426657 | lrm: 0.14 | dt: 2620.11ms | tok/sec: 200,101 | mfu: 44.00 | epoch: 1 | total time: 0.35m
step 00019 (0.43%) | K: 3 | loss: 2.818592 | L1: 1.438248 | L2: 1.424437 | L3: 1.424293 | lrm: 0.14 | dt: 2615.51ms | tok/sec: 200,453 | mfu: 44.07 | epoch: 1 | total time: 0.39m
step 00020 (0.45%) | K: 3 | loss: 2.812168 | L1: 1.432552 | L2: 1.418621 | L3: 1.418455 | lrm: 0.15 | dt: 2616.61ms | tok/sec: 200,369 | mfu: 44.05 | epoch: 1 | total time: 0.44m
step 00021 (0.48%) | K: 3 | loss: 2.824570 | L1: 1.436585 | L2: 1.422773 | L3: 1.422603 | lrm: 0.16 | dt: 2613.40ms | tok/sec: 200,615 | mfu: 44.11 | epoch: 1 | total time: 0.48m
step 00022 (0.50%) | K: 3 | loss: 2.819267 | L1: 1.431994 | L2: 1.418159 | L3: 1.417978 | lrm: 0.17 | dt: 2611.05ms | tok/sec: 200,796 | mfu: 44.15 | epoch: 1 | total time: 0.52m
step 00023 (0.52%) | K: 3 | loss: 2.810851 | L1: 1.426080 | L2: 1.412213 | L3: 1.412001 | lrm: 0.17 | dt: 2614.74ms | tok/sec: 200,512 | mfu: 44.09 | epoch: 1 | total time: 0.57m
step 00024 (0.54%) | K: 3 | loss: 2.812446 | L1: 1.425380 | L2: 1.411546 | L3: 1.411343 | lrm: 0.18 | dt: 2618.62ms | tok/sec: 200,215 | mfu: 44.02 | epoch: 1 | total time: 0.61m
step 00025 (0.57%) | K: 3 | loss: 2.821610 | L1: 1.428767 | L2: 1.414762 | L3: 1.414570 | lrm: 0.19 | dt: 2614.10ms | tok/sec: 200,561 | mfu: 44.10 | epoch: 1 | total time: 0.65m
step 00026 (0.59%) | K: 3 | loss: 2.823003 | L1: 1.428276 | L2: 1.414329 | L3: 1.414124 | lrm: 0.20 | dt: 2611.49ms | tok/sec: 200,761 | mfu: 44.14 | epoch: 1 | total time: 0.70m
step 00027 (0.61%) | K: 3 | loss: 2.828644 | L1: 1.430112 | L2: 1.416095 | L3: 1.415896 | lrm: 0.20 | dt: 2613.25ms | tok/sec: 200,626 | mfu: 44.11 | epoch: 1 | total time: 0.74m
step 00028 (0.64%) | K: 3 | loss: 2.826031 | L1: 1.427855 | L2: 1.413899 | L3: 1.413668 | lrm: 0.21 | dt: 2614.09ms | tok/sec: 200,562 | mfu: 44.10 | epoch: 1 | total time: 0.78m
step 00029 (0.66%) | K: 3 | loss: 2.836444 | L1: 1.432211 | L2: 1.418367 | L3: 1.418140 | lrm: 0.22 | dt: 2616.86ms | tok/sec: 200,350 | mfu: 44.05 | epoch: 1 | total time: 0.83m
step 00030 (0.68%) | K: 3 | loss: 2.835930 | L1: 1.431271 | L2: 1.417320 | L3: 1.417106 | lrm: 0.23 | dt: 2612.26ms | tok/sec: 200,702 | mfu: 44.13 | epoch: 1 | total time: 0.87m
step 00031 (0.70%) | K: 3 | loss: 2.807472 | L1: 1.416235 | L2: 1.402481 | L3: 1.402266 | lrm: 0.23 | dt: 2613.83ms | tok/sec: 200,582 | mfu: 44.10 | epoch: 1 | total time: 0.91m
step 00032 (0.73%) | K: 3 | loss: 2.803646 | L1: 1.413777 | L2: 1.399944 | L3: 1.399733 | lrm: 0.24 | dt: 2616.55ms | tok/sec: 200,373 | mfu: 44.06 | epoch: 1 | total time: 0.96m
step 00033 (0.75%) | K: 3 | loss: 2.799025 | L1: 1.410915 | L2: 1.397141 | L3: 1.396932 | lrm: 0.25 | dt: 2616.94ms | tok/sec: 200,343 | mfu: 44.05 | epoch: 1 | total time: 1.00m
step 00034 (0.77%) | K: 3 | loss: 2.793626 | L1: 1.407834 | L2: 1.393880 | L3: 1.393687 | lrm: 0.26 | dt: 2614.76ms | tok/sec: 200,510 | mfu: 44.09 | epoch: 1 | total time: 1.05m
step 00035 (0.79%) | K: 3 | loss: 2.796479 | L1: 1.408869 | L2: 1.394890 | L3: 1.394690 | lrm: 0.26 | dt: 2611.89ms | tok/sec: 200,731 | mfu: 44.13 | epoch: 1 | total time: 1.09m
step 00036 (0.82%) | K: 3 | loss: 2.798176 | L1: 1.409322 | L2: 1.395407 | L3: 1.395200 | lrm: 0.27 | dt: 2610.09ms | tok/sec: 200,870 | mfu: 44.16 | epoch: 1 | total time: 1.13m
step 00037 (0.84%) | K: 3 | loss: 2.797077 | L1: 1.408446 | L2: 1.394531 | L3: 1.394307 | lrm: 0.28 | dt: 2612.85ms | tok/sec: 200,657 | mfu: 44.12 | epoch: 1 | total time: 1.18m
step 00038 (0.86%) | K: 3 | loss: 2.793836 | L1: 1.406412 | L2: 1.392741 | L3: 1.392493 | lrm: 0.29 | dt: 2611.34ms | tok/sec: 200,773 | mfu: 44.14 | epoch: 1 | total time: 1.22m
step 00039 (0.88%) | K: 3 | loss: 2.784214 | L1: 1.401298 | L2: 1.387681 | L3: 1.387450 | lrm: 0.29 | dt: 2612.15ms | tok/sec: 200,711 | mfu: 44.13 | epoch: 1 | total time: 1.26m
step 00040 (0.91%) | K: 3 | loss: 2.777782 | L1: 1.397926 | L2: 1.384155 | L3: 1.383893 | lrm: 0.30 | dt: 2614.85ms | tok/sec: 200,504 | mfu: 44.08 | epoch: 1 | total time: 1.31m
step 00041 (0.93%) | K: 3 | loss: 2.781215 | L1: 1.399501 | L2: 1.385603 | L3: 1.385326 | lrm: 0.31 | dt: 2611.35ms | tok/sec: 200,772 | mfu: 44.14 | epoch: 1 | total time: 1.35m
step 00042 (0.95%) | K: 3 | loss: 2.772706 | L1: 1.395080 | L2: 1.381137 | L3: 1.380835 | lrm: 0.32 | dt: 2613.41ms | tok/sec: 200,614 | mfu: 44.11 | epoch: 1 | total time: 1.39m
step 00043 (0.98%) | K: 3 | loss: 2.768855 | L1: 1.393024 | L2: 1.379004 | L3: 1.378690 | lrm: 0.33 | dt: 2614.23ms | tok/sec: 200,551 | mfu: 44.09 | epoch: 1 | total time: 1.44m
step 00044 (1.00%) | K: 3 | loss: 2.768159 | L1: 1.392550 | L2: 1.378477 | L3: 1.378164 | lrm: 0.33 | dt: 2609.79ms | tok/sec: 200,892 | mfu: 44.17 | epoch: 1 | total time: 1.48m
step 00045 (1.02%) | K: 3 | loss: 2.765522 | L1: 1.391148 | L2: 1.376971 | L3: 1.376648 | lrm: 0.34 | dt: 2609.74ms | tok/sec: 200,896 | mfu: 44.17 | epoch: 1 | total time: 1.52m
step 00046 (1.04%) | K: 3 | loss: 2.755174 | L1: 1.385752 | L2: 1.371756 | L3: 1.371451 | lrm: 0.35 | dt: 2614.56ms | tok/sec: 200,526 | mfu: 44.09 | epoch: 1 | total time: 1.57m
step 00047 (1.07%) | K: 3 | loss: 2.754957 | L1: 1.385457 | L2: 1.371612 | L3: 1.371312 | lrm: 0.36 | dt: 2608.63ms | tok/sec: 200,982 | mfu: 44.19 | epoch: 1 | total time: 1.61m
step 00048 (1.09%) | K: 3 | loss: 2.762859 | L1: 1.389405 | L2: 1.375390 | L3: 1.375057 | lrm: 0.36 | dt: 2612.69ms | tok/sec: 200,669 | mfu: 44.12 | epoch: 1 | total time: 1.65m
step 00049 (1.11%) | K: 3 | loss: 2.747942 | L1: 1.381818 | L2: 1.367869 | L3: 1.367545 | lrm: 0.37 | dt: 2615.43ms | tok/sec: 200,459 | mfu: 44.07 | epoch: 1 | total time: 1.70m
step 00050 (1.13%) | K: 3 | loss: 2.740104 | L1: 1.377807 | L2: 1.363879 | L3: 1.363554 | lrm: 0.38 | dt: 2608.59ms | tok/sec: 200,985 | mfu: 44.19 | epoch: 1 | total time: 1.74m
step 00051 (1.16%) | K: 3 | loss: 2.725024 | L1: 1.370171 | L2: 1.356286 | L3: 1.355961 | lrm: 0.39 | dt: 2614.58ms | tok/sec: 200,524 | mfu: 44.09 | epoch: 1 | total time: 1.79m
step 00052 (1.18%) | K: 3 | loss: 2.708863 | L1: 1.361994 | L2: 1.348177 | L3: 1.347832 | lrm: 0.39 | dt: 2614.42ms | tok/sec: 200,537 | mfu: 44.09 | epoch: 1 | total time: 1.83m
step 00053 (1.20%) | K: 3 | loss: 2.691737 | L1: 1.353386 | L2: 1.339539 | L3: 1.339193 | lrm: 0.40 | dt: 2608.97ms | tok/sec: 200,956 | mfu: 44.18 | epoch: 1 | total time: 1.87m
step 00054 (1.23%) | K: 3 | loss: 2.694441 | L1: 1.354717 | L2: 1.340814 | L3: 1.340463 | lrm: 0.41 | dt: 2609.60ms | tok/sec: 200,907 | mfu: 44.17 | epoch: 1 | total time: 1.92m
step 00055 (1.25%) | K: 3 | loss: 2.706399 | L1: 1.360613 | L2: 1.346787 | L3: 1.346438 | lrm: 0.42 | dt: 2612.62ms | tok/sec: 200,674 | mfu: 44.12 | epoch: 1 | total time: 1.96m
step 00056 (1.27%) | K: 3 | loss: 2.701744 | L1: 1.358236 | L2: 1.344427 | L3: 1.344072 | lrm: 0.42 | dt: 2612.83ms | tok/sec: 200,659 | mfu: 44.12 | epoch: 1 | total time: 2.00m
step 00057 (1.29%) | K: 3 | loss: 2.693778 | L1: 1.354333 | L2: 1.340288 | L3: 1.339932 | lrm: 0.43 | dt: 2612.82ms | tok/sec: 200,659 | mfu: 44.12 | epoch: 1 | total time: 2.05m
step 00058 (1.32%) | K: 3 | loss: 2.703076 | L1: 1.358955 | L2: 1.344894 | L3: 1.344550 | lrm: 0.44 | dt: 2614.02ms | tok/sec: 200,567 | mfu: 44.10 | epoch: 1 | total time: 2.09m
step 00059 (1.34%) | K: 3 | loss: 2.701798 | L1: 1.358172 | L2: 1.344336 | L3: 1.343997 | lrm: 0.45 | dt: 2610.09ms | tok/sec: 200,869 | mfu: 44.16 | epoch: 1 | total time: 2.13m
step 00060 (1.36%) | K: 3 | loss: 2.696601 | L1: 1.355564 | L2: 1.341694 | L3: 1.341351 | lrm: 0.45 | dt: 2610.63ms | tok/sec: 200,828 | mfu: 44.16 | epoch: 1 | total time: 2.18m
step 00061 (1.38%) | K: 3 | loss: 2.694056 | L1: 1.354225 | L2: 1.340430 | L3: 1.340105 | lrm: 0.46 | dt: 2609.47ms | tok/sec: 200,917 | mfu: 44.18 | epoch: 1 | total time: 2.22m
step 00062 (1.41%) | K: 3 | loss: 2.700222 | L1: 1.357216 | L2: 1.343555 | L3: 1.343244 | lrm: 0.47 | dt: 2610.99ms | tok/sec: 200,800 | mfu: 44.15 | epoch: 1 | total time: 2.26m
step 00063 (1.43%) | K: 3 | loss: 2.699180 | L1: 1.356676 | L2: 1.343021 | L3: 1.342694 | lrm: 0.48 | dt: 2612.55ms | tok/sec: 200,680 | mfu: 44.12 | epoch: 1 | total time: 2.31m
step 00064 (1.45%) | K: 3 | loss: 2.689774 | L1: 1.352040 | L2: 1.338210 | L3: 1.337894 | lrm: 0.48 | dt: 2610.33ms | tok/sec: 200,851 | mfu: 44.16 | epoch: 1 | total time: 2.35m
step 00065 (1.47%) | K: 3 | loss: 2.687773 | L1: 1.350970 | L2: 1.337255 | L3: 1.336922 | lrm: 0.49 | dt: 2613.39ms | tok/sec: 200,615 | mfu: 44.11 | epoch: 1 | total time: 2.40m
step 00066 (1.50%) | K: 3 | loss: 2.695154 | L1: 1.354639 | L2: 1.340926 | L3: 1.340620 | lrm: 0.50 | dt: 2612.06ms | tok/sec: 200,718 | mfu: 44.13 | epoch: 1 | total time: 2.44m
step 00067 (1.52%) | K: 3 | loss: 2.680383 | L1: 1.347276 | L2: 1.333502 | L3: 1.333173 | lrm: 0.51 | dt: 2613.31ms | tok/sec: 200,622 | mfu: 44.11 | epoch: 1 | total time: 2.48m
step 00068 (1.54%) | K: 3 | loss: 2.677930 | L1: 1.345978 | L2: 1.332330 | L3: 1.331987 | lrm: 0.51 | dt: 2613.80ms | tok/sec: 200,584 | mfu: 44.10 | epoch: 1 | total time: 2.53m
step 00069 (1.57%) | K: 3 | loss: 2.673184 | L1: 1.343637 | L2: 1.329899 | L3: 1.329568 | lrm: 0.52 | dt: 2612.87ms | tok/sec: 200,655 | mfu: 44.12 | epoch: 1 | total time: 2.57m
step 00070 (1.59%) | K: 3 | loss: 2.671613 | L1: 1.342814 | L2: 1.329117 | L3: 1.328815 | lrm: 0.53 | dt: 2612.78ms | tok/sec: 200,662 | mfu: 44.12 | epoch: 1 | total time: 2.61m
step 00071 (1.61%) | K: 3 | loss: 2.671613 | L1: 1.342825 | L2: 1.329090 | L3: 1.328788 | lrm: 0.54 | dt: 2608.90ms | tok/sec: 200,961 | mfu: 44.18 | epoch: 1 | total time: 2.66m
step 00072 (1.63%) | K: 3 | loss: 2.667767 | L1: 1.340902 | L2: 1.327151 | L3: 1.326849 | lrm: 0.54 | dt: 2615.26ms | tok/sec: 200,472 | mfu: 44.08 | epoch: 1 | total time: 2.70m
step 00073 (1.66%) | K: 3 | loss: 2.662371 | L1: 1.338229 | L2: 1.324420 | L3: 1.324106 | lrm: 0.55 | dt: 2615.12ms | tok/sec: 200,483 | mfu: 44.08 | epoch: 1 | total time: 2.74m
step 00074 (1.68%) | K: 3 | loss: 2.660134 | L1: 1.337106 | L2: 1.323287 | L3: 1.322986 | lrm: 0.56 | dt: 2612.03ms | tok/sec: 200,720 | mfu: 44.13 | epoch: 1 | total time: 2.79m
step 00075 (1.70%) | K: 3 | loss: 2.657231 | L1: 1.335606 | L2: 1.321871 | L3: 1.321575 | lrm: 0.57 | dt: 2612.14ms | tok/sec: 200,712 | mfu: 44.13 | epoch: 1 | total time: 2.83m
step 00076 (1.72%) | K: 3 | loss: 2.659852 | L1: 1.336924 | L2: 1.323165 | L3: 1.322868 | lrm: 0.57 | dt: 2613.81ms | tok/sec: 200,583 | mfu: 44.10 | epoch: 1 | total time: 2.87m
step 00077 (1.75%) | K: 3 | loss: 2.649912 | L1: 1.331909 | L2: 1.318226 | L3: 1.317938 | lrm: 0.58 | dt: 2610.08ms | tok/sec: 200,870 | mfu: 44.16 | epoch: 1 | total time: 2.92m
step 00078 (1.77%) | K: 3 | loss: 2.651237 | L1: 1.332513 | L2: 1.318941 | L3: 1.318649 | lrm: 0.59 | dt: 2617.45ms | tok/sec: 200,304 | mfu: 44.04 | epoch: 1 | total time: 2.96m
step 00079 (1.79%) | K: 3 | loss: 2.660692 | L1: 1.337267 | L2: 1.323655 | L3: 1.323324 | lrm: 0.60 | dt: 2614.41ms | tok/sec: 200,538 | mfu: 44.09 | epoch: 1 | total time: 3.00m
step 00080 (1.82%) | K: 3 | loss: 2.651198 | L1: 1.332493 | L2: 1.318926 | L3: 1.318600 | lrm: 0.61 | dt: 2617.17ms | tok/sec: 200,326 | mfu: 44.05 | epoch: 1 | total time: 3.05m
step 00081 (1.84%) | K: 3 | loss: 2.642186 | L1: 1.327927 | L2: 1.314484 | L3: 1.314138 | lrm: 0.61 | dt: 2611.31ms | tok/sec: 200,775 | mfu: 44.14 | epoch: 1 | total time: 3.09m
step 00082 (1.86%) | K: 3 | loss: 2.639847 | L1: 1.326766 | L2: 1.313294 | L3: 1.312961 | lrm: 0.62 | dt: 2612.34ms | tok/sec: 200,696 | mfu: 44.13 | epoch: 1 | total time: 3.14m
step 00083 (1.88%) | K: 3 | loss: 2.638008 | L1: 1.325898 | L2: 1.312349 | L3: 1.311954 | lrm: 0.63 | dt: 2614.13ms | tok/sec: 200,559 | mfu: 44.10 | epoch: 1 | total time: 3.18m
step 00084 (1.91%) | K: 3 | loss: 2.636186 | L1: 1.324966 | L2: 1.311452 | L3: 1.311063 | lrm: 0.64 | dt: 2610.24ms | tok/sec: 200,858 | mfu: 44.16 | epoch: 1 | total time: 3.22m
step 00085 (1.93%) | K: 3 | loss: 2.632689 | L1: 1.323246 | L2: 1.309680 | L3: 1.309275 | lrm: 0.64 | dt: 2612.89ms | tok/sec: 200,654 | mfu: 44.12 | epoch: 1 | total time: 3.27m
step 00086 (1.95%) | K: 3 | loss: 2.640018 | L1: 1.326829 | L2: 1.313421 | L3: 1.313018 | lrm: 0.65 | dt: 2612.92ms | tok/sec: 200,652 | mfu: 44.12 | epoch: 1 | total time: 3.31m
step 00087 (1.97%) | K: 3 | loss: 2.635955 | L1: 1.324802 | L2: 1.311366 | L3: 1.310994 | lrm: 0.66 | dt: 2607.84ms | tok/sec: 201,043 | mfu: 44.20 | epoch: 1 | total time: 3.35m
step 00088 (2.00%) | K: 3 | loss: 2.633321 | L1: 1.323464 | L2: 1.310066 | L3: 1.309697 | lrm: 0.67 | dt: 2613.96ms | tok/sec: 200,571 | mfu: 44.10 | epoch: 1 | total time: 3.40m
step 00089 (2.02%) | K: 3 | loss: 2.635235 | L1: 1.324421 | L2: 1.311033 | L3: 1.310640 | lrm: 0.67 | dt: 2618.34ms | tok/sec: 200,236 | mfu: 44.03 | epoch: 1 | total time: 3.44m
step 00090 (2.04%) | K: 3 | loss: 2.634295 | L1: 1.323969 | L2: 1.310529 | L3: 1.310162 | lrm: 0.68 | dt: 2618.67ms | tok/sec: 200,211 | mfu: 44.02 | epoch: 1 | total time: 3.48m
step 00091 (2.06%) | K: 3 | loss: 2.629447 | L1: 1.321514 | L2: 1.308130 | L3: 1.307772 | lrm: 0.69 | dt: 2615.63ms | tok/sec: 200,444 | mfu: 44.07 | epoch: 1 | total time: 3.53m
step 00092 (2.09%) | K: 3 | loss: 2.625228 | L1: 1.319357 | L2: 1.306052 | L3: 1.305724 | lrm: 0.70 | dt: 2614.00ms | tok/sec: 200,569 | mfu: 44.10 | epoch: 1 | total time: 3.57m
step 00093 (2.11%) | K: 3 | loss: 2.619438 | L1: 1.316456 | L2: 1.303163 | L3: 1.302829 | lrm: 0.70 | dt: 2612.26ms | tok/sec: 200,702 | mfu: 44.13 | epoch: 1 | total time: 3.61m
step 00094 (2.13%) | K: 3 | loss: 2.612407 | L1: 1.312951 | L2: 1.299643 | L3: 1.299296 | lrm: 0.71 | dt: 2615.48ms | tok/sec: 200,455 | mfu: 44.07 | epoch: 1 | total time: 3.66m
step 00095 (2.16%) | K: 3 | loss: 2.602522 | L1: 1.307994 | L2: 1.294709 | L3: 1.294370 | lrm: 0.72 | dt: 2615.44ms | tok/sec: 200,459 | mfu: 44.07 | epoch: 1 | total time: 3.70m
step 00096 (2.18%) | K: 3 | loss: 2.597320 | L1: 1.305360 | L2: 1.292121 | L3: 1.291821 | lrm: 0.73 | dt: 2606.47ms | tok/sec: 201,148 | mfu: 44.23 | epoch: 1 | total time: 3.75m
step 00097 (2.20%) | K: 3 | loss: 2.600512 | L1: 1.306909 | L2: 1.293755 | L3: 1.293471 | lrm: 0.73 | dt: 2617.82ms | tok/sec: 200,276 | mfu: 44.03 | epoch: 1 | total time: 3.79m
step 00098 (2.22%) | K: 3 | loss: 2.585730 | L1: 1.299430 | L2: 1.286450 | L3: 1.286166 | lrm: 0.74 | dt: 2615.81ms | tok/sec: 200,430 | mfu: 44.07 | epoch: 1 | total time: 3.83m
step 00099 (2.25%) | K: 3 | loss: 2.584082 | L1: 1.298553 | L2: 1.285683 | L3: 1.285390 | lrm: 0.75 | dt: 2614.92ms | tok/sec: 200,498 | mfu: 44.08 | epoch: 1 | total time: 3.88m
step 00100 (2.27%) | K: 3 | loss: 2.579660 | L1: 1.296309 | L2: 1.283502 | L3: 1.283214 | lrm: 0.76 | dt: 2784.11ms | tok/sec: 188,314 | mfu: 41.40 | epoch: 1 | total time: 3.92m
step 00101 (2.29%) | K: 3 | loss: 2.582121 | L1: 1.297532 | L2: 1.284734 | L3: 1.284457 | lrm: 0.76 | dt: 2609.40ms | tok/sec: 200,922 | mfu: 44.18 | epoch: 1 | total time: 3.97m
step 00102 (2.31%) | K: 3 | loss: 2.587638 | L1: 1.300234 | L2: 1.287553 | L3: 1.287266 | lrm: 0.77 | dt: 2616.10ms | tok/sec: 200,408 | mfu: 44.06 | epoch: 1 | total time: 4.01m
step 00103 (2.34%) | K: 3 | loss: 2.584759 | L1: 1.298742 | L2: 1.286172 | L3: 1.285872 | lrm: 0.78 | dt: 2608.58ms | tok/sec: 200,985 | mfu: 44.19 | epoch: 1 | total time: 4.05m
step 00104 (2.36%) | K: 3 | loss: 2.572270 | L1: 1.292507 | L2: 1.279914 | L3: 1.279621 | lrm: 0.79 | dt: 2613.99ms | tok/sec: 200,569 | mfu: 44.10 | epoch: 1 | total time: 4.10m
step 00105 (2.38%) | K: 3 | loss: 2.574519 | L1: 1.293639 | L2: 1.281036 | L3: 1.280731 | lrm: 0.79 | dt: 2613.04ms | tok/sec: 200,642 | mfu: 44.11 | epoch: 1 | total time: 4.14m
step 00106 (2.41%) | K: 3 | loss: 2.573489 | L1: 1.293182 | L2: 1.280468 | L3: 1.280153 | lrm: 0.80 | dt: 2611.74ms | tok/sec: 200,742 | mfu: 44.14 | epoch: 1 | total time: 4.18m
step 00107 (2.43%) | K: 3 | loss: 2.560561 | L1: 1.286682 | L2: 1.274039 | L3: 1.273726 | lrm: 0.81 | dt: 2616.54ms | tok/sec: 200,374 | mfu: 44.06 | epoch: 1 | total time: 4.23m
step 00108 (2.45%) | K: 3 | loss: 2.569464 | L1: 1.291195 | L2: 1.278426 | L3: 1.278116 | lrm: 0.82 | dt: 2607.33ms | tok/sec: 201,081 | mfu: 44.21 | epoch: 1 | total time: 4.27m
step 00109 (2.47%) | K: 3 | loss: 2.563681 | L1: 1.288245 | L2: 1.275591 | L3: 1.275287 | lrm: 0.82 | dt: 2613.59ms | tok/sec: 200,600 | mfu: 44.11 | epoch: 1 | total time: 4.31m
step 00110 (2.50%) | K: 3 | loss: 2.559261 | L1: 1.286020 | L2: 1.273385 | L3: 1.273101 | lrm: 0.83 | dt: 2615.11ms | tok/sec: 200,484 | mfu: 44.08 | epoch: 1 | total time: 4.36m
step 00111 (2.52%) | K: 3 | loss: 2.551572 | L1: 1.282122 | L2: 1.269582 | L3: 1.269321 | lrm: 0.84 | dt: 2617.75ms | tok/sec: 200,282 | mfu: 44.04 | epoch: 1 | total time: 4.40m
step 00112 (2.54%) | K: 3 | loss: 2.554626 | L1: 1.283647 | L2: 1.271105 | L3: 1.270858 | lrm: 0.85 | dt: 2612.67ms | tok/sec: 200,671 | mfu: 44.12 | epoch: 1 | total time: 4.45m
step 00113 (2.56%) | K: 3 | loss: 2.555998 | L1: 1.284362 | L2: 1.271783 | L3: 1.271493 | lrm: 0.85 | dt: 2614.04ms | tok/sec: 200,566 | mfu: 44.10 | epoch: 1 | total time: 4.49m
step 00114 (2.59%) | K: 3 | loss: 2.545366 | L1: 1.279076 | L2: 1.266442 | L3: 1.266140 | lrm: 0.86 | dt: 2614.28ms | tok/sec: 200,547 | mfu: 44.09 | epoch: 1 | total time: 4.53m
step 00115 (2.61%) | K: 3 | loss: 2.536221 | L1: 1.274493 | L2: 1.261882 | L3: 1.261577 | lrm: 0.87 | dt: 2616.37ms | tok/sec: 200,387 | mfu: 44.06 | epoch: 1 | total time: 4.58m
step 00116 (2.63%) | K: 3 | loss: 2.541652 | L1: 1.277208 | L2: 1.264601 | L3: 1.264290 | lrm: 0.88 | dt: 2616.07ms | tok/sec: 200,410 | mfu: 44.06 | epoch: 1 | total time: 4.62m
step 00117 (2.65%) | K: 3 | loss: 2.540239 | L1: 1.276502 | L2: 1.263902 | L3: 1.263574 | lrm: 0.88 | dt: 2616.10ms | tok/sec: 200,407 | mfu: 44.06 | epoch: 1 | total time: 4.66m
step 00118 (2.68%) | K: 3 | loss: 2.528498 | L1: 1.270589 | L2: 1.258072 | L3: 1.257747 | lrm: 0.89 | dt: 2609.72ms | tok/sec: 200,897 | mfu: 44.17 | epoch: 1 | total time: 4.71m
step 00119 (2.70%) | K: 3 | loss: 2.516402 | L1: 1.264565 | L2: 1.252005 | L3: 1.251671 | lrm: 0.90 | dt: 2615.91ms | tok/sec: 200,422 | mfu: 44.07 | epoch: 1 | total time: 4.75m
step 00120 (2.72%) | K: 3 | loss: 2.529440 | L1: 1.271105 | L2: 1.258500 | L3: 1.258172 | lrm: 0.91 | dt: 2611.99ms | tok/sec: 200,723 | mfu: 44.13 | epoch: 1 | total time: 4.79m
step 00121 (2.75%) | K: 3 | loss: 2.521921 | L1: 1.267292 | L2: 1.254787 | L3: 1.254473 | lrm: 0.92 | dt: 2612.98ms | tok/sec: 200,647 | mfu: 44.12 | epoch: 1 | total time: 4.84m
step 00122 (2.77%) | K: 3 | loss: 2.527855 | L1: 1.270263 | L2: 1.257749 | L3: 1.257436 | lrm: 0.92 | dt: 2612.00ms | tok/sec: 200,723 | mfu: 44.13 | epoch: 1 | total time: 4.88m
step 00123 (2.79%) | K: 3 | loss: 2.516024 | L1: 1.264324 | L2: 1.251856 | L3: 1.251547 | lrm: 0.93 | dt: 2614.48ms | tok/sec: 200,532 | mfu: 44.09 | epoch: 1 | total time: 4.92m
step 00124 (2.81%) | K: 3 | loss: 2.507598 | L1: 1.260057 | L2: 1.247685 | L3: 1.247397 | lrm: 0.94 | dt: 2611.16ms | tok/sec: 200,787 | mfu: 44.15 | epoch: 1 | total time: 4.97m
step 00125 (2.84%) | K: 3 | loss: 2.493793 | L1: 1.253172 | L2: 1.240783 | L3: 1.240460 | lrm: 0.95 | dt: 2616.58ms | tok/sec: 200,371 | mfu: 44.06 | epoch: 1 | total time: 5.01m
step 00126 (2.86%) | K: 3 | loss: 2.503025 | L1: 1.257751 | L2: 1.245434 | L3: 1.245115 | lrm: 0.95 | dt: 2615.07ms | tok/sec: 200,487 | mfu: 44.08 | epoch: 1 | total time: 5.05m
step 00127 (2.88%) | K: 3 | loss: 2.492492 | L1: 1.252464 | L2: 1.240190 | L3: 1.239868 | lrm: 0.96 | dt: 2617.96ms | tok/sec: 200,265 | mfu: 44.03 | epoch: 1 | total time: 5.10m
step 00128 (2.90%) | K: 3 | loss: 2.486099 | L1: 1.249279 | L2: 1.236980 | L3: 1.236661 | lrm: 0.97 | dt: 2613.92ms | tok/sec: 200,575 | mfu: 44.10 | epoch: 1 | total time: 5.14m
step 00129 (2.93%) | K: 3 | loss: 2.486526 | L1: 1.249508 | L2: 1.237170 | L3: 1.236867 | lrm: 0.98 | dt: 2611.20ms | tok/sec: 200,784 | mfu: 44.15 | epoch: 1 | total time: 5.19m
step 00130 (2.95%) | K: 3 | loss: 2.496839 | L1: 1.254722 | L2: 1.242283 | L3: 1.241952 | lrm: 0.98 | dt: 2610.96ms | tok/sec: 200,803 | mfu: 44.15 | epoch: 1 | total time: 5.23m
step 00131 (2.97%) | K: 3 | loss: 2.502639 | L1: 1.257595 | L2: 1.245216 | L3: 1.244872 | lrm: 0.99 | dt: 2617.18ms | tok/sec: 200,325 | mfu: 44.05 | epoch: 1 | total time: 5.27m
step 00132 (3.00%) | K: 3 | loss: 2.508188 | L1: 1.260154 | L2: 1.248197 | L3: 1.247873 | lrm: 1.00 | dt: 2614.48ms | tok/sec: 200,532 | mfu: 44.09 | epoch: 1 | total time: 5.32m
step 00133 (3.02%) | K: 3 | loss: 2.502964 | L1: 1.257495 | L2: 1.245619 | L3: 1.245321 | lrm: 1.00 | dt: 2616.89ms | tok/sec: 200,347 | mfu: 44.05 | epoch: 1 | total time: 5.36m
step 00134 (3.04%) | K: 3 | loss: 2.508566 | L1: 1.260329 | L2: 1.248383 | L3: 1.248090 | lrm: 1.00 | dt: 2617.45ms | tok/sec: 200,304 | mfu: 44.04 | epoch: 1 | total time: 5.40m
step 00135 (3.06%) | K: 3 | loss: 2.508349 | L1: 1.260167 | L2: 1.248336 | L3: 1.248027 | lrm: 1.00 | dt: 2615.59ms | tok/sec: 200,447 | mfu: 44.07 | epoch: 1 | total time: 5.45m
step 00136 (3.09%) | K: 3 | loss: 2.512003 | L1: 1.262000 | L2: 1.250150 | L3: 1.249858 | lrm: 1.00 | dt: 2618.07ms | tok/sec: 200,257 | mfu: 44.03 | epoch: 1 | total time: 5.49m
step 00137 (3.11%) | K: 3 | loss: 2.502439 | L1: 1.257165 | L2: 1.245403 | L3: 1.245145 | lrm: 1.00 | dt: 2615.72ms | tok/sec: 200,437 | mfu: 44.07 | epoch: 1 | total time: 5.53m
step 00138 (3.13%) | K: 3 | loss: 2.500696 | L1: 1.256243 | L2: 1.244578 | L3: 1.244329 | lrm: 1.00 | dt: 2613.62ms | tok/sec: 200,598 | mfu: 44.11 | epoch: 1 | total time: 5.58m
step 00139 (3.15%) | K: 3 | loss: 2.483639 | L1: 1.247693 | L2: 1.236061 | L3: 1.235830 | lrm: 1.00 | dt: 2615.57ms | tok/sec: 200,448 | mfu: 44.07 | epoch: 1 | total time: 5.62m
step 00140 (3.18%) | K: 3 | loss: 2.482139 | L1: 1.246934 | L2: 1.235331 | L3: 1.235078 | lrm: 1.00 | dt: 2608.85ms | tok/sec: 200,965 | mfu: 44.19 | epoch: 1 | total time: 5.67m
step 00141 (3.20%) | K: 3 | loss: 2.477534 | L1: 1.244609 | L2: 1.233054 | L3: 1.232795 | lrm: 1.00 | dt: 2621.20ms | tok/sec: 200,018 | mfu: 43.98 | epoch: 1 | total time: 5.71m
step 00142 (3.22%) | K: 3 | loss: 2.468387 | L1: 1.239997 | L2: 1.228518 | L3: 1.228262 | lrm: 1.00 | dt: 2618.12ms | tok/sec: 200,253 | mfu: 44.03 | epoch: 1 | total time: 5.75m
step 00143 (3.24%) | K: 3 | loss: 2.452557 | L1: 1.232104 | L2: 1.220585 | L3: 1.220322 | lrm: 1.00 | dt: 2614.80ms | tok/sec: 200,508 | mfu: 44.09 | epoch: 1 | total time: 5.80m
step 00144 (3.27%) | K: 3 | loss: 2.454674 | L1: 1.233160 | L2: 1.221631 | L3: 1.221398 | lrm: 1.00 | dt: 2618.43ms | tok/sec: 200,229 | mfu: 44.02 | epoch: 1 | total time: 5.84m
step 00145 (3.29%) | K: 3 | loss: 2.456120 | L1: 1.233918 | L2: 1.222326 | L3: 1.222078 | lrm: 1.00 | dt: 2618.52ms | tok/sec: 200,222 | mfu: 44.02 | epoch: 1 | total time: 5.88m
step 00146 (3.31%) | K: 3 | loss: 2.461535 | L1: 1.236638 | L2: 1.225031 | L3: 1.224764 | lrm: 1.00 | dt: 2617.23ms | tok/sec: 200,321 | mfu: 44.04 | epoch: 1 | total time: 5.93m
step 00147 (3.34%) | K: 3 | loss: 2.478195 | L1: 1.244982 | L2: 1.233334 | L3: 1.233093 | lrm: 1.00 | dt: 2820.22ms | tok/sec: 185,903 | mfu: 40.87 | epoch: 1 | total time: 5.97m
step 00148 (3.36%) | K: 3 | loss: 2.480473 | L1: 1.246150 | L2: 1.234442 | L3: 1.234205 | lrm: 1.00 | dt: 2619.98ms | tok/sec: 200,111 | mfu: 44.00 | epoch: 1 | total time: 6.02m
step 00149 (3.38%) | K: 3 | loss: 2.481599 | L1: 1.246697 | L2: 1.235021 | L3: 1.234783 | lrm: 1.00 | dt: 2612.02ms | tok/sec: 200,721 | mfu: 44.13 | epoch: 1 | total time: 6.06m
step 00150 (3.40%) | K: 3 | loss: 2.481148 | L1: 1.246473 | L2: 1.234785 | L3: 1.234565 | lrm: 1.00 | dt: 2620.36ms | tok/sec: 200,082 | mfu: 43.99 | epoch: 1 | total time: 6.10m
step 00151 (3.43%) | K: 3 | loss: 2.476875 | L1: 1.244351 | L2: 1.232649 | L3: 1.232400 | lrm: 1.00 | dt: 2613.82ms | tok/sec: 200,583 | mfu: 44.10 | epoch: 1 | total time: 6.15m
step 00152 (3.45%) | K: 3 | loss: 2.465319 | L1: 1.238562 | L2: 1.226883 | L3: 1.226631 | lrm: 1.00 | dt: 2614.12ms | tok/sec: 200,560 | mfu: 44.10 | epoch: 1 | total time: 6.19m
step 00153 (3.47%) | K: 3 | loss: 2.468375 | L1: 1.240192 | L2: 1.228316 | L3: 1.228051 | lrm: 1.00 | dt: 2613.02ms | tok/sec: 200,644 | mfu: 44.12 | epoch: 1 | total time: 6.24m
step 00154 (3.49%) | K: 3 | loss: 2.463608 | L1: 1.237814 | L2: 1.225927 | L3: 1.225660 | lrm: 1.00 | dt: 2614.55ms | tok/sec: 200,527 | mfu: 44.09 | epoch: 1 | total time: 6.28m
step 00155 (3.52%) | K: 3 | loss: 2.456530 | L1: 1.234219 | L2: 1.222451 | L3: 1.222171 | lrm: 1.00 | dt: 2615.50ms | tok/sec: 200,453 | mfu: 44.07 | epoch: 1 | total time: 6.32m
step 00156 (3.54%) | K: 3 | loss: 2.446411 | L1: 1.229177 | L2: 1.217367 | L3: 1.217101 | lrm: 1.00 | dt: 2615.13ms | tok/sec: 200,482 | mfu: 44.08 | epoch: 1 | total time: 6.37m
step 00157 (3.56%) | K: 3 | loss: 2.430082 | L1: 1.221046 | L2: 1.209175 | L3: 1.208896 | lrm: 1.00 | dt: 2618.01ms | tok/sec: 200,262 | mfu: 44.03 | epoch: 1 | total time: 6.41m
step 00158 (3.59%) | K: 3 | loss: 2.431987 | L1: 1.221968 | L2: 1.210162 | L3: 1.209877 | lrm: 1.00 | dt: 2614.08ms | tok/sec: 200,563 | mfu: 44.10 | epoch: 1 | total time: 6.45m
step 00159 (3.61%) | K: 3 | loss: 2.423008 | L1: 1.217464 | L2: 1.205706 | L3: 1.205383 | lrm: 1.00 | dt: 2616.89ms | tok/sec: 200,347 | mfu: 44.05 | epoch: 1 | total time: 6.50m
step 00160 (3.63%) | K: 3 | loss: 2.423418 | L1: 1.217648 | L2: 1.205934 | L3: 1.205608 | lrm: 1.00 | dt: 2619.27ms | tok/sec: 200,165 | mfu: 44.01 | epoch: 1 | total time: 6.54m
step 00161 (3.65%) | K: 3 | loss: 2.417860 | L1: 1.214814 | L2: 1.203207 | L3: 1.202885 | lrm: 1.00 | dt: 2621.04ms | tok/sec: 200,030 | mfu: 43.98 | epoch: 1 | total time: 6.58m
step 00162 (3.68%) | K: 3 | loss: 2.409662 | L1: 1.210704 | L2: 1.199121 | L3: 1.198795 | lrm: 1.00 | dt: 2616.57ms | tok/sec: 200,372 | mfu: 44.06 | epoch: 1 | total time: 6.63m
step 00163 (3.70%) | K: 3 | loss: 2.412820 | L1: 1.212268 | L2: 1.200722 | L3: 1.200384 | lrm: 1.00 | dt: 2613.93ms | tok/sec: 200,574 | mfu: 44.10 | epoch: 1 | total time: 6.67m
step 00164 (3.72%) | K: 3 | loss: 2.408988 | L1: 1.210351 | L2: 1.198808 | L3: 1.198467 | lrm: 1.00 | dt: 2616.13ms | tok/sec: 200,405 | mfu: 44.06 | epoch: 1 | total time: 6.72m
step 00165 (3.74%) | K: 3 | loss: 2.415067 | L1: 1.213415 | L2: 1.201826 | L3: 1.201477 | lrm: 1.00 | dt: 2612.32ms | tok/sec: 200,698 | mfu: 44.13 | epoch: 1 | total time: 6.76m
step 00166 (3.77%) | K: 3 | loss: 2.403464 | L1: 1.207593 | L2: 1.196046 | L3: 1.195696 | lrm: 1.00 | dt: 2619.42ms | tok/sec: 200,153 | mfu: 44.01 | epoch: 1 | total time: 6.80m
step 00167 (3.79%) | K: 3 | loss: 2.405633 | L1: 1.208685 | L2: 1.197126 | L3: 1.196770 | lrm: 1.00 | dt: 2617.08ms | tok/sec: 200,333 | mfu: 44.05 | epoch: 1 | total time: 6.85m
step 00168 (3.81%) | K: 3 | loss: 2.408138 | L1: 1.209928 | L2: 1.198380 | L3: 1.198040 | lrm: 1.00 | dt: 2618.20ms | tok/sec: 200,247 | mfu: 44.03 | epoch: 1 | total time: 6.89m
step 00169 (3.83%) | K: 3 | loss: 2.407383 | L1: 1.209569 | L2: 1.197976 | L3: 1.197653 | lrm: 1.00 | dt: 2616.20ms | tok/sec: 200,400 | mfu: 44.06 | epoch: 1 | total time: 6.93m
step 00170 (3.86%) | K: 3 | loss: 2.411685 | L1: 1.211733 | L2: 1.200103 | L3: 1.199802 | lrm: 1.00 | dt: 2616.27ms | tok/sec: 200,395 | mfu: 44.06 | epoch: 1 | total time: 6.98m
step 00171 (3.88%) | K: 3 | loss: 2.412596 | L1: 1.212202 | L2: 1.200544 | L3: 1.200244 | lrm: 1.00 | dt: 2617.45ms | tok/sec: 200,304 | mfu: 44.04 | epoch: 1 | total time: 7.02m
step 00172 (3.90%) | K: 3 | loss: 2.414093 | L1: 1.212939 | L2: 1.201308 | L3: 1.201001 | lrm: 1.00 | dt: 2619.02ms | tok/sec: 200,184 | mfu: 44.01 | epoch: 1 | total time: 7.06m
step 00173 (3.93%) | K: 3 | loss: 2.410256 | L1: 1.210983 | L2: 1.199428 | L3: 1.199117 | lrm: 1.00 | dt: 2617.62ms | tok/sec: 200,291 | mfu: 44.04 | epoch: 1 | total time: 7.11m
step 00174 (3.95%) | K: 3 | loss: 2.413514 | L1: 1.212591 | L2: 1.201077 | L3: 1.200768 | lrm: 1.00 | dt: 2615.99ms | tok/sec: 200,416 | mfu: 44.07 | epoch: 1 | total time: 7.15m
step 00175 (3.97%) | K: 3 | loss: 2.409133 | L1: 1.210365 | L2: 1.198928 | L3: 1.198608 | lrm: 1.00 | dt: 2615.55ms | tok/sec: 200,450 | mfu: 44.07 | epoch: 1 | total time: 7.19m
step 00176 (3.99%) | K: 3 | loss: 2.410216 | L1: 1.210906 | L2: 1.199464 | L3: 1.199155 | lrm: 1.00 | dt: 2612.62ms | tok/sec: 200,674 | mfu: 44.12 | epoch: 1 | total time: 7.24m
step 00177 (4.02%) | K: 3 | loss: 2.414355 | L1: 1.212946 | L2: 1.201557 | L3: 1.201261 | lrm: 1.00 | dt: 2615.79ms | tok/sec: 200,431 | mfu: 44.07 | epoch: 1 | total time: 7.28m
step 00178 (4.04%) | K: 3 | loss: 2.410695 | L1: 1.211107 | L2: 1.199753 | L3: 1.199422 | lrm: 1.00 | dt: 2617.06ms | tok/sec: 200,334 | mfu: 44.05 | epoch: 1 | total time: 7.33m
step 00179 (4.06%) | K: 3 | loss: 2.401738 | L1: 1.206654 | L2: 1.195244 | L3: 1.194925 | lrm: 1.00 | dt: 2617.47ms | tok/sec: 200,303 | mfu: 44.04 | epoch: 1 | total time: 7.37m
step 00180 (4.08%) | K: 3 | loss: 2.405489 | L1: 1.208565 | L2: 1.197076 | L3: 1.196772 | lrm: 1.00 | dt: 2609.62ms | tok/sec: 200,905 | mfu: 44.17 | epoch: 1 | total time: 7.41m
step 00181 (4.11%) | K: 3 | loss: 2.400669 | L1: 1.206125 | L2: 1.194694 | L3: 1.194395 | lrm: 1.00 | dt: 2617.22ms | tok/sec: 200,322 | mfu: 44.04 | epoch: 1 | total time: 7.46m
step 00182 (4.13%) | K: 3 | loss: 2.391071 | L1: 1.201268 | L2: 1.189950 | L3: 1.189655 | lrm: 1.00 | dt: 2617.91ms | tok/sec: 200,269 | mfu: 44.03 | epoch: 1 | total time: 7.50m
step 00183 (4.15%) | K: 3 | loss: 2.381126 | L1: 1.196271 | L2: 1.185003 | L3: 1.184706 | lrm: 1.00 | dt: 2617.90ms | tok/sec: 200,270 | mfu: 44.03 | epoch: 1 | total time: 7.54m
step 00184 (4.18%) | K: 3 | loss: 2.388663 | L1: 1.200019 | L2: 1.188792 | L3: 1.188496 | lrm: 1.00 | dt: 2616.69ms | tok/sec: 200,362 | mfu: 44.05 | epoch: 1 | total time: 7.59m
step 00185 (4.20%) | K: 3 | loss: 2.389230 | L1: 1.200284 | L2: 1.189090 | L3: 1.188802 | lrm: 1.00 | dt: 2614.97ms | tok/sec: 200,495 | mfu: 44.08 | epoch: 1 | total time: 7.63m
step 00186 (4.22%) | K: 3 | loss: 2.382571 | L1: 1.196965 | L2: 1.185752 | L3: 1.185461 | lrm: 1.00 | dt: 2617.27ms | tok/sec: 200,318 | mfu: 44.04 | epoch: 1 | total time: 7.67m
step 00187 (4.24%) | K: 3 | loss: 2.373441 | L1: 1.192414 | L2: 1.181166 | L3: 1.180889 | lrm: 1.00 | dt: 2615.84ms | tok/sec: 200,428 | mfu: 44.07 | epoch: 1 | total time: 7.72m
step 00188 (4.27%) | K: 3 | loss: 2.363181 | L1: 1.187283 | L2: 1.176041 | L3: 1.175756 | lrm: 1.00 | dt: 2615.19ms | tok/sec: 200,478 | mfu: 44.08 | epoch: 1 | total time: 7.76m
step 00189 (4.29%) | K: 3 | loss: 2.367627 | L1: 1.189524 | L2: 1.178248 | L3: 1.177959 | lrm: 1.00 | dt: 2616.86ms | tok/sec: 200,349 | mfu: 44.05 | epoch: 1 | total time: 7.81m
step 00190 (4.31%) | K: 3 | loss: 2.365756 | L1: 1.188597 | L2: 1.177311 | L3: 1.177009 | lrm: 1.00 | dt: 2616.19ms | tok/sec: 200,401 | mfu: 44.06 | epoch: 1 | total time: 7.85m
step 00191 (4.33%) | K: 3 | loss: 2.365766 | L1: 1.188643 | L2: 1.177269 | L3: 1.176977 | lrm: 1.00 | dt: 2619.21ms | tok/sec: 200,170 | mfu: 44.01 | epoch: 1 | total time: 7.89m
step 00192 (4.36%) | K: 3 | loss: 2.375369 | L1: 1.193466 | L2: 1.182057 | L3: 1.181749 | lrm: 1.00 | dt: 2620.12ms | tok/sec: 200,100 | mfu: 44.00 | epoch: 1 | total time: 7.94m
step 00193 (4.38%) | K: 3 | loss: 2.376820 | L1: 1.194103 | L2: 1.182878 | L3: 1.182556 | lrm: 1.00 | dt: 2614.73ms | tok/sec: 200,513 | mfu: 44.09 | epoch: 1 | total time: 7.98m
step 00194 (4.40%) | K: 3 | loss: 2.369239 | L1: 1.190264 | L2: 1.179129 | L3: 1.178821 | lrm: 1.00 | dt: 2617.95ms | tok/sec: 200,266 | mfu: 44.03 | epoch: 1 | total time: 8.02m
step 00195 (4.42%) | K: 3 | loss: 2.375402 | L1: 1.193293 | L2: 1.182254 | L3: 1.181964 | lrm: 1.00 | dt: 2620.12ms | tok/sec: 200,100 | mfu: 44.00 | epoch: 1 | total time: 8.07m
step 00196 (4.45%) | K: 3 | loss: 2.379725 | L1: 1.195492 | L2: 1.184374 | L3: 1.184091 | lrm: 1.00 | dt: 2618.25ms | tok/sec: 200,243 | mfu: 44.03 | epoch: 1 | total time: 8.11m
step 00197 (4.47%) | K: 3 | loss: 2.373303 | L1: 1.192223 | L2: 1.181216 | L3: 1.180944 | lrm: 1.00 | dt: 2615.08ms | tok/sec: 200,486 | mfu: 44.08 | epoch: 1 | total time: 8.15m
step 00198 (4.49%) | K: 3 | loss: 2.366998 | L1: 1.189086 | L2: 1.178052 | L3: 1.177771 | lrm: 1.00 | dt: 2616.95ms | tok/sec: 200,342 | mfu: 44.05 | epoch: 1 | total time: 8.20m
step 00199 (4.52%) | K: 3 | loss: 2.356371 | L1: 1.183832 | L2: 1.172681 | L3: 1.172399 | lrm: 1.00 | dt: 2614.15ms | tok/sec: 200,557 | mfu: 44.10 | epoch: 1 | total time: 8.24m
step 00200 (4.54%) | K: 3 | loss: 2.364134 | L1: 1.187772 | L2: 1.176500 | L3: 1.176224 | lrm: 1.00 | dt: 2620.05ms | tok/sec: 200,105 | mfu: 44.00 | epoch: 1 | total time: 8.29m
step 00201 (4.56%) | K: 3 | loss: 2.363256 | L1: 1.187309 | L2: 1.176088 | L3: 1.175805 | lrm: 1.00 | dt: 2616.93ms | tok/sec: 200,344 | mfu: 44.05 | epoch: 1 | total time: 8.33m
step 00202 (4.58%) | K: 3 | loss: 2.364827 | L1: 1.188056 | L2: 1.176897 | L3: 1.176644 | lrm: 1.00 | dt: 2615.39ms | tok/sec: 200,462 | mfu: 44.08 | epoch: 1 | total time: 8.37m
step 00203 (4.61%) | K: 3 | loss: 2.363278 | L1: 1.187282 | L2: 1.176117 | L3: 1.175874 | lrm: 1.00 | dt: 2618.67ms | tok/sec: 200,211 | mfu: 44.02 | epoch: 1 | total time: 8.42m
step 00204 (4.63%) | K: 3 | loss: 2.357986 | L1: 1.184613 | L2: 1.173499 | L3: 1.173248 | lrm: 1.00 | dt: 2612.96ms | tok/sec: 200,648 | mfu: 44.12 | epoch: 1 | total time: 8.46m
step 00205 (4.65%) | K: 3 | loss: 2.360921 | L1: 1.186077 | L2: 1.174970 | L3: 1.174718 | lrm: 1.00 | dt: 2615.29ms | tok/sec: 200,470 | mfu: 44.08 | epoch: 1 | total time: 8.50m
step 00206 (4.67%) | K: 3 | loss: 2.363492 | L1: 1.187343 | L2: 1.176271 | L3: 1.176027 | lrm: 1.00 | dt: 2616.52ms | tok/sec: 200,375 | mfu: 44.06 | epoch: 1 | total time: 8.55m
step 00207 (4.70%) | K: 3 | loss: 2.346107 | L1: 1.178657 | L2: 1.167578 | L3: 1.167322 | lrm: 1.00 | dt: 2614.21ms | tok/sec: 200,552 | mfu: 44.10 | epoch: 1 | total time: 8.59m
step 00208 (4.72%) | K: 3 | loss: 2.345353 | L1: 1.178275 | L2: 1.167204 | L3: 1.166951 | lrm: 1.00 | dt: 2618.84ms | tok/sec: 200,198 | mfu: 44.02 | epoch: 1 | total time: 8.63m
step 00209 (4.74%) | K: 3 | loss: 2.345842 | L1: 1.178420 | L2: 1.167535 | L3: 1.167309 | lrm: 1.00 | dt: 2615.74ms | tok/sec: 200,435 | mfu: 44.07 | epoch: 1 | total time: 8.68m
step 00210 (4.77%) | K: 3 | loss: 2.347953 | L1: 1.179432 | L2: 1.168643 | L3: 1.168398 | lrm: 1.00 | dt: 2615.16ms | tok/sec: 200,480 | mfu: 44.08 | epoch: 1 | total time: 8.72m
step 00211 (4.79%) | K: 3 | loss: 2.345748 | L1: 1.178328 | L2: 1.167538 | L3: 1.167301 | lrm: 1.00 | dt: 2617.79ms | tok/sec: 200,278 | mfu: 44.03 | epoch: 1 | total time: 8.76m
step 00212 (4.81%) | K: 3 | loss: 2.332662 | L1: 1.171767 | L2: 1.161014 | L3: 1.160775 | lrm: 1.00 | dt: 2617.06ms | tok/sec: 200,334 | mfu: 44.05 | epoch: 1 | total time: 8.81m
step 00213 (4.83%) | K: 3 | loss: 2.326967 | L1: 1.168859 | L2: 1.158229 | L3: 1.157988 | lrm: 1.00 | dt: 2618.01ms | tok/sec: 200,261 | mfu: 44.03 | epoch: 1 | total time: 8.85m
step 00214 (4.86%) | K: 3 | loss: 2.322006 | L1: 1.166397 | L2: 1.155728 | L3: 1.155490 | lrm: 1.00 | dt: 2617.95ms | tok/sec: 200,266 | mfu: 44.03 | epoch: 1 | total time: 8.90m
step 00215 (4.88%) | K: 3 | loss: 2.320011 | L1: 1.165337 | L2: 1.154781 | L3: 1.154568 | lrm: 1.00 | dt: 2617.69ms | tok/sec: 200,286 | mfu: 44.04 | epoch: 1 | total time: 8.94m
step 00216 (4.90%) | K: 3 | loss: 2.328415 | L1: 1.169564 | L2: 1.158966 | L3: 1.158736 | lrm: 1.00 | dt: 2617.40ms | tok/sec: 200,308 | mfu: 44.04 | epoch: 1 | total time: 8.98m
step 00217 (4.92%) | K: 3 | loss: 2.335490 | L1: 1.173125 | L2: 1.162470 | L3: 1.162259 | lrm: 1.00 | dt: 2614.78ms | tok/sec: 200,509 | mfu: 44.09 | epoch: 1 | total time: 9.03m
step 00218 (4.95%) | K: 3 | loss: 2.340608 | L1: 1.175741 | L2: 1.164973 | L3: 1.164761 | lrm: 1.00 | dt: 2618.28ms | tok/sec: 200,241 | mfu: 44.03 | epoch: 1 | total time: 9.07m
step 00219 (4.97%) | K: 3 | loss: 2.330081 | L1: 1.170439 | L2: 1.159738 | L3: 1.159546 | lrm: 1.00 | dt: 2614.93ms | tok/sec: 200,498 | mfu: 44.08 | epoch: 1 | total time: 9.11m
step 00220 (4.99%) | K: 3 | loss: 2.329170 | L1: 1.169974 | L2: 1.159296 | L3: 1.159095 | lrm: 1.00 | dt: 2616.17ms | tok/sec: 200,402 | mfu: 44.06 | epoch: 1 | total time: 9.16m
step 00221 (5.01%) | K: 3 | loss: 2.323370 | L1: 1.167053 | L2: 1.156423 | L3: 1.156211 | lrm: 1.00 | dt: 2619.75ms | tok/sec: 200,129 | mfu: 44.00 | epoch: 1 | total time: 9.20m
step 00222 (5.04%) | K: 3 | loss: 2.326225 | L1: 1.168562 | L2: 1.157788 | L3: 1.157539 | lrm: 1.00 | dt: 2618.41ms | tok/sec: 200,231 | mfu: 44.02 | epoch: 1 | total time: 9.24m
step 00223 (5.06%) | K: 3 | loss: 2.324322 | L1: 1.167593 | L2: 1.156847 | L3: 1.156610 | lrm: 1.00 | dt: 2618.00ms | tok/sec: 200,262 | mfu: 44.03 | epoch: 1 | total time: 9.29m
step 00224 (5.08%) | K: 3 | loss: 2.327200 | L1: 1.169089 | L2: 1.158244 | L3: 1.157979 | lrm: 1.00 | dt: 2621.36ms | tok/sec: 200,006 | mfu: 43.97 | epoch: 1 | total time: 9.33m
step 00225 (5.11%) | K: 3 | loss: 2.323746 | L1: 1.167383 | L2: 1.156502 | L3: 1.156224 | lrm: 1.00 | dt: 2617.64ms | tok/sec: 200,290 | mfu: 44.04 | epoch: 1 | total time: 9.38m
step 00226 (5.13%) | K: 3 | loss: 2.330118 | L1: 1.170588 | L2: 1.159668 | L3: 1.159392 | lrm: 1.00 | dt: 2619.44ms | tok/sec: 200,152 | mfu: 44.01 | epoch: 1 | total time: 9.42m
step 00227 (5.15%) | K: 3 | loss: 2.323957 | L1: 1.167488 | L2: 1.156590 | L3: 1.156348 | lrm: 1.00 | dt: 2614.06ms | tok/sec: 200,564 | mfu: 44.10 | epoch: 1 | total time: 9.46m
step 00228 (5.17%) | K: 3 | loss: 2.318023 | L1: 1.164504 | L2: 1.153641 | L3: 1.153397 | lrm: 1.00 | dt: 2618.50ms | tok/sec: 200,224 | mfu: 44.02 | epoch: 1 | total time: 9.51m
step 00229 (5.20%) | K: 3 | loss: 2.318704 | L1: 1.164807 | L2: 1.154027 | L3: 1.153766 | lrm: 1.00 | dt: 2617.56ms | tok/sec: 200,296 | mfu: 44.04 | epoch: 1 | total time: 9.55m
step 00230 (5.22%) | K: 3 | loss: 2.317730 | L1: 1.164304 | L2: 1.153552 | L3: 1.153300 | lrm: 1.00 | dt: 2617.69ms | tok/sec: 200,286 | mfu: 44.04 | epoch: 1 | total time: 9.59m
step 00231 (5.24%) | K: 3 | loss: 2.326778 | L1: 1.168862 | L2: 1.158035 | L3: 1.157797 | lrm: 1.00 | dt: 2613.55ms | tok/sec: 200,603 | mfu: 44.11 | epoch: 1 | total time: 9.64m
step 00232 (5.26%) | K: 3 | loss: 2.324393 | L1: 1.167661 | L2: 1.156859 | L3: 1.156605 | lrm: 1.00 | dt: 2620.45ms | tok/sec: 200,075 | mfu: 43.99 | epoch: 1 | total time: 9.68m
step 00233 (5.29%) | K: 3 | loss: 2.313607 | L1: 1.162256 | L2: 1.151478 | L3: 1.151224 | lrm: 1.00 | dt: 2618.52ms | tok/sec: 200,222 | mfu: 44.02 | epoch: 1 | total time: 9.72m
step 00234 (5.31%) | K: 3 | loss: 2.312430 | L1: 1.161623 | L2: 1.150945 | L3: 1.150670 | lrm: 1.00 | dt: 2620.35ms | tok/sec: 200,083 | mfu: 43.99 | epoch: 1 | total time: 9.77m
step 00235 (5.33%) | K: 3 | loss: 2.311305 | L1: 1.161121 | L2: 1.150333 | L3: 1.150035 | lrm: 1.00 | dt: 2618.17ms | tok/sec: 200,249 | mfu: 44.03 | epoch: 1 | total time: 9.81m
step 00236 (5.36%) | K: 3 | loss: 2.306981 | L1: 1.158969 | L2: 1.148156 | L3: 1.147868 | lrm: 1.00 | dt: 2612.99ms | tok/sec: 200,646 | mfu: 44.12 | epoch: 1 | total time: 9.86m
step 00237 (5.38%) | K: 3 | loss: 2.296817 | L1: 1.153880 | L2: 1.143089 | L3: 1.142786 | lrm: 1.00 | dt: 2617.80ms | tok/sec: 200,277 | mfu: 44.03 | epoch: 1 | total time: 9.90m
step 00238 (5.40%) | K: 3 | loss: 2.298996 | L1: 1.154968 | L2: 1.144188 | L3: 1.143869 | lrm: 1.00 | dt: 2617.48ms | tok/sec: 200,302 | mfu: 44.04 | epoch: 1 | total time: 9.94m
step 00239 (5.42%) | K: 3 | loss: 2.295765 | L1: 1.153342 | L2: 1.142570 | L3: 1.142277 | lrm: 1.00 | dt: 2614.58ms | tok/sec: 200,524 | mfu: 44.09 | epoch: 1 | total time: 9.99m
step 00240 (5.45%) | K: 3 | loss: 2.298269 | L1: 1.154652 | L2: 1.143769 | L3: 1.143467 | lrm: 1.00 | dt: 2618.65ms | tok/sec: 200,213 | mfu: 44.02 | epoch: 1 | total time: 10.03m
step 00241 (5.47%) | K: 3 | loss: 2.313855 | L1: 1.162489 | L2: 1.151528 | L3: 1.151205 | lrm: 1.00 | dt: 2618.96ms | tok/sec: 200,189 | mfu: 44.02 | epoch: 1 | total time: 10.07m
step 00242 (5.49%) | K: 3 | loss: 2.313587 | L1: 1.162263 | L2: 1.151488 | L3: 1.151161 | lrm: 1.00 | dt: 2617.20ms | tok/sec: 200,323 | mfu: 44.04 | epoch: 1 | total time: 10.12m
step 00243 (5.51%) | K: 3 | loss: 2.319730 | L1: 1.165327 | L2: 1.154568 | L3: 1.154239 | lrm: 1.00 | dt: 2620.53ms | tok/sec: 200,069 | mfu: 43.99 | epoch: 1 | total time: 10.16m
step 00244 (5.54%) | K: 3 | loss: 2.322813 | L1: 1.166883 | L2: 1.156088 | L3: 1.155771 | lrm: 1.00 | dt: 2614.07ms | tok/sec: 200,563 | mfu: 44.10 | epoch: 1 | total time: 10.20m
step 00245 (5.56%) | K: 3 | loss: 2.328443 | L1: 1.169646 | L2: 1.158959 | L3: 1.158636 | lrm: 1.00 | dt: 2617.40ms | tok/sec: 200,308 | mfu: 44.04 | epoch: 1 | total time: 10.25m
step 00246 (5.58%) | K: 3 | loss: 2.325880 | L1: 1.168391 | L2: 1.157642 | L3: 1.157336 | lrm: 1.00 | dt: 2616.98ms | tok/sec: 200,340 | mfu: 44.05 | epoch: 1 | total time: 10.29m
step 00247 (5.60%) | K: 3 | loss: 2.324132 | L1: 1.167518 | L2: 1.156765 | L3: 1.156465 | lrm: 1.00 | dt: 2616.83ms | tok/sec: 200,352 | mfu: 44.05 | epoch: 1 | total time: 10.34m
step 00248 (5.63%) | K: 3 | loss: 2.316145 | L1: 1.163463 | L2: 1.152824 | L3: 1.152540 | lrm: 1.00 | dt: 2618.26ms | tok/sec: 200,243 | mfu: 44.03 | epoch: 1 | total time: 10.38m
step 00249 (5.65%) | K: 3 | loss: 2.319335 | L1: 1.165080 | L2: 1.154398 | L3: 1.154111 | lrm: 1.00 | dt: 2620.35ms | tok/sec: 200,082 | mfu: 43.99 | epoch: 1 | total time: 10.42m
step 00250 (5.67%) | K: 3 | loss: 2.319114 | L1: 1.164996 | L2: 1.154257 | L3: 1.153981 | lrm: 1.00 | dt: 2619.60ms | tok/sec: 200,140 | mfu: 44.00 | epoch: 1 | total time: 10.47m
Step 00250 | Validation L1 bpb: 0.6012 | L2 bpb: 0.5954 | L3 bpb: 0.5952
step 00251 (5.70%) | K: 3 | loss: 2.321833 | L1: 1.166367 | L2: 1.155600 | L3: 1.155333 | lrm: 1.00 | dt: 2624.70ms | tok/sec: 199,751 | mfu: 43.92 | epoch: 1 | total time: 10.51m
step 00252 (5.72%) | K: 3 | loss: 2.323112 | L1: 1.166990 | L2: 1.156263 | L3: 1.155981 | lrm: 1.00 | dt: 2619.88ms | tok/sec: 200,119 | mfu: 44.00 | epoch: 1 | total time: 10.55m
step 00253 (5.74%) | K: 3 | loss: 2.318931 | L1: 1.164901 | L2: 1.154169 | L3: 1.153891 | lrm: 1.00 | dt: 2627.50ms | tok/sec: 199,538 | mfu: 43.87 | epoch: 1 | total time: 10.60m
step 00254 (5.76%) | K: 3 | loss: 2.316221 | L1: 1.163599 | L2: 1.152757 | L3: 1.152488 | lrm: 1.00 | dt: 2616.44ms | tok/sec: 200,381 | mfu: 44.06 | epoch: 1 | total time: 10.64m
step 00255 (5.79%) | K: 3 | loss: 2.303706 | L1: 1.157372 | L2: 1.146456 | L3: 1.146213 | lrm: 1.00 | dt: 2624.72ms | tok/sec: 199,750 | mfu: 43.92 | epoch: 1 | total time: 10.68m
step 00256 (5.81%) | K: 3 | loss: 2.320725 | L1: 1.165932 | L2: 1.154920 | L3: 1.154664 | lrm: 1.00 | dt: 2621.42ms | tok/sec: 200,001 | mfu: 43.97 | epoch: 1 | total time: 10.73m
step 00257 (5.83%) | K: 3 | loss: 2.328577 | L1: 1.169883 | L2: 1.158821 | L3: 1.158566 | lrm: 1.00 | dt: 2616.53ms | tok/sec: 200,374 | mfu: 44.06 | epoch: 1 | total time: 10.77m
step 00258 (5.85%) | K: 3 | loss: 2.315608 | L1: 1.163306 | L2: 1.152420 | L3: 1.152185 | lrm: 1.00 | dt: 2617.63ms | tok/sec: 200,290 | mfu: 44.04 | epoch: 1 | total time: 10.82m
step 00259 (5.88%) | K: 3 | loss: 2.312088 | L1: 1.161515 | L2: 1.150685 | L3: 1.150461 | lrm: 1.00 | dt: 2625.32ms | tok/sec: 199,704 | mfu: 43.91 | epoch: 1 | total time: 10.86m
step 00260 (5.90%) | K: 3 | loss: 2.312969 | L1: 1.161911 | L2: 1.151174 | L3: 1.150942 | lrm: 1.00 | dt: 2618.82ms | tok/sec: 200,199 | mfu: 44.02 | epoch: 1 | total time: 10.90m
step 00261 (5.92%) | K: 3 | loss: 2.313663 | L1: 1.162307 | L2: 1.151470 | L3: 1.151242 | lrm: 1.00 | dt: 2621.26ms | tok/sec: 200,013 | mfu: 43.98 | epoch: 1 | total time: 10.95m
step 00262 (5.95%) | K: 3 | loss: 2.303435 | L1: 1.157183 | L2: 1.146369 | L3: 1.146137 | lrm: 1.00 | dt: 2619.74ms | tok/sec: 200,129 | mfu: 44.00 | epoch: 1 | total time: 10.99m
step 00263 (5.97%) | K: 3 | loss: 2.306171 | L1: 1.158573 | L2: 1.147718 | L3: 1.147479 | lrm: 1.00 | dt: 2620.89ms | tok/sec: 200,041 | mfu: 43.98 | epoch: 1 | total time: 11.03m
step 00264 (5.99%) | K: 3 | loss: 2.307172 | L1: 1.159096 | L2: 1.148192 | L3: 1.147960 | lrm: 1.00 | dt: 2618.88ms | tok/sec: 200,195 | mfu: 44.02 | epoch: 1 | total time: 11.08m
step 00265 (6.01%) | K: 3 | loss: 2.298401 | L1: 1.154668 | L2: 1.143861 | L3: 1.143605 | lrm: 1.00 | dt: 2623.58ms | tok/sec: 199,836 | mfu: 43.94 | epoch: 1 | total time: 11.12m
step 00266 (6.04%) | K: 3 | loss: 2.303257 | L1: 1.157076 | L2: 1.146309 | L3: 1.146055 | lrm: 1.00 | dt: 2625.56ms | tok/sec: 199,685 | mfu: 43.90 | epoch: 1 | total time: 11.17m
step 00267 (6.06%) | K: 3 | loss: 2.298993 | L1: 1.154962 | L2: 1.144168 | L3: 1.143895 | lrm: 1.00 | dt: 2616.97ms | tok/sec: 200,341 | mfu: 44.05 | epoch: 1 | total time: 11.21m
step 00268 (6.08%) | K: 3 | loss: 2.299326 | L1: 1.155125 | L2: 1.144333 | L3: 1.144070 | lrm: 1.00 | dt: 2619.39ms | tok/sec: 200,156 | mfu: 44.01 | epoch: 1 | total time: 11.25m
step 00269 (6.10%) | K: 3 | loss: 2.292440 | L1: 1.151631 | L2: 1.140942 | L3: 1.140676 | lrm: 1.00 | dt: 2621.77ms | tok/sec: 199,975 | mfu: 43.97 | epoch: 1 | total time: 11.30m
step 00270 (6.13%) | K: 3 | loss: 2.293337 | L1: 1.152085 | L2: 1.141374 | L3: 1.141129 | lrm: 1.00 | dt: 2622.52ms | tok/sec: 199,917 | mfu: 43.96 | epoch: 1 | total time: 11.34m
step 00271 (6.15%) | K: 3 | loss: 2.284918 | L1: 1.147848 | L2: 1.137192 | L3: 1.136947 | lrm: 1.00 | dt: 2623.68ms | tok/sec: 199,829 | mfu: 43.94 | epoch: 1 | total time: 11.38m
step 00272 (6.17%) | K: 3 | loss: 2.291847 | L1: 1.151309 | L2: 1.140662 | L3: 1.140414 | lrm: 1.00 | dt: 2619.01ms | tok/sec: 200,185 | mfu: 44.01 | epoch: 1 | total time: 11.43m
step 00273 (6.19%) | K: 3 | loss: 2.289807 | L1: 1.150292 | L2: 1.139642 | L3: 1.139388 | lrm: 1.00 | dt: 2624.53ms | tok/sec: 199,764 | mfu: 43.92 | epoch: 1 | total time: 11.47m
step 00274 (6.22%) | K: 3 | loss: 2.300651 | L1: 1.155792 | L2: 1.144985 | L3: 1.144732 | lrm: 1.00 | dt: 2623.95ms | tok/sec: 199,808 | mfu: 43.93 | epoch: 1 | total time: 11.51m
step 00275 (6.24%) | K: 3 | loss: 2.286323 | L1: 1.148612 | L2: 1.137840 | L3: 1.137581 | lrm: 1.00 | dt: 2623.14ms | tok/sec: 199,870 | mfu: 43.95 | epoch: 1 | total time: 11.56m
step 00276 (6.26%) | K: 3 | loss: 2.279625 | L1: 1.145261 | L2: 1.134506 | L3: 1.134223 | lrm: 1.00 | dt: 2620.19ms | tok/sec: 200,095 | mfu: 43.99 | epoch: 1 | total time: 11.60m
step 00277 (6.29%) | K: 3 | loss: 2.270030 | L1: 1.140432 | L2: 1.129742 | L3: 1.129455 | lrm: 1.00 | dt: 2622.13ms | tok/sec: 199,947 | mfu: 43.96 | epoch: 1 | total time: 11.65m
step 00278 (6.31%) | K: 3 | loss: 2.267599 | L1: 1.139222 | L2: 1.128515 | L3: 1.128238 | lrm: 1.00 | dt: 2626.13ms | tok/sec: 199,642 | mfu: 43.89 | epoch: 1 | total time: 11.69m
step 00279 (6.33%) | K: 3 | loss: 2.254641 | L1: 1.132737 | L2: 1.122041 | L3: 1.121766 | lrm: 1.00 | dt: 2620.98ms | tok/sec: 200,035 | mfu: 43.98 | epoch: 1 | total time: 11.73m
step 00280 (6.35%) | K: 3 | loss: 2.254178 | L1: 1.132470 | L2: 1.121838 | L3: 1.121579 | lrm: 1.00 | dt: 2622.28ms | tok/sec: 199,936 | mfu: 43.96 | epoch: 1 | total time: 11.78m
step 00281 (6.38%) | K: 3 | loss: 2.264156 | L1: 1.137450 | L2: 1.126827 | L3: 1.126584 | lrm: 1.00 | dt: 2621.07ms | tok/sec: 200,028 | mfu: 43.98 | epoch: 1 | total time: 11.82m
step 00282 (6.40%) | K: 3 | loss: 2.262360 | L1: 1.136579 | L2: 1.125905 | L3: 1.125658 | lrm: 1.00 | dt: 2621.08ms | tok/sec: 200,027 | mfu: 43.98 | epoch: 1 | total time: 11.86m
step 00283 (6.42%) | K: 3 | loss: 2.265270 | L1: 1.138005 | L2: 1.127380 | L3: 1.127149 | lrm: 1.00 | dt: 2622.47ms | tok/sec: 199,921 | mfu: 43.96 | epoch: 1 | total time: 11.91m
step 00284 (6.44%) | K: 3 | loss: 2.267172 | L1: 1.138974 | L2: 1.128321 | L3: 1.128074 | lrm: 1.00 | dt: 3235.41ms | tok/sec: 162,047 | mfu: 35.63 | epoch: 1 | total time: 11.96m
step 00285 (6.47%) | K: 3 | loss: 2.266523 | L1: 1.138638 | L2: 1.128016 | L3: 1.127753 | lrm: 1.00 | dt: 2610.29ms | tok/sec: 200,854 | mfu: 44.16 | epoch: 1 | total time: 12.01m
step 00286 (6.49%) | K: 3 | loss: 2.262862 | L1: 1.136841 | L2: 1.126154 | L3: 1.125889 | lrm: 1.00 | dt: 2626.02ms | tok/sec: 199,651 | mfu: 43.90 | epoch: 1 | total time: 12.05m
step 00287 (6.51%) | K: 3 | loss: 2.268610 | L1: 1.139782 | L2: 1.128959 | L3: 1.128697 | lrm: 1.00 | dt: 2621.83ms | tok/sec: 199,970 | mfu: 43.97 | epoch: 1 | total time: 12.09m
step 00288 (6.54%) | K: 3 | loss: 2.262769 | L1: 1.136823 | L2: 1.126073 | L3: 1.125819 | lrm: 1.00 | dt: 2622.10ms | tok/sec: 199,949 | mfu: 43.96 | epoch: 1 | total time: 12.14m
step 00289 (6.56%) | K: 3 | loss: 2.251282 | L1: 1.131037 | L2: 1.120367 | L3: 1.120123 | lrm: 1.00 | dt: 2626.21ms | tok/sec: 199,636 | mfu: 43.89 | epoch: 1 | total time: 12.18m
step 00290 (6.58%) | K: 3 | loss: 2.240597 | L1: 1.125684 | L2: 1.115038 | L3: 1.114787 | lrm: 1.00 | dt: 2622.17ms | tok/sec: 199,944 | mfu: 43.96 | epoch: 1 | total time: 12.22m
step 00291 (6.60%) | K: 3 | loss: 2.262305 | L1: 1.136534 | L2: 1.125893 | L3: 1.125650 | lrm: 1.00 | dt: 2621.76ms | tok/sec: 199,975 | mfu: 43.97 | epoch: 1 | total time: 12.27m
step 00292 (6.63%) | K: 3 | loss: 2.251975 | L1: 1.131384 | L2: 1.120718 | L3: 1.120464 | lrm: 1.00 | dt: 2623.12ms | tok/sec: 199,871 | mfu: 43.95 | epoch: 1 | total time: 12.31m
step 00293 (6.65%) | K: 3 | loss: 2.248738 | L1: 1.129778 | L2: 1.119091 | L3: 1.118829 | lrm: 1.00 | dt: 2621.64ms | tok/sec: 199,984 | mfu: 43.97 | epoch: 1 | total time: 12.36m
step 00294 (6.67%) | K: 3 | loss: 2.241159 | L1: 1.125952 | L2: 1.115340 | L3: 1.115074 | lrm: 1.00 | dt: 2620.90ms | tok/sec: 200,040 | mfu: 43.98 | epoch: 1 | total time: 12.40m
step 00295 (6.69%) | K: 3 | loss: 2.245867 | L1: 1.128328 | L2: 1.117684 | L3: 1.117394 | lrm: 1.00 | dt: 2623.45ms | tok/sec: 199,846 | mfu: 43.94 | epoch: 1 | total time: 12.44m
step 00296 (6.72%) | K: 3 | loss: 2.242478 | L1: 1.126625 | L2: 1.115988 | L3: 1.115718 | lrm: 1.00 | dt: 2625.62ms | tok/sec: 199,681 | mfu: 43.90 | epoch: 1 | total time: 12.49m
step 00297 (6.74%) | K: 3 | loss: 2.242290 | L1: 1.126511 | L2: 1.115923 | L3: 1.115634 | lrm: 1.00 | dt: 2621.33ms | tok/sec: 200,008 | mfu: 43.98 | epoch: 1 | total time: 12.53m
step 00298 (6.76%) | K: 3 | loss: 2.246831 | L1: 1.128779 | L2: 1.118192 | L3: 1.117912 | lrm: 1.00 | dt: 2626.15ms | tok/sec: 199,641 | mfu: 43.89 | epoch: 1 | total time: 12.57m
step 00299 (6.78%) | K: 3 | loss: 2.242241 | L1: 1.126419 | L2: 1.115964 | L3: 1.115681 | lrm: 1.00 | dt: 2620.04ms | tok/sec: 200,107 | mfu: 44.00 | epoch: 1 | total time: 12.62m
step 00300 (6.81%) | K: 3 | loss: 2.242057 | L1: 1.126333 | L2: 1.115872 | L3: 1.115576 | lrm: 1.00 | dt: 2624.58ms | tok/sec: 199,760 | mfu: 43.92 | epoch: 1 | total time: 12.66m
step 00301 (6.83%) | K: 3 | loss: 2.234255 | L1: 1.122421 | L2: 1.111974 | L3: 1.111694 | lrm: 1.00 | dt: 2620.64ms | tok/sec: 200,060 | mfu: 43.99 | epoch: 1 | total time: 12.71m
step 00302 (6.85%) | K: 3 | loss: 2.228430 | L1: 1.119510 | L2: 1.109056 | L3: 1.108785 | lrm: 1.00 | dt: 2617.47ms | tok/sec: 200,303 | mfu: 44.04 | epoch: 1 | total time: 12.75m
step 00303 (6.88%) | K: 3 | loss: 2.232964 | L1: 1.121822 | L2: 1.111286 | L3: 1.110996 | lrm: 1.00 | dt: 2621.34ms | tok/sec: 200,007 | mfu: 43.98 | epoch: 1 | total time: 12.79m
step 00304 (6.90%) | K: 3 | loss: 2.234611 | L1: 1.122636 | L2: 1.112119 | L3: 1.111832 | lrm: 1.00 | dt: 2622.13ms | tok/sec: 199,947 | mfu: 43.96 | epoch: 1 | total time: 12.84m
step 00305 (6.92%) | K: 3 | loss: 2.236179 | L1: 1.123438 | L2: 1.112880 | L3: 1.112603 | lrm: 1.00 | dt: 2622.92ms | tok/sec: 199,886 | mfu: 43.95 | epoch: 1 | total time: 12.88m
step 00306 (6.94%) | K: 3 | loss: 2.241452 | L1: 1.126083 | L2: 1.115510 | L3: 1.115227 | lrm: 1.00 | dt: 2624.45ms | tok/sec: 199,770 | mfu: 43.92 | epoch: 1 | total time: 12.92m
step 00307 (6.97%) | K: 3 | loss: 2.233461 | L1: 1.122107 | L2: 1.111505 | L3: 1.111201 | lrm: 1.00 | dt: 2626.47ms | tok/sec: 199,616 | mfu: 43.89 | epoch: 1 | total time: 12.97m
step 00308 (6.99%) | K: 3 | loss: 2.232709 | L1: 1.121706 | L2: 1.111161 | L3: 1.110844 | lrm: 1.00 | dt: 2621.52ms | tok/sec: 199,994 | mfu: 43.97 | epoch: 1 | total time: 13.01m
step 00309 (7.01%) | K: 3 | loss: 2.232657 | L1: 1.121604 | L2: 1.111213 | L3: 1.110894 | lrm: 1.00 | dt: 2619.48ms | tok/sec: 200,149 | mfu: 44.01 | epoch: 1 | total time: 13.05m
step 00310 (7.03%) | K: 3 | loss: 2.234253 | L1: 1.122415 | L2: 1.111993 | L3: 1.111682 | lrm: 1.00 | dt: 2621.27ms | tok/sec: 200,013 | mfu: 43.98 | epoch: 1 | total time: 13.10m
step 00311 (7.06%) | K: 3 | loss: 2.238791 | L1: 1.124654 | L2: 1.114288 | L3: 1.113985 | lrm: 1.00 | dt: 2626.34ms | tok/sec: 199,627 | mfu: 43.89 | epoch: 1 | total time: 13.14m
step 00312 (7.08%) | K: 3 | loss: 2.237759 | L1: 1.124093 | L2: 1.113820 | L3: 1.113513 | lrm: 1.00 | dt: 2623.30ms | tok/sec: 199,857 | mfu: 43.94 | epoch: 1 | total time: 13.19m
step 00313 (7.10%) | K: 3 | loss: 2.224023 | L1: 1.117250 | L2: 1.106931 | L3: 1.106615 | lrm: 1.00 | dt: 2627.20ms | tok/sec: 199,561 | mfu: 43.88 | epoch: 1 | total time: 13.23m
step 00314 (7.13%) | K: 3 | loss: 2.230735 | L1: 1.120641 | L2: 1.110257 | L3: 1.109932 | lrm: 1.00 | dt: 2620.72ms | tok/sec: 200,054 | mfu: 43.99 | epoch: 1 | total time: 13.27m
step 00315 (7.15%) | K: 3 | loss: 2.224696 | L1: 1.117680 | L2: 1.107180 | L3: 1.106852 | lrm: 1.00 | dt: 2625.38ms | tok/sec: 199,700 | mfu: 43.91 | epoch: 1 | total time: 13.32m
step 00316 (7.17%) | K: 3 | loss: 2.218624 | L1: 1.114610 | L2: 1.104163 | L3: 1.103864 | lrm: 1.00 | dt: 2623.25ms | tok/sec: 199,861 | mfu: 43.94 | epoch: 1 | total time: 13.36m
step 00317 (7.19%) | K: 3 | loss: 2.221216 | L1: 1.115973 | L2: 1.105399 | L3: 1.105088 | lrm: 1.00 | dt: 2621.42ms | tok/sec: 200,001 | mfu: 43.97 | epoch: 1 | total time: 13.40m
step 00318 (7.22%) | K: 3 | loss: 2.224416 | L1: 1.117560 | L2: 1.107013 | L3: 1.106698 | lrm: 1.00 | dt: 2622.45ms | tok/sec: 199,923 | mfu: 43.96 | epoch: 1 | total time: 13.45m
step 00319 (7.24%) | K: 3 | loss: 2.228122 | L1: 1.119389 | L2: 1.108879 | L3: 1.108587 | lrm: 1.00 | dt: 2623.70ms | tok/sec: 199,827 | mfu: 43.94 | epoch: 1 | total time: 13.49m
step 00320 (7.26%) | K: 3 | loss: 2.233253 | L1: 1.121992 | L2: 1.111411 | L3: 1.111110 | lrm: 1.00 | dt: 2626.63ms | tok/sec: 199,604 | mfu: 43.89 | epoch: 1 | total time: 13.54m
step 00321 (7.28%) | K: 3 | loss: 2.228564 | L1: 1.119658 | L2: 1.109046 | L3: 1.108765 | lrm: 1.00 | dt: 2624.69ms | tok/sec: 199,752 | mfu: 43.92 | epoch: 1 | total time: 13.58m
step 00322 (7.31%) | K: 3 | loss: 2.226045 | L1: 1.118386 | L2: 1.107793 | L3: 1.107524 | lrm: 1.00 | dt: 2619.98ms | tok/sec: 200,111 | mfu: 44.00 | epoch: 1 | total time: 13.62m
step 00323 (7.33%) | K: 3 | loss: 2.222271 | L1: 1.116517 | L2: 1.105898 | L3: 1.105610 | lrm: 1.00 | dt: 2625.06ms | tok/sec: 199,724 | mfu: 43.91 | epoch: 1 | total time: 13.67m
step 00324 (7.35%) | K: 3 | loss: 2.220366 | L1: 1.115530 | L2: 1.104980 | L3: 1.104692 | lrm: 1.00 | dt: 2624.41ms | tok/sec: 199,773 | mfu: 43.92 | epoch: 1 | total time: 13.71m
step 00325 (7.37%) | K: 3 | loss: 2.225806 | L1: 1.118247 | L2: 1.107700 | L3: 1.107417 | lrm: 1.00 | dt: 2624.25ms | tok/sec: 199,785 | mfu: 43.93 | epoch: 1 | total time: 13.75m
step 00326 (7.40%) | K: 3 | loss: 2.223084 | L1: 1.116830 | L2: 1.106399 | L3: 1.106111 | lrm: 1.00 | dt: 2618.51ms | tok/sec: 200,223 | mfu: 44.02 | epoch: 1 | total time: 13.80m
step 00327 (7.42%) | K: 3 | loss: 2.213104 | L1: 1.111760 | L2: 1.101482 | L3: 1.101208 | lrm: 1.00 | dt: 2620.09ms | tok/sec: 200,103 | mfu: 44.00 | epoch: 1 | total time: 13.84m
step 00328 (7.44%) | K: 3 | loss: 2.214467 | L1: 1.112439 | L2: 1.102168 | L3: 1.101890 | lrm: 1.00 | dt: 2624.09ms | tok/sec: 199,797 | mfu: 43.93 | epoch: 1 | total time: 13.89m
step 00329 (7.47%) | K: 3 | loss: 2.204645 | L1: 1.107528 | L2: 1.097265 | L3: 1.096968 | lrm: 1.00 | dt: 2624.68ms | tok/sec: 199,753 | mfu: 43.92 | epoch: 1 | total time: 13.93m
step 00330 (7.49%) | K: 3 | loss: 2.216085 | L1: 1.113240 | L2: 1.102983 | L3: 1.102707 | lrm: 1.00 | dt: 2621.87ms | tok/sec: 199,967 | mfu: 43.97 | epoch: 1 | total time: 13.97m
step 00331 (7.51%) | K: 3 | loss: 2.202769 | L1: 1.106524 | L2: 1.096378 | L3: 1.096112 | lrm: 1.00 | dt: 2624.29ms | tok/sec: 199,782 | mfu: 43.93 | epoch: 1 | total time: 14.02m
step 00332 (7.53%) | K: 3 | loss: 2.204490 | L1: 1.107456 | L2: 1.097178 | L3: 1.096892 | lrm: 1.00 | dt: 2623.38ms | tok/sec: 199,852 | mfu: 43.94 | epoch: 1 | total time: 14.06m
step 00333 (7.56%) | K: 3 | loss: 2.201243 | L1: 1.105841 | L2: 1.095553 | L3: 1.095250 | lrm: 1.00 | dt: 2626.91ms | tok/sec: 199,583 | mfu: 43.88 | epoch: 1 | total time: 14.10m
step 00334 (7.58%) | K: 3 | loss: 2.196611 | L1: 1.103482 | L2: 1.093275 | L3: 1.092983 | lrm: 1.00 | dt: 2625.12ms | tok/sec: 199,719 | mfu: 43.91 | epoch: 1 | total time: 14.15m
step 00335 (7.60%) | K: 3 | loss: 2.192368 | L1: 1.101293 | L2: 1.091223 | L3: 1.090927 | lrm: 1.00 | dt: 2623.11ms | tok/sec: 199,872 | mfu: 43.95 | epoch: 1 | total time: 14.19m
step 00336 (7.62%) | K: 3 | loss: 2.193144 | L1: 1.101637 | L2: 1.091638 | L3: 1.091376 | lrm: 1.00 | dt: 2621.79ms | tok/sec: 199,973 | mfu: 43.97 | epoch: 1 | total time: 14.24m
step 00337 (7.65%) | K: 3 | loss: 2.195377 | L1: 1.102776 | L2: 1.092722 | L3: 1.092480 | lrm: 1.00 | dt: 2627.23ms | tok/sec: 199,559 | mfu: 43.88 | epoch: 1 | total time: 14.28m
step 00338 (7.67%) | K: 3 | loss: 2.205965 | L1: 1.108099 | L2: 1.097988 | L3: 1.097742 | lrm: 1.00 | dt: 2627.68ms | tok/sec: 199,525 | mfu: 43.87 | epoch: 1 | total time: 14.32m
step 00339 (7.69%) | K: 3 | loss: 2.210240 | L1: 1.110274 | L2: 1.100101 | L3: 1.099831 | lrm: 1.00 | dt: 2626.17ms | tok/sec: 199,639 | mfu: 43.89 | epoch: 1 | total time: 14.37m
step 00340 (7.71%) | K: 3 | loss: 2.209769 | L1: 1.110088 | L2: 1.099825 | L3: 1.099538 | lrm: 1.00 | dt: 2625.40ms | tok/sec: 199,698 | mfu: 43.91 | epoch: 1 | total time: 14.41m
step 00341 (7.74%) | K: 3 | loss: 2.192906 | L1: 1.101603 | L2: 1.091442 | L3: 1.091164 | lrm: 1.00 | dt: 2626.02ms | tok/sec: 199,650 | mfu: 43.90 | epoch: 1 | total time: 14.45m
step 00342 (7.76%) | K: 3 | loss: 2.201066 | L1: 1.105712 | L2: 1.095502 | L3: 1.095207 | lrm: 1.00 | dt: 2626.09ms | tok/sec: 199,645 | mfu: 43.90 | epoch: 1 | total time: 14.50m
step 00343 (7.78%) | K: 3 | loss: 2.208632 | L1: 1.109487 | L2: 1.099290 | L3: 1.099001 | lrm: 1.00 | dt: 2625.77ms | tok/sec: 199,670 | mfu: 43.90 | epoch: 1 | total time: 14.54m
step 00344 (7.81%) | K: 3 | loss: 2.214443 | L1: 1.112424 | L2: 1.102168 | L3: 1.101870 | lrm: 1.00 | dt: 2623.69ms | tok/sec: 199,828 | mfu: 43.94 | epoch: 1 | total time: 14.59m
step 00345 (7.83%) | K: 3 | loss: 2.214029 | L1: 1.112220 | L2: 1.101964 | L3: 1.101654 | lrm: 1.00 | dt: 2621.55ms | tok/sec: 199,991 | mfu: 43.97 | epoch: 1 | total time: 14.63m
step 00346 (7.85%) | K: 3 | loss: 2.202143 | L1: 1.106252 | L2: 1.096041 | L3: 1.095742 | lrm: 1.00 | dt: 2624.40ms | tok/sec: 199,774 | mfu: 43.92 | epoch: 1 | total time: 14.67m
step 00347 (7.87%) | K: 3 | loss: 2.191263 | L1: 1.100798 | L2: 1.090607 | L3: 1.090322 | lrm: 1.00 | dt: 2627.69ms | tok/sec: 199,524 | mfu: 43.87 | epoch: 1 | total time: 14.72m
step 00348 (7.90%) | K: 3 | loss: 2.190973 | L1: 1.100686 | L2: 1.090445 | L3: 1.090130 | lrm: 1.00 | dt: 2622.37ms | tok/sec: 199,928 | mfu: 43.96 | epoch: 1 | total time: 14.76m
step 00349 (7.92%) | K: 3 | loss: 2.192684 | L1: 1.101576 | L2: 1.091277 | L3: 1.090938 | lrm: 1.00 | dt: 2621.07ms | tok/sec: 200,028 | mfu: 43.98 | epoch: 1 | total time: 14.80m
step 00350 (7.94%) | K: 3 | loss: 2.185756 | L1: 1.098095 | L2: 1.087821 | L3: 1.087501 | lrm: 1.00 | dt: 2623.40ms | tok/sec: 199,850 | mfu: 43.94 | epoch: 1 | total time: 14.85m
step 00351 (7.96%) | K: 3 | loss: 2.192417 | L1: 1.101432 | L2: 1.091143 | L3: 1.090826 | lrm: 1.00 | dt: 2624.79ms | tok/sec: 199,745 | mfu: 43.92 | epoch: 1 | total time: 14.89m
step 00352 (7.99%) | K: 3 | loss: 2.185121 | L1: 1.097759 | L2: 1.087518 | L3: 1.087206 | lrm: 1.00 | dt: 2622.49ms | tok/sec: 199,919 | mfu: 43.96 | epoch: 1 | total time: 14.94m
step 00353 (8.01%) | K: 3 | loss: 2.178885 | L1: 1.094692 | L2: 1.084353 | L3: 1.084034 | lrm: 1.00 | dt: 2618.99ms | tok/sec: 200,187 | mfu: 44.01 | epoch: 1 | total time: 14.98m
step 00354 (8.03%) | K: 3 | loss: 2.178094 | L1: 1.094285 | L2: 1.083957 | L3: 1.083661 | lrm: 1.00 | dt: 2624.02ms | tok/sec: 199,803 | mfu: 43.93 | epoch: 1 | total time: 15.02m
step 00355 (8.06%) | K: 3 | loss: 2.188663 | L1: 1.099595 | L2: 1.089216 | L3: 1.088921 | lrm: 1.00 | dt: 2622.09ms | tok/sec: 199,950 | mfu: 43.96 | epoch: 1 | total time: 15.07m
step 00356 (8.08%) | K: 3 | loss: 2.186697 | L1: 1.098603 | L2: 1.088236 | L3: 1.087952 | lrm: 1.00 | dt: 2624.67ms | tok/sec: 199,753 | mfu: 43.92 | epoch: 1 | total time: 15.11m
step 00357 (8.10%) | K: 3 | loss: 2.186451 | L1: 1.098514 | L2: 1.088074 | L3: 1.087800 | lrm: 1.00 | dt: 2627.03ms | tok/sec: 199,574 | mfu: 43.88 | epoch: 1 | total time: 15.15m
step 00358 (8.12%) | K: 3 | loss: 2.186720 | L1: 1.098646 | L2: 1.088213 | L3: 1.087935 | lrm: 1.00 | dt: 2617.73ms | tok/sec: 200,283 | mfu: 44.04 | epoch: 1 | total time: 15.20m
step 00359 (8.15%) | K: 3 | loss: 2.181834 | L1: 1.096196 | L2: 1.085774 | L3: 1.085501 | lrm: 1.00 | dt: 2623.85ms | tok/sec: 199,816 | mfu: 43.93 | epoch: 1 | total time: 15.24m
step 00360 (8.17%) | K: 3 | loss: 2.159491 | L1: 1.084979 | L2: 1.074651 | L3: 1.074372 | lrm: 1.00 | dt: 2626.89ms | tok/sec: 199,584 | mfu: 43.88 | epoch: 1 | total time: 15.28m
step 00361 (8.19%) | K: 3 | loss: 2.158065 | L1: 1.084287 | L2: 1.073922 | L3: 1.073633 | lrm: 1.00 | dt: 2626.64ms | tok/sec: 199,604 | mfu: 43.89 | epoch: 1 | total time: 15.33m
step 00362 (8.21%) | K: 3 | loss: 2.158525 | L1: 1.084455 | L2: 1.074216 | L3: 1.073924 | lrm: 1.00 | dt: 2622.16ms | tok/sec: 199,944 | mfu: 43.96 | epoch: 1 | total time: 15.37m
step 00363 (8.24%) | K: 3 | loss: 2.159745 | L1: 1.085031 | L2: 1.074860 | L3: 1.074569 | lrm: 1.00 | dt: 2629.14ms | tok/sec: 199,414 | mfu: 43.84 | epoch: 1 | total time: 15.42m
step 00364 (8.26%) | K: 3 | loss: 2.159366 | L1: 1.084824 | L2: 1.074675 | L3: 1.074410 | lrm: 1.00 | dt: 2624.31ms | tok/sec: 199,781 | mfu: 43.93 | epoch: 1 | total time: 15.46m
step 00365 (8.28%) | K: 3 | loss: 2.153673 | L1: 1.081952 | L2: 1.071848 | L3: 1.071593 | lrm: 1.00 | dt: 2622.35ms | tok/sec: 199,930 | mfu: 43.96 | epoch: 1 | total time: 15.50m
step 00366 (8.30%) | K: 3 | loss: 2.161961 | L1: 1.086119 | L2: 1.075964 | L3: 1.075721 | lrm: 1.00 | dt: 2621.56ms | tok/sec: 199,990 | mfu: 43.97 | epoch: 1 | total time: 15.55m
step 00367 (8.33%) | K: 3 | loss: 2.160258 | L1: 1.085246 | L2: 1.075131 | L3: 1.074894 | lrm: 1.00 | dt: 2622.93ms | tok/sec: 199,886 | mfu: 43.95 | epoch: 1 | total time: 15.59m
step 00368 (8.35%) | K: 3 | loss: 2.153825 | L1: 1.081993 | L2: 1.071946 | L3: 1.071718 | lrm: 1.00 | dt: 2621.92ms | tok/sec: 199,963 | mfu: 43.97 | epoch: 1 | total time: 15.63m
step 00369 (8.37%) | K: 3 | loss: 2.163291 | L1: 1.086685 | L2: 1.076726 | L3: 1.076485 | lrm: 1.00 | dt: 2627.01ms | tok/sec: 199,576 | mfu: 43.88 | epoch: 1 | total time: 15.68m
step 00370 (8.40%) | K: 3 | loss: 2.160765 | L1: 1.085400 | L2: 1.075500 | L3: 1.075230 | lrm: 1.00 | dt: 2622.57ms | tok/sec: 199,914 | mfu: 43.95 | epoch: 1 | total time: 15.72m
step 00371 (8.42%) | K: 3 | loss: 2.173770 | L1: 1.091923 | L2: 1.082002 | L3: 1.081692 | lrm: 1.00 | dt: 2621.77ms | tok/sec: 199,974 | mfu: 43.97 | epoch: 1 | total time: 15.77m
step 00372 (8.44%) | K: 3 | loss: 2.173560 | L1: 1.091825 | L2: 1.081890 | L3: 1.081579 | lrm: 1.00 | dt: 2786.57ms | tok/sec: 188,148 | mfu: 41.37 | epoch: 1 | total time: 15.81m
step 00373 (8.46%) | K: 3 | loss: 2.172437 | L1: 1.091248 | L2: 1.081342 | L3: 1.081037 | lrm: 1.00 | dt: 2623.74ms | tok/sec: 199,824 | mfu: 43.93 | epoch: 1 | total time: 15.86m
step 00374 (8.49%) | K: 3 | loss: 2.173874 | L1: 1.091959 | L2: 1.082042 | L3: 1.081788 | lrm: 1.00 | dt: 2628.23ms | tok/sec: 199,483 | mfu: 43.86 | epoch: 1 | total time: 15.90m
step 00375 (8.51%) | K: 3 | loss: 2.181290 | L1: 1.095675 | L2: 1.085753 | L3: 1.085477 | lrm: 1.00 | dt: 2624.61ms | tok/sec: 199,758 | mfu: 43.92 | epoch: 1 | total time: 15.94m
step 00376 (8.53%) | K: 3 | loss: 2.180723 | L1: 1.095393 | L2: 1.085464 | L3: 1.085195 | lrm: 1.00 | dt: 2626.76ms | tok/sec: 199,594 | mfu: 43.88 | epoch: 1 | total time: 15.99m
step 00377 (8.55%) | K: 3 | loss: 2.187299 | L1: 1.098694 | L2: 1.088736 | L3: 1.088474 | lrm: 1.00 | dt: 2621.78ms | tok/sec: 199,974 | mfu: 43.97 | epoch: 1 | total time: 16.03m
step 00378 (8.58%) | K: 3 | loss: 2.178190 | L1: 1.094112 | L2: 1.084217 | L3: 1.083939 | lrm: 1.00 | dt: 2626.69ms | tok/sec: 199,599 | mfu: 43.89 | epoch: 1 | total time: 16.07m
step 00379 (8.60%) | K: 3 | loss: 2.178619 | L1: 1.094377 | L2: 1.084387 | L3: 1.084098 | lrm: 1.00 | dt: 2623.81ms | tok/sec: 199,819 | mfu: 43.93 | epoch: 1 | total time: 16.12m
step 00380 (8.62%) | K: 3 | loss: 2.192291 | L1: 1.101243 | L2: 1.091184 | L3: 1.090913 | lrm: 1.00 | dt: 2624.31ms | tok/sec: 199,781 | mfu: 43.93 | epoch: 1 | total time: 16.16m
step 00381 (8.65%) | K: 3 | loss: 2.187703 | L1: 1.098953 | L2: 1.088900 | L3: 1.088599 | lrm: 1.00 | dt: 2623.40ms | tok/sec: 199,850 | mfu: 43.94 | epoch: 1 | total time: 16.21m
step 00382 (8.67%) | K: 3 | loss: 2.187350 | L1: 1.098808 | L2: 1.088703 | L3: 1.088382 | lrm: 1.00 | dt: 2620.86ms | tok/sec: 200,044 | mfu: 43.98 | epoch: 1 | total time: 16.25m
step 00383 (8.69%) | K: 3 | loss: 2.188183 | L1: 1.099222 | L2: 1.089117 | L3: 1.088806 | lrm: 1.00 | dt: 2626.33ms | tok/sec: 199,627 | mfu: 43.89 | epoch: 1 | total time: 16.29m
step 00384 (8.71%) | K: 3 | loss: 2.189368 | L1: 1.099829 | L2: 1.089684 | L3: 1.089395 | lrm: 1.00 | dt: 2623.17ms | tok/sec: 199,867 | mfu: 43.94 | epoch: 1 | total time: 16.34m
step 00385 (8.74%) | K: 3 | loss: 2.182892 | L1: 1.096523 | L2: 1.086496 | L3: 1.086242 | lrm: 1.00 | dt: 2620.80ms | tok/sec: 200,048 | mfu: 43.98 | epoch: 1 | total time: 16.38m
step 00386 (8.76%) | K: 3 | loss: 2.188589 | L1: 1.099337 | L2: 1.089381 | L3: 1.089124 | lrm: 1.00 | dt: 2622.98ms | tok/sec: 199,882 | mfu: 43.95 | epoch: 1 | total time: 16.42m
step 00387 (8.78%) | K: 3 | loss: 2.191696 | L1: 1.100869 | L2: 1.090943 | L3: 1.090710 | lrm: 1.00 | dt: 2620.17ms | tok/sec: 200,097 | mfu: 43.99 | epoch: 1 | total time: 16.47m
step 00388 (8.80%) | K: 3 | loss: 2.193607 | L1: 1.101840 | L2: 1.091893 | L3: 1.091641 | lrm: 1.00 | dt: 2621.23ms | tok/sec: 200,015 | mfu: 43.98 | epoch: 1 | total time: 16.51m
step 00389 (8.83%) | K: 3 | loss: 2.186977 | L1: 1.098506 | L2: 1.088587 | L3: 1.088353 | lrm: 1.00 | dt: 2629.35ms | tok/sec: 199,398 | mfu: 43.84 | epoch: 1 | total time: 16.56m
step 00390 (8.85%) | K: 3 | loss: 2.194118 | L1: 1.102111 | L2: 1.092122 | L3: 1.091891 | lrm: 1.00 | dt: 2622.59ms | tok/sec: 199,912 | mfu: 43.95 | epoch: 1 | total time: 16.60m
step 00391 (8.87%) | K: 3 | loss: 2.180573 | L1: 1.095285 | L2: 1.085409 | L3: 1.085167 | lrm: 1.00 | dt: 2621.96ms | tok/sec: 199,960 | mfu: 43.96 | epoch: 1 | total time: 16.64m
step 00392 (8.89%) | K: 3 | loss: 2.180864 | L1: 1.095512 | L2: 1.085472 | L3: 1.085232 | lrm: 1.00 | dt: 2618.98ms | tok/sec: 200,187 | mfu: 44.01 | epoch: 1 | total time: 16.69m
step 00393 (8.92%) | K: 3 | loss: 2.177795 | L1: 1.093958 | L2: 1.083955 | L3: 1.083719 | lrm: 1.00 | dt: 2625.28ms | tok/sec: 199,707 | mfu: 43.91 | epoch: 1 | total time: 16.73m
step 00394 (8.94%) | K: 3 | loss: 2.176619 | L1: 1.093382 | L2: 1.083364 | L3: 1.083111 | lrm: 1.00 | dt: 2625.51ms | tok/sec: 199,689 | mfu: 43.91 | epoch: 1 | total time: 16.77m
step 00395 (8.96%) | K: 3 | loss: 2.174093 | L1: 1.092150 | L2: 1.082074 | L3: 1.081813 | lrm: 1.00 | dt: 2622.47ms | tok/sec: 199,921 | mfu: 43.96 | epoch: 1 | total time: 16.82m
step 00396 (8.99%) | K: 3 | loss: 2.181282 | L1: 1.095681 | L2: 1.085727 | L3: 1.085476 | lrm: 1.00 | dt: 2623.56ms | tok/sec: 199,838 | mfu: 43.94 | epoch: 1 | total time: 16.86m
step 00397 (9.01%) | K: 3 | loss: 2.186547 | L1: 1.098342 | L2: 1.088342 | L3: 1.088069 | lrm: 1.00 | dt: 2623.04ms | tok/sec: 199,877 | mfu: 43.95 | epoch: 1 | total time: 16.91m
step 00398 (9.03%) | K: 3 | loss: 2.189868 | L1: 1.100023 | L2: 1.089984 | L3: 1.089705 | lrm: 1.00 | dt: 2627.94ms | tok/sec: 199,505 | mfu: 43.86 | epoch: 1 | total time: 16.95m
step 00399 (9.05%) | K: 3 | loss: 2.189002 | L1: 1.099562 | L2: 1.089576 | L3: 1.089304 | lrm: 1.00 | dt: 2623.37ms | tok/sec: 199,852 | mfu: 43.94 | epoch: 1 | total time: 16.99m
step 00400 (9.08%) | K: 3 | loss: 2.190551 | L1: 1.100276 | L2: 1.090408 | L3: 1.090142 | lrm: 1.00 | dt: 2621.45ms | tok/sec: 199,999 | mfu: 43.97 | epoch: 1 | total time: 17.04m
step 00401 (9.10%) | K: 3 | loss: 2.186609 | L1: 1.098267 | L2: 1.088472 | L3: 1.088212 | lrm: 1.00 | dt: 2627.62ms | tok/sec: 199,529 | mfu: 43.87 | epoch: 1 | total time: 17.08m
step 00402 (9.12%) | K: 3 | loss: 2.183840 | L1: 1.096838 | L2: 1.087124 | L3: 1.086880 | lrm: 1.00 | dt: 2627.72ms | tok/sec: 199,521 | mfu: 43.87 | epoch: 1 | total time: 17.12m
step 00403 (9.14%) | K: 3 | loss: 2.182505 | L1: 1.096225 | L2: 1.086398 | L3: 1.086161 | lrm: 1.00 | dt: 2620.39ms | tok/sec: 200,079 | mfu: 43.99 | epoch: 1 | total time: 17.17m
step 00404 (9.17%) | K: 3 | loss: 2.179131 | L1: 1.094451 | L2: 1.084797 | L3: 1.084564 | lrm: 1.00 | dt: 2620.53ms | tok/sec: 200,069 | mfu: 43.99 | epoch: 1 | total time: 17.21m
step 00405 (9.19%) | K: 3 | loss: 2.191343 | L1: 1.100556 | L2: 1.090906 | L3: 1.090668 | lrm: 1.00 | dt: 2626.00ms | tok/sec: 199,652 | mfu: 43.90 | epoch: 1 | total time: 17.26m
step 00406 (9.21%) | K: 3 | loss: 2.194635 | L1: 1.102245 | L2: 1.092504 | L3: 1.092277 | lrm: 1.00 | dt: 2623.29ms | tok/sec: 199,858 | mfu: 43.94 | epoch: 1 | total time: 17.30m
step 00407 (9.24%) | K: 3 | loss: 2.199013 | L1: 1.104482 | L2: 1.094663 | L3: 1.094398 | lrm: 1.00 | dt: 2624.96ms | tok/sec: 199,732 | mfu: 43.91 | epoch: 1 | total time: 17.34m
step 00408 (9.26%) | K: 3 | loss: 2.200427 | L1: 1.105180 | L2: 1.095370 | L3: 1.095123 | lrm: 1.00 | dt: 2619.77ms | tok/sec: 200,127 | mfu: 44.00 | epoch: 1 | total time: 17.39m
step 00409 (9.28%) | K: 3 | loss: 2.195359 | L1: 1.102626 | L2: 1.092855 | L3: 1.092611 | lrm: 1.00 | dt: 2623.28ms | tok/sec: 199,859 | mfu: 43.94 | epoch: 1 | total time: 17.43m
step 00410 (9.30%) | K: 3 | loss: 2.194827 | L1: 1.102341 | L2: 1.092600 | L3: 1.092374 | lrm: 1.00 | dt: 2629.12ms | tok/sec: 199,415 | mfu: 43.84 | epoch: 1 | total time: 17.47m
step 00411 (9.33%) | K: 3 | loss: 2.193073 | L1: 1.101483 | L2: 1.091698 | L3: 1.091482 | lrm: 1.00 | dt: 2619.64ms | tok/sec: 200,137 | mfu: 44.00 | epoch: 1 | total time: 17.52m
step 00412 (9.35%) | K: 3 | loss: 2.187892 | L1: 1.098927 | L2: 1.089063 | L3: 1.088867 | lrm: 1.00 | dt: 2623.54ms | tok/sec: 199,839 | mfu: 43.94 | epoch: 1 | total time: 17.56m
step 00413 (9.37%) | K: 3 | loss: 2.180119 | L1: 1.095031 | L2: 1.085189 | L3: 1.084986 | lrm: 1.00 | dt: 2624.21ms | tok/sec: 199,789 | mfu: 43.93 | epoch: 1 | total time: 17.61m
step 00414 (9.39%) | K: 3 | loss: 2.182301 | L1: 1.096157 | L2: 1.086238 | L3: 1.086050 | lrm: 1.00 | dt: 2627.95ms | tok/sec: 199,504 | mfu: 43.86 | epoch: 1 | total time: 17.65m
step 00415 (9.42%) | K: 3 | loss: 2.180970 | L1: 1.095464 | L2: 1.085598 | L3: 1.085414 | lrm: 1.00 | dt: 2621.31ms | tok/sec: 200,010 | mfu: 43.98 | epoch: 1 | total time: 17.69m
step 00416 (9.44%) | K: 3 | loss: 2.175841 | L1: 1.092906 | L2: 1.083015 | L3: 1.082855 | lrm: 1.00 | dt: 2626.29ms | tok/sec: 199,630 | mfu: 43.89 | epoch: 1 | total time: 17.74m
step 00417 (9.46%) | K: 3 | loss: 2.172382 | L1: 1.091129 | L2: 1.081339 | L3: 1.081166 | lrm: 1.00 | dt: 2626.80ms | tok/sec: 199,592 | mfu: 43.88 | epoch: 1 | total time: 17.78m
step 00418 (9.48%) | K: 3 | loss: 2.172959 | L1: 1.091450 | L2: 1.081611 | L3: 1.081408 | lrm: 1.00 | dt: 2622.97ms | tok/sec: 199,883 | mfu: 43.95 | epoch: 1 | total time: 17.82m
step 00419 (9.51%) | K: 3 | loss: 2.185417 | L1: 1.097711 | L2: 1.087809 | L3: 1.087604 | lrm: 1.00 | dt: 2621.95ms | tok/sec: 199,960 | mfu: 43.96 | epoch: 1 | total time: 17.87m
step 00420 (9.53%) | K: 3 | loss: 2.194853 | L1: 1.102430 | L2: 1.092523 | L3: 1.092323 | lrm: 1.00 | dt: 2627.21ms | tok/sec: 199,560 | mfu: 43.88 | epoch: 1 | total time: 17.91m
step 00421 (9.55%) | K: 3 | loss: 2.190114 | L1: 1.100048 | L2: 1.090162 | L3: 1.089969 | lrm: 1.00 | dt: 2625.58ms | tok/sec: 199,684 | mfu: 43.90 | epoch: 1 | total time: 17.96m
step 00422 (9.58%) | K: 3 | loss: 2.186669 | L1: 1.098335 | L2: 1.088424 | L3: 1.088245 | lrm: 1.00 | dt: 2624.19ms | tok/sec: 199,790 | mfu: 43.93 | epoch: 1 | total time: 18.00m
step 00423 (9.60%) | K: 3 | loss: 2.181062 | L1: 1.095464 | L2: 1.085697 | L3: 1.085500 | lrm: 1.00 | dt: 2626.26ms | tok/sec: 199,632 | mfu: 43.89 | epoch: 1 | total time: 18.04m
step 00424 (9.62%) | K: 3 | loss: 2.173976 | L1: 1.091981 | L2: 1.082111 | L3: 1.081879 | lrm: 1.00 | dt: 2622.88ms | tok/sec: 199,890 | mfu: 43.95 | epoch: 1 | total time: 18.09m
step 00425 (9.64%) | K: 3 | loss: 2.169205 | L1: 1.089628 | L2: 1.079703 | L3: 1.079450 | lrm: 1.00 | dt: 2623.63ms | tok/sec: 199,832 | mfu: 43.94 | epoch: 1 | total time: 18.13m
step 00426 (9.67%) | K: 3 | loss: 2.173853 | L1: 1.091976 | L2: 1.082011 | L3: 1.081742 | lrm: 1.00 | dt: 3002.76ms | tok/sec: 174,601 | mfu: 38.39 | epoch: 1 | total time: 18.18m
step 00427 (9.69%) | K: 3 | loss: 2.172871 | L1: 1.091447 | L2: 1.081552 | L3: 1.081297 | lrm: 1.00 | dt: 2616.62ms | tok/sec: 200,368 | mfu: 44.05 | epoch: 1 | total time: 18.22m
step 00428 (9.71%) | K: 3 | loss: 2.169101 | L1: 1.089512 | L2: 1.079720 | L3: 1.079458 | lrm: 1.00 | dt: 2626.71ms | tok/sec: 199,599 | mfu: 43.89 | epoch: 1 | total time: 18.27m
step 00429 (9.73%) | K: 3 | loss: 2.177307 | L1: 1.093624 | L2: 1.083819 | L3: 1.083547 | lrm: 1.00 | dt: 2625.24ms | tok/sec: 199,710 | mfu: 43.91 | epoch: 1 | total time: 18.31m
step 00430 (9.76%) | K: 3 | loss: 2.185644 | L1: 1.097813 | L2: 1.087953 | L3: 1.087707 | lrm: 1.00 | dt: 2622.85ms | tok/sec: 199,892 | mfu: 43.95 | epoch: 1 | total time: 18.36m
step 00431 (9.78%) | K: 3 | loss: 2.176802 | L1: 1.093391 | L2: 1.083555 | L3: 1.083267 | lrm: 1.00 | dt: 2623.86ms | tok/sec: 199,815 | mfu: 43.93 | epoch: 1 | total time: 18.40m
step 00432 (9.80%) | K: 3 | loss: 2.163726 | L1: 1.086835 | L2: 1.077028 | L3: 1.076753 | lrm: 1.00 | dt: 2620.35ms | tok/sec: 200,083 | mfu: 43.99 | epoch: 1 | total time: 18.44m
step 00433 (9.83%) | K: 3 | loss: 2.157550 | L1: 1.083708 | L2: 1.073981 | L3: 1.073703 | lrm: 1.00 | dt: 2626.55ms | tok/sec: 199,610 | mfu: 43.89 | epoch: 1 | total time: 18.49m
step 00434 (9.85%) | K: 3 | loss: 2.166780 | L1: 1.088334 | L2: 1.078594 | L3: 1.078297 | lrm: 1.00 | dt: 2624.21ms | tok/sec: 199,788 | mfu: 43.93 | epoch: 1 | total time: 18.53m
step 00435 (9.87%) | K: 3 | loss: 2.157613 | L1: 1.083690 | L2: 1.074063 | L3: 1.073784 | lrm: 1.00 | dt: 2620.61ms | tok/sec: 200,063 | mfu: 43.99 | epoch: 1 | total time: 18.57m
step 00436 (9.89%) | K: 3 | loss: 2.163663 | L1: 1.086762 | L2: 1.077056 | L3: 1.076746 | lrm: 1.00 | dt: 2619.53ms | tok/sec: 200,145 | mfu: 44.01 | epoch: 1 | total time: 18.62m
step 00437 (9.92%) | K: 3 | loss: 2.151942 | L1: 1.080843 | L2: 1.071250 | L3: 1.070948 | lrm: 1.00 | dt: 2620.40ms | tok/sec: 200,079 | mfu: 43.99 | epoch: 1 | total time: 18.66m
step 00438 (9.94%) | K: 3 | loss: 2.153888 | L1: 1.081839 | L2: 1.072202 | L3: 1.071896 | lrm: 1.00 | dt: 2623.90ms | tok/sec: 199,812 | mfu: 43.93 | epoch: 1 | total time: 18.70m
step 00439 (9.96%) | K: 3 | loss: 2.149382 | L1: 1.079559 | L2: 1.069974 | L3: 1.069672 | lrm: 1.00 | dt: 2625.26ms | tok/sec: 199,708 | mfu: 43.91 | epoch: 1 | total time: 18.75m
step 00440 (9.98%) | K: 3 | loss: 2.148271 | L1: 1.079042 | L2: 1.069385 | L3: 1.069073 | lrm: 1.00 | dt: 2623.65ms | tok/sec: 199,831 | mfu: 43.94 | epoch: 1 | total time: 18.79m
step 00441 (10.01%) | K: 3 | loss: 2.149232 | L1: 1.079548 | L2: 1.069834 | L3: 1.069534 | lrm: 1.00 | dt: 2621.08ms | tok/sec: 200,027 | mfu: 43.98 | epoch: 1 | total time: 18.84m
step 00442 (10.03%) | K: 3 | loss: 2.151443 | L1: 1.080767 | L2: 1.070826 | L3: 1.070526 | lrm: 1.00 | dt: 2627.36ms | tok/sec: 199,549 | mfu: 43.87 | epoch: 1 | total time: 18.88m
step 00443 (10.05%) | K: 3 | loss: 2.138293 | L1: 1.074178 | L2: 1.064256 | L3: 1.063974 | lrm: 1.00 | dt: 2624.72ms | tok/sec: 199,749 | mfu: 43.92 | epoch: 1 | total time: 18.92m
step 00444 (10.07%) | K: 3 | loss: 2.140666 | L1: 1.075413 | L2: 1.065394 | L3: 1.065113 | lrm: 1.00 | dt: 2624.71ms | tok/sec: 199,751 | mfu: 43.92 | epoch: 1 | total time: 18.97m
step 00445 (10.10%) | K: 3 | loss: 2.141612 | L1: 1.075849 | L2: 1.065903 | L3: 1.065622 | lrm: 1.00 | dt: 2619.69ms | tok/sec: 200,133 | mfu: 44.00 | epoch: 1 | total time: 19.01m
step 00446 (10.12%) | K: 3 | loss: 2.143478 | L1: 1.076799 | L2: 1.066814 | L3: 1.066544 | lrm: 1.00 | dt: 2623.62ms | tok/sec: 199,834 | mfu: 43.94 | epoch: 1 | total time: 19.05m
step 00447 (10.14%) | K: 3 | loss: 2.141927 | L1: 1.076038 | L2: 1.066014 | L3: 1.065766 | lrm: 1.00 | dt: 2626.98ms | tok/sec: 199,577 | mfu: 43.88 | epoch: 1 | total time: 19.10m
step 00448 (10.17%) | K: 3 | loss: 2.151338 | L1: 1.080801 | L2: 1.070666 | L3: 1.070409 | lrm: 1.00 | dt: 2624.67ms | tok/sec: 199,753 | mfu: 43.92 | epoch: 1 | total time: 19.14m
step 00449 (10.19%) | K: 3 | loss: 2.147956 | L1: 1.079081 | L2: 1.069008 | L3: 1.068742 | lrm: 1.00 | dt: 2623.28ms | tok/sec: 199,859 | mfu: 43.94 | epoch: 1 | total time: 19.19m
step 00450 (10.21%) | K: 3 | loss: 2.145047 | L1: 1.077706 | L2: 1.067498 | L3: 1.067183 | lrm: 1.00 | dt: 2623.84ms | tok/sec: 199,816 | mfu: 43.93 | epoch: 1 | total time: 19.23m
step 00451 (10.23%) | K: 3 | loss: 2.137066 | L1: 1.073720 | L2: 1.063501 | L3: 1.063189 | lrm: 1.00 | dt: 2631.20ms | tok/sec: 199,257 | mfu: 43.81 | epoch: 1 | total time: 19.27m
step 00452 (10.26%) | K: 3 | loss: 2.135951 | L1: 1.073126 | L2: 1.062986 | L3: 1.062664 | lrm: 1.00 | dt: 2620.09ms | tok/sec: 200,103 | mfu: 44.00 | epoch: 1 | total time: 19.32m
step 00453 (10.28%) | K: 3 | loss: 2.134744 | L1: 1.072489 | L2: 1.062415 | L3: 1.062095 | lrm: 1.00 | dt: 2626.87ms | tok/sec: 199,586 | mfu: 43.88 | epoch: 1 | total time: 19.36m
step 00454 (10.30%) | K: 3 | loss: 2.135213 | L1: 1.072724 | L2: 1.062649 | L3: 1.062329 | lrm: 1.00 | dt: 2626.59ms | tok/sec: 199,607 | mfu: 43.89 | epoch: 1 | total time: 19.40m
step 00455 (10.32%) | K: 3 | loss: 2.138159 | L1: 1.074197 | L2: 1.064131 | L3: 1.063793 | lrm: 1.00 | dt: 2625.91ms | tok/sec: 199,659 | mfu: 43.90 | epoch: 1 | total time: 19.45m
step 00456 (10.35%) | K: 3 | loss: 2.142653 | L1: 1.076446 | L2: 1.066377 | L3: 1.066036 | lrm: 1.00 | dt: 2621.95ms | tok/sec: 199,961 | mfu: 43.97 | epoch: 1 | total time: 19.49m
step 00457 (10.37%) | K: 3 | loss: 2.141927 | L1: 1.076066 | L2: 1.066038 | L3: 1.065686 | lrm: 1.00 | dt: 2624.42ms | tok/sec: 199,773 | mfu: 43.92 | epoch: 1 | total time: 19.54m
step 00458 (10.39%) | K: 3 | loss: 2.136106 | L1: 1.073104 | L2: 1.063170 | L3: 1.062834 | lrm: 1.00 | dt: 2624.46ms | tok/sec: 199,770 | mfu: 43.92 | epoch: 1 | total time: 19.58m
step 00459 (10.42%) | K: 3 | loss: 2.138709 | L1: 1.074356 | L2: 1.064519 | L3: 1.064187 | lrm: 1.00 | dt: 2627.58ms | tok/sec: 199,532 | mfu: 43.87 | epoch: 1 | total time: 19.62m
step 00460 (10.44%) | K: 3 | loss: 2.133288 | L1: 1.071640 | L2: 1.061822 | L3: 1.061474 | lrm: 1.00 | dt: 2628.14ms | tok/sec: 199,490 | mfu: 43.86 | epoch: 1 | total time: 19.67m
step 00461 (10.46%) | K: 3 | loss: 2.138540 | L1: 1.074247 | L2: 1.064464 | L3: 1.064123 | lrm: 1.00 | dt: 2622.33ms | tok/sec: 199,932 | mfu: 43.96 | epoch: 1 | total time: 19.71m
step 00462 (10.48%) | K: 3 | loss: 2.133131 | L1: 1.071554 | L2: 1.061749 | L3: 1.061405 | lrm: 1.00 | dt: 2627.39ms | tok/sec: 199,546 | mfu: 43.87 | epoch: 1 | total time: 19.75m
step 00463 (10.51%) | K: 3 | loss: 2.137191 | L1: 1.073640 | L2: 1.063720 | L3: 1.063381 | lrm: 1.00 | dt: 2624.91ms | tok/sec: 199,735 | mfu: 43.92 | epoch: 1 | total time: 19.80m
step 00464 (10.53%) | K: 3 | loss: 2.138154 | L1: 1.074154 | L2: 1.064162 | L3: 1.063838 | lrm: 1.00 | dt: 2625.25ms | tok/sec: 199,709 | mfu: 43.91 | epoch: 1 | total time: 19.84m
step 00465 (10.55%) | K: 3 | loss: 2.134679 | L1: 1.072360 | L2: 1.062471 | L3: 1.062167 | lrm: 1.00 | dt: 2627.19ms | tok/sec: 199,561 | mfu: 43.88 | epoch: 1 | total time: 19.89m
step 00466 (10.57%) | K: 3 | loss: 2.136993 | L1: 1.073455 | L2: 1.063689 | L3: 1.063386 | lrm: 1.00 | dt: 2625.42ms | tok/sec: 199,696 | mfu: 43.91 | epoch: 1 | total time: 19.93m
step 00467 (10.60%) | K: 3 | loss: 2.138712 | L1: 1.074299 | L2: 1.064563 | L3: 1.064263 | lrm: 1.00 | dt: 2627.40ms | tok/sec: 199,546 | mfu: 43.87 | epoch: 1 | total time: 19.97m
step 00468 (10.62%) | K: 3 | loss: 2.132251 | L1: 1.071004 | L2: 1.061397 | L3: 1.061096 | lrm: 1.00 | dt: 2623.91ms | tok/sec: 199,811 | mfu: 43.93 | epoch: 1 | total time: 20.02m
step 00469 (10.64%) | K: 3 | loss: 2.132298 | L1: 1.071078 | L2: 1.061389 | L3: 1.061051 | lrm: 1.00 | dt: 2624.56ms | tok/sec: 199,762 | mfu: 43.92 | epoch: 1 | total time: 20.06m
step 00470 (10.66%) | K: 3 | loss: 2.131683 | L1: 1.070749 | L2: 1.061104 | L3: 1.060764 | lrm: 1.00 | dt: 2623.69ms | tok/sec: 199,828 | mfu: 43.94 | epoch: 1 | total time: 20.10m
step 00471 (10.69%) | K: 3 | loss: 2.132044 | L1: 1.070939 | L2: 1.061268 | L3: 1.060943 | lrm: 1.00 | dt: 2625.55ms | tok/sec: 199,687 | mfu: 43.90 | epoch: 1 | total time: 20.15m
step 00472 (10.71%) | K: 3 | loss: 2.126389 | L1: 1.068079 | L2: 1.058465 | L3: 1.058153 | lrm: 1.00 | dt: 2625.89ms | tok/sec: 199,661 | mfu: 43.90 | epoch: 1 | total time: 20.19m
step 00473 (10.73%) | K: 3 | loss: 2.115266 | L1: 1.062513 | L2: 1.052904 | L3: 1.052602 | lrm: 1.00 | dt: 2623.15ms | tok/sec: 199,869 | mfu: 43.94 | epoch: 1 | total time: 20.24m
step 00474 (10.76%) | K: 3 | loss: 2.117070 | L1: 1.063408 | L2: 1.053804 | L3: 1.053519 | lrm: 1.00 | dt: 2621.14ms | tok/sec: 200,022 | mfu: 43.98 | epoch: 1 | total time: 20.28m
step 00475 (10.78%) | K: 3 | loss: 2.122713 | L1: 1.066220 | L2: 1.056630 | L3: 1.056357 | lrm: 1.00 | dt: 2628.02ms | tok/sec: 199,499 | mfu: 43.86 | epoch: 1 | total time: 20.32m
step 00476 (10.80%) | K: 3 | loss: 2.120752 | L1: 1.065228 | L2: 1.055657 | L3: 1.055390 | lrm: 1.00 | dt: 2626.17ms | tok/sec: 199,639 | mfu: 43.89 | epoch: 1 | total time: 20.37m
step 00477 (10.82%) | K: 3 | loss: 2.118728 | L1: 1.064205 | L2: 1.054657 | L3: 1.054389 | lrm: 1.00 | dt: 2621.63ms | tok/sec: 199,985 | mfu: 43.97 | epoch: 1 | total time: 20.41m
step 00478 (10.85%) | K: 3 | loss: 2.112732 | L1: 1.061239 | L2: 1.051630 | L3: 1.051357 | lrm: 1.00 | dt: 2627.43ms | tok/sec: 199,543 | mfu: 43.87 | epoch: 1 | total time: 20.45m
step 00479 (10.87%) | K: 3 | loss: 2.116241 | L1: 1.062982 | L2: 1.053393 | L3: 1.053124 | lrm: 1.00 | dt: 2623.34ms | tok/sec: 199,855 | mfu: 43.94 | epoch: 1 | total time: 20.50m
step 00480 (10.89%) | K: 3 | loss: 2.107802 | L1: 1.058742 | L2: 1.049192 | L3: 1.048929 | lrm: 1.00 | dt: 2621.72ms | tok/sec: 199,978 | mfu: 43.97 | epoch: 1 | total time: 20.54m
step 00481 (10.91%) | K: 3 | loss: 2.110302 | L1: 1.059947 | L2: 1.050477 | L3: 1.050232 | lrm: 1.00 | dt: 2622.70ms | tok/sec: 199,903 | mfu: 43.95 | epoch: 1 | total time: 20.59m
step 00482 (10.94%) | K: 3 | loss: 2.123414 | L1: 1.066554 | L2: 1.056985 | L3: 1.056737 | lrm: 1.00 | dt: 2627.31ms | tok/sec: 199,553 | mfu: 43.88 | epoch: 1 | total time: 20.63m
step 00483 (10.96%) | K: 3 | loss: 2.120676 | L1: 1.065181 | L2: 1.055619 | L3: 1.055371 | lrm: 1.00 | dt: 2623.95ms | tok/sec: 199,809 | mfu: 43.93 | epoch: 1 | total time: 20.67m
step 00484 (10.98%) | K: 3 | loss: 2.111077 | L1: 1.060361 | L2: 1.050841 | L3: 1.050593 | lrm: 1.00 | dt: 2623.84ms | tok/sec: 199,816 | mfu: 43.93 | epoch: 1 | total time: 20.72m
step 00485 (11.01%) | K: 3 | loss: 2.098487 | L1: 1.054062 | L2: 1.044556 | L3: 1.044296 | lrm: 1.00 | dt: 2620.34ms | tok/sec: 200,083 | mfu: 43.99 | epoch: 1 | total time: 20.76m
step 00486 (11.03%) | K: 3 | loss: 2.092962 | L1: 1.051340 | L2: 1.041759 | L3: 1.041486 | lrm: 1.00 | dt: 2621.76ms | tok/sec: 199,975 | mfu: 43.97 | epoch: 1 | total time: 20.80m
step 00487 (11.05%) | K: 3 | loss: 2.087708 | L1: 1.048707 | L2: 1.039145 | L3: 1.038858 | lrm: 1.00 | dt: 2623.29ms | tok/sec: 199,859 | mfu: 43.94 | epoch: 1 | total time: 20.85m
step 00488 (11.07%) | K: 3 | loss: 2.091730 | L1: 1.050714 | L2: 1.041164 | L3: 1.040868 | lrm: 1.00 | dt: 2628.22ms | tok/sec: 199,484 | mfu: 43.86 | epoch: 1 | total time: 20.89m
step 00489 (11.10%) | K: 3 | loss: 2.088488 | L1: 1.049124 | L2: 1.039502 | L3: 1.039227 | lrm: 1.00 | dt: 2622.14ms | tok/sec: 199,946 | mfu: 43.96 | epoch: 1 | total time: 20.94m
step 00490 (11.12%) | K: 3 | loss: 2.099500 | L1: 1.054701 | L2: 1.044937 | L3: 1.044661 | lrm: 1.00 | dt: 2627.26ms | tok/sec: 199,557 | mfu: 43.88 | epoch: 1 | total time: 20.98m
step 00491 (11.14%) | K: 3 | loss: 2.102082 | L1: 1.056014 | L2: 1.046211 | L3: 1.045926 | lrm: 1.00 | dt: 2626.18ms | tok/sec: 199,639 | mfu: 43.89 | epoch: 1 | total time: 21.02m
step 00492 (11.16%) | K: 3 | loss: 2.106916 | L1: 1.058419 | L2: 1.048639 | L3: 1.048355 | lrm: 1.00 | dt: 2621.10ms | tok/sec: 200,025 | mfu: 43.98 | epoch: 1 | total time: 21.07m
step 00493 (11.19%) | K: 3 | loss: 2.110687 | L1: 1.060320 | L2: 1.050497 | L3: 1.050237 | lrm: 1.00 | dt: 2623.07ms | tok/sec: 199,875 | mfu: 43.95 | epoch: 1 | total time: 21.11m
step 00494 (11.21%) | K: 3 | loss: 2.095967 | L1: 1.052926 | L2: 1.043176 | L3: 1.042905 | lrm: 1.00 | dt: 2624.85ms | tok/sec: 199,740 | mfu: 43.92 | epoch: 1 | total time: 21.15m
step 00495 (11.23%) | K: 3 | loss: 2.097886 | L1: 1.053902 | L2: 1.044128 | L3: 1.043841 | lrm: 1.00 | dt: 2628.03ms | tok/sec: 199,498 | mfu: 43.86 | epoch: 1 | total time: 21.20m
step 00496 (11.25%) | K: 3 | loss: 2.099713 | L1: 1.054889 | L2: 1.044963 | L3: 1.044685 | lrm: 1.00 | dt: 2620.63ms | tok/sec: 200,061 | mfu: 43.99 | epoch: 1 | total time: 21.24m
step 00497 (11.28%) | K: 3 | loss: 2.100727 | L1: 1.055415 | L2: 1.045456 | L3: 1.045166 | lrm: 1.00 | dt: 2623.54ms | tok/sec: 199,839 | mfu: 43.94 | epoch: 1 | total time: 21.29m
step 00498 (11.30%) | K: 3 | loss: 2.100474 | L1: 1.055286 | L2: 1.045326 | L3: 1.045050 | lrm: 1.00 | dt: 2625.53ms | tok/sec: 199,688 | mfu: 43.90 | epoch: 1 | total time: 21.33m
step 00499 (11.32%) | K: 3 | loss: 2.095053 | L1: 1.052528 | L2: 1.042660 | L3: 1.042390 | lrm: 1.00 | dt: 2797.05ms | tok/sec: 187,442 | mfu: 41.21 | epoch: 1 | total time: 21.38m
step 00500 (11.35%) | K: 3 | loss: 2.090879 | L1: 1.050412 | L2: 1.040597 | L3: 1.040337 | lrm: 1.00 | dt: 2625.67ms | tok/sec: 199,677 | mfu: 43.90 | epoch: 1 | total time: 21.42m
Step 00500 | Validation L1 bpb: 0.5572 | L2 bpb: 0.5520 | L3 bpb: 0.5518
2026-08-28 20:11:30,782 - nanochat.checkpoint_manager - [32m[1mINFO[0m - Saved optimizer state to: /home/jhu/xwang457/work/nanochat_cache/chatsft_checkpoints/d20-lf-k3-stackedu-python-budget/optim_000500_rank3.pt
2026-08-28 20:11:30,899 - nanochat.checkpoint_manager - [32m[1mINFO[0m - Saved optimizer state to: /home/jhu/xwang457/work/nanochat_cache/chatsft_checkpoints/d20-lf-k3-stackedu-python-budget/optim_000500_rank1.pt
2026-08-28 20:11:31,018 - nanochat.checkpoint_manager - [32m[1mINFO[0m - Saved optimizer state to: /home/jhu/xwang457/work/nanochat_cache/chatsft_checkpoints/d20-lf-k3-stackedu-python-budget/optim_000500_rank2.pt
2026-08-28 20:11:31,844 - nanochat.checkpoint_manager - [32m[1mINFO[0m - Saved model parameters to: /home/jhu/xwang457/work/nanochat_cache/chatsft_checkpoints/d20-lf-k3-stackedu-python-budget/model_000500.pt
2026-08-28 20:11:31,850 - nanochat.checkpoint_manager - [32m[1mINFO[0m - Saved metadata to: /home/jhu/xwang457/work/nanochat_cache/chatsft_checkpoints/d20-lf-k3-stackedu-python-budget/meta_000500.json
2026-08-28 20:11:32,414 - nanochat.checkpoint_manager - [32m[1mINFO[0m - Saved optimizer state to: /home/jhu/xwang457/work/nanochat_cache/chatsft_checkpoints/d20-lf-k3-stackedu-python-budget/optim_000500_rank0.pt
step 00501 (11.37%) | K: 3 | loss: 2.092525 | L1: 1.051243 | L2: 1.041405 | L3: 1.041159 | lrm: 1.00 | dt: 2613.87ms | tok/sec: 200,579 | mfu: 44.10 | epoch: 1 | total time: 21.46m
step 00502 (11.39%) | K: 3 | loss: 2.102437 | L1: 1.056226 | L2: 1.046329 | L3: 1.046092 | lrm: 1.00 | dt: 2624.60ms | tok/sec: 199,759 | mfu: 43.92 | epoch: 1 | total time: 21.51m
step 00503 (11.41%) | K: 3 | loss: 2.096634 | L1: 1.053316 | L2: 1.043441 | L3: 1.043197 | lrm: 1.00 | dt: 2621.17ms | tok/sec: 200,020 | mfu: 43.98 | epoch: 1 | total time: 21.55m
step 00504 (11.44%) | K: 3 | loss: 2.104880 | L1: 1.057396 | L2: 1.047605 | L3: 1.047363 | lrm: 1.00 | dt: 2622.75ms | tok/sec: 199,900 | mfu: 43.95 | epoch: 1 | total time: 21.59m
step 00505 (11.46%) | K: 3 | loss: 2.106681 | L1: 1.058262 | L2: 1.048538 | L3: 1.048299 | lrm: 1.00 | dt: 2623.13ms | tok/sec: 199,870 | mfu: 43.95 | epoch: 1 | total time: 21.64m
step 00506 (11.48%) | K: 3 | loss: 2.114430 | L1: 1.062118 | L2: 1.052424 | L3: 1.052200 | lrm: 1.00 | dt: 2621.81ms | tok/sec: 199,972 | mfu: 43.97 | epoch: 1 | total time: 21.68m
step 00507 (11.50%) | K: 3 | loss: 2.104455 | L1: 1.057136 | L2: 1.047426 | L3: 1.047211 | lrm: 1.00 | dt: 2626.31ms | tok/sec: 199,629 | mfu: 43.89 | epoch: 1 | total time: 21.73m
step 00508 (11.53%) | K: 3 | loss: 2.106528 | L1: 1.058180 | L2: 1.048455 | L3: 1.048242 | lrm: 1.00 | dt: 2615.24ms | tok/sec: 200,474 | mfu: 44.08 | epoch: 1 | total time: 21.77m
step 00509 (11.55%) | K: 3 | loss: 2.112541 | L1: 1.061197 | L2: 1.051442 | L3: 1.051247 | lrm: 1.00 | dt: 2623.00ms | tok/sec: 199,880 | mfu: 43.95 | epoch: 1 | total time: 21.81m
step 00510 (11.57%) | K: 3 | loss: 2.113548 | L1: 1.061720 | L2: 1.051929 | L3: 1.051727 | lrm: 1.00 | dt: 2614.67ms | tok/sec: 200,518 | mfu: 44.09 | epoch: 1 | total time: 21.86m
step 00511 (11.60%) | K: 3 | loss: 2.119741 | L1: 1.064849 | L2: 1.055003 | L3: 1.054780 | lrm: 1.00 | dt: 2618.70ms | tok/sec: 200,209 | mfu: 44.02 | epoch: 1 | total time: 21.90m
step 00512 (11.62%) | K: 3 | loss: 2.122933 | L1: 1.066439 | L2: 1.056602 | L3: 1.056386 | lrm: 1.00 | dt: 2621.06ms | tok/sec: 200,028 | mfu: 43.98 | epoch: 1 | total time: 21.94m
step 00513 (11.64%) | K: 3 | loss: 2.121771 | L1: 1.065905 | L2: 1.055981 | L3: 1.055752 | lrm: 1.00 | dt: 2618.75ms | tok/sec: 200,205 | mfu: 44.02 | epoch: 1 | total time: 21.99m
step 00514 (11.66%) | K: 3 | loss: 2.111060 | L1: 1.060589 | L2: 1.050583 | L3: 1.050359 | lrm: 1.00 | dt: 2617.43ms | tok/sec: 200,306 | mfu: 44.04 | epoch: 1 | total time: 22.03m
step 00515 (11.69%) | K: 3 | loss: 2.109457 | L1: 1.059775 | L2: 1.049792 | L3: 1.049571 | lrm: 1.00 | dt: 2618.44ms | tok/sec: 200,228 | mfu: 44.02 | epoch: 1 | total time: 22.07m
step 00516 (11.71%) | K: 3 | loss: 2.114172 | L1: 1.062196 | L2: 1.052093 | L3: 1.051860 | lrm: 1.00 | dt: 2619.06ms | tok/sec: 200,181 | mfu: 44.01 | epoch: 1 | total time: 22.12m
step 00517 (11.73%) | K: 3 | loss: 2.116826 | L1: 1.063516 | L2: 1.053438 | L3: 1.053181 | lrm: 1.00 | dt: 2618.05ms | tok/sec: 200,259 | mfu: 44.03 | epoch: 1 | total time: 22.16m
step 00518 (11.75%) | K: 3 | loss: 2.119997 | L1: 1.065104 | L2: 1.055015 | L3: 1.054770 | lrm: 1.00 | dt: 2620.01ms | tok/sec: 200,109 | mfu: 44.00 | epoch: 1 | total time: 22.21m
step 00519 (11.78%) | K: 3 | loss: 2.113072 | L1: 1.061616 | L2: 1.051598 | L3: 1.051314 | lrm: 1.00 | dt: 2620.72ms | tok/sec: 200,054 | mfu: 43.99 | epoch: 1 | total time: 22.25m
step 00520 (11.80%) | K: 3 | loss: 2.111099 | L1: 1.060584 | L2: 1.050655 | L3: 1.050377 | lrm: 1.00 | dt: 2618.00ms | tok/sec: 200,263 | mfu: 44.03 | epoch: 1 | total time: 22.29m
step 00521 (11.82%) | K: 3 | loss: 2.118219 | L1: 1.064228 | L2: 1.054116 | L3: 1.053865 | lrm: 1.00 | dt: 2807.70ms | tok/sec: 186,732 | mfu: 41.06 | epoch: 1 | total time: 22.34m
step 00522 (11.84%) | K: 3 | loss: 2.122857 | L1: 1.066487 | L2: 1.056500 | L3: 1.056240 | lrm: 1.00 | dt: 2623.75ms | tok/sec: 199,824 | mfu: 43.93 | epoch: 1 | total time: 22.38m
step 00523 (11.87%) | K: 3 | loss: 2.128960 | L1: 1.069619 | L2: 1.059479 | L3: 1.059204 | lrm: 1.00 | dt: 2616.61ms | tok/sec: 200,369 | mfu: 44.05 | epoch: 1 | total time: 22.43m
step 00524 (11.89%) | K: 3 | loss: 2.128309 | L1: 1.069300 | L2: 1.059148 | L3: 1.058869 | lrm: 1.00 | dt: 2617.85ms | tok/sec: 200,274 | mfu: 44.03 | epoch: 1 | total time: 22.47m
step 00525 (11.91%) | K: 3 | loss: 2.117043 | L1: 1.063635 | L2: 1.053550 | L3: 1.053267 | lrm: 1.00 | dt: 2622.20ms | tok/sec: 199,942 | mfu: 43.96 | epoch: 1 | total time: 22.51m
step 00526 (11.94%) | K: 3 | loss: 2.112732 | L1: 1.061454 | L2: 1.051418 | L3: 1.051139 | lrm: 1.00 | dt: 2619.37ms | tok/sec: 200,158 | mfu: 44.01 | epoch: 1 | total time: 22.56m
step 00527 (11.96%) | K: 3 | loss: 2.100964 | L1: 1.055505 | L2: 1.045601 | L3: 1.045318 | lrm: 1.00 | dt: 2618.78ms | tok/sec: 200,203 | mfu: 44.02 | epoch: 1 | total time: 22.60m
step 00528 (11.98%) | K: 3 | loss: 2.096868 | L1: 1.053487 | L2: 1.043528 | L3: 1.043232 | lrm: 1.00 | dt: 2617.15ms | tok/sec: 200,328 | mfu: 44.05 | epoch: 1 | total time: 22.65m
step 00529 (12.00%) | K: 3 | loss: 2.103896 | L1: 1.056988 | L2: 1.047045 | L3: 1.046772 | lrm: 1.00 | dt: 2619.04ms | tok/sec: 200,183 | mfu: 44.01 | epoch: 1 | total time: 22.69m
step 00530 (12.03%) | K: 3 | loss: 2.096721 | L1: 1.053368 | L2: 1.043487 | L3: 1.043220 | lrm: 1.00 | dt: 2619.69ms | tok/sec: 200,133 | mfu: 44.00 | epoch: 1 | total time: 22.73m
step 00531 (12.05%) | K: 3 | loss: 2.110391 | L1: 1.060295 | L2: 1.050240 | L3: 1.049952 | lrm: 1.00 | dt: 2617.83ms | tok/sec: 200,276 | mfu: 44.03 | epoch: 1 | total time: 22.78m
step 00532 (12.07%) | K: 3 | loss: 2.110500 | L1: 1.060348 | L2: 1.050294 | L3: 1.050009 | lrm: 1.00 | dt: 2621.73ms | tok/sec: 199,977 | mfu: 43.97 | epoch: 1 | total time: 22.82m
step 00533 (12.09%) | K: 3 | loss: 2.105921 | L1: 1.058030 | L2: 1.048026 | L3: 1.047756 | lrm: 1.00 | dt: 2618.72ms | tok/sec: 200,207 | mfu: 44.02 | epoch: 1 | total time: 22.86m
step 00534 (12.12%) | K: 3 | loss: 2.107185 | L1: 1.058628 | L2: 1.048697 | L3: 1.048416 | lrm: 1.00 | dt: 2623.07ms | tok/sec: 199,875 | mfu: 43.95 | epoch: 1 | total time: 22.91m
step 00535 (12.14%) | K: 3 | loss: 2.120331 | L1: 1.065188 | L2: 1.055281 | L3: 1.055005 | lrm: 1.00 | dt: 2619.27ms | tok/sec: 200,165 | mfu: 44.01 | epoch: 1 | total time: 22.95m
step 00536 (12.16%) | K: 3 | loss: 2.113674 | L1: 1.061834 | L2: 1.051982 | L3: 1.051698 | lrm: 1.00 | dt: 2620.52ms | tok/sec: 200,070 | mfu: 43.99 | epoch: 1 | total time: 22.99m
step 00537 (12.19%) | K: 3 | loss: 2.114003 | L1: 1.062035 | L2: 1.052111 | L3: 1.051826 | lrm: 1.00 | dt: 2616.09ms | tok/sec: 200,409 | mfu: 44.06 | epoch: 1 | total time: 23.04m
step 00538 (12.21%) | K: 3 | loss: 2.113498 | L1: 1.061788 | L2: 1.051859 | L3: 1.051560 | lrm: 1.00 | dt: 2619.20ms | tok/sec: 200,171 | mfu: 44.01 | epoch: 1 | total time: 23.08m
step 00539 (12.23%) | K: 3 | loss: 2.113206 | L1: 1.061577 | L2: 1.051774 | L3: 1.051484 | lrm: 1.00 | dt: 2621.19ms | tok/sec: 200,018 | mfu: 43.98 | epoch: 1 | total time: 23.13m
step 00540 (12.25%) | K: 3 | loss: 2.115842 | L1: 1.062948 | L2: 1.053056 | L3: 1.052733 | lrm: 1.00 | dt: 2619.43ms | tok/sec: 200,153 | mfu: 44.01 | epoch: 1 | total time: 23.17m
step 00541 (12.28%) | K: 3 | loss: 2.109536 | L1: 1.059779 | L2: 1.049916 | L3: 1.049599 | lrm: 1.00 | dt: 2620.25ms | tok/sec: 200,090 | mfu: 43.99 | epoch: 1 | total time: 23.21m
step 00542 (12.30%) | K: 3 | loss: 2.103043 | L1: 1.056522 | L2: 1.046682 | L3: 1.046360 | lrm: 1.00 | dt: 2619.96ms | tok/sec: 200,113 | mfu: 44.00 | epoch: 1 | total time: 23.26m
step 00543 (12.32%) | K: 3 | loss: 2.094970 | L1: 1.052463 | L2: 1.042663 | L3: 1.042350 | lrm: 1.00 | dt: 2620.90ms | tok/sec: 200,041 | mfu: 43.98 | epoch: 1 | total time: 23.30m
step 00544 (12.34%) | K: 3 | loss: 2.094595 | L1: 1.052259 | L2: 1.042487 | L3: 1.042185 | lrm: 1.00 | dt: 2622.61ms | tok/sec: 199,910 | mfu: 43.95 | epoch: 1 | total time: 23.34m
step 00545 (12.37%) | K: 3 | loss: 2.090807 | L1: 1.050417 | L2: 1.040544 | L3: 1.040237 | lrm: 1.00 | dt: 2626.57ms | tok/sec: 199,609 | mfu: 43.89 | epoch: 1 | total time: 23.39m
step 00546 (12.39%) | K: 3 | loss: 2.083986 | L1: 1.046995 | L2: 1.037135 | L3: 1.036846 | lrm: 1.00 | dt: 2618.53ms | tok/sec: 200,221 | mfu: 44.02 | epoch: 1 | total time: 23.43m
step 00547 (12.41%) | K: 3 | loss: 2.087869 | L1: 1.048901 | L2: 1.039102 | L3: 1.038834 | lrm: 1.00 | dt: 2620.22ms | tok/sec: 200,093 | mfu: 43.99 | epoch: 1 | total time: 23.48m
step 00548 (12.43%) | K: 3 | loss: 2.085323 | L1: 1.047627 | L2: 1.037826 | L3: 1.037567 | lrm: 1.00 | dt: 2619.33ms | tok/sec: 200,160 | mfu: 44.01 | epoch: 1 | total time: 23.52m
step 00549 (12.46%) | K: 3 | loss: 2.082957 | L1: 1.046427 | L2: 1.036661 | L3: 1.036400 | lrm: 1.00 | dt: 2624.33ms | tok/sec: 199,780 | mfu: 43.93 | epoch: 1 | total time: 23.56m
step 00550 (12.48%) | K: 3 | loss: 2.093456 | L1: 1.051669 | L2: 1.041921 | L3: 1.041654 | lrm: 1.00 | dt: 2622.40ms | tok/sec: 199,926 | mfu: 43.96 | epoch: 1 | total time: 23.61m
step 00551 (12.50%) | K: 3 | loss: 2.087020 | L1: 1.048433 | L2: 1.038710 | L3: 1.038464 | lrm: 1.00 | dt: 2624.52ms | tok/sec: 199,765 | mfu: 43.92 | epoch: 1 | total time: 23.65m
step 00552 (12.53%) | K: 3 | loss: 2.088768 | L1: 1.049302 | L2: 1.039595 | L3: 1.039338 | lrm: 1.00 | dt: 2622.58ms | tok/sec: 199,913 | mfu: 43.95 | epoch: 1 | total time: 23.69m
step 00553 (12.55%) | K: 3 | loss: 2.087283 | L1: 1.048582 | L2: 1.038835 | L3: 1.038568 | lrm: 1.00 | dt: 2624.10ms | tok/sec: 199,797 | mfu: 43.93 | epoch: 1 | total time: 23.74m
step 00554 (12.57%) | K: 3 | loss: 2.083297 | L1: 1.046518 | L2: 1.036906 | L3: 1.036650 | lrm: 1.00 | dt: 2619.29ms | tok/sec: 200,163 | mfu: 44.01 | epoch: 1 | total time: 23.78m
step 00555 (12.59%) | K: 3 | loss: 2.091135 | L1: 1.050451 | L2: 1.040820 | L3: 1.040550 | lrm: 1.00 | dt: 2619.59ms | tok/sec: 200,140 | mfu: 44.00 | epoch: 1 | total time: 23.82m
step 00556 (12.62%) | K: 3 | loss: 2.093110 | L1: 1.051449 | L2: 1.041806 | L3: 1.041516 | lrm: 1.00 | dt: 2618.63ms | tok/sec: 200,214 | mfu: 44.02 | epoch: 1 | total time: 23.87m
step 00557 (12.64%) | K: 3 | loss: 2.086149 | L1: 1.047950 | L2: 1.038336 | L3: 1.038061 | lrm: 1.00 | dt: 2620.93ms | tok/sec: 200,038 | mfu: 43.98 | epoch: 1 | total time: 23.91m
step 00558 (12.66%) | K: 3 | loss: 2.082690 | L1: 1.046241 | L2: 1.036575 | L3: 1.036324 | lrm: 1.00 | dt: 2620.64ms | tok/sec: 200,061 | mfu: 43.99 | epoch: 1 | total time: 23.96m
step 00559 (12.68%) | K: 3 | loss: 2.086206 | L1: 1.048018 | L2: 1.038320 | L3: 1.038056 | lrm: 1.00 | dt: 2617.09ms | tok/sec: 200,332 | mfu: 44.05 | epoch: 1 | total time: 24.00m
step 00560 (12.71%) | K: 3 | loss: 2.093619 | L1: 1.051746 | L2: 1.042011 | L3: 1.041736 | lrm: 1.00 | dt: 2622.20ms | tok/sec: 199,942 | mfu: 43.96 | epoch: 1 | total time: 24.04m
step 00561 (12.73%) | K: 3 | loss: 2.091770 | L1: 1.050808 | L2: 1.041093 | L3: 1.040831 | lrm: 1.00 | dt: 2617.16ms | tok/sec: 200,326 | mfu: 44.05 | epoch: 1 | total time: 24.09m
step 00562 (12.75%) | K: 3 | loss: 2.086090 | L1: 1.047927 | L2: 1.038286 | L3: 1.038039 | lrm: 1.00 | dt: 2622.84ms | tok/sec: 199,893 | mfu: 43.95 | epoch: 1 | total time: 24.13m
step 00563 (12.78%) | K: 3 | loss: 2.080802 | L1: 1.045329 | L2: 1.035598 | L3: 1.035347 | lrm: 1.00 | dt: 2622.99ms | tok/sec: 199,881 | mfu: 43.95 | epoch: 1 | total time: 24.17m
step 00564 (12.80%) | K: 3 | loss: 2.080604 | L1: 1.045188 | L2: 1.035544 | L3: 1.035287 | lrm: 1.00 | dt: 2621.79ms | tok/sec: 199,973 | mfu: 43.97 | epoch: 1 | total time: 24.22m
step 00565 (12.82%) | K: 3 | loss: 2.083491 | L1: 1.046666 | L2: 1.036956 | L3: 1.036695 | lrm: 1.00 | dt: 2621.35ms | tok/sec: 200,006 | mfu: 43.98 | epoch: 1 | total time: 24.26m
step 00566 (12.84%) | K: 3 | loss: 2.068995 | L1: 1.039373 | L2: 1.029746 | L3: 1.029496 | lrm: 1.00 | dt: 2621.77ms | tok/sec: 199,974 | mfu: 43.97 | epoch: 1 | total time: 24.31m
step 00567 (12.87%) | K: 3 | loss: 2.073369 | L1: 1.041553 | L2: 1.031940 | L3: 1.031691 | lrm: 1.00 | dt: 2621.15ms | tok/sec: 200,022 | mfu: 43.98 | epoch: 1 | total time: 24.35m
step 00568 (12.89%) | K: 3 | loss: 2.070077 | L1: 1.039902 | L2: 1.030298 | L3: 1.030051 | lrm: 1.00 | dt: 2622.20ms | tok/sec: 199,942 | mfu: 43.96 | epoch: 1 | total time: 24.39m
step 00569 (12.91%) | K: 3 | loss: 2.059324 | L1: 1.034518 | L2: 1.024926 | L3: 1.024684 | lrm: 1.00 | dt: 2665.99ms | tok/sec: 196,657 | mfu: 43.24 | epoch: 1 | total time: 24.44m
step 00570 (12.93%) | K: 3 | loss: 2.063944 | L1: 1.036799 | L2: 1.027268 | L3: 1.027023 | lrm: 1.00 | dt: 2625.97ms | tok/sec: 199,655 | mfu: 43.90 | epoch: 1 | total time: 24.48m
step 00571 (12.96%) | K: 3 | loss: 2.069632 | L1: 1.039691 | L2: 1.030071 | L3: 1.029812 | lrm: 1.00 | dt: 2625.26ms | tok/sec: 199,708 | mfu: 43.91 | epoch: 1 | total time: 24.52m
step 00572 (12.98%) | K: 3 | loss: 2.067671 | L1: 1.038687 | L2: 1.029110 | L3: 1.028856 | lrm: 1.00 | dt: 2617.67ms | tok/sec: 200,287 | mfu: 44.04 | epoch: 1 | total time: 24.57m
step 00573 (13.00%) | K: 3 | loss: 2.071377 | L1: 1.040546 | L2: 1.030952 | L3: 1.030710 | lrm: 1.00 | dt: 2620.08ms | tok/sec: 200,103 | mfu: 44.00 | epoch: 1 | total time: 24.61m
step 00574 (13.02%) | K: 3 | loss: 2.059239 | L1: 1.034485 | L2: 1.024881 | L3: 1.024628 | lrm: 1.00 | dt: 2619.49ms | tok/sec: 200,149 | mfu: 44.01 | epoch: 1 | total time: 24.66m
step 00575 (13.05%) | K: 3 | loss: 2.049603 | L1: 1.029696 | L2: 1.020048 | L3: 1.019766 | lrm: 1.00 | dt: 2619.59ms | tok/sec: 200,141 | mfu: 44.00 | epoch: 1 | total time: 24.70m
step 00576 (13.07%) | K: 3 | loss: 2.056728 | L1: 1.033271 | L2: 1.023607 | L3: 1.023307 | lrm: 1.00 | dt: 2618.97ms | tok/sec: 200,188 | mfu: 44.01 | epoch: 1 | total time: 24.74m
step 00577 (13.09%) | K: 3 | loss: 2.061530 | L1: 1.035701 | L2: 1.025986 | L3: 1.025672 | lrm: 1.00 | dt: 2623.10ms | tok/sec: 199,873 | mfu: 43.95 | epoch: 1 | total time: 24.79m
step 00578 (13.12%) | K: 3 | loss: 2.055945 | L1: 1.032906 | L2: 1.023184 | L3: 1.022892 | lrm: 1.00 | dt: 2618.75ms | tok/sec: 200,205 | mfu: 44.02 | epoch: 1 | total time: 24.83m
step 00579 (13.14%) | K: 3 | loss: 2.063960 | L1: 1.036912 | L2: 1.027191 | L3: 1.026905 | lrm: 1.00 | dt: 2622.72ms | tok/sec: 199,902 | mfu: 43.95 | epoch: 1 | total time: 24.87m
step 00580 (13.16%) | K: 3 | loss: 2.064263 | L1: 1.037027 | L2: 1.027364 | L3: 1.027108 | lrm: 1.00 | dt: 2618.42ms | tok/sec: 200,230 | mfu: 44.02 | epoch: 1 | total time: 24.92m
step 00581 (13.18%) | K: 3 | loss: 2.064652 | L1: 1.037222 | L2: 1.027558 | L3: 1.027301 | lrm: 1.00 | dt: 2621.70ms | tok/sec: 199,980 | mfu: 43.97 | epoch: 1 | total time: 24.96m
step 00582 (13.21%) | K: 3 | loss: 2.059522 | L1: 1.034653 | L2: 1.025004 | L3: 1.024733 | lrm: 1.00 | dt: 2619.05ms | tok/sec: 200,182 | mfu: 44.01 | epoch: 1 | total time: 25.00m
step 00583 (13.23%) | K: 3 | loss: 2.052965 | L1: 1.031325 | L2: 1.021768 | L3: 1.021512 | lrm: 1.00 | dt: 2623.03ms | tok/sec: 199,879 | mfu: 43.95 | epoch: 1 | total time: 25.05m
step 00584 (13.25%) | K: 3 | loss: 2.050759 | L1: 1.030213 | L2: 1.020681 | L3: 1.020412 | lrm: 1.00 | dt: 2622.00ms | tok/sec: 199,957 | mfu: 43.96 | epoch: 1 | total time: 25.09m
step 00585 (13.27%) | K: 3 | loss: 2.060663 | L1: 1.035219 | L2: 1.025573 | L3: 1.025316 | lrm: 1.00 | dt: 2622.07ms | tok/sec: 199,951 | mfu: 43.96 | epoch: 1 | total time: 25.14m
step 00586 (13.30%) | K: 3 | loss: 2.070694 | L1: 1.040244 | L2: 1.030586 | L3: 1.030316 | lrm: 1.00 | dt: 2619.21ms | tok/sec: 200,169 | mfu: 44.01 | epoch: 1 | total time: 25.18m
step 00587 (13.32%) | K: 3 | loss: 2.070306 | L1: 1.040014 | L2: 1.030430 | L3: 1.030154 | lrm: 1.00 | dt: 2618.46ms | tok/sec: 200,227 | mfu: 44.02 | epoch: 1 | total time: 25.22m
step 00588 (13.34%) | K: 3 | loss: 2.055955 | L1: 1.032830 | L2: 1.023273 | L3: 1.022976 | lrm: 1.00 | dt: 2621.17ms | tok/sec: 200,020 | mfu: 43.98 | epoch: 1 | total time: 25.27m
step 00589 (13.37%) | K: 3 | loss: 2.068436 | L1: 1.039093 | L2: 1.029485 | L3: 1.029200 | lrm: 1.00 | dt: 2622.20ms | tok/sec: 199,942 | mfu: 43.96 | epoch: 1 | total time: 25.31m
step 00590 (13.39%) | K: 3 | loss: 2.063806 | L1: 1.036736 | L2: 1.027203 | L3: 1.026937 | lrm: 1.00 | dt: 2620.90ms | tok/sec: 200,041 | mfu: 43.98 | epoch: 1 | total time: 25.35m
step 00591 (13.41%) | K: 3 | loss: 2.071071 | L1: 1.040378 | L2: 1.030823 | L3: 1.030563 | lrm: 1.00 | dt: 2620.86ms | tok/sec: 200,044 | mfu: 43.98 | epoch: 1 | total time: 25.40m
step 00592 (13.43%) | K: 3 | loss: 2.068472 | L1: 1.039062 | L2: 1.029524 | L3: 1.029296 | lrm: 1.00 | dt: 2618.95ms | tok/sec: 200,190 | mfu: 44.02 | epoch: 1 | total time: 25.44m
step 00593 (13.46%) | K: 3 | loss: 2.061763 | L1: 1.035701 | L2: 1.026167 | L3: 1.025957 | lrm: 1.00 | dt: 2624.61ms | tok/sec: 199,758 | mfu: 43.92 | epoch: 1 | total time: 25.49m
step 00594 (13.48%) | K: 3 | loss: 2.065764 | L1: 1.037716 | L2: 1.028157 | L3: 1.027938 | lrm: 1.00 | dt: 2617.03ms | tok/sec: 200,337 | mfu: 44.05 | epoch: 1 | total time: 25.53m
step 00595 (13.50%) | K: 3 | loss: 2.060134 | L1: 1.034936 | L2: 1.025323 | L3: 1.025072 | lrm: 1.00 | dt: 2621.98ms | tok/sec: 199,958 | mfu: 43.96 | epoch: 1 | total time: 25.57m
step 00596 (13.52%) | K: 3 | loss: 2.069623 | L1: 1.039712 | L2: 1.030038 | L3: 1.029784 | lrm: 1.00 | dt: 2618.34ms | tok/sec: 200,236 | mfu: 44.03 | epoch: 1 | total time: 25.62m
step 00597 (13.55%) | K: 3 | loss: 2.062394 | L1: 1.036170 | L2: 1.026350 | L3: 1.026098 | lrm: 1.00 | dt: 2625.33ms | tok/sec: 199,703 | mfu: 43.91 | epoch: 1 | total time: 25.66m
step 00598 (13.57%) | K: 3 | loss: 2.070152 | L1: 1.040089 | L2: 1.030191 | L3: 1.029936 | lrm: 1.00 | dt: 2619.71ms | tok/sec: 200,132 | mfu: 44.00 | epoch: 1 | total time: 25.70m
step 00599 (13.59%) | K: 3 | loss: 2.077464 | L1: 1.043762 | L2: 1.033833 | L3: 1.033572 | lrm: 1.00 | dt: 2618.03ms | tok/sec: 200,260 | mfu: 44.03 | epoch: 1 | total time: 25.75m
step 00600 (13.61%) | K: 3 | loss: 2.076652 | L1: 1.043383 | L2: 1.033390 | L3: 1.033149 | lrm: 1.00 | dt: 2618.84ms | tok/sec: 200,198 | mfu: 44.02 | epoch: 1 | total time: 25.79m
step 00601 (13.64%) | K: 3 | loss: 2.072215 | L1: 1.041181 | L2: 1.031159 | L3: 1.030910 | lrm: 1.00 | dt: 2624.37ms | tok/sec: 199,776 | mfu: 43.92 | epoch: 1 | total time: 25.83m
step 00602 (13.66%) | K: 3 | loss: 2.080879 | L1: 1.045477 | L2: 1.035520 | L3: 1.035284 | lrm: 1.00 | dt: 2619.01ms | tok/sec: 200,185 | mfu: 44.01 | epoch: 1 | total time: 25.88m
step 00603 (13.68%) | K: 3 | loss: 2.072668 | L1: 1.041295 | L2: 1.031490 | L3: 1.031255 | lrm: 1.00 | dt: 2620.47ms | tok/sec: 200,073 | mfu: 43.99 | epoch: 1 | total time: 25.92m
step 00604 (13.71%) | K: 3 | loss: 2.073391 | L1: 1.041609 | L2: 1.031900 | L3: 1.031665 | lrm: 1.00 | dt: 2621.67ms | tok/sec: 199,982 | mfu: 43.97 | epoch: 1 | total time: 25.97m
step 00605 (13.73%) | K: 3 | loss: 2.070836 | L1: 1.040273 | L2: 1.030666 | L3: 1.030460 | lrm: 1.00 | dt: 2618.37ms | tok/sec: 200,234 | mfu: 44.03 | epoch: 1 | total time: 26.01m
step 00606 (13.75%) | K: 3 | loss: 2.072644 | L1: 1.041170 | L2: 1.031585 | L3: 1.031363 | lrm: 1.00 | dt: 2622.50ms | tok/sec: 199,919 | mfu: 43.96 | epoch: 1 | total time: 26.05m
step 00607 (13.77%) | K: 3 | loss: 2.067606 | L1: 1.038628 | L2: 1.029101 | L3: 1.028855 | lrm: 1.00 | dt: 2621.80ms | tok/sec: 199,972 | mfu: 43.97 | epoch: 1 | total time: 26.10m
step 00608 (13.80%) | K: 3 | loss: 2.067814 | L1: 1.038749 | L2: 1.029190 | L3: 1.028941 | lrm: 1.00 | dt: 2619.11ms | tok/sec: 200,177 | mfu: 44.01 | epoch: 1 | total time: 26.14m
step 00609 (13.82%) | K: 3 | loss: 2.071067 | L1: 1.040418 | L2: 1.030785 | L3: 1.030514 | lrm: 1.00 | dt: 2620.42ms | tok/sec: 200,077 | mfu: 43.99 | epoch: 1 | total time: 26.18m
step 00610 (13.84%) | K: 3 | loss: 2.078289 | L1: 1.043995 | L2: 1.034433 | L3: 1.034154 | lrm: 1.00 | dt: 2622.20ms | tok/sec: 199,941 | mfu: 43.96 | epoch: 1 | total time: 26.23m
step 00611 (13.86%) | K: 3 | loss: 2.074951 | L1: 1.042281 | L2: 1.032805 | L3: 1.032534 | lrm: 1.00 | dt: 2617.56ms | tok/sec: 200,296 | mfu: 44.04 | epoch: 1 | total time: 26.27m
step 00612 (13.89%) | K: 3 | loss: 2.075100 | L1: 1.042376 | L2: 1.032869 | L3: 1.032578 | lrm: 1.00 | dt: 2620.83ms | tok/sec: 200,046 | mfu: 43.98 | epoch: 1 | total time: 26.32m
step 00613 (13.91%) | K: 3 | loss: 2.073657 | L1: 1.041659 | L2: 1.032152 | L3: 1.031845 | lrm: 1.00 | dt: 2623.82ms | tok/sec: 199,818 | mfu: 43.93 | epoch: 1 | total time: 26.36m
step 00614 (13.93%) | K: 3 | loss: 2.082464 | L1: 1.046062 | L2: 1.036545 | L3: 1.036259 | lrm: 1.00 | dt: 2618.93ms | tok/sec: 200,191 | mfu: 44.02 | epoch: 1 | total time: 26.40m
step 00615 (13.96%) | K: 3 | loss: 2.080784 | L1: 1.045260 | L2: 1.035663 | L3: 1.035387 | lrm: 1.00 | dt: 2622.54ms | tok/sec: 199,916 | mfu: 43.96 | epoch: 1 | total time: 26.45m
step 00616 (13.98%) | K: 3 | loss: 2.073907 | L1: 1.041812 | L2: 1.032228 | L3: 1.031964 | lrm: 1.00 | dt: 2622.33ms | tok/sec: 199,932 | mfu: 43.96 | epoch: 1 | total time: 26.49m
step 00617 (14.00%) | K: 3 | loss: 2.067020 | L1: 1.038331 | L2: 1.028816 | L3: 1.028561 | lrm: 1.00 | dt: 2619.92ms | tok/sec: 200,116 | mfu: 44.00 | epoch: 1 | total time: 26.53m
step 00618 (14.02%) | K: 3 | loss: 2.062691 | L1: 1.036100 | L2: 1.026709 | L3: 1.026471 | lrm: 1.00 | dt: 2623.60ms | tok/sec: 199,835 | mfu: 43.94 | epoch: 1 | total time: 26.58m
step 00619 (14.05%) | K: 3 | loss: 2.063344 | L1: 1.036440 | L2: 1.027027 | L3: 1.026781 | lrm: 1.00 | dt: 2624.39ms | tok/sec: 199,775 | mfu: 43.92 | epoch: 1 | total time: 26.62m
step 00620 (14.07%) | K: 3 | loss: 2.064806 | L1: 1.037193 | L2: 1.027746 | L3: 1.027481 | lrm: 1.00 | dt: 2618.97ms | tok/sec: 200,188 | mfu: 44.01 | epoch: 1 | total time: 26.66m
step 00621 (14.09%) | K: 3 | loss: 2.066085 | L1: 1.037844 | L2: 1.028362 | L3: 1.028120 | lrm: 1.00 | dt: 2621.58ms | tok/sec: 199,989 | mfu: 43.97 | epoch: 1 | total time: 26.71m
step 00622 (14.11%) | K: 3 | loss: 2.058589 | L1: 1.034130 | L2: 1.024582 | L3: 1.024337 | lrm: 1.00 | dt: 2621.26ms | tok/sec: 200,013 | mfu: 43.98 | epoch: 1 | total time: 26.75m
step 00623 (14.14%) | K: 3 | loss: 2.060106 | L1: 1.034919 | L2: 1.025314 | L3: 1.025060 | lrm: 1.00 | dt: 2618.27ms | tok/sec: 200,242 | mfu: 44.03 | epoch: 1 | total time: 26.80m
step 00624 (14.16%) | K: 3 | loss: 2.065784 | L1: 1.037712 | L2: 1.028195 | L3: 1.027948 | lrm: 1.00 | dt: 2622.97ms | tok/sec: 199,883 | mfu: 43.95 | epoch: 1 | total time: 26.84m
step 00625 (14.18%) | K: 3 | loss: 2.063539 | L1: 1.036609 | L2: 1.027048 | L3: 1.026811 | lrm: 1.00 | dt: 2622.20ms | tok/sec: 199,941 | mfu: 43.96 | epoch: 1 | total time: 26.88m
step 00626 (14.20%) | K: 3 | loss: 2.061948 | L1: 1.035834 | L2: 1.026227 | L3: 1.026000 | lrm: 1.00 | dt: 2618.52ms | tok/sec: 200,223 | mfu: 44.02 | epoch: 1 | total time: 26.93m
step 00627 (14.23%) | K: 3 | loss: 2.061091 | L1: 1.035361 | L2: 1.025843 | L3: 1.025616 | lrm: 1.00 | dt: 2621.63ms | tok/sec: 199,985 | mfu: 43.97 | epoch: 1 | total time: 26.97m
step 00628 (14.25%) | K: 3 | loss: 2.067903 | L1: 1.038798 | L2: 1.029220 | L3: 1.028990 | lrm: 1.00 | dt: 2624.13ms | tok/sec: 199,794 | mfu: 43.93 | epoch: 1 | total time: 27.01m
step 00629 (14.27%) | K: 3 | loss: 2.059086 | L1: 1.034367 | L2: 1.024829 | L3: 1.024609 | lrm: 1.00 | dt: 2620.37ms | tok/sec: 200,081 | mfu: 43.99 | epoch: 1 | total time: 27.06m
step 00630 (14.30%) | K: 3 | loss: 2.053245 | L1: 1.031447 | L2: 1.021899 | L3: 1.021697 | lrm: 1.00 | dt: 2619.22ms | tok/sec: 200,169 | mfu: 44.01 | epoch: 1 | total time: 27.10m
step 00631 (14.32%) | K: 3 | loss: 2.060111 | L1: 1.034928 | L2: 1.025291 | L3: 1.025074 | lrm: 1.00 | dt: 2621.64ms | tok/sec: 199,984 | mfu: 43.97 | epoch: 1 | total time: 27.15m
step 00632 (14.34%) | K: 3 | loss: 2.058163 | L1: 1.033944 | L2: 1.024335 | L3: 1.024102 | lrm: 1.00 | dt: 2621.43ms | tok/sec: 200,000 | mfu: 43.97 | epoch: 1 | total time: 27.19m
step 00633 (14.36%) | K: 3 | loss: 2.057898 | L1: 1.033809 | L2: 1.024213 | L3: 1.023965 | lrm: 1.00 | dt: 2621.86ms | tok/sec: 199,968 | mfu: 43.97 | epoch: 1 | total time: 27.23m
step 00634 (14.39%) | K: 3 | loss: 2.066848 | L1: 1.038300 | L2: 1.028666 | L3: 1.028429 | lrm: 1.00 | dt: 2616.68ms | tok/sec: 200,363 | mfu: 44.05 | epoch: 1 | total time: 27.28m
step 00635 (14.41%) | K: 3 | loss: 2.059255 | L1: 1.034492 | L2: 1.024878 | L3: 1.024648 | lrm: 1.00 | dt: 2622.14ms | tok/sec: 199,946 | mfu: 43.96 | epoch: 1 | total time: 27.32m
step 00636 (14.43%) | K: 3 | loss: 2.060705 | L1: 1.035233 | L2: 1.025591 | L3: 1.025354 | lrm: 1.00 | dt: 2621.68ms | tok/sec: 199,981 | mfu: 43.97 | epoch: 1 | total time: 27.36m
step 00637 (14.45%) | K: 3 | loss: 2.060840 | L1: 1.035316 | L2: 1.025646 | L3: 1.025402 | lrm: 1.00 | dt: 2620.37ms | tok/sec: 200,081 | mfu: 43.99 | epoch: 1 | total time: 27.41m
step 00638 (14.48%) | K: 3 | loss: 2.054986 | L1: 1.032370 | L2: 1.022736 | L3: 1.022497 | lrm: 1.00 | dt: 2626.12ms | tok/sec: 199,643 | mfu: 43.90 | epoch: 1 | total time: 27.45m
step 00639 (14.50%) | K: 3 | loss: 2.054526 | L1: 1.032149 | L2: 1.022504 | L3: 1.022250 | lrm: 1.00 | dt: 2622.88ms | tok/sec: 199,890 | mfu: 43.95 | epoch: 1 | total time: 27.49m
step 00640 (14.52%) | K: 3 | loss: 2.062474 | L1: 1.036140 | L2: 1.026454 | L3: 1.026214 | lrm: 1.00 | dt: 2621.88ms | tok/sec: 199,966 | mfu: 43.97 | epoch: 1 | total time: 27.54m
step 00641 (14.55%) | K: 3 | loss: 2.065377 | L1: 1.037616 | L2: 1.027897 | L3: 1.027625 | lrm: 1.00 | dt: 2621.67ms | tok/sec: 199,982 | mfu: 43.97 | epoch: 1 | total time: 27.58m
step 00642 (14.57%) | K: 3 | loss: 2.068231 | L1: 1.039032 | L2: 1.029337 | L3: 1.029060 | lrm: 1.00 | dt: 2616.44ms | tok/sec: 200,381 | mfu: 44.06 | epoch: 1 | total time: 27.63m
step 00643 (14.59%) | K: 3 | loss: 2.069606 | L1: 1.039711 | L2: 1.030041 | L3: 1.029749 | lrm: 1.00 | dt: 2618.71ms | tok/sec: 200,208 | mfu: 44.02 | epoch: 1 | total time: 27.67m
step 00644 (14.61%) | K: 3 | loss: 2.075584 | L1: 1.042651 | L2: 1.033080 | L3: 1.032786 | lrm: 1.00 | dt: 2622.79ms | tok/sec: 199,897 | mfu: 43.95 | epoch: 1 | total time: 27.71m
step 00645 (14.64%) | K: 3 | loss: 2.069323 | L1: 1.039490 | L2: 1.029979 | L3: 1.029688 | lrm: 1.00 | dt: 2617.60ms | tok/sec: 200,293 | mfu: 44.04 | epoch: 1 | total time: 27.76m
step 00646 (14.66%) | K: 3 | loss: 2.057720 | L1: 1.033699 | L2: 1.024167 | L3: 1.023875 | lrm: 1.00 | dt: 2623.49ms | tok/sec: 199,843 | mfu: 43.94 | epoch: 1 | total time: 27.80m
step 00647 (14.68%) | K: 3 | loss: 2.052600 | L1: 1.031135 | L2: 1.021609 | L3: 1.021320 | lrm: 1.00 | dt: 2619.22ms | tok/sec: 200,169 | mfu: 44.01 | epoch: 1 | total time: 27.84m
step 00648 (14.70%) | K: 3 | loss: 2.061832 | L1: 1.035747 | L2: 1.026213 | L3: 1.025958 | lrm: 1.00 | dt: 2623.00ms | tok/sec: 199,881 | mfu: 43.95 | epoch: 1 | total time: 27.89m
step 00649 (14.73%) | K: 3 | loss: 2.070098 | L1: 1.039912 | L2: 1.030317 | L3: 1.030056 | lrm: 1.00 | dt: 2622.96ms | tok/sec: 199,884 | mfu: 43.95 | epoch: 1 | total time: 27.93m
step 00650 (14.75%) | K: 3 | loss: 2.079467 | L1: 1.044635 | L2: 1.034956 | L3: 1.034707 | lrm: 1.00 | dt: 2622.49ms | tok/sec: 199,919 | mfu: 43.96 | epoch: 1 | total time: 27.98m
step 00651 (14.77%) | K: 3 | loss: 2.080409 | L1: 1.045092 | L2: 1.035457 | L3: 1.035176 | lrm: 1.00 | dt: 2619.78ms | tok/sec: 200,126 | mfu: 44.00 | epoch: 1 | total time: 28.02m
step 00652 (14.79%) | K: 3 | loss: 2.073877 | L1: 1.041819 | L2: 1.032193 | L3: 1.031924 | lrm: 1.00 | dt: 2620.50ms | tok/sec: 200,071 | mfu: 43.99 | epoch: 1 | total time: 28.06m
step 00653 (14.82%) | K: 3 | loss: 2.081674 | L1: 1.045707 | L2: 1.036103 | L3: 1.035831 | lrm: 1.00 | dt: 2621.43ms | tok/sec: 200,001 | mfu: 43.97 | epoch: 1 | total time: 28.11m
step 00654 (14.84%) | K: 3 | loss: 2.090112 | L1: 1.049982 | L2: 1.040268 | L3: 1.039993 | lrm: 1.00 | dt: 2619.79ms | tok/sec: 200,125 | mfu: 44.00 | epoch: 1 | total time: 28.15m
step 00655 (14.86%) | K: 3 | loss: 2.089103 | L1: 1.049460 | L2: 1.039782 | L3: 1.039503 | lrm: 1.00 | dt: 2621.57ms | tok/sec: 199,989 | mfu: 43.97 | epoch: 1 | total time: 28.19m
step 00656 (14.89%) | K: 3 | loss: 2.074018 | L1: 1.041893 | L2: 1.032261 | L3: 1.031988 | lrm: 1.00 | dt: 2621.43ms | tok/sec: 200,000 | mfu: 43.97 | epoch: 1 | total time: 28.24m
step 00657 (14.91%) | K: 3 | loss: 2.060738 | L1: 1.035255 | L2: 1.025621 | L3: 1.025346 | lrm: 1.00 | dt: 2622.17ms | tok/sec: 199,944 | mfu: 43.96 | epoch: 1 | total time: 28.28m
step 00658 (14.93%) | K: 3 | loss: 2.062786 | L1: 1.036318 | L2: 1.026609 | L3: 1.026326 | lrm: 1.00 | dt: 2624.85ms | tok/sec: 199,740 | mfu: 43.92 | epoch: 1 | total time: 28.32m
step 00659 (14.95%) | K: 3 | loss: 2.068632 | L1: 1.039266 | L2: 1.029506 | L3: 1.029227 | lrm: 1.00 | dt: 2623.21ms | tok/sec: 199,864 | mfu: 43.94 | epoch: 1 | total time: 28.37m
step 00660 (14.98%) | K: 3 | loss: 2.074830 | L1: 1.042375 | L2: 1.032586 | L3: 1.032324 | lrm: 1.00 | dt: 2619.93ms | tok/sec: 200,115 | mfu: 44.00 | epoch: 1 | total time: 28.41m
step 00661 (15.00%) | K: 3 | loss: 2.075424 | L1: 1.042697 | L2: 1.032852 | L3: 1.032602 | lrm: 1.00 | dt: 2617.98ms | tok/sec: 200,264 | mfu: 44.03 | epoch: 1 | total time: 28.46m
step 00662 (15.02%) | K: 3 | loss: 2.076362 | L1: 1.043080 | L2: 1.033406 | L3: 1.033158 | lrm: 1.00 | dt: 2618.93ms | tok/sec: 200,191 | mfu: 44.02 | epoch: 1 | total time: 28.50m
step 00663 (15.04%) | K: 3 | loss: 2.072987 | L1: 1.041354 | L2: 1.031747 | L3: 1.031519 | lrm: 1.00 | dt: 2617.99ms | tok/sec: 200,263 | mfu: 44.03 | epoch: 1 | total time: 28.54m
step 00664 (15.07%) | K: 3 | loss: 2.083879 | L1: 1.046783 | L2: 1.037219 | L3: 1.036972 | lrm: 1.00 | dt: 2625.19ms | tok/sec: 199,714 | mfu: 43.91 | epoch: 1 | total time: 28.59m
step 00665 (15.09%) | K: 3 | loss: 2.084860 | L1: 1.047262 | L2: 1.037726 | L3: 1.037471 | lrm: 1.00 | dt: 2620.97ms | tok/sec: 200,035 | mfu: 43.98 | epoch: 1 | total time: 28.63m
step 00666 (15.11%) | K: 3 | loss: 2.080346 | L1: 1.045076 | L2: 1.035410 | L3: 1.035130 | lrm: 1.00 | dt: 2621.18ms | tok/sec: 200,019 | mfu: 43.98 | epoch: 1 | total time: 28.67m
step 00667 (15.14%) | K: 3 | loss: 2.072127 | L1: 1.040955 | L2: 1.031309 | L3: 1.031036 | lrm: 1.00 | dt: 2621.08ms | tok/sec: 200,027 | mfu: 43.98 | epoch: 1 | total time: 28.72m
step 00668 (15.16%) | K: 3 | loss: 2.067704 | L1: 1.038769 | L2: 1.029083 | L3: 1.028787 | lrm: 1.00 | dt: 2623.06ms | tok/sec: 199,876 | mfu: 43.95 | epoch: 1 | total time: 28.76m
step 00669 (15.18%) | K: 3 | loss: 2.077840 | L1: 1.043880 | L2: 1.034124 | L3: 1.033796 | lrm: 1.00 | dt: 2618.65ms | tok/sec: 200,212 | mfu: 44.02 | epoch: 1 | total time: 28.81m
step 00670 (15.20%) | K: 3 | loss: 2.066626 | L1: 1.038287 | L2: 1.028499 | L3: 1.028180 | lrm: 1.00 | dt: 2616.91ms | tok/sec: 200,346 | mfu: 44.05 | epoch: 1 | total time: 28.85m
step 00671 (15.23%) | K: 3 | loss: 2.060510 | L1: 1.035164 | L2: 1.025498 | L3: 1.025195 | lrm: 1.00 | dt: 2626.60ms | tok/sec: 199,606 | mfu: 43.89 | epoch: 1 | total time: 28.89m
step 00672 (15.25%) | K: 3 | loss: 2.057430 | L1: 1.033614 | L2: 1.023963 | L3: 1.023668 | lrm: 1.00 | dt: 2622.26ms | tok/sec: 199,937 | mfu: 43.96 | epoch: 1 | total time: 28.94m
step 00673 (15.27%) | K: 3 | loss: 2.056734 | L1: 1.033259 | L2: 1.023628 | L3: 1.023322 | lrm: 1.00 | dt: 2619.07ms | tok/sec: 200,181 | mfu: 44.01 | epoch: 1 | total time: 28.98m
step 00674 (15.29%) | K: 3 | loss: 2.048644 | L1: 1.029217 | L2: 1.019576 | L3: 1.019278 | lrm: 1.00 | dt: 2621.86ms | tok/sec: 199,967 | mfu: 43.97 | epoch: 1 | total time: 29.02m
step 00675 (15.32%) | K: 3 | loss: 2.050622 | L1: 1.030164 | L2: 1.020609 | L3: 1.020308 | lrm: 1.00 | dt: 2621.12ms | tok/sec: 200,024 | mfu: 43.98 | epoch: 1 | total time: 29.07m
step 00676 (15.34%) | K: 3 | loss: 2.045597 | L1: 1.027669 | L2: 1.018073 | L3: 1.017783 | lrm: 1.00 | dt: 2621.31ms | tok/sec: 200,009 | mfu: 43.98 | epoch: 1 | total time: 29.11m
step 00677 (15.36%) | K: 3 | loss: 2.046590 | L1: 1.028151 | L2: 1.018582 | L3: 1.018296 | lrm: 1.00 | dt: 2621.35ms | tok/sec: 200,006 | mfu: 43.98 | epoch: 1 | total time: 29.15m
step 00678 (15.38%) | K: 3 | loss: 2.047497 | L1: 1.028585 | L2: 1.019043 | L3: 1.018781 | lrm: 1.00 | dt: 2627.16ms | tok/sec: 199,564 | mfu: 43.88 | epoch: 1 | total time: 29.20m
step 00679 (15.41%) | K: 3 | loss: 2.057391 | L1: 1.033578 | L2: 1.023955 | L3: 1.023673 | lrm: 1.00 | dt: 2628.51ms | tok/sec: 199,462 | mfu: 43.86 | epoch: 1 | total time: 29.24m
step 00680 (15.43%) | K: 3 | loss: 2.052124 | L1: 1.030955 | L2: 1.021313 | L3: 1.021025 | lrm: 1.00 | dt: 2622.38ms | tok/sec: 199,928 | mfu: 43.96 | epoch: 1 | total time: 29.29m
step 00681 (15.45%) | K: 3 | loss: 2.050869 | L1: 1.030294 | L2: 1.020719 | L3: 1.020432 | lrm: 1.00 | dt: 2626.00ms | tok/sec: 199,652 | mfu: 43.90 | epoch: 1 | total time: 29.33m
step 00682 (15.48%) | K: 3 | loss: 2.048606 | L1: 1.029115 | L2: 1.019637 | L3: 1.019346 | lrm: 1.00 | dt: 2629.89ms | tok/sec: 199,357 | mfu: 43.83 | epoch: 1 | total time: 29.37m
step 00683 (15.50%) | K: 3 | loss: 2.035161 | L1: 1.022355 | L2: 1.012942 | L3: 1.012668 | lrm: 1.00 | dt: 2629.94ms | tok/sec: 199,353 | mfu: 43.83 | epoch: 1 | total time: 29.42m
step 00684 (15.52%) | K: 3 | loss: 2.039885 | L1: 1.024713 | L2: 1.015314 | L3: 1.015030 | lrm: 1.00 | dt: 2625.31ms | tok/sec: 199,705 | mfu: 43.91 | epoch: 1 | total time: 29.46m
step 00685 (15.54%) | K: 3 | loss: 2.048187 | L1: 1.028887 | L2: 1.019435 | L3: 1.019165 | lrm: 1.00 | dt: 2624.98ms | tok/sec: 199,730 | mfu: 43.91 | epoch: 1 | total time: 29.51m
step 00686 (15.57%) | K: 3 | loss: 2.051098 | L1: 1.030372 | L2: 1.020864 | L3: 1.020589 | lrm: 1.00 | dt: 2626.90ms | tok/sec: 199,583 | mfu: 43.88 | epoch: 1 | total time: 29.55m
step 00687 (15.59%) | K: 3 | loss: 2.055552 | L1: 1.032628 | L2: 1.023062 | L3: 1.022785 | lrm: 1.00 | dt: 2622.55ms | tok/sec: 199,915 | mfu: 43.95 | epoch: 1 | total time: 29.59m
step 00688 (15.61%) | K: 3 | loss: 2.052239 | L1: 1.030994 | L2: 1.021376 | L3: 1.021115 | lrm: 1.00 | dt: 2624.09ms | tok/sec: 199,797 | mfu: 43.93 | epoch: 1 | total time: 29.64m
step 00689 (15.63%) | K: 3 | loss: 2.040353 | L1: 1.024997 | L2: 1.015482 | L3: 1.015229 | lrm: 1.00 | dt: 2628.10ms | tok/sec: 199,493 | mfu: 43.86 | epoch: 1 | total time: 29.68m
step 00690 (15.66%) | K: 3 | loss: 2.032516 | L1: 1.021043 | L2: 1.011597 | L3: 1.011348 | lrm: 1.00 | dt: 2625.61ms | tok/sec: 199,682 | mfu: 43.90 | epoch: 1 | total time: 29.72m
step 00691 (15.68%) | K: 3 | loss: 2.042588 | L1: 1.026068 | L2: 1.016642 | L3: 1.016398 | lrm: 1.00 | dt: 2623.69ms | tok/sec: 199,828 | mfu: 43.94 | epoch: 1 | total time: 29.77m
step 00692 (15.70%) | K: 3 | loss: 2.038540 | L1: 1.024089 | L2: 1.014587 | L3: 1.014314 | lrm: 1.00 | dt: 2625.63ms | tok/sec: 199,680 | mfu: 43.90 | epoch: 1 | total time: 29.81m
step 00693 (15.72%) | K: 3 | loss: 2.037954 | L1: 1.023780 | L2: 1.014302 | L3: 1.014046 | lrm: 1.00 | dt: 2623.62ms | tok/sec: 199,834 | mfu: 43.94 | epoch: 1 | total time: 29.86m
step 00694 (15.75%) | K: 3 | loss: 2.041616 | L1: 1.025576 | L2: 1.016172 | L3: 1.015909 | lrm: 1.00 | dt: 2623.21ms | tok/sec: 199,865 | mfu: 43.94 | epoch: 1 | total time: 29.90m
step 00695 (15.77%) | K: 3 | loss: 2.039295 | L1: 1.024432 | L2: 1.014998 | L3: 1.014727 | lrm: 1.00 | dt: 2627.96ms | tok/sec: 199,504 | mfu: 43.86 | epoch: 1 | total time: 29.94m
step 00696 (15.79%) | K: 3 | loss: 2.036727 | L1: 1.023181 | L2: 1.013679 | L3: 1.013412 | lrm: 1.00 | dt: 2626.44ms | tok/sec: 199,619 | mfu: 43.89 | epoch: 1 | total time: 29.99m
step 00697 (15.82%) | K: 3 | loss: 2.034195 | L1: 1.021897 | L2: 1.012427 | L3: 1.012169 | lrm: 1.00 | dt: 2617.57ms | tok/sec: 200,295 | mfu: 44.04 | epoch: 1 | total time: 30.03m
step 00698 (15.84%) | K: 3 | loss: 2.034489 | L1: 1.022090 | L2: 1.012534 | L3: 1.012265 | lrm: 1.00 | dt: 2623.65ms | tok/sec: 199,831 | mfu: 43.94 | epoch: 1 | total time: 30.07m
step 00699 (15.86%) | K: 3 | loss: 2.029895 | L1: 1.019810 | L2: 1.010222 | L3: 1.009947 | lrm: 1.00 | dt: 2626.22ms | tok/sec: 199,635 | mfu: 43.89 | epoch: 1 | total time: 30.12m
step 00700 (15.88%) | K: 3 | loss: 2.030994 | L1: 1.020342 | L2: 1.010787 | L3: 1.010518 | lrm: 1.00 | dt: 2628.54ms | tok/sec: 199,459 | mfu: 43.85 | epoch: 1 | total time: 30.16m
step 00701 (15.91%) | K: 3 | loss: 2.022580 | L1: 1.016095 | L2: 1.006622 | L3: 1.006348 | lrm: 1.00 | dt: 2621.37ms | tok/sec: 200,005 | mfu: 43.97 | epoch: 1 | total time: 30.21m
step 00702 (15.93%) | K: 3 | loss: 2.031110 | L1: 1.020385 | L2: 1.010860 | L3: 1.010591 | lrm: 1.00 | dt: 2624.96ms | tok/sec: 199,731 | mfu: 43.91 | epoch: 1 | total time: 30.25m
step 00703 (15.95%) | K: 3 | loss: 2.028041 | L1: 1.018793 | L2: 1.009375 | L3: 1.009121 | lrm: 1.00 | dt: 2622.03ms | tok/sec: 199,955 | mfu: 43.96 | epoch: 1 | total time: 30.29m
step 00704 (15.97%) | K: 3 | loss: 2.039254 | L1: 1.024429 | L2: 1.014951 | L3: 1.014697 | lrm: 1.00 | dt: 2625.35ms | tok/sec: 199,702 | mfu: 43.91 | epoch: 1 | total time: 30.34m
step 00705 (16.00%) | K: 3 | loss: 2.039386 | L1: 1.024477 | L2: 1.015028 | L3: 1.014790 | lrm: 1.00 | dt: 2624.60ms | tok/sec: 199,759 | mfu: 43.92 | epoch: 1 | total time: 30.38m
step 00706 (16.02%) | K: 3 | loss: 2.050835 | L1: 1.030166 | L2: 1.020790 | L3: 1.020549 | lrm: 1.00 | dt: 2621.35ms | tok/sec: 200,007 | mfu: 43.98 | epoch: 1 | total time: 30.42m
step 00707 (16.04%) | K: 3 | loss: 2.058360 | L1: 1.033965 | L2: 1.024524 | L3: 1.024266 | lrm: 1.00 | dt: 2625.19ms | tok/sec: 199,714 | mfu: 43.91 | epoch: 1 | total time: 30.47m
step 00708 (16.07%) | K: 3 | loss: 2.050610 | L1: 1.030164 | L2: 1.020574 | L3: 1.020319 | lrm: 1.00 | dt: 2627.06ms | tok/sec: 199,572 | mfu: 43.88 | epoch: 1 | total time: 30.51m
step 00709 (16.09%) | K: 3 | loss: 2.049668 | L1: 1.029636 | L2: 1.020152 | L3: 1.019912 | lrm: 1.00 | dt: 2621.18ms | tok/sec: 200,019 | mfu: 43.98 | epoch: 1 | total time: 30.55m
step 00710 (16.11%) | K: 3 | loss: 2.046567 | L1: 1.028060 | L2: 1.018633 | L3: 1.018381 | lrm: 1.00 | dt: 2624.62ms | tok/sec: 199,757 | mfu: 43.92 | epoch: 1 | total time: 30.60m
step 00711 (16.13%) | K: 3 | loss: 2.044016 | L1: 1.026810 | L2: 1.017333 | L3: 1.017079 | lrm: 1.00 | dt: 2626.99ms | tok/sec: 199,577 | mfu: 43.88 | epoch: 1 | total time: 30.64m
step 00712 (16.16%) | K: 3 | loss: 2.035880 | L1: 1.022719 | L2: 1.013294 | L3: 1.013029 | lrm: 1.00 | dt: 2622.16ms | tok/sec: 199,945 | mfu: 43.96 | epoch: 1 | total time: 30.69m
step 00713 (16.18%) | K: 3 | loss: 2.033774 | L1: 1.021713 | L2: 1.012206 | L3: 1.011915 | lrm: 1.00 | dt: 2623.31ms | tok/sec: 199,857 | mfu: 43.94 | epoch: 1 | total time: 30.73m
step 00714 (16.20%) | K: 3 | loss: 2.040165 | L1: 1.024945 | L2: 1.015361 | L3: 1.015079 | lrm: 1.00 | dt: 2624.62ms | tok/sec: 199,757 | mfu: 43.92 | epoch: 1 | total time: 30.77m
step 00715 (16.22%) | K: 3 | loss: 2.035021 | L1: 1.022337 | L2: 1.012826 | L3: 1.012541 | lrm: 1.00 | dt: 2626.34ms | tok/sec: 199,627 | mfu: 43.89 | epoch: 1 | total time: 30.82m
step 00716 (16.25%) | K: 3 | loss: 2.034086 | L1: 1.021797 | L2: 1.012439 | L3: 1.012140 | lrm: 1.00 | dt: 2619.30ms | tok/sec: 200,163 | mfu: 44.01 | epoch: 1 | total time: 30.86m
step 00717 (16.27%) | K: 3 | loss: 2.031305 | L1: 1.020442 | L2: 1.011012 | L3: 1.010714 | lrm: 1.00 | dt: 2623.87ms | tok/sec: 199,815 | mfu: 43.93 | epoch: 1 | total time: 30.90m
step 00718 (16.29%) | K: 3 | loss: 2.033050 | L1: 1.021287 | L2: 1.011902 | L3: 1.011624 | lrm: 1.00 | dt: 2623.51ms | tok/sec: 199,841 | mfu: 43.94 | epoch: 1 | total time: 30.95m
step 00719 (16.31%) | K: 3 | loss: 2.029241 | L1: 1.019419 | L2: 1.009970 | L3: 1.009674 | lrm: 1.00 | dt: 2625.23ms | tok/sec: 199,711 | mfu: 43.91 | epoch: 1 | total time: 30.99m
step 00720 (16.34%) | K: 3 | loss: 2.026583 | L1: 1.018158 | L2: 1.008580 | L3: 1.008272 | lrm: 1.00 | dt: 2623.89ms | tok/sec: 199,813 | mfu: 43.93 | epoch: 1 | total time: 31.04m
step 00721 (16.36%) | K: 3 | loss: 2.024493 | L1: 1.017113 | L2: 1.007528 | L3: 1.007232 | lrm: 1.00 | dt: 2622.40ms | tok/sec: 199,926 | mfu: 43.96 | epoch: 1 | total time: 31.08m
step 00722 (16.38%) | K: 3 | loss: 2.016281 | L1: 1.012969 | L2: 1.003452 | L3: 1.003171 | lrm: 1.00 | dt: 2622.97ms | tok/sec: 199,883 | mfu: 43.95 | epoch: 1 | total time: 31.12m
step 00723 (16.41%) | K: 3 | loss: 2.018257 | L1: 1.013964 | L2: 1.004425 | L3: 1.004162 | lrm: 1.00 | dt: 2631.68ms | tok/sec: 199,221 | mfu: 43.80 | epoch: 1 | total time: 31.17m
step 00724 (16.43%) | K: 3 | loss: 2.015658 | L1: 1.012637 | L2: 1.003156 | L3: 1.002886 | lrm: 1.00 | dt: 2622.33ms | tok/sec: 199,931 | mfu: 43.96 | epoch: 1 | total time: 31.21m
step 00725 (16.45%) | K: 3 | loss: 2.013804 | L1: 1.011706 | L2: 1.002232 | L3: 1.001963 | lrm: 1.00 | dt: 2623.31ms | tok/sec: 199,857 | mfu: 43.94 | epoch: 1 | total time: 31.25m
step 00726 (16.47%) | K: 3 | loss: 2.008928 | L1: 1.009317 | L2: 0.999752 | L3: 0.999471 | lrm: 1.00 | dt: 2621.07ms | tok/sec: 200,028 | mfu: 43.98 | epoch: 1 | total time: 31.30m
step 00727 (16.50%) | K: 3 | loss: 2.012843 | L1: 1.011283 | L2: 1.001698 | L3: 1.001421 | lrm: 1.00 | dt: 2630.33ms | tok/sec: 199,323 | mfu: 43.82 | epoch: 1 | total time: 31.34m
step 00728 (16.52%) | K: 3 | loss: 2.006063 | L1: 1.007881 | L2: 0.998324 | L3: 0.998041 | lrm: 1.00 | dt: 2621.81ms | tok/sec: 199,972 | mfu: 43.97 | epoch: 1 | total time: 31.39m
step 00729 (16.54%) | K: 3 | loss: 1.999696 | L1: 1.004705 | L2: 0.995126 | L3: 0.994856 | lrm: 1.00 | dt: 2624.78ms | tok/sec: 199,745 | mfu: 43.92 | epoch: 1 | total time: 31.43m
step 00730 (16.56%) | K: 3 | loss: 1.993671 | L1: 1.001720 | L2: 0.992085 | L3: 0.991817 | lrm: 1.00 | dt: 2622.46ms | tok/sec: 199,921 | mfu: 43.96 | epoch: 1 | total time: 31.47m
step 00731 (16.59%) | K: 3 | loss: 2.002295 | L1: 1.006059 | L2: 0.996383 | L3: 0.996088 | lrm: 1.00 | dt: 2624.87ms | tok/sec: 199,738 | mfu: 43.92 | epoch: 1 | total time: 31.52m
step 00732 (16.61%) | K: 3 | loss: 2.025565 | L1: 1.017746 | L2: 1.007969 | L3: 1.007669 | lrm: 1.00 | dt: 2626.98ms | tok/sec: 199,578 | mfu: 43.88 | epoch: 1 | total time: 31.56m
step 00733 (16.63%) | K: 3 | loss: 2.024798 | L1: 1.017353 | L2: 1.007599 | L3: 1.007291 | lrm: 1.00 | dt: 2629.27ms | tok/sec: 199,404 | mfu: 43.84 | epoch: 1 | total time: 31.60m
step 00734 (16.66%) | K: 3 | loss: 2.023103 | L1: 1.016514 | L2: 1.006758 | L3: 1.006422 | lrm: 1.00 | dt: 2625.87ms | tok/sec: 199,662 | mfu: 43.90 | epoch: 1 | total time: 31.65m
step 00735 (16.68%) | K: 3 | loss: 2.032282 | L1: 1.021119 | L2: 1.011327 | L3: 1.011000 | lrm: 1.00 | dt: 2621.75ms | tok/sec: 199,976 | mfu: 43.97 | epoch: 1 | total time: 31.69m
step 00736 (16.70%) | K: 3 | loss: 2.036176 | L1: 1.023089 | L2: 1.013251 | L3: 1.012923 | lrm: 1.00 | dt: 2626.34ms | tok/sec: 199,626 | mfu: 43.89 | epoch: 1 | total time: 31.74m
step 00737 (16.72%) | K: 3 | loss: 2.032151 | L1: 1.021102 | L2: 1.011220 | L3: 1.010877 | lrm: 1.00 | dt: 2629.56ms | tok/sec: 199,382 | mfu: 43.84 | epoch: 1 | total time: 31.78m
step 00738 (16.75%) | K: 3 | loss: 2.028121 | L1: 1.019048 | L2: 1.009237 | L3: 1.008910 | lrm: 1.00 | dt: 2625.57ms | tok/sec: 199,685 | mfu: 43.90 | epoch: 1 | total time: 31.82m
step 00739 (16.77%) | K: 3 | loss: 2.029737 | L1: 1.019838 | L2: 1.010050 | L3: 1.009747 | lrm: 1.00 | dt: 2627.75ms | tok/sec: 199,520 | mfu: 43.87 | epoch: 1 | total time: 31.87m
step 00740 (16.79%) | K: 3 | loss: 2.038762 | L1: 1.024366 | L2: 1.014544 | L3: 1.014247 | lrm: 1.00 | dt: 2625.57ms | tok/sec: 199,685 | mfu: 43.90 | epoch: 1 | total time: 31.91m
step 00741 (16.81%) | K: 3 | loss: 2.032243 | L1: 1.021096 | L2: 1.011303 | L3: 1.010991 | lrm: 1.00 | dt: 2625.39ms | tok/sec: 199,698 | mfu: 43.91 | epoch: 1 | total time: 31.95m
step 00742 (16.84%) | K: 3 | loss: 2.043342 | L1: 1.026675 | L2: 1.016813 | L3: 1.016522 | lrm: 1.00 | dt: 2621.29ms | tok/sec: 200,011 | mfu: 43.98 | epoch: 1 | total time: 32.00m
step 00743 (16.86%) | K: 3 | loss: 2.047492 | L1: 1.028682 | L2: 1.018943 | L3: 1.018678 | lrm: 1.00 | dt: 2626.42ms | tok/sec: 199,620 | mfu: 43.89 | epoch: 1 | total time: 32.04m
step 00744 (16.88%) | K: 3 | loss: 2.051183 | L1: 1.030523 | L2: 1.020790 | L3: 1.020530 | lrm: 1.00 | dt: 2621.12ms | tok/sec: 200,024 | mfu: 43.98 | epoch: 1 | total time: 32.09m
step 00745 (16.90%) | K: 3 | loss: 2.065819 | L1: 1.037835 | L2: 1.028107 | L3: 1.027860 | lrm: 1.00 | dt: 2621.49ms | tok/sec: 199,996 | mfu: 43.97 | epoch: 1 | total time: 32.13m
step 00746 (16.93%) | K: 3 | loss: 2.056595 | L1: 1.033170 | L2: 1.023550 | L3: 1.023300 | lrm: 1.00 | dt: 2625.87ms | tok/sec: 199,662 | mfu: 43.90 | epoch: 1 | total time: 32.17m
step 00747 (16.95%) | K: 3 | loss: 2.050745 | L1: 1.030181 | L2: 1.020684 | L3: 1.020443 | lrm: 1.00 | dt: 2629.02ms | tok/sec: 199,423 | mfu: 43.85 | epoch: 1 | total time: 32.22m
step 00748 (16.97%) | K: 3 | loss: 2.046817 | L1: 1.028222 | L2: 1.018722 | L3: 1.018468 | lrm: 1.00 | dt: 2623.26ms | tok/sec: 199,861 | mfu: 43.94 | epoch: 1 | total time: 32.26m
step 00749 (17.00%) | K: 3 | loss: 2.047386 | L1: 1.028479 | L2: 1.019042 | L3: 1.018772 | lrm: 1.00 | dt: 2628.78ms | tok/sec: 199,441 | mfu: 43.85 | epoch: 1 | total time: 32.30m
step 00750 (17.02%) | K: 3 | loss: 2.054727 | L1: 1.032119 | L2: 1.022751 | L3: 1.022465 | lrm: 1.00 | dt: 2623.55ms | tok/sec: 199,839 | mfu: 43.94 | epoch: 1 | total time: 32.35m
Step 00750 | Validation L1 bpb: 0.5355 | L2 bpb: 0.5303 | L3 bpb: 0.5302
step 00751 (17.04%) | K: 3 | loss: 2.053331 | L1: 1.031453 | L2: 1.022025 | L3: 1.021731 | lrm: 1.00 | dt: 2627.72ms | tok/sec: 199,521 | mfu: 43.87 | epoch: 1 | total time: 32.39m
step 00752 (17.06%) | K: 3 | loss: 2.050949 | L1: 1.030306 | L2: 1.020781 | L3: 1.020506 | lrm: 1.00 | dt: 2624.51ms | tok/sec: 199,766 | mfu: 43.92 | epoch: 1 | total time: 32.44m
step 00753 (17.09%) | K: 3 | loss: 2.041362 | L1: 1.025491 | L2: 1.016005 | L3: 1.015738 | lrm: 1.00 | dt: 2620.22ms | tok/sec: 200,093 | mfu: 43.99 | epoch: 1 | total time: 32.48m
step 00754 (17.11%) | K: 3 | loss: 2.032584 | L1: 1.021080 | L2: 1.011622 | L3: 1.011387 | lrm: 1.00 | dt: 2620.62ms | tok/sec: 200,062 | mfu: 43.99 | epoch: 1 | total time: 32.52m
step 00755 (17.13%) | K: 3 | loss: 2.021400 | L1: 1.015535 | L2: 1.005985 | L3: 1.005745 | lrm: 1.00 | dt: 2626.81ms | tok/sec: 199,591 | mfu: 43.88 | epoch: 1 | total time: 32.57m
step 00756 (17.15%) | K: 3 | loss: 2.026099 | L1: 1.017891 | L2: 1.008326 | L3: 1.008090 | lrm: 1.00 | dt: 2625.94ms | tok/sec: 199,657 | mfu: 43.90 | epoch: 1 | total time: 32.61m
step 00757 (17.18%) | K: 3 | loss: 2.033535 | L1: 1.021605 | L2: 1.012036 | L3: 1.011825 | lrm: 1.00 | dt: 2621.09ms | tok/sec: 200,026 | mfu: 43.98 | epoch: 1 | total time: 32.65m
step 00758 (17.20%) | K: 3 | loss: 2.028669 | L1: 1.019202 | L2: 1.009575 | L3: 1.009359 | lrm: 1.00 | dt: 2620.75ms | tok/sec: 200,053 | mfu: 43.99 | epoch: 1 | total time: 32.70m
step 00759 (17.22%) | K: 3 | loss: 2.024271 | L1: 1.016997 | L2: 1.007379 | L3: 1.007168 | lrm: 1.00 | dt: 2628.12ms | tok/sec: 199,491 | mfu: 43.86 | epoch: 1 | total time: 32.74m
step 00760 (17.25%) | K: 3 | loss: 2.028334 | L1: 1.019077 | L2: 1.009368 | L3: 1.009145 | lrm: 1.00 | dt: 3285.78ms | tok/sec: 159,562 | mfu: 35.08 | epoch: 1 | total time: 32.80m
step 00761 (17.27%) | K: 3 | loss: 2.030624 | L1: 1.020206 | L2: 1.010532 | L3: 1.010304 | lrm: 1.00 | dt: 2614.99ms | tok/sec: 200,492 | mfu: 44.08 | epoch: 1 | total time: 32.84m
step 00762 (17.29%) | K: 3 | loss: 2.032464 | L1: 1.021148 | L2: 1.011438 | L3: 1.011194 | lrm: 1.00 | dt: 2627.97ms | tok/sec: 199,502 | mfu: 43.86 | epoch: 1 | total time: 32.88m
step 00763 (17.31%) | K: 3 | loss: 2.035463 | L1: 1.022626 | L2: 1.012953 | L3: 1.012721 | lrm: 1.00 | dt: 2622.63ms | tok/sec: 199,908 | mfu: 43.95 | epoch: 1 | total time: 32.93m
step 00764 (17.34%) | K: 3 | loss: 2.041280 | L1: 1.025513 | L2: 1.015884 | L3: 1.015652 | lrm: 1.00 | dt: 2624.75ms | tok/sec: 199,747 | mfu: 43.92 | epoch: 1 | total time: 32.97m
step 00765 (17.36%) | K: 3 | loss: 2.042775 | L1: 1.026251 | L2: 1.016649 | L3: 1.016398 | lrm: 1.00 | dt: 2630.21ms | tok/sec: 199,333 | mfu: 43.83 | epoch: 1 | total time: 33.02m
step 00766 (17.38%) | K: 3 | loss: 2.040774 | L1: 1.025248 | L2: 1.015659 | L3: 1.015393 | lrm: 1.00 | dt: 2621.53ms | tok/sec: 199,993 | mfu: 43.97 | epoch: 1 | total time: 33.06m
step 00767 (17.40%) | K: 3 | loss: 2.037020 | L1: 1.023365 | L2: 1.013792 | L3: 1.013519 | lrm: 1.00 | dt: 2625.19ms | tok/sec: 199,714 | mfu: 43.91 | epoch: 1 | total time: 33.10m
step 00768 (17.43%) | K: 3 | loss: 2.028889 | L1: 1.019259 | L2: 1.009767 | L3: 1.009493 | lrm: 1.00 | dt: 2624.68ms | tok/sec: 199,752 | mfu: 43.92 | epoch: 1 | total time: 33.15m
step 00769 (17.45%) | K: 3 | loss: 2.028231 | L1: 1.018951 | L2: 1.009414 | L3: 1.009145 | lrm: 1.00 | dt: 2625.45ms | tok/sec: 199,694 | mfu: 43.91 | epoch: 1 | total time: 33.19m
step 00770 (17.47%) | K: 3 | loss: 2.031709 | L1: 1.020673 | L2: 1.011178 | L3: 1.010893 | lrm: 1.00 | dt: 2624.17ms | tok/sec: 199,791 | mfu: 43.93 | epoch: 1 | total time: 33.23m
step 00771 (17.49%) | K: 3 | loss: 2.038008 | L1: 1.023794 | L2: 1.014350 | L3: 1.014079 | lrm: 1.00 | dt: 2623.30ms | tok/sec: 199,858 | mfu: 43.94 | epoch: 1 | total time: 33.28m
step 00772 (17.52%) | K: 3 | loss: 2.039122 | L1: 1.024285 | L2: 1.014979 | L3: 1.014696 | lrm: 1.00 | dt: 2625.85ms | tok/sec: 199,663 | mfu: 43.90 | epoch: 1 | total time: 33.32m
step 00773 (17.54%) | K: 3 | loss: 2.035571 | L1: 1.022520 | L2: 1.013186 | L3: 1.012916 | lrm: 1.00 | dt: 2620.97ms | tok/sec: 200,035 | mfu: 43.98 | epoch: 1 | total time: 33.37m
step 00774 (17.56%) | K: 3 | loss: 2.039437 | L1: 1.024449 | L2: 1.015113 | L3: 1.014862 | lrm: 1.00 | dt: 2623.29ms | tok/sec: 199,858 | mfu: 43.94 | epoch: 1 | total time: 33.41m
step 00775 (17.59%) | K: 3 | loss: 2.032846 | L1: 1.021142 | L2: 1.011831 | L3: 1.011576 | lrm: 1.00 | dt: 2629.49ms | tok/sec: 199,387 | mfu: 43.84 | epoch: 1 | total time: 33.45m
step 00776 (17.61%) | K: 3 | loss: 2.029136 | L1: 1.019266 | L2: 1.009994 | L3: 1.009748 | lrm: 1.00 | dt: 2621.16ms | tok/sec: 200,021 | mfu: 43.98 | epoch: 1 | total time: 33.50m
step 00777 (17.63%) | K: 3 | loss: 2.037979 | L1: 1.023617 | L2: 1.014478 | L3: 1.014246 | lrm: 1.00 | dt: 2623.79ms | tok/sec: 199,820 | mfu: 43.93 | epoch: 1 | total time: 33.54m
step 00778 (17.65%) | K: 3 | loss: 2.027686 | L1: 1.018509 | L2: 1.009290 | L3: 1.009064 | lrm: 1.00 | dt: 2624.98ms | tok/sec: 199,730 | mfu: 43.91 | epoch: 1 | total time: 33.58m
step 00779 (17.68%) | K: 3 | loss: 2.025158 | L1: 1.017256 | L2: 1.008020 | L3: 1.007784 | lrm: 1.00 | dt: 2626.78ms | tok/sec: 199,593 | mfu: 43.88 | epoch: 1 | total time: 33.63m
step 00780 (17.70%) | K: 3 | loss: 2.024522 | L1: 1.016958 | L2: 1.007677 | L3: 1.007451 | lrm: 1.00 | dt: 2621.84ms | tok/sec: 199,969 | mfu: 43.97 | epoch: 1 | total time: 33.67m
step 00781 (17.72%) | K: 3 | loss: 2.024006 | L1: 1.016711 | L2: 1.007398 | L3: 1.007193 | lrm: 1.00 | dt: 2629.84ms | tok/sec: 199,361 | mfu: 43.83 | epoch: 1 | total time: 33.72m
step 00782 (17.74%) | K: 3 | loss: 2.014223 | L1: 1.011841 | L2: 1.002491 | L3: 1.002274 | lrm: 1.00 | dt: 2626.42ms | tok/sec: 199,620 | mfu: 43.89 | epoch: 1 | total time: 33.76m
step 00783 (17.77%) | K: 3 | loss: 2.020646 | L1: 1.015107 | L2: 1.005652 | L3: 1.005426 | lrm: 1.00 | dt: 2627.02ms | tok/sec: 199,575 | mfu: 43.88 | epoch: 1 | total time: 33.80m
step 00784 (17.79%) | K: 3 | loss: 2.017159 | L1: 1.013428 | L2: 1.003852 | L3: 1.003609 | lrm: 1.00 | dt: 2625.93ms | tok/sec: 199,658 | mfu: 43.90 | epoch: 1 | total time: 33.85m
step 00785 (17.81%) | K: 3 | loss: 2.027439 | L1: 1.018586 | L2: 1.008966 | L3: 1.008741 | lrm: 1.00 | dt: 2623.32ms | tok/sec: 199,856 | mfu: 43.94 | epoch: 1 | total time: 33.89m
step 00786 (17.84%) | K: 3 | loss: 2.025927 | L1: 1.017836 | L2: 1.008212 | L3: 1.007969 | lrm: 1.00 | dt: 2623.46ms | tok/sec: 199,845 | mfu: 43.94 | epoch: 1 | total time: 33.93m
step 00787 (17.86%) | K: 3 | loss: 2.031478 | L1: 1.020645 | L2: 1.010961 | L3: 1.010707 | lrm: 1.00 | dt: 2624.18ms | tok/sec: 199,791 | mfu: 43.93 | epoch: 1 | total time: 33.98m
step 00788 (17.88%) | K: 3 | loss: 2.031677 | L1: 1.020754 | L2: 1.011049 | L3: 1.010796 | lrm: 1.00 | dt: 2632.70ms | tok/sec: 199,144 | mfu: 43.79 | epoch: 1 | total time: 34.02m
step 00789 (17.90%) | K: 3 | loss: 2.046634 | L1: 1.028270 | L2: 1.018494 | L3: 1.018232 | lrm: 1.00 | dt: 2622.75ms | tok/sec: 199,900 | mfu: 43.95 | epoch: 1 | total time: 34.07m
step 00790 (17.93%) | K: 3 | loss: 2.045769 | L1: 1.027892 | L2: 1.018006 | L3: 1.017748 | lrm: 1.00 | dt: 2625.23ms | tok/sec: 199,711 | mfu: 43.91 | epoch: 1 | total time: 34.11m
step 00791 (17.95%) | K: 3 | loss: 2.041954 | L1: 1.025929 | L2: 1.016145 | L3: 1.015906 | lrm: 1.00 | dt: 2629.17ms | tok/sec: 199,412 | mfu: 43.84 | epoch: 1 | total time: 34.15m
step 00792 (17.97%) | K: 3 | loss: 2.039814 | L1: 1.024841 | L2: 1.015094 | L3: 1.014853 | lrm: 1.00 | dt: 2628.70ms | tok/sec: 199,447 | mfu: 43.85 | epoch: 1 | total time: 34.20m
step 00793 (17.99%) | K: 3 | loss: 2.033779 | L1: 1.021820 | L2: 1.012075 | L3: 1.011844 | lrm: 1.00 | dt: 2626.83ms | tok/sec: 199,589 | mfu: 43.88 | epoch: 1 | total time: 34.24m
step 00794 (18.02%) | K: 3 | loss: 2.038217 | L1: 1.024015 | L2: 1.014310 | L3: 1.014093 | lrm: 1.00 | dt: 2622.67ms | tok/sec: 199,906 | mfu: 43.95 | epoch: 1 | total time: 34.28m
step 00795 (18.04%) | K: 3 | loss: 2.025908 | L1: 1.017821 | L2: 1.008201 | L3: 1.007972 | lrm: 1.00 | dt: 2629.47ms | tok/sec: 199,388 | mfu: 43.84 | epoch: 1 | total time: 34.33m
step 00796 (18.06%) | K: 3 | loss: 2.029797 | L1: 1.019748 | L2: 1.010171 | L3: 1.009928 | lrm: 1.00 | dt: 2625.60ms | tok/sec: 199,683 | mfu: 43.90 | epoch: 1 | total time: 34.37m
step 00797 (18.08%) | K: 3 | loss: 2.026728 | L1: 1.018137 | L2: 1.008705 | L3: 1.008477 | lrm: 1.00 | dt: 2622.18ms | tok/sec: 199,943 | mfu: 43.96 | epoch: 1 | total time: 34.42m
step 00798 (18.11%) | K: 3 | loss: 2.031207 | L1: 1.020446 | L2: 1.010881 | L3: 1.010641 | lrm: 1.00 | dt: 2621.91ms | tok/sec: 199,964 | mfu: 43.97 | epoch: 1 | total time: 34.46m
step 00799 (18.13%) | K: 3 | loss: 2.027839 | L1: 1.018736 | L2: 1.009221 | L3: 1.008984 | lrm: 1.00 | dt: 2629.81ms | tok/sec: 199,363 | mfu: 43.83 | epoch: 1 | total time: 34.50m
step 00800 (18.15%) | K: 3 | loss: 2.019114 | L1: 1.014365 | L2: 1.004875 | L3: 1.004623 | lrm: 1.00 | dt: 2624.09ms | tok/sec: 199,798 | mfu: 43.93 | epoch: 1 | total time: 34.55m
step 00801 (18.18%) | K: 3 | loss: 2.020835 | L1: 1.015283 | L2: 1.005684 | L3: 1.005420 | lrm: 1.00 | dt: 2624.05ms | tok/sec: 199,801 | mfu: 43.93 | epoch: 1 | total time: 34.59m
step 00802 (18.20%) | K: 3 | loss: 2.019287 | L1: 1.014486 | L2: 1.004930 | L3: 1.004671 | lrm: 1.00 | dt: 2629.38ms | tok/sec: 199,396 | mfu: 43.84 | epoch: 1 | total time: 34.63m
step 00803 (18.22%) | K: 3 | loss: 2.024090 | L1: 1.016905 | L2: 1.007312 | L3: 1.007057 | lrm: 1.00 | dt: 2625.27ms | tok/sec: 199,708 | mfu: 43.91 | epoch: 1 | total time: 34.68m
step 00804 (18.24%) | K: 3 | loss: 2.012925 | L1: 1.011278 | L2: 1.001770 | L3: 1.001523 | lrm: 1.00 | dt: 2624.64ms | tok/sec: 199,756 | mfu: 43.92 | epoch: 1 | total time: 34.72m
step 00805 (18.27%) | K: 3 | loss: 2.021544 | L1: 1.015672 | L2: 1.006009 | L3: 1.005735 | lrm: 1.00 | dt: 2627.16ms | tok/sec: 199,564 | mfu: 43.88 | epoch: 1 | total time: 34.77m
step 00806 (18.29%) | K: 3 | loss: 2.002982 | L1: 1.006325 | L2: 0.996804 | L3: 0.996511 | lrm: 1.00 | dt: 2626.05ms | tok/sec: 199,649 | mfu: 43.90 | epoch: 1 | total time: 34.81m
step 00807 (18.31%) | K: 3 | loss: 1.992609 | L1: 1.001142 | L2: 0.991620 | L3: 0.991314 | lrm: 1.00 | dt: 2628.72ms | tok/sec: 199,446 | mfu: 43.85 | epoch: 1 | total time: 34.85m
step 00808 (18.33%) | K: 3 | loss: 2.003690 | L1: 1.006707 | L2: 0.997134 | L3: 0.996831 | lrm: 1.00 | dt: 2629.12ms | tok/sec: 199,416 | mfu: 43.85 | epoch: 1 | total time: 34.90m
step 00809 (18.36%) | K: 3 | loss: 2.009912 | L1: 1.009790 | L2: 1.000270 | L3: 0.999975 | lrm: 1.00 | dt: 2623.24ms | tok/sec: 199,862 | mfu: 43.94 | epoch: 1 | total time: 34.94m
step 00810 (18.38%) | K: 3 | loss: 2.014364 | L1: 1.012044 | L2: 1.002478 | L3: 1.002162 | lrm: 1.00 | dt: 2627.44ms | tok/sec: 199,543 | mfu: 43.87 | epoch: 1 | total time: 34.98m
step 00811 (18.40%) | K: 3 | loss: 2.008414 | L1: 1.009028 | L2: 0.999535 | L3: 0.999236 | lrm: 1.00 | dt: 2624.37ms | tok/sec: 199,776 | mfu: 43.92 | epoch: 1 | total time: 35.03m
step 00812 (18.43%) | K: 3 | loss: 2.001263 | L1: 1.005501 | L2: 0.995917 | L3: 0.995607 | lrm: 1.00 | dt: 2623.35ms | tok/sec: 199,854 | mfu: 43.94 | epoch: 1 | total time: 35.07m
step 00813 (18.45%) | K: 3 | loss: 1.992973 | L1: 1.001316 | L2: 0.991811 | L3: 0.991505 | lrm: 1.00 | dt: 2628.32ms | tok/sec: 199,476 | mfu: 43.86 | epoch: 1 | total time: 35.12m
step 00814 (18.47%) | K: 3 | loss: 2.002748 | L1: 1.006206 | L2: 0.996689 | L3: 0.996394 | lrm: 1.00 | dt: 2627.04ms | tok/sec: 199,573 | mfu: 43.88 | epoch: 1 | total time: 35.16m
step 00815 (18.49%) | K: 3 | loss: 1.998878 | L1: 1.004295 | L2: 0.994724 | L3: 0.994442 | lrm: 1.00 | dt: 2623.65ms | tok/sec: 199,831 | mfu: 43.94 | epoch: 1 | total time: 35.20m
step 00816 (18.52%) | K: 3 | loss: 2.001128 | L1: 1.005461 | L2: 0.995823 | L3: 0.995512 | lrm: 1.00 | dt: 2627.91ms | tok/sec: 199,507 | mfu: 43.87 | epoch: 1 | total time: 35.25m
step 00817 (18.54%) | K: 3 | loss: 1.993427 | L1: 1.001595 | L2: 0.991981 | L3: 0.991683 | lrm: 1.00 | dt: 2625.73ms | tok/sec: 199,672 | mfu: 43.90 | epoch: 1 | total time: 35.29m
step 00818 (18.56%) | K: 3 | loss: 1.997046 | L1: 1.003439 | L2: 0.993766 | L3: 0.993449 | lrm: 1.00 | dt: 2629.44ms | tok/sec: 199,391 | mfu: 43.84 | epoch: 1 | total time: 35.33m
step 00819 (18.58%) | K: 3 | loss: 1.999105 | L1: 1.004423 | L2: 0.994841 | L3: 0.994525 | lrm: 1.00 | dt: 2625.73ms | tok/sec: 199,672 | mfu: 43.90 | epoch: 1 | total time: 35.38m
step 00820 (18.61%) | K: 3 | loss: 1.999135 | L1: 1.004454 | L2: 0.994831 | L3: 0.994530 | lrm: 1.00 | dt: 2627.19ms | tok/sec: 199,562 | mfu: 43.88 | epoch: 1 | total time: 35.42m
step 00821 (18.63%) | K: 3 | loss: 2.003585 | L1: 1.006680 | L2: 0.997050 | L3: 0.996761 | lrm: 1.00 | dt: 2628.65ms | tok/sec: 199,451 | mfu: 43.85 | epoch: 1 | total time: 35.47m
step 00822 (18.65%) | K: 3 | loss: 2.011341 | L1: 1.010555 | L2: 1.000936 | L3: 1.000637 | lrm: 1.00 | dt: 2623.95ms | tok/sec: 199,808 | mfu: 43.93 | epoch: 1 | total time: 35.51m
step 00823 (18.67%) | K: 3 | loss: 2.021997 | L1: 1.015859 | L2: 1.006290 | L3: 1.005985 | lrm: 1.00 | dt: 2624.82ms | tok/sec: 199,742 | mfu: 43.92 | epoch: 1 | total time: 35.55m
step 00824 (18.70%) | K: 3 | loss: 2.012334 | L1: 1.010991 | L2: 1.001489 | L3: 1.001196 | lrm: 1.00 | dt: 2627.15ms | tok/sec: 199,565 | mfu: 43.88 | epoch: 1 | total time: 35.60m
step 00825 (18.72%) | K: 3 | loss: 2.010637 | L1: 1.010127 | L2: 1.000649 | L3: 1.000371 | lrm: 1.00 | dt: 2625.46ms | tok/sec: 199,693 | mfu: 43.91 | epoch: 1 | total time: 35.64m
step 00826 (18.74%) | K: 3 | loss: 2.015050 | L1: 1.012327 | L2: 1.002865 | L3: 1.002582 | lrm: 1.00 | dt: 2628.86ms | tok/sec: 199,435 | mfu: 43.85 | epoch: 1 | total time: 35.69m
step 00827 (18.77%) | K: 3 | loss: 2.016108 | L1: 1.012861 | L2: 1.003386 | L3: 1.003109 | lrm: 1.00 | dt: 2625.88ms | tok/sec: 199,662 | mfu: 43.90 | epoch: 1 | total time: 35.73m
step 00828 (18.79%) | K: 3 | loss: 2.018134 | L1: 1.013910 | L2: 1.004368 | L3: 1.004080 | lrm: 1.00 | dt: 2627.87ms | tok/sec: 199,510 | mfu: 43.87 | epoch: 1 | total time: 35.77m
step 00829 (18.81%) | K: 3 | loss: 2.022930 | L1: 1.016330 | L2: 1.006739 | L3: 1.006462 | lrm: 1.00 | dt: 2624.48ms | tok/sec: 199,768 | mfu: 43.92 | epoch: 1 | total time: 35.82m
step 00830 (18.83%) | K: 3 | loss: 2.023309 | L1: 1.016512 | L2: 1.006944 | L3: 1.006651 | lrm: 1.00 | dt: 2623.71ms | tok/sec: 199,827 | mfu: 43.94 | epoch: 1 | total time: 35.86m
step 00831 (18.86%) | K: 3 | loss: 2.019593 | L1: 1.014616 | L2: 1.005116 | L3: 1.004838 | lrm: 1.00 | dt: 2623.86ms | tok/sec: 199,815 | mfu: 43.93 | epoch: 1 | total time: 35.90m
step 00832 (18.88%) | K: 3 | loss: 2.011964 | L1: 1.010825 | L2: 1.001279 | L3: 1.000998 | lrm: 1.00 | dt: 2627.89ms | tok/sec: 199,509 | mfu: 43.87 | epoch: 1 | total time: 35.95m
step 00833 (18.90%) | K: 3 | loss: 2.011788 | L1: 1.010720 | L2: 1.001209 | L3: 1.000928 | lrm: 1.00 | dt: 2620.40ms | tok/sec: 200,079 | mfu: 43.99 | epoch: 1 | total time: 35.99m
step 00834 (18.92%) | K: 3 | loss: 2.011728 | L1: 1.010722 | L2: 1.001152 | L3: 1.000859 | lrm: 1.00 | dt: 2623.32ms | tok/sec: 199,856 | mfu: 43.94 | epoch: 1 | total time: 36.04m
step 00835 (18.95%) | K: 3 | loss: 2.013594 | L1: 1.011601 | L2: 1.002129 | L3: 1.001858 | lrm: 1.00 | dt: 2626.99ms | tok/sec: 199,577 | mfu: 43.88 | epoch: 1 | total time: 36.08m
step 00836 (18.97%) | K: 3 | loss: 2.012941 | L1: 1.011251 | L2: 1.001830 | L3: 1.001550 | lrm: 1.00 | dt: 2628.28ms | tok/sec: 199,479 | mfu: 43.86 | epoch: 1 | total time: 36.12m
step 00837 (18.99%) | K: 3 | loss: 2.006659 | L1: 1.008116 | L2: 0.998682 | L3: 0.998405 | lrm: 1.00 | dt: 2624.16ms | tok/sec: 199,793 | mfu: 43.93 | epoch: 1 | total time: 36.17m
step 00838 (19.02%) | K: 3 | loss: 2.002504 | L1: 1.006057 | L2: 0.996588 | L3: 0.996306 | lrm: 1.00 | dt: 2628.29ms | tok/sec: 199,478 | mfu: 43.86 | epoch: 1 | total time: 36.21m
step 00839 (19.04%) | K: 3 | loss: 1.997871 | L1: 1.003711 | L2: 0.994284 | L3: 0.994036 | lrm: 1.00 | dt: 2626.50ms | tok/sec: 199,614 | mfu: 43.89 | epoch: 1 | total time: 36.25m
step 00840 (19.06%) | K: 3 | loss: 2.004505 | L1: 1.007102 | L2: 0.997535 | L3: 0.997271 | lrm: 1.00 | dt: 2620.74ms | tok/sec: 200,053 | mfu: 43.99 | epoch: 1 | total time: 36.30m
step 00841 (19.08%) | K: 3 | loss: 2.026633 | L1: 1.018242 | L2: 1.008536 | L3: 1.008247 | lrm: 1.00 | dt: 2627.82ms | tok/sec: 199,514 | mfu: 43.87 | epoch: 1 | total time: 36.34m
step 00842 (19.11%) | K: 3 | loss: 2.032051 | L1: 1.020893 | L2: 1.011302 | L3: 1.011014 | lrm: 1.00 | dt: 2622.80ms | tok/sec: 199,896 | mfu: 43.95 | epoch: 1 | total time: 36.39m
step 00843 (19.13%) | K: 3 | loss: 2.025631 | L1: 1.017669 | L2: 1.008104 | L3: 1.007821 | lrm: 1.00 | dt: 2625.87ms | tok/sec: 199,662 | mfu: 43.90 | epoch: 1 | total time: 36.43m
step 00844 (19.15%) | K: 3 | loss: 2.031278 | L1: 1.020578 | L2: 1.010847 | L3: 1.010553 | lrm: 1.00 | dt: 2621.23ms | tok/sec: 200,015 | mfu: 43.98 | epoch: 1 | total time: 36.47m
step 00845 (19.17%) | K: 3 | loss: 2.030148 | L1: 1.019996 | L2: 1.010312 | L3: 1.009993 | lrm: 1.00 | dt: 2630.76ms | tok/sec: 199,291 | mfu: 43.82 | epoch: 1 | total time: 36.52m
step 00846 (19.20%) | K: 3 | loss: 2.026249 | L1: 1.018023 | L2: 1.008378 | L3: 1.008073 | lrm: 1.00 | dt: 2628.72ms | tok/sec: 199,446 | mfu: 43.85 | epoch: 1 | total time: 36.56m
step 00847 (19.22%) | K: 3 | loss: 2.018430 | L1: 1.014113 | L2: 1.004469 | L3: 1.004165 | lrm: 1.00 | dt: 2629.68ms | tok/sec: 199,372 | mfu: 43.84 | epoch: 1 | total time: 36.60m
step 00848 (19.24%) | K: 3 | loss: 2.016964 | L1: 1.013437 | L2: 1.003690 | L3: 1.003363 | lrm: 1.00 | dt: 2623.26ms | tok/sec: 199,860 | mfu: 43.94 | epoch: 1 | total time: 36.65m
step 00849 (19.26%) | K: 3 | loss: 2.016672 | L1: 1.013284 | L2: 1.003543 | L3: 1.003234 | lrm: 1.00 | dt: 2623.01ms | tok/sec: 199,880 | mfu: 43.95 | epoch: 1 | total time: 36.69m
step 00850 (19.29%) | K: 3 | loss: 2.025110 | L1: 1.017545 | L2: 1.007717 | L3: 1.007414 | lrm: 1.00 | dt: 2628.65ms | tok/sec: 199,451 | mfu: 43.85 | epoch: 1 | total time: 36.74m
step 00851 (19.31%) | K: 3 | loss: 2.033468 | L1: 1.021671 | L2: 1.011943 | L3: 1.011651 | lrm: 1.00 | dt: 2626.91ms | tok/sec: 199,583 | mfu: 43.88 | epoch: 1 | total time: 36.78m
step 00852 (19.33%) | K: 3 | loss: 2.036138 | L1: 1.022997 | L2: 1.013281 | L3: 1.013001 | lrm: 1.00 | dt: 2625.70ms | tok/sec: 199,675 | mfu: 43.90 | epoch: 1 | total time: 36.82m
step 00853 (19.36%) | K: 3 | loss: 2.030241 | L1: 1.020016 | L2: 1.010364 | L3: 1.010086 | lrm: 1.00 | dt: 2625.53ms | tok/sec: 199,688 | mfu: 43.90 | epoch: 1 | total time: 36.87m
step 00854 (19.38%) | K: 3 | loss: 2.029355 | L1: 1.019540 | L2: 1.009950 | L3: 1.009680 | lrm: 1.00 | dt: 2622.89ms | tok/sec: 199,889 | mfu: 43.95 | epoch: 1 | total time: 36.91m
step 00855 (19.40%) | K: 3 | loss: 2.033466 | L1: 1.021652 | L2: 1.011958 | L3: 1.011669 | lrm: 1.00 | dt: 2627.69ms | tok/sec: 199,524 | mfu: 43.87 | epoch: 1 | total time: 36.95m
step 00856 (19.42%) | K: 3 | loss: 2.028333 | L1: 1.019091 | L2: 1.009371 | L3: 1.009112 | lrm: 1.00 | dt: 2626.70ms | tok/sec: 199,599 | mfu: 43.89 | epoch: 1 | total time: 37.00m
step 00857 (19.45%) | K: 3 | loss: 2.022538 | L1: 1.016202 | L2: 1.006474 | L3: 1.006197 | lrm: 1.00 | dt: 2624.34ms | tok/sec: 199,779 | mfu: 43.92 | epoch: 1 | total time: 37.04m
step 00858 (19.47%) | K: 3 | loss: 2.020174 | L1: 1.015043 | L2: 1.005282 | L3: 1.004980 | lrm: 1.00 | dt: 2625.42ms | tok/sec: 199,697 | mfu: 43.91 | epoch: 1 | total time: 37.09m
step 00859 (19.49%) | K: 3 | loss: 2.017374 | L1: 1.013587 | L2: 1.003935 | L3: 1.003637 | lrm: 1.00 | dt: 2630.77ms | tok/sec: 199,290 | mfu: 43.82 | epoch: 1 | total time: 37.13m
step 00860 (19.51%) | K: 3 | loss: 2.008096 | L1: 1.008925 | L2: 0.999322 | L3: 0.999019 | lrm: 1.00 | dt: 2626.45ms | tok/sec: 199,618 | mfu: 43.89 | epoch: 1 | total time: 37.17m
step 00861 (19.54%) | K: 3 | loss: 2.002214 | L1: 1.005931 | L2: 0.996427 | L3: 0.996140 | lrm: 1.00 | dt: 2629.60ms | tok/sec: 199,379 | mfu: 43.84 | epoch: 1 | total time: 37.22m
step 00862 (19.56%) | K: 3 | loss: 1.999310 | L1: 1.004460 | L2: 0.994988 | L3: 0.994714 | lrm: 1.00 | dt: 2622.39ms | tok/sec: 199,927 | mfu: 43.96 | epoch: 1 | total time: 37.26m
step 00863 (19.58%) | K: 3 | loss: 1.996181 | L1: 1.002881 | L2: 0.993442 | L3: 0.993156 | lrm: 1.00 | dt: 2627.79ms | tok/sec: 199,516 | mfu: 43.87 | epoch: 1 | total time: 37.30m
step 00864 (19.61%) | K: 3 | loss: 1.990998 | L1: 1.000285 | L2: 0.990854 | L3: 0.990571 | lrm: 1.00 | dt: 2625.05ms | tok/sec: 199,724 | mfu: 43.91 | epoch: 1 | total time: 37.35m
step 00865 (19.63%) | K: 3 | loss: 1.990173 | L1: 0.999866 | L2: 0.990443 | L3: 0.990171 | lrm: 1.00 | dt: 2626.02ms | tok/sec: 199,651 | mfu: 43.90 | epoch: 1 | total time: 37.39m
step 00866 (19.65%) | K: 3 | loss: 1.987988 | L1: 0.998799 | L2: 0.989319 | L3: 0.989058 | lrm: 1.00 | dt: 2625.58ms | tok/sec: 199,684 | mfu: 43.90 | epoch: 1 | total time: 37.44m
step 00867 (19.67%) | K: 3 | loss: 1.977553 | L1: 0.993557 | L2: 0.984136 | L3: 0.983856 | lrm: 1.00 | dt: 2625.80ms | tok/sec: 199,667 | mfu: 43.90 | epoch: 1 | total time: 37.48m
step 00868 (19.70%) | K: 3 | loss: 1.982542 | L1: 0.996065 | L2: 0.986615 | L3: 0.986338 | lrm: 1.00 | dt: 2625.71ms | tok/sec: 199,675 | mfu: 43.90 | epoch: 1 | total time: 37.52m
step 00869 (19.72%) | K: 3 | loss: 1.974990 | L1: 0.992329 | L2: 0.982808 | L3: 0.982515 | lrm: 1.00 | dt: 2626.23ms | tok/sec: 199,635 | mfu: 43.89 | epoch: 1 | total time: 37.57m
step 00870 (19.74%) | K: 3 | loss: 1.980942 | L1: 0.995319 | L2: 0.985759 | L3: 0.985488 | lrm: 1.00 | dt: 2626.69ms | tok/sec: 199,600 | mfu: 43.89 | epoch: 1 | total time: 37.61m
step 00871 (19.76%) | K: 3 | loss: 1.994929 | L1: 1.002355 | L2: 0.992715 | L3: 0.992433 | lrm: 1.00 | dt: 2624.34ms | tok/sec: 199,778 | mfu: 43.92 | epoch: 1 | total time: 37.65m
step 00872 (19.79%) | K: 3 | loss: 1.995818 | L1: 1.002823 | L2: 0.993144 | L3: 0.992846 | lrm: 1.00 | dt: 2629.02ms | tok/sec: 199,423 | mfu: 43.85 | epoch: 1 | total time: 37.70m
step 00873 (19.81%) | K: 3 | loss: 1.994731 | L1: 1.002294 | L2: 0.992584 | L3: 0.992289 | lrm: 1.00 | dt: 2624.97ms | tok/sec: 199,730 | mfu: 43.91 | epoch: 1 | total time: 37.74m
step 00874 (19.83%) | K: 3 | loss: 2.001808 | L1: 1.005802 | L2: 0.996150 | L3: 0.995864 | lrm: 1.00 | dt: 2623.25ms | tok/sec: 199,862 | mfu: 43.94 | epoch: 1 | total time: 37.79m
step 00875 (19.85%) | K: 3 | loss: 2.003413 | L1: 1.006558 | L2: 0.996998 | L3: 0.996711 | lrm: 1.00 | dt: 2627.94ms | tok/sec: 199,505 | mfu: 43.86 | epoch: 1 | total time: 37.83m
step 00876 (19.88%) | K: 3 | loss: 2.013299 | L1: 1.011542 | L2: 1.001913 | L3: 1.001602 | lrm: 1.00 | dt: 2624.34ms | tok/sec: 199,778 | mfu: 43.92 | epoch: 1 | total time: 37.87m
step 00877 (19.90%) | K: 3 | loss: 2.021839 | L1: 1.015867 | L2: 1.006134 | L3: 1.005810 | lrm: 1.00 | dt: 2621.43ms | tok/sec: 200,000 | mfu: 43.97 | epoch: 1 | total time: 37.92m
step 00878 (19.92%) | K: 3 | loss: 2.011755 | L1: 1.010809 | L2: 1.001100 | L3: 1.000790 | lrm: 1.00 | dt: 2623.74ms | tok/sec: 199,824 | mfu: 43.94 | epoch: 1 | total time: 37.96m
step 00879 (19.95%) | K: 3 | loss: 2.015108 | L1: 1.012383 | L2: 1.002881 | L3: 1.002569 | lrm: 1.00 | dt: 2627.66ms | tok/sec: 199,526 | mfu: 43.87 | epoch: 1 | total time: 38.00m
step 00880 (19.97%) | K: 3 | loss: 2.007880 | L1: 1.008758 | L2: 0.999277 | L3: 0.998965 | lrm: 1.00 | dt: 2624.98ms | tok/sec: 199,730 | mfu: 43.91 | epoch: 1 | total time: 38.05m
step 00881 (19.99%) | K: 3 | loss: 2.013180 | L1: 1.011403 | L2: 1.001941 | L3: 1.001614 | lrm: 1.00 | dt: 2627.32ms | tok/sec: 199,552 | mfu: 43.88 | epoch: 1 | total time: 38.09m
step 00882 (20.01%) | K: 3 | loss: 2.011207 | L1: 1.010456 | L2: 1.000925 | L3: 1.000578 | lrm: 1.00 | dt: 2627.69ms | tok/sec: 199,524 | mfu: 43.87 | epoch: 1 | total time: 38.14m
step 00883 (20.04%) | K: 3 | loss: 2.007201 | L1: 1.008439 | L2: 0.998930 | L3: 0.998595 | lrm: 1.00 | dt: 2624.24ms | tok/sec: 199,786 | mfu: 43.93 | epoch: 1 | total time: 38.18m
step 00884 (20.06%) | K: 3 | loss: 2.010623 | L1: 1.010152 | L2: 1.000629 | L3: 1.000313 | lrm: 1.00 | dt: 2631.39ms | tok/sec: 199,243 | mfu: 43.81 | epoch: 1 | total time: 38.22m
step 00885 (20.08%) | K: 3 | loss: 2.020756 | L1: 1.015268 | L2: 1.005649 | L3: 1.005326 | lrm: 1.00 | dt: 2626.55ms | tok/sec: 199,610 | mfu: 43.89 | epoch: 1 | total time: 38.27m
step 00886 (20.10%) | K: 3 | loss: 2.014723 | L1: 1.012206 | L2: 1.002674 | L3: 1.002360 | lrm: 1.00 | dt: 2622.74ms | tok/sec: 199,901 | mfu: 43.95 | epoch: 1 | total time: 38.31m
step 00887 (20.13%) | K: 3 | loss: 2.013744 | L1: 1.011735 | L2: 1.002169 | L3: 1.001849 | lrm: 1.00 | dt: 2627.97ms | tok/sec: 199,503 | mfu: 43.86 | epoch: 1 | total time: 38.35m
step 00888 (20.15%) | K: 3 | loss: 2.011361 | L1: 1.010550 | L2: 1.000975 | L3: 1.000648 | lrm: 1.00 | dt: 2627.38ms | tok/sec: 199,547 | mfu: 43.87 | epoch: 1 | total time: 38.40m
step 00889 (20.17%) | K: 3 | loss: 2.023166 | L1: 1.016468 | L2: 1.006852 | L3: 1.006545 | lrm: 1.00 | dt: 2626.23ms | tok/sec: 199,635 | mfu: 43.89 | epoch: 1 | total time: 38.44m
step 00890 (20.20%) | K: 3 | loss: 2.012829 | L1: 1.011293 | L2: 1.001688 | L3: 1.001385 | lrm: 1.00 | dt: 2625.12ms | tok/sec: 199,719 | mfu: 43.91 | epoch: 1 | total time: 38.49m
step 00891 (20.22%) | K: 3 | loss: 2.019951 | L1: 1.014856 | L2: 1.005232 | L3: 1.004959 | lrm: 1.00 | dt: 2625.54ms | tok/sec: 199,687 | mfu: 43.90 | epoch: 1 | total time: 38.53m
step 00892 (20.24%) | K: 3 | loss: 2.013160 | L1: 1.011473 | L2: 1.001824 | L3: 1.001550 | lrm: 1.00 | dt: 2623.00ms | tok/sec: 199,880 | mfu: 43.95 | epoch: 1 | total time: 38.57m
step 00893 (20.26%) | K: 3 | loss: 2.001839 | L1: 1.005770 | L2: 0.996204 | L3: 0.995934 | lrm: 1.00 | dt: 2626.56ms | tok/sec: 199,610 | mfu: 43.89 | epoch: 1 | total time: 38.62m
step 00894 (20.29%) | K: 3 | loss: 2.020557 | L1: 1.015164 | L2: 1.005532 | L3: 1.005255 | lrm: 1.00 | dt: 2623.56ms | tok/sec: 199,838 | mfu: 43.94 | epoch: 1 | total time: 38.66m
step 00895 (20.31%) | K: 3 | loss: 2.006414 | L1: 1.008105 | L2: 0.998440 | L3: 0.998179 | lrm: 1.00 | dt: 2622.92ms | tok/sec: 199,886 | mfu: 43.95 | epoch: 1 | total time: 38.70m
step 00896 (20.33%) | K: 3 | loss: 2.004667 | L1: 1.007247 | L2: 0.997545 | L3: 0.997294 | lrm: 1.00 | dt: 2627.32ms | tok/sec: 199,552 | mfu: 43.88 | epoch: 1 | total time: 38.75m
step 00897 (20.35%) | K: 3 | loss: 1.997759 | L1: 1.003801 | L2: 0.994088 | L3: 0.993830 | lrm: 1.00 | dt: 2629.79ms | tok/sec: 199,365 | mfu: 43.83 | epoch: 1 | total time: 38.79m
step 00898 (20.38%) | K: 3 | loss: 1.996687 | L1: 1.003211 | L2: 0.993598 | L3: 0.993355 | lrm: 1.00 | dt: 2625.45ms | tok/sec: 199,694 | mfu: 43.91 | epoch: 1 | total time: 38.84m
step 00899 (20.40%) | K: 3 | loss: 1.998647 | L1: 1.004189 | L2: 0.994587 | L3: 0.994330 | lrm: 1.00 | dt: 2632.55ms | tok/sec: 199,156 | mfu: 43.79 | epoch: 1 | total time: 38.88m
step 00900 (20.42%) | K: 3 | loss: 1.992802 | L1: 1.001249 | L2: 0.991685 | L3: 0.991422 | lrm: 1.00 | dt: 2621.11ms | tok/sec: 200,025 | mfu: 43.98 | epoch: 1 | total time: 38.92m
step 00901 (20.44%) | K: 3 | loss: 1.978648 | L1: 0.994196 | L2: 0.984586 | L3: 0.984319 | lrm: 1.00 | dt: 2622.87ms | tok/sec: 199,891 | mfu: 43.95 | epoch: 1 | total time: 38.97m
step 00902 (20.47%) | K: 3 | loss: 1.982728 | L1: 0.996270 | L2: 0.986595 | L3: 0.986321 | lrm: 1.00 | dt: 2629.22ms | tok/sec: 199,408 | mfu: 43.84 | epoch: 1 | total time: 39.01m
step 00903 (20.49%) | K: 3 | loss: 1.978481 | L1: 0.994108 | L2: 0.984492 | L3: 0.984254 | lrm: 1.00 | dt: 2626.25ms | tok/sec: 199,633 | mfu: 43.89 | epoch: 1 | total time: 39.05m
step 00904 (20.51%) | K: 3 | loss: 2.000227 | L1: 1.005026 | L2: 0.995326 | L3: 0.995077 | lrm: 1.00 | dt: 2624.57ms | tok/sec: 199,761 | mfu: 43.92 | epoch: 1 | total time: 39.10m
step 00905 (20.54%) | K: 3 | loss: 2.001005 | L1: 1.005396 | L2: 0.995726 | L3: 0.995492 | lrm: 1.00 | dt: 2630.64ms | tok/sec: 199,300 | mfu: 43.82 | epoch: 1 | total time: 39.14m
step 00906 (20.56%) | K: 3 | loss: 1.999967 | L1: 1.004878 | L2: 0.995210 | L3: 0.994967 | lrm: 1.00 | dt: 2626.42ms | tok/sec: 199,620 | mfu: 43.89 | epoch: 1 | total time: 39.19m
step 00907 (20.58%) | K: 3 | loss: 2.003415 | L1: 1.006639 | L2: 0.996901 | L3: 0.996652 | lrm: 1.00 | dt: 2627.75ms | tok/sec: 199,520 | mfu: 43.87 | epoch: 1 | total time: 39.23m
step 00908 (20.60%) | K: 3 | loss: 2.011206 | L1: 1.010545 | L2: 1.000792 | L3: 1.000530 | lrm: 1.00 | dt: 2621.29ms | tok/sec: 200,011 | mfu: 43.98 | epoch: 1 | total time: 39.27m
step 00909 (20.63%) | K: 3 | loss: 2.008697 | L1: 1.009302 | L2: 0.999530 | L3: 0.999258 | lrm: 1.00 | dt: 2624.38ms | tok/sec: 199,776 | mfu: 43.92 | epoch: 1 | total time: 39.32m
step 00910 (20.65%) | K: 3 | loss: 2.014910 | L1: 1.012465 | L2: 1.002588 | L3: 1.002302 | lrm: 1.00 | dt: 2623.59ms | tok/sec: 199,836 | mfu: 43.94 | epoch: 1 | total time: 39.36m
step 00911 (20.67%) | K: 3 | loss: 2.018611 | L1: 1.014338 | L2: 1.004416 | L3: 1.004130 | lrm: 1.00 | dt: 2625.07ms | tok/sec: 199,723 | mfu: 43.91 | epoch: 1 | total time: 39.41m
step 00912 (20.69%) | K: 3 | loss: 2.008762 | L1: 1.009413 | L2: 0.999492 | L3: 0.999207 | lrm: 1.00 | dt: 3547.48ms | tok/sec: 147,791 | mfu: 32.49 | epoch: 1 | total time: 39.46m
step 00913 (20.72%) | K: 3 | loss: 2.006946 | L1: 1.008468 | L2: 0.998613 | L3: 0.998344 | lrm: 1.00 | dt: 2611.43ms | tok/sec: 200,766 | mfu: 44.14 | epoch: 1 | total time: 39.51m
step 00914 (20.74%) | K: 3 | loss: 1.998998 | L1: 1.004437 | L2: 0.994698 | L3: 0.994423 | lrm: 1.00 | dt: 2630.43ms | tok/sec: 199,316 | mfu: 43.82 | epoch: 1 | total time: 39.55m
step 00915 (20.76%) | K: 3 | loss: 1.990699 | L1: 1.000296 | L2: 0.990541 | L3: 0.990265 | lrm: 1.00 | dt: 2627.29ms | tok/sec: 199,554 | mfu: 43.88 | epoch: 1 | total time: 39.60m
step 00916 (20.79%) | K: 3 | loss: 1.990680 | L1: 1.000291 | L2: 0.990526 | L3: 0.990251 | lrm: 1.00 | dt: 2623.57ms | tok/sec: 199,837 | mfu: 43.94 | epoch: 1 | total time: 39.64m
step 00917 (20.81%) | K: 3 | loss: 1.980117 | L1: 0.994943 | L2: 0.985315 | L3: 0.985033 | lrm: 1.00 | dt: 2624.17ms | tok/sec: 199,792 | mfu: 43.93 | epoch: 1 | total time: 39.68m
step 00918 (20.83%) | K: 3 | loss: 1.967026 | L1: 0.988278 | L2: 0.978883 | L3: 0.978614 | lrm: 1.00 | dt: 2627.11ms | tok/sec: 199,568 | mfu: 43.88 | epoch: 1 | total time: 39.73m
step 00919 (20.85%) | K: 3 | loss: 1.973832 | L1: 0.991708 | L2: 0.982254 | L3: 0.981995 | lrm: 1.00 | dt: 2625.77ms | tok/sec: 199,670 | mfu: 43.90 | epoch: 1 | total time: 39.77m
step 00920 (20.88%) | K: 3 | loss: 1.979858 | L1: 0.994775 | L2: 0.985204 | L3: 0.984962 | lrm: 1.00 | dt: 2627.36ms | tok/sec: 199,549 | mfu: 43.87 | epoch: 1 | total time: 39.81m
step 00921 (20.90%) | K: 3 | loss: 1.977581 | L1: 0.993562 | L2: 0.984144 | L3: 0.983895 | lrm: 1.00 | dt: 2626.39ms | tok/sec: 199,622 | mfu: 43.89 | epoch: 1 | total time: 39.86m
step 00922 (20.92%) | K: 3 | loss: 1.975024 | L1: 0.992236 | L2: 0.982898 | L3: 0.982679 | lrm: 1.00 | dt: 2622.42ms | tok/sec: 199,925 | mfu: 43.96 | epoch: 1 | total time: 39.90m
step 00923 (20.94%) | K: 3 | loss: 2.002836 | L1: 1.006265 | L2: 0.996691 | L3: 0.996452 | lrm: 1.00 | dt: 2836.16ms | tok/sec: 184,858 | mfu: 40.64 | epoch: 1 | total time: 39.95m
step 00924 (20.97%) | K: 3 | loss: 2.011415 | L1: 1.010573 | L2: 1.000964 | L3: 1.000721 | lrm: 1.00 | dt: 2628.86ms | tok/sec: 199,435 | mfu: 43.85 | epoch: 1 | total time: 39.99m
step 00925 (20.99%) | K: 3 | loss: 2.003632 | L1: 1.006654 | L2: 0.997103 | L3: 0.996855 | lrm: 1.00 | dt: 2627.49ms | tok/sec: 199,539 | mfu: 43.87 | epoch: 1 | total time: 40.04m
step 00926 (21.01%) | K: 3 | loss: 2.007077 | L1: 1.008377 | L2: 0.998828 | L3: 0.998572 | lrm: 1.00 | dt: 2625.66ms | tok/sec: 199,678 | mfu: 43.90 | epoch: 1 | total time: 40.08m
step 00927 (21.03%) | K: 3 | loss: 2.003964 | L1: 1.006794 | L2: 0.997292 | L3: 0.997048 | lrm: 1.00 | dt: 2624.48ms | tok/sec: 199,767 | mfu: 43.92 | epoch: 1 | total time: 40.12m
step 00928 (21.06%) | K: 3 | loss: 2.005154 | L1: 1.007445 | L2: 0.997825 | L3: 0.997592 | lrm: 1.00 | dt: 2629.71ms | tok/sec: 199,371 | mfu: 43.84 | epoch: 1 | total time: 40.17m
step 00929 (21.08%) | K: 3 | loss: 2.009207 | L1: 1.009458 | L2: 0.999857 | L3: 0.999641 | lrm: 1.00 | dt: 2623.61ms | tok/sec: 199,834 | mfu: 43.94 | epoch: 1 | total time: 40.21m
step 00930 (21.10%) | K: 3 | loss: 2.008266 | L1: 1.008995 | L2: 0.999385 | L3: 0.999156 | lrm: 1.00 | dt: 2626.58ms | tok/sec: 199,608 | mfu: 43.89 | epoch: 1 | total time: 40.26m
step 00931 (21.13%) | K: 3 | loss: 2.005779 | L1: 1.007704 | L2: 0.998201 | L3: 0.997950 | lrm: 1.00 | dt: 2627.64ms | tok/sec: 199,528 | mfu: 43.87 | epoch: 1 | total time: 40.30m
step 00932 (21.15%) | K: 3 | loss: 1.990462 | L1: 1.000019 | L2: 0.990553 | L3: 0.990333 | lrm: 1.00 | dt: 2627.30ms | tok/sec: 199,553 | mfu: 43.88 | epoch: 1 | total time: 40.34m
step 00933 (21.17%) | K: 3 | loss: 1.988103 | L1: 0.998823 | L2: 0.989403 | L3: 0.989159 | lrm: 1.00 | dt: 2626.26ms | tok/sec: 199,633 | mfu: 43.89 | epoch: 1 | total time: 40.39m
step 00934 (21.19%) | K: 3 | loss: 1.988475 | L1: 0.999014 | L2: 0.989573 | L3: 0.989349 | lrm: 1.00 | dt: 2624.96ms | tok/sec: 199,732 | mfu: 43.91 | epoch: 1 | total time: 40.43m
step 00935 (21.22%) | K: 3 | loss: 2.000206 | L1: 1.004889 | L2: 0.995436 | L3: 0.995199 | lrm: 1.00 | dt: 2628.07ms | tok/sec: 199,495 | mfu: 43.86 | epoch: 1 | total time: 40.47m
step 00936 (21.24%) | K: 3 | loss: 1.994257 | L1: 1.001911 | L2: 0.992464 | L3: 0.992230 | lrm: 1.00 | dt: 2631.51ms | tok/sec: 199,234 | mfu: 43.81 | epoch: 1 | total time: 40.52m
step 00937 (21.26%) | K: 3 | loss: 2.004761 | L1: 1.007194 | L2: 0.997694 | L3: 0.997440 | lrm: 1.00 | dt: 2626.00ms | tok/sec: 199,652 | mfu: 43.90 | epoch: 1 | total time: 40.56m
step 00938 (21.28%) | K: 3 | loss: 2.004846 | L1: 1.007244 | L2: 0.997740 | L3: 0.997464 | lrm: 1.00 | dt: 2627.05ms | tok/sec: 199,573 | mfu: 43.88 | epoch: 1 | total time: 40.61m
step 00939 (21.31%) | K: 3 | loss: 2.001005 | L1: 1.005344 | L2: 0.995801 | L3: 0.995521 | lrm: 1.00 | dt: 2625.57ms | tok/sec: 199,685 | mfu: 43.90 | epoch: 1 | total time: 40.65m
step 00940 (21.33%) | K: 3 | loss: 2.003633 | L1: 1.006654 | L2: 0.997108 | L3: 0.996849 | lrm: 1.00 | dt: 2623.34ms | tok/sec: 199,854 | mfu: 43.94 | epoch: 1 | total time: 40.69m
step 00941 (21.35%) | K: 3 | loss: 2.007715 | L1: 1.008751 | L2: 0.999101 | L3: 0.998828 | lrm: 1.00 | dt: 2624.62ms | tok/sec: 199,757 | mfu: 43.92 | epoch: 1 | total time: 40.74m
step 00942 (21.38%) | K: 3 | loss: 2.013353 | L1: 1.011578 | L2: 1.001919 | L3: 1.001630 | lrm: 1.00 | dt: 2626.57ms | tok/sec: 199,609 | mfu: 43.89 | epoch: 1 | total time: 40.78m
step 00943 (21.40%) | K: 3 | loss: 2.012944 | L1: 1.011328 | L2: 1.001758 | L3: 1.001473 | lrm: 1.00 | dt: 2626.11ms | tok/sec: 199,644 | mfu: 43.90 | epoch: 1 | total time: 40.82m
step 00944 (21.42%) | K: 3 | loss: 2.001430 | L1: 1.005564 | L2: 0.996000 | L3: 0.995734 | lrm: 1.00 | dt: 2627.19ms | tok/sec: 199,562 | mfu: 43.88 | epoch: 1 | total time: 40.87m
step 00945 (21.44%) | K: 3 | loss: 2.001960 | L1: 1.005753 | L2: 0.996341 | L3: 0.996073 | lrm: 1.00 | dt: 2629.76ms | tok/sec: 199,367 | mfu: 43.83 | epoch: 1 | total time: 40.91m
step 00946 (21.47%) | K: 3 | loss: 1.989470 | L1: 0.999496 | L2: 0.990109 | L3: 0.989839 | lrm: 1.00 | dt: 2626.96ms | tok/sec: 199,580 | mfu: 43.88 | epoch: 1 | total time: 40.96m
step 00947 (21.49%) | K: 3 | loss: 1.979290 | L1: 0.994373 | L2: 0.985049 | L3: 0.984786 | lrm: 1.00 | dt: 2623.58ms | tok/sec: 199,836 | mfu: 43.94 | epoch: 1 | total time: 41.00m
step 00948 (21.51%) | K: 3 | loss: 1.985881 | L1: 0.997683 | L2: 0.988337 | L3: 0.988059 | lrm: 1.00 | dt: 2623.98ms | tok/sec: 199,806 | mfu: 43.93 | epoch: 1 | total time: 41.04m
step 00949 (21.53%) | K: 3 | loss: 1.989100 | L1: 0.999287 | L2: 0.989940 | L3: 0.989685 | lrm: 1.00 | dt: 2625.77ms | tok/sec: 199,669 | mfu: 43.90 | epoch: 1 | total time: 41.09m
step 00950 (21.56%) | K: 3 | loss: 1.977477 | L1: 0.993477 | L2: 0.984134 | L3: 0.983866 | lrm: 1.00 | dt: 2621.22ms | tok/sec: 200,016 | mfu: 43.98 | epoch: 1 | total time: 41.13m
step 00951 (21.58%) | K: 3 | loss: 1.990571 | L1: 1.000022 | L2: 0.990684 | L3: 0.990416 | lrm: 1.00 | dt: 2624.05ms | tok/sec: 199,801 | mfu: 43.93 | epoch: 1 | total time: 41.17m
step 00952 (21.60%) | K: 3 | loss: 1.984377 | L1: 0.996860 | L2: 0.987647 | L3: 0.987385 | lrm: 1.00 | dt: 2625.45ms | tok/sec: 199,694 | mfu: 43.91 | epoch: 1 | total time: 41.22m
step 00953 (21.62%) | K: 3 | loss: 1.986972 | L1: 0.998123 | L2: 0.988969 | L3: 0.988729 | lrm: 1.00 | dt: 2631.01ms | tok/sec: 199,272 | mfu: 43.81 | epoch: 1 | total time: 41.26m
step 00954 (21.65%) | K: 3 | loss: 1.998508 | L1: 1.003926 | L2: 0.994703 | L3: 0.994461 | lrm: 1.00 | dt: 2624.40ms | tok/sec: 199,774 | mfu: 43.92 | epoch: 1 | total time: 41.31m
step 00955 (21.67%) | K: 3 | loss: 1.995271 | L1: 1.002339 | L2: 0.993055 | L3: 0.992810 | lrm: 1.00 | dt: 2623.88ms | tok/sec: 199,814 | mfu: 43.93 | epoch: 1 | total time: 41.35m
step 00956 (21.69%) | K: 3 | loss: 1.990890 | L1: 1.000106 | L2: 0.990906 | L3: 0.990661 | lrm: 1.00 | dt: 2624.64ms | tok/sec: 199,755 | mfu: 43.92 | epoch: 1 | total time: 41.39m
step 00957 (21.72%) | K: 3 | loss: 1.988797 | L1: 0.999005 | L2: 0.989916 | L3: 0.989669 | lrm: 1.00 | dt: 2627.60ms | tok/sec: 199,531 | mfu: 43.87 | epoch: 1 | total time: 41.44m
step 00958 (21.74%) | K: 3 | loss: 1.985506 | L1: 0.997324 | L2: 0.988305 | L3: 0.988060 | lrm: 1.00 | dt: 2626.84ms | tok/sec: 199,588 | mfu: 43.88 | epoch: 1 | total time: 41.48m
step 00959 (21.76%) | K: 3 | loss: 1.987834 | L1: 0.998508 | L2: 0.989453 | L3: 0.989199 | lrm: 1.00 | dt: 2627.44ms | tok/sec: 199,543 | mfu: 43.87 | epoch: 1 | total time: 41.52m
step 00960 (21.78%) | K: 3 | loss: 1.993795 | L1: 1.001481 | L2: 0.992441 | L3: 0.992188 | lrm: 1.00 | dt: 2625.37ms | tok/sec: 199,700 | mfu: 43.91 | epoch: 1 | total time: 41.57m
step 00961 (21.81%) | K: 3 | loss: 1.987232 | L1: 0.998143 | L2: 0.989214 | L3: 0.988964 | lrm: 1.00 | dt: 2626.85ms | tok/sec: 199,587 | mfu: 43.88 | epoch: 1 | total time: 41.61m
step 00962 (21.83%) | K: 3 | loss: 1.986715 | L1: 0.997937 | L2: 0.988902 | L3: 0.988652 | lrm: 1.00 | dt: 2624.86ms | tok/sec: 199,739 | mfu: 43.92 | epoch: 1 | total time: 41.66m
step 00963 (21.85%) | K: 3 | loss: 1.984554 | L1: 0.996886 | L2: 0.987781 | L3: 0.987555 | lrm: 1.00 | dt: 2624.56ms | tok/sec: 199,762 | mfu: 43.92 | epoch: 1 | total time: 41.70m
step 00964 (21.87%) | K: 3 | loss: 1.979398 | L1: 0.994319 | L2: 0.985193 | L3: 0.984966 | lrm: 1.00 | dt: 2623.66ms | tok/sec: 199,830 | mfu: 43.94 | epoch: 1 | total time: 41.74m
step 00965 (21.90%) | K: 3 | loss: 1.968159 | L1: 0.988670 | L2: 0.979607 | L3: 0.979371 | lrm: 1.00 | dt: 2627.60ms | tok/sec: 199,531 | mfu: 43.87 | epoch: 1 | total time: 41.79m
step 00966 (21.92%) | K: 3 | loss: 1.966984 | L1: 0.988113 | L2: 0.979000 | L3: 0.978742 | lrm: 1.00 | dt: 2623.84ms | tok/sec: 199,816 | mfu: 43.93 | epoch: 1 | total time: 41.83m
step 00967 (21.94%) | K: 3 | loss: 1.963781 | L1: 0.986488 | L2: 0.977427 | L3: 0.977158 | lrm: 1.00 | dt: 2623.49ms | tok/sec: 199,843 | mfu: 43.94 | epoch: 1 | total time: 41.87m
step 00968 (21.97%) | K: 3 | loss: 1.964761 | L1: 0.987000 | L2: 0.977892 | L3: 0.977629 | lrm: 1.00 | dt: 2631.76ms | tok/sec: 199,215 | mfu: 43.80 | epoch: 1 | total time: 41.92m
step 00969 (21.99%) | K: 3 | loss: 1.968440 | L1: 0.988865 | L2: 0.979716 | L3: 0.979434 | lrm: 1.00 | dt: 2623.34ms | tok/sec: 199,855 | mfu: 43.94 | epoch: 1 | total time: 41.96m
step 00970 (22.01%) | K: 3 | loss: 1.971762 | L1: 0.990591 | L2: 0.981325 | L3: 0.981017 | lrm: 1.00 | dt: 2625.19ms | tok/sec: 199,714 | mfu: 43.91 | epoch: 1 | total time: 42.01m
step 00971 (22.03%) | K: 3 | loss: 1.981595 | L1: 0.995514 | L2: 0.986228 | L3: 0.985933 | lrm: 1.00 | dt: 2625.01ms | tok/sec: 199,728 | mfu: 43.91 | epoch: 1 | total time: 42.05m
step 00972 (22.06%) | K: 3 | loss: 1.980317 | L1: 0.994935 | L2: 0.985536 | L3: 0.985228 | lrm: 1.00 | dt: 2792.96ms | tok/sec: 187,717 | mfu: 41.27 | epoch: 1 | total time: 42.10m
step 00973 (22.08%) | K: 3 | loss: 1.976244 | L1: 0.992891 | L2: 0.983502 | L3: 0.983202 | lrm: 1.00 | dt: 2620.57ms | tok/sec: 200,066 | mfu: 43.99 | epoch: 1 | total time: 42.14m
step 00974 (22.10%) | K: 3 | loss: 1.970599 | L1: 0.990035 | L2: 0.980710 | L3: 0.980418 | lrm: 1.00 | dt: 2627.54ms | tok/sec: 199,535 | mfu: 43.87 | epoch: 1 | total time: 42.18m
step 00975 (22.12%) | K: 3 | loss: 1.966847 | L1: 0.988130 | L2: 0.978860 | L3: 0.978575 | lrm: 1.00 | dt: 2625.66ms | tok/sec: 199,678 | mfu: 43.90 | epoch: 1 | total time: 42.23m
step 00976 (22.15%) | K: 3 | loss: 1.960491 | L1: 0.984940 | L2: 0.975691 | L3: 0.975411 | lrm: 1.00 | dt: 2628.98ms | tok/sec: 199,426 | mfu: 43.85 | epoch: 1 | total time: 42.27m
step 00977 (22.17%) | K: 3 | loss: 1.967116 | L1: 0.988191 | L2: 0.979057 | L3: 0.978793 | lrm: 1.00 | dt: 2622.26ms | tok/sec: 199,937 | mfu: 43.96 | epoch: 1 | total time: 42.31m
step 00978 (22.19%) | K: 3 | loss: 1.964067 | L1: 0.986742 | L2: 0.977469 | L3: 0.977180 | lrm: 1.00 | dt: 2622.86ms | tok/sec: 199,891 | mfu: 43.95 | epoch: 1 | total time: 42.36m
step 00979 (22.21%) | K: 3 | loss: 1.965700 | L1: 0.987657 | L2: 0.978194 | L3: 0.977891 | lrm: 1.00 | dt: 2629.58ms | tok/sec: 199,381 | mfu: 43.84 | epoch: 1 | total time: 42.40m
step 00980 (22.24%) | K: 3 | loss: 1.961575 | L1: 0.985548 | L2: 0.976173 | L3: 0.975882 | lrm: 1.00 | dt: 2625.18ms | tok/sec: 199,714 | mfu: 43.91 | epoch: 1 | total time: 42.45m
step 00981 (22.26%) | K: 3 | loss: 1.966672 | L1: 0.988110 | L2: 0.978710 | L3: 0.978414 | lrm: 1.00 | dt: 2630.91ms | tok/sec: 199,279 | mfu: 43.82 | epoch: 1 | total time: 42.49m
step 00982 (22.28%) | K: 3 | loss: 1.957156 | L1: 0.983388 | L2: 0.973925 | L3: 0.973612 | lrm: 1.00 | dt: 2625.06ms | tok/sec: 199,724 | mfu: 43.91 | epoch: 1 | total time: 42.53m
step 00983 (22.31%) | K: 3 | loss: 1.950826 | L1: 0.980113 | L2: 0.970867 | L3: 0.970557 | lrm: 1.00 | dt: 2628.70ms | tok/sec: 199,447 | mfu: 43.85 | epoch: 1 | total time: 42.58m
step 00984 (22.33%) | K: 3 | loss: 1.957508 | L1: 0.983429 | L2: 0.974231 | L3: 0.973927 | lrm: 1.00 | dt: 2629.67ms | tok/sec: 199,374 | mfu: 43.84 | epoch: 1 | total time: 42.62m
step 00985 (22.35%) | K: 3 | loss: 1.960549 | L1: 0.984940 | L2: 0.975764 | L3: 0.975456 | lrm: 1.00 | dt: 2626.83ms | tok/sec: 199,589 | mfu: 43.88 | epoch: 1 | total time: 42.67m
step 00986 (22.37%) | K: 3 | loss: 1.965313 | L1: 0.987407 | L2: 0.978063 | L3: 0.977750 | lrm: 1.00 | dt: 2628.88ms | tok/sec: 199,434 | mfu: 43.85 | epoch: 1 | total time: 42.71m
step 00987 (22.40%) | K: 3 | loss: 1.958088 | L1: 0.983767 | L2: 0.974475 | L3: 0.974168 | lrm: 1.00 | dt: 2621.51ms | tok/sec: 199,995 | mfu: 43.97 | epoch: 1 | total time: 42.75m
step 00988 (22.42%) | K: 3 | loss: 1.958550 | L1: 0.983950 | L2: 0.974743 | L3: 0.974457 | lrm: 1.00 | dt: 2626.83ms | tok/sec: 199,589 | mfu: 43.88 | epoch: 1 | total time: 42.80m
step 00989 (22.44%) | K: 3 | loss: 1.954597 | L1: 0.981973 | L2: 0.972780 | L3: 0.972467 | lrm: 1.00 | dt: 2627.75ms | tok/sec: 199,519 | mfu: 43.87 | epoch: 1 | total time: 42.84m
step 00990 (22.46%) | K: 3 | loss: 1.963530 | L1: 0.986406 | L2: 0.977288 | L3: 0.976960 | lrm: 1.00 | dt: 2625.33ms | tok/sec: 199,703 | mfu: 43.91 | epoch: 1 | total time: 42.88m
step 00991 (22.49%) | K: 3 | loss: 1.972354 | L1: 0.990897 | L2: 0.981627 | L3: 0.981287 | lrm: 1.00 | dt: 2623.89ms | tok/sec: 199,813 | mfu: 43.93 | epoch: 1 | total time: 42.93m
step 00992 (22.51%) | K: 3 | loss: 1.979957 | L1: 0.994712 | L2: 0.985403 | L3: 0.985086 | lrm: 1.00 | dt: 2631.55ms | tok/sec: 199,231 | mfu: 43.80 | epoch: 1 | total time: 42.97m
step 00993 (22.53%) | K: 3 | loss: 1.984921 | L1: 0.997255 | L2: 0.987827 | L3: 0.987504 | lrm: 1.00 | dt: 2624.32ms | tok/sec: 199,780 | mfu: 43.93 | epoch: 1 | total time: 43.02m
step 00994 (22.56%) | K: 3 | loss: 1.979530 | L1: 0.994499 | L2: 0.985185 | L3: 0.984878 | lrm: 1.00 | dt: 2627.19ms | tok/sec: 199,562 | mfu: 43.88 | epoch: 1 | total time: 43.06m
step 00995 (22.58%) | K: 3 | loss: 1.970646 | L1: 0.990035 | L2: 0.980749 | L3: 0.980472 | lrm: 1.00 | dt: 2626.51ms | tok/sec: 199,614 | mfu: 43.89 | epoch: 1 | total time: 43.10m
step 00996 (22.60%) | K: 3 | loss: 1.967123 | L1: 0.988258 | L2: 0.978998 | L3: 0.978731 | lrm: 1.00 | dt: 2627.34ms | tok/sec: 199,550 | mfu: 43.87 | epoch: 1 | total time: 43.15m
step 00997 (22.62%) | K: 3 | loss: 1.967520 | L1: 0.988487 | L2: 0.979172 | L3: 0.978894 | lrm: 1.00 | dt: 2627.80ms | tok/sec: 199,515 | mfu: 43.87 | epoch: 1 | total time: 43.19m
step 00998 (22.65%) | K: 3 | loss: 1.964068 | L1: 0.986745 | L2: 0.977464 | L3: 0.977183 | lrm: 1.00 | dt: 2621.54ms | tok/sec: 199,992 | mfu: 43.97 | epoch: 1 | total time: 43.23m
step 00999 (22.67%) | K: 3 | loss: 1.970033 | L1: 0.989733 | L2: 0.980426 | L3: 0.980174 | lrm: 1.00 | dt: 2627.12ms | tok/sec: 199,567 | mfu: 43.88 | epoch: 1 | total time: 43.28m
step 01000 (22.69%) | K: 3 | loss: 1.972063 | L1: 0.990765 | L2: 0.981425 | L3: 0.981171 | lrm: 1.00 | dt: 2629.94ms | tok/sec: 199,353 | mfu: 43.83 | epoch: 1 | total time: 43.32m
Step 01000 | Validation L1 bpb: 0.5220 | L2 bpb: 0.5169 | L3 bpb: 0.5168
2026-08-28 20:33:31,587 - nanochat.checkpoint_manager - [32m[1mINFO[0m - Saved optimizer state to: /home/jhu/xwang457/work/nanochat_cache/chatsft_checkpoints/d20-lf-k3-stackedu-python-budget/optim_001000_rank3.pt
2026-08-28 20:33:31,683 - nanochat.checkpoint_manager - [32m[1mINFO[0m - Saved optimizer state to: /home/jhu/xwang457/work/nanochat_cache/chatsft_checkpoints/d20-lf-k3-stackedu-python-budget/optim_001000_rank1.pt
2026-08-28 20:33:31,735 - nanochat.checkpoint_manager - [32m[1mINFO[0m - Saved optimizer state to: /home/jhu/xwang457/work/nanochat_cache/chatsft_checkpoints/d20-lf-k3-stackedu-python-budget/optim_001000_rank2.pt
2026-08-28 20:33:32,828 - nanochat.checkpoint_manager - [32m[1mINFO[0m - Saved model parameters to: /home/jhu/xwang457/work/nanochat_cache/chatsft_checkpoints/d20-lf-k3-stackedu-python-budget/model_001000.pt
2026-08-28 20:33:32,831 - nanochat.checkpoint_manager - [32m[1mINFO[0m - Saved metadata to: /home/jhu/xwang457/work/nanochat_cache/chatsft_checkpoints/d20-lf-k3-stackedu-python-budget/meta_001000.json
2026-08-28 20:33:33,356 - nanochat.checkpoint_manager - [32m[1mINFO[0m - Saved optimizer state to: /home/jhu/xwang457/work/nanochat_cache/chatsft_checkpoints/d20-lf-k3-stackedu-python-budget/optim_001000_rank0.pt
step 01001 (22.71%) | K: 3 | loss: 1.971895 | L1: 0.990658 | L2: 0.981359 | L3: 0.981115 | lrm: 1.00 | dt: 2618.87ms | tok/sec: 200,195 | mfu: 44.02 | epoch: 1 | total time: 43.37m
step 01002 (22.74%) | K: 3 | loss: 1.963108 | L1: 0.986292 | L2: 0.976947 | L3: 0.976685 | lrm: 1.00 | dt: 2625.84ms | tok/sec: 199,664 | mfu: 43.90 | epoch: 1 | total time: 43.41m
step 01003 (22.76%) | K: 3 | loss: 1.970303 | L1: 0.989862 | L2: 0.980574 | L3: 0.980308 | lrm: 1.00 | dt: 2625.70ms | tok/sec: 199,675 | mfu: 43.90 | epoch: 1 | total time: 43.45m
step 01004 (22.78%) | K: 3 | loss: 1.961264 | L1: 0.985317 | L2: 0.976078 | L3: 0.975816 | lrm: 1.00 | dt: 2623.47ms | tok/sec: 199,845 | mfu: 43.94 | epoch: 1 | total time: 43.50m
step 01005 (22.80%) | K: 3 | loss: 1.958877 | L1: 0.984175 | L2: 0.974833 | L3: 0.974571 | lrm: 1.00 | dt: 2622.61ms | tok/sec: 199,910 | mfu: 43.95 | epoch: 1 | total time: 43.54m
step 01006 (22.83%) | K: 3 | loss: 1.955159 | L1: 0.982308 | L2: 0.972987 | L3: 0.972715 | lrm: 1.00 | dt: 2628.26ms | tok/sec: 199,481 | mfu: 43.86 | epoch: 1 | total time: 43.58m
step 01007 (22.85%) | K: 3 | loss: 1.952896 | L1: 0.981122 | L2: 0.971903 | L3: 0.971643 | lrm: 1.00 | dt: 2621.37ms | tok/sec: 200,005 | mfu: 43.97 | epoch: 1 | total time: 43.63m
step 01008 (22.87%) | K: 3 | loss: 1.945215 | L1: 0.977233 | L2: 0.968101 | L3: 0.967863 | lrm: 1.00 | dt: 2619.00ms | tok/sec: 200,186 | mfu: 44.01 | epoch: 1 | total time: 43.67m
step 01009 (22.90%) | K: 3 | loss: 1.933040 | L1: 0.971158 | L2: 0.962000 | L3: 0.961765 | lrm: 1.00 | dt: 2623.64ms | tok/sec: 199,832 | mfu: 43.94 | epoch: 1 | total time: 43.72m
step 01010 (22.92%) | K: 3 | loss: 1.932998 | L1: 0.971159 | L2: 0.961963 | L3: 0.961715 | lrm: 1.00 | dt: 2622.41ms | tok/sec: 199,926 | mfu: 43.96 | epoch: 1 | total time: 43.76m
step 01011 (22.94%) | K: 3 | loss: 1.937875 | L1: 0.973585 | L2: 0.964418 | L3: 0.964162 | lrm: 1.00 | dt: 2624.38ms | tok/sec: 199,776 | mfu: 43.92 | epoch: 1 | total time: 43.80m
step 01012 (22.96%) | K: 3 | loss: 1.951944 | L1: 0.980660 | L2: 0.971418 | L3: 0.971148 | lrm: 1.00 | dt: 2627.08ms | tok/sec: 199,570 | mfu: 43.88 | epoch: 1 | total time: 43.85m
step 01013 (22.99%) | K: 3 | loss: 1.960633 | L1: 0.985001 | L2: 0.975769 | L3: 0.975496 | lrm: 1.00 | dt: 2622.82ms | tok/sec: 199,894 | mfu: 43.95 | epoch: 1 | total time: 43.89m
step 01014 (23.01%) | K: 3 | loss: 1.964199 | L1: 0.986807 | L2: 0.977525 | L3: 0.977259 | lrm: 1.00 | dt: 2627.84ms | tok/sec: 199,513 | mfu: 43.87 | epoch: 1 | total time: 43.93m
step 01015 (23.03%) | K: 3 | loss: 1.974382 | L1: 0.991865 | L2: 0.982641 | L3: 0.982393 | lrm: 1.00 | dt: 2621.86ms | tok/sec: 199,967 | mfu: 43.97 | epoch: 1 | total time: 43.98m
step 01016 (23.05%) | K: 3 | loss: 1.966095 | L1: 0.987665 | L2: 0.978563 | L3: 0.978296 | lrm: 1.00 | dt: 2625.59ms | tok/sec: 199,683 | mfu: 43.90 | epoch: 1 | total time: 44.02m
step 01017 (23.08%) | K: 3 | loss: 1.956335 | L1: 0.982798 | L2: 0.973676 | L3: 0.973400 | lrm: 1.00 | dt: 2626.39ms | tok/sec: 199,622 | mfu: 43.89 | epoch: 1 | total time: 44.07m
step 01018 (23.10%) | K: 3 | loss: 1.952220 | L1: 0.980728 | L2: 0.971637 | L3: 0.971347 | lrm: 1.00 | dt: 2624.21ms | tok/sec: 199,788 | mfu: 43.93 | epoch: 1 | total time: 44.11m
step 01019 (23.12%) | K: 3 | loss: 1.957869 | L1: 0.983574 | L2: 0.974439 | L3: 0.974152 | lrm: 1.00 | dt: 2623.77ms | tok/sec: 199,822 | mfu: 43.93 | epoch: 1 | total time: 44.15m
step 01020 (23.14%) | K: 3 | loss: 1.947880 | L1: 0.978566 | L2: 0.969447 | L3: 0.969180 | lrm: 1.00 | dt: 2626.53ms | tok/sec: 199,612 | mfu: 43.89 | epoch: 1 | total time: 44.20m
step 01021 (23.17%) | K: 3 | loss: 1.953474 | L1: 0.981387 | L2: 0.972225 | L3: 0.971947 | lrm: 1.00 | dt: 2627.25ms | tok/sec: 199,557 | mfu: 43.88 | epoch: 1 | total time: 44.24m
step 01022 (23.19%) | K: 3 | loss: 1.950736 | L1: 0.980105 | L2: 0.970772 | L3: 0.970490 | lrm: 1.00 | dt: 2622.66ms | tok/sec: 199,907 | mfu: 43.95 | epoch: 1 | total time: 44.28m
step 01023 (23.21%) | K: 3 | loss: 1.951742 | L1: 0.980588 | L2: 0.971291 | L3: 0.971019 | lrm: 1.00 | dt: 2624.07ms | tok/sec: 199,799 | mfu: 43.93 | epoch: 1 | total time: 44.33m
step 01024 (23.24%) | K: 3 | loss: 1.940009 | L1: 0.974698 | L2: 0.965458 | L3: 0.965165 | lrm: 1.00 | dt: 2631.18ms | tok/sec: 199,259 | mfu: 43.81 | epoch: 1 | total time: 44.37m
step 01025 (23.26%) | K: 3 | loss: 1.946298 | L1: 0.977834 | L2: 0.968602 | L3: 0.968327 | lrm: 1.00 | dt: 2622.72ms | tok/sec: 199,902 | mfu: 43.95 | epoch: 1 | total time: 44.42m
step 01026 (23.28%) | K: 3 | loss: 1.943598 | L1: 0.976440 | L2: 0.967295 | L3: 0.967020 | lrm: 1.00 | dt: 2627.10ms | tok/sec: 199,569 | mfu: 43.88 | epoch: 1 | total time: 44.46m
step 01027 (23.30%) | K: 3 | loss: 1.947960 | L1: 0.978661 | L2: 0.969440 | L3: 0.969158 | lrm: 1.00 | dt: 2629.05ms | tok/sec: 199,421 | mfu: 43.85 | epoch: 1 | total time: 44.50m
step 01028 (23.33%) | K: 3 | loss: 1.947756 | L1: 0.978564 | L2: 0.969329 | L3: 0.969055 | lrm: 1.00 | dt: 2622.76ms | tok/sec: 199,899 | mfu: 43.95 | epoch: 1 | total time: 44.55m
step 01029 (23.35%) | K: 3 | loss: 1.957366 | L1: 0.983371 | L2: 0.974139 | L3: 0.973852 | lrm: 1.00 | dt: 2625.88ms | tok/sec: 199,661 | mfu: 43.90 | epoch: 1 | total time: 44.59m
step 01030 (23.37%) | K: 3 | loss: 1.960287 | L1: 0.984834 | L2: 0.975595 | L3: 0.975310 | lrm: 1.00 | dt: 2628.28ms | tok/sec: 199,479 | mfu: 43.86 | epoch: 1 | total time: 44.63m
step 01031 (23.39%) | K: 3 | loss: 1.956020 | L1: 0.982748 | L2: 0.973430 | L3: 0.973115 | lrm: 1.00 | dt: 2622.81ms | tok/sec: 199,895 | mfu: 43.95 | epoch: 1 | total time: 44.68m
step 01032 (23.42%) | K: 3 | loss: 1.958260 | L1: 0.983926 | L2: 0.974499 | L3: 0.974168 | lrm: 1.00 | dt: 2626.35ms | tok/sec: 199,626 | mfu: 43.89 | epoch: 1 | total time: 44.72m
step 01033 (23.44%) | K: 3 | loss: 1.958569 | L1: 0.984090 | L2: 0.974644 | L3: 0.974314 | lrm: 1.00 | dt: 2628.67ms | tok/sec: 199,450 | mfu: 43.85 | epoch: 1 | total time: 44.77m
step 01034 (23.46%) | K: 3 | loss: 1.957469 | L1: 0.983538 | L2: 0.974105 | L3: 0.973757 | lrm: 1.00 | dt: 2621.79ms | tok/sec: 199,973 | mfu: 43.97 | epoch: 1 | total time: 44.81m
step 01035 (23.49%) | K: 3 | loss: 1.962441 | L1: 0.986030 | L2: 0.976579 | L3: 0.976241 | lrm: 1.00 | dt: 2621.97ms | tok/sec: 199,959 | mfu: 43.96 | epoch: 1 | total time: 44.85m
step 01036 (23.51%) | K: 3 | loss: 1.965979 | L1: 0.987805 | L2: 0.978327 | L3: 0.978021 | lrm: 1.00 | dt: 2631.25ms | tok/sec: 199,254 | mfu: 43.81 | epoch: 1 | total time: 44.90m
step 01037 (23.53%) | K: 3 | loss: 1.964523 | L1: 0.987098 | L2: 0.977576 | L3: 0.977273 | lrm: 1.00 | dt: 2627.27ms | tok/sec: 199,556 | mfu: 43.88 | epoch: 1 | total time: 44.94m
step 01038 (23.55%) | K: 3 | loss: 1.953408 | L1: 0.981469 | L2: 0.972081 | L3: 0.971798 | lrm: 1.00 | dt: 2630.25ms | tok/sec: 199,329 | mfu: 43.83 | epoch: 1 | total time: 44.98m
step 01039 (23.58%) | K: 3 | loss: 1.954899 | L1: 0.982251 | L2: 0.972799 | L3: 0.972496 | lrm: 1.00 | dt: 2624.00ms | tok/sec: 199,805 | mfu: 43.93 | epoch: 1 | total time: 45.03m
step 01040 (23.60%) | K: 3 | loss: 1.967260 | L1: 0.988488 | L2: 0.978925 | L3: 0.978619 | lrm: 1.00 | dt: 2628.39ms | tok/sec: 199,470 | mfu: 43.86 | epoch: 1 | total time: 45.07m
step 01041 (23.62%) | K: 3 | loss: 1.965690 | L1: 0.987725 | L2: 0.978112 | L3: 0.977818 | lrm: 1.00 | dt: 2627.42ms | tok/sec: 199,545 | mfu: 43.87 | epoch: 1 | total time: 45.12m
step 01042 (23.64%) | K: 3 | loss: 1.971149 | L1: 0.990466 | L2: 0.980833 | L3: 0.980533 | lrm: 1.00 | dt: 2624.66ms | tok/sec: 199,754 | mfu: 43.92 | epoch: 1 | total time: 45.16m
step 01043 (23.67%) | K: 3 | loss: 1.967742 | L1: 0.988776 | L2: 0.979117 | L3: 0.978814 | lrm: 1.00 | dt: 2630.49ms | tok/sec: 199,311 | mfu: 43.82 | epoch: 1 | total time: 45.20m
step 01044 (23.69%) | K: 3 | loss: 1.973154 | L1: 0.991479 | L2: 0.981816 | L3: 0.981533 | lrm: 1.00 | dt: 2626.31ms | tok/sec: 199,628 | mfu: 43.89 | epoch: 1 | total time: 45.25m
step 01045 (23.71%) | K: 3 | loss: 1.964153 | L1: 0.986946 | L2: 0.977342 | L3: 0.977070 | lrm: 1.00 | dt: 2632.22ms | tok/sec: 199,181 | mfu: 43.79 | epoch: 1 | total time: 45.29m
step 01046 (23.73%) | K: 3 | loss: 1.960075 | L1: 0.984831 | L2: 0.975379 | L3: 0.975110 | lrm: 1.00 | dt: 2620.44ms | tok/sec: 200,076 | mfu: 43.99 | epoch: 1 | total time: 45.33m
step 01047 (23.76%) | K: 3 | loss: 1.968733 | L1: 0.989180 | L2: 0.979682 | L3: 0.979423 | lrm: 1.00 | dt: 2624.55ms | tok/sec: 199,763 | mfu: 43.92 | epoch: 1 | total time: 45.38m
step 01048 (23.78%) | K: 3 | loss: 1.971678 | L1: 0.990679 | L2: 0.981134 | L3: 0.980863 | lrm: 1.00 | dt: 2632.73ms | tok/sec: 199,141 | mfu: 43.78 | epoch: 1 | total time: 45.42m
step 01049 (23.80%) | K: 3 | loss: 1.980020 | L1: 0.994903 | L2: 0.985250 | L3: 0.984983 | lrm: 1.00 | dt: 2623.32ms | tok/sec: 199,856 | mfu: 43.94 | epoch: 1 | total time: 45.47m
step 01050 (23.83%) | K: 3 | loss: 1.974520 | L1: 0.992108 | L2: 0.982546 | L3: 0.982279 | lrm: 1.00 | dt: 2625.41ms | tok/sec: 199,697 | mfu: 43.91 | epoch: 1 | total time: 45.51m
step 01051 (23.85%) | K: 3 | loss: 1.980272 | L1: 0.994930 | L2: 0.985469 | L3: 0.985215 | lrm: 1.00 | dt: 2627.87ms | tok/sec: 199,510 | mfu: 43.87 | epoch: 1 | total time: 45.55m
step 01052 (23.87%) | K: 3 | loss: 1.971919 | L1: 0.990808 | L2: 0.981241 | L3: 0.980982 | lrm: 1.00 | dt: 2620.71ms | tok/sec: 200,055 | mfu: 43.99 | epoch: 1 | total time: 45.60m
step 01053 (23.89%) | K: 3 | loss: 1.963646 | L1: 0.986654 | L2: 0.977121 | L3: 0.976862 | lrm: 1.00 | dt: 2629.00ms | tok/sec: 199,424 | mfu: 43.85 | epoch: 1 | total time: 45.64m
step 01054 (23.92%) | K: 3 | loss: 1.969592 | L1: 0.989643 | L2: 0.980073 | L3: 0.979825 | lrm: 1.00 | dt: 2630.79ms | tok/sec: 199,289 | mfu: 43.82 | epoch: 1 | total time: 45.68m
step 01055 (23.94%) | K: 3 | loss: 1.964998 | L1: 0.987364 | L2: 0.977762 | L3: 0.977507 | lrm: 1.00 | dt: 2623.69ms | tok/sec: 199,828 | mfu: 43.94 | epoch: 1 | total time: 45.73m
step 01056 (23.96%) | K: 3 | loss: 1.965976 | L1: 0.987866 | L2: 0.978229 | L3: 0.977990 | lrm: 1.00 | dt: 2632.86ms | tok/sec: 199,132 | mfu: 43.78 | epoch: 1 | total time: 45.77m
step 01057 (23.98%) | K: 3 | loss: 1.969708 | L1: 0.989700 | L2: 0.980140 | L3: 0.979876 | lrm: 1.00 | dt: 2621.84ms | tok/sec: 199,969 | mfu: 43.97 | epoch: 1 | total time: 45.82m
step 01058 (24.01%) | K: 3 | loss: 1.972305 | L1: 0.990959 | L2: 0.981481 | L3: 0.981211 | lrm: 1.00 | dt: 2629.09ms | tok/sec: 199,417 | mfu: 43.85 | epoch: 1 | total time: 45.86m
step 01059 (24.03%) | K: 3 | loss: 1.971354 | L1: 0.990479 | L2: 0.981002 | L3: 0.980747 | lrm: 1.00 | dt: 2625.12ms | tok/sec: 199,719 | mfu: 43.91 | epoch: 1 | total time: 45.90m
step 01060 (24.05%) | K: 3 | loss: 1.968017 | L1: 0.988834 | L2: 0.979304 | L3: 0.979062 | lrm: 1.00 | dt: 2625.55ms | tok/sec: 199,686 | mfu: 43.90 | epoch: 1 | total time: 45.95m
step 01061 (24.08%) | K: 3 | loss: 1.971885 | L1: 0.990787 | L2: 0.981223 | L3: 0.980973 | lrm: 1.00 | dt: 2629.91ms | tok/sec: 199,355 | mfu: 43.83 | epoch: 1 | total time: 45.99m
step 01062 (24.10%) | K: 3 | loss: 1.972656 | L1: 0.991176 | L2: 0.981602 | L3: 0.981359 | lrm: 1.00 | dt: 2625.50ms | tok/sec: 199,690 | mfu: 43.91 | epoch: 1 | total time: 46.04m
step 01063 (24.12%) | K: 3 | loss: 1.967728 | L1: 0.988749 | L2: 0.979103 | L3: 0.978855 | lrm: 1.00 | dt: 2631.95ms | tok/sec: 199,201 | mfu: 43.80 | epoch: 1 | total time: 46.08m
step 01064 (24.14%) | K: 3 | loss: 1.973814 | L1: 0.991833 | L2: 0.982111 | L3: 0.981851 | lrm: 1.00 | dt: 2628.25ms | tok/sec: 199,481 | mfu: 43.86 | epoch: 1 | total time: 46.12m
step 01065 (24.17%) | K: 3 | loss: 1.981972 | L1: 0.995953 | L2: 0.986159 | L3: 0.985880 | lrm: 1.00 | dt: 2633.60ms | tok/sec: 199,076 | mfu: 43.77 | epoch: 1 | total time: 46.17m
step 01066 (24.19%) | K: 3 | loss: 1.976445 | L1: 0.993126 | L2: 0.983445 | L3: 0.983192 | lrm: 1.00 | dt: 2622.77ms | tok/sec: 199,898 | mfu: 43.95 | epoch: 1 | total time: 46.21m
step 01067 (24.21%) | K: 3 | loss: 1.976484 | L1: 0.993140 | L2: 0.983469 | L3: 0.983217 | lrm: 1.00 | dt: 2627.27ms | tok/sec: 199,555 | mfu: 43.88 | epoch: 1 | total time: 46.25m
step 01068 (24.23%) | K: 3 | loss: 1.967959 | L1: 0.988874 | L2: 0.979208 | L3: 0.978963 | lrm: 1.00 | dt: 2623.08ms | tok/sec: 199,874 | mfu: 43.95 | epoch: 1 | total time: 46.30m
step 01069 (24.26%) | K: 3 | loss: 1.964390 | L1: 0.987087 | L2: 0.977425 | L3: 0.977182 | lrm: 1.00 | dt: 2624.28ms | tok/sec: 199,783 | mfu: 43.93 | epoch: 1 | total time: 46.34m
step 01070 (24.28%) | K: 3 | loss: 1.963716 | L1: 0.986782 | L2: 0.977061 | L3: 0.976808 | lrm: 1.00 | dt: 2627.17ms | tok/sec: 199,563 | mfu: 43.88 | epoch: 1 | total time: 46.39m
step 01071 (24.30%) | K: 3 | loss: 1.971409 | L1: 0.990619 | L2: 0.980922 | L3: 0.980657 | lrm: 1.00 | dt: 2629.67ms | tok/sec: 199,374 | mfu: 43.84 | epoch: 1 | total time: 46.43m
step 01072 (24.32%) | K: 3 | loss: 1.971426 | L1: 0.990644 | L2: 0.980910 | L3: 0.980654 | lrm: 1.00 | dt: 2622.85ms | tok/sec: 199,892 | mfu: 43.95 | epoch: 1 | total time: 46.47m
step 01073 (24.35%) | K: 3 | loss: 1.973229 | L1: 0.991486 | L2: 0.981861 | L3: 0.981625 | lrm: 1.00 | dt: 2632.71ms | tok/sec: 199,143 | mfu: 43.79 | epoch: 1 | total time: 46.52m
step 01074 (24.37%) | K: 3 | loss: 1.982051 | L1: 0.995820 | L2: 0.986352 | L3: 0.986110 | lrm: 1.00 | dt: 2625.66ms | tok/sec: 199,678 | mfu: 43.90 | epoch: 1 | total time: 46.56m
step 01075 (24.39%) | K: 3 | loss: 1.979228 | L1: 0.994430 | L2: 0.984909 | L3: 0.984687 | lrm: 1.00 | dt: 2631.91ms | tok/sec: 199,204 | mfu: 43.80 | epoch: 1 | total time: 46.60m
step 01076 (24.42%) | K: 3 | loss: 1.973431 | L1: 0.991559 | L2: 0.981988 | L3: 0.981756 | lrm: 1.00 | dt: 2624.21ms | tok/sec: 199,788 | mfu: 43.93 | epoch: 1 | total time: 46.65m
step 01077 (24.44%) | K: 3 | loss: 1.966163 | L1: 0.987891 | L2: 0.978391 | L3: 0.978155 | lrm: 1.00 | dt: 2631.40ms | tok/sec: 199,243 | mfu: 43.81 | epoch: 1 | total time: 46.69m
step 01078 (24.46%) | K: 3 | loss: 1.964776 | L1: 0.987176 | L2: 0.977730 | L3: 0.977470 | lrm: 1.00 | dt: 2625.86ms | tok/sec: 199,663 | mfu: 43.90 | epoch: 1 | total time: 46.74m
step 01079 (24.48%) | K: 3 | loss: 1.967036 | L1: 0.988285 | L2: 0.978885 | L3: 0.978616 | lrm: 1.00 | dt: 2630.96ms | tok/sec: 199,276 | mfu: 43.81 | epoch: 1 | total time: 46.78m
step 01080 (24.51%) | K: 3 | loss: 1.965107 | L1: 0.987317 | L2: 0.977943 | L3: 0.977636 | lrm: 1.00 | dt: 2624.80ms | tok/sec: 199,744 | mfu: 43.92 | epoch: 1 | total time: 46.82m
step 01081 (24.53%) | K: 3 | loss: 1.957340 | L1: 0.983428 | L2: 0.974062 | L3: 0.973760 | lrm: 1.00 | dt: 2623.41ms | tok/sec: 199,850 | mfu: 43.94 | epoch: 1 | total time: 46.87m
step 01082 (24.55%) | K: 3 | loss: 1.953234 | L1: 0.981313 | L2: 0.972063 | L3: 0.971779 | lrm: 1.00 | dt: 2632.02ms | tok/sec: 199,195 | mfu: 43.80 | epoch: 1 | total time: 46.91m
step 01083 (24.57%) | K: 3 | loss: 1.949833 | L1: 0.979570 | L2: 0.970404 | L3: 0.970122 | lrm: 1.00 | dt: 2626.00ms | tok/sec: 199,652 | mfu: 43.90 | epoch: 1 | total time: 46.95m
step 01084 (24.60%) | K: 3 | loss: 1.952806 | L1: 0.981064 | L2: 0.971884 | L3: 0.971599 | lrm: 1.00 | dt: 2630.86ms | tok/sec: 199,283 | mfu: 43.82 | epoch: 1 | total time: 47.00m
step 01085 (24.62%) | K: 3 | loss: 1.949783 | L1: 0.979548 | L2: 0.970378 | L3: 0.970092 | lrm: 1.00 | dt: 2625.28ms | tok/sec: 199,707 | mfu: 43.91 | epoch: 1 | total time: 47.04m
step 01086 (24.64%) | K: 3 | loss: 1.952885 | L1: 0.981124 | L2: 0.971906 | L3: 0.971616 | lrm: 1.00 | dt: 2625.72ms | tok/sec: 199,673 | mfu: 43.90 | epoch: 1 | total time: 47.09m
step 01087 (24.67%) | K: 3 | loss: 1.959745 | L1: 0.984527 | L2: 0.975350 | L3: 0.975085 | lrm: 1.00 | dt: 2629.46ms | tok/sec: 199,390 | mfu: 43.84 | epoch: 1 | total time: 47.13m
step 01088 (24.69%) | K: 3 | loss: 1.944991 | L1: 0.977156 | L2: 0.967974 | L3: 0.967696 | lrm: 1.00 | dt: 2627.95ms | tok/sec: 199,504 | mfu: 43.86 | epoch: 1 | total time: 47.17m
step 01089 (24.71%) | K: 3 | loss: 1.947463 | L1: 0.978414 | L2: 0.969179 | L3: 0.968918 | lrm: 1.00 | dt: 2627.83ms | tok/sec: 199,514 | mfu: 43.87 | epoch: 1 | total time: 47.22m
step 01090 (24.73%) | K: 3 | loss: 1.945231 | L1: 0.977318 | L2: 0.968036 | L3: 0.967791 | lrm: 1.00 | dt: 2625.24ms | tok/sec: 199,710 | mfu: 43.91 | epoch: 1 | total time: 47.26m
step 01091 (24.76%) | K: 3 | loss: 1.960216 | L1: 0.984788 | L2: 0.975553 | L3: 0.975302 | lrm: 1.00 | dt: 2625.35ms | tok/sec: 199,701 | mfu: 43.91 | epoch: 1 | total time: 47.31m
step 01092 (24.78%) | K: 3 | loss: 1.960872 | L1: 0.985162 | L2: 0.975836 | L3: 0.975585 | lrm: 1.00 | dt: 2631.48ms | tok/sec: 199,237 | mfu: 43.81 | epoch: 1 | total time: 47.35m
step 01093 (24.80%) | K: 3 | loss: 1.958006 | L1: 0.983743 | L2: 0.974385 | L3: 0.974140 | lrm: 1.00 | dt: 2626.78ms | tok/sec: 199,593 | mfu: 43.88 | epoch: 1 | total time: 47.39m
step 01094 (24.82%) | K: 3 | loss: 1.960913 | L1: 0.985129 | L2: 0.975905 | L3: 0.975663 | lrm: 1.00 | dt: 2629.47ms | tok/sec: 199,389 | mfu: 43.84 | epoch: 1 | total time: 47.44m
step 01095 (24.85%) | K: 3 | loss: 1.979057 | L1: 0.994223 | L2: 0.984958 | L3: 0.984709 | lrm: 1.00 | dt: 2623.01ms | tok/sec: 199,880 | mfu: 43.95 | epoch: 1 | total time: 47.48m
step 01096 (24.87%) | K: 3 | loss: 1.981130 | L1: 0.995279 | L2: 0.985976 | L3: 0.985728 | lrm: 1.00 | dt: 2631.10ms | tok/sec: 199,265 | mfu: 43.81 | epoch: 1 | total time: 47.52m
step 01097 (24.89%) | K: 3 | loss: 1.983928 | L1: 0.996693 | L2: 0.987356 | L3: 0.987114 | lrm: 1.00 | dt: 2625.07ms | tok/sec: 199,723 | mfu: 43.91 | epoch: 1 | total time: 47.57m
step 01098 (24.91%) | K: 3 | loss: 1.982786 | L1: 0.996122 | L2: 0.986784 | L3: 0.986544 | lrm: 1.00 | dt: 2629.83ms | tok/sec: 199,361 | mfu: 43.83 | epoch: 1 | total time: 47.61m
step 01099 (24.94%) | K: 3 | loss: 1.984904 | L1: 0.997177 | L2: 0.987853 | L3: 0.987599 | lrm: 1.00 | dt: 2624.56ms | tok/sec: 199,762 | mfu: 43.92 | epoch: 1 | total time: 47.66m
step 01100 (24.96%) | K: 3 | loss: 1.987388 | L1: 0.998419 | L2: 0.989102 | L3: 0.988837 | lrm: 1.00 | dt: 2628.83ms | tok/sec: 199,437 | mfu: 43.85 | epoch: 1 | total time: 47.70m
step 01101 (24.98%) | K: 3 | loss: 1.990184 | L1: 0.999787 | L2: 0.990537 | L3: 0.990258 | lrm: 1.00 | dt: 2629.42ms | tok/sec: 199,392 | mfu: 43.84 | epoch: 1 | total time: 47.74m
step 01102 (25.01%) | K: 3 | loss: 1.985064 | L1: 0.997276 | L2: 0.987931 | L3: 0.987645 | lrm: 1.00 | dt: 2625.58ms | tok/sec: 199,684 | mfu: 43.90 | epoch: 1 | total time: 47.79m
step 01103 (25.03%) | K: 3 | loss: 1.978517 | L1: 0.994006 | L2: 0.984653 | L3: 0.984370 | lrm: 1.00 | dt: 2629.38ms | tok/sec: 199,396 | mfu: 43.84 | epoch: 1 | total time: 47.83m
step 01104 (25.05%) | K: 3 | loss: 1.967594 | L1: 0.988505 | L2: 0.979229 | L3: 0.978949 | lrm: 1.00 | dt: 2621.69ms | tok/sec: 199,981 | mfu: 43.97 | epoch: 1 | total time: 47.87m
step 01105 (25.07%) | K: 3 | loss: 1.964668 | L1: 0.987036 | L2: 0.977780 | L3: 0.977486 | lrm: 1.00 | dt: 2623.13ms | tok/sec: 199,870 | mfu: 43.95 | epoch: 1 | total time: 47.92m
step 01106 (25.10%) | K: 3 | loss: 1.974250 | L1: 0.991858 | L2: 0.982533 | L3: 0.982252 | lrm: 1.00 | dt: 2625.69ms | tok/sec: 199,676 | mfu: 43.90 | epoch: 1 | total time: 47.96m
step 01107 (25.12%) | K: 3 | loss: 1.972255 | L1: 0.990858 | L2: 0.981542 | L3: 0.981253 | lrm: 1.00 | dt: 2625.50ms | tok/sec: 199,690 | mfu: 43.91 | epoch: 1 | total time: 48.01m
step 01108 (25.14%) | K: 3 | loss: 1.977844 | L1: 0.993662 | L2: 0.984331 | L3: 0.984034 | lrm: 1.00 | dt: 2625.70ms | tok/sec: 199,675 | mfu: 43.90 | epoch: 1 | total time: 48.05m
step 01109 (25.16%) | K: 3 | loss: 1.979373 | L1: 0.994446 | L2: 0.985086 | L3: 0.984768 | lrm: 1.00 | dt: 2629.03ms | tok/sec: 199,422 | mfu: 43.85 | epoch: 1 | total time: 48.09m
step 01110 (25.19%) | K: 3 | loss: 1.971342 | L1: 0.990426 | L2: 0.981071 | L3: 0.980762 | lrm: 1.00 | dt: 2628.48ms | tok/sec: 199,464 | mfu: 43.86 | epoch: 1 | total time: 48.14m
step 01111 (25.21%) | K: 3 | loss: 1.971776 | L1: 0.990681 | L2: 0.981257 | L3: 0.980933 | lrm: 1.00 | dt: 2632.52ms | tok/sec: 199,158 | mfu: 43.79 | epoch: 1 | total time: 48.18m
step 01112 (25.23%) | K: 3 | loss: 1.970697 | L1: 0.990124 | L2: 0.980728 | L3: 0.980417 | lrm: 1.00 | dt: 2621.97ms | tok/sec: 199,959 | mfu: 43.96 | epoch: 1 | total time: 48.22m
step 01113 (25.26%) | K: 3 | loss: 1.970302 | L1: 0.989922 | L2: 0.980538 | L3: 0.980222 | lrm: 1.00 | dt: 2627.32ms | tok/sec: 199,552 | mfu: 43.88 | epoch: 1 | total time: 48.27m
step 01114 (25.28%) | K: 3 | loss: 1.955584 | L1: 0.982534 | L2: 0.973207 | L3: 0.972892 | lrm: 1.00 | dt: 2627.75ms | tok/sec: 199,519 | mfu: 43.87 | epoch: 1 | total time: 48.31m
step 01115 (25.30%) | K: 3 | loss: 1.954833 | L1: 0.982200 | L2: 0.972793 | L3: 0.972474 | lrm: 1.00 | dt: 2626.79ms | tok/sec: 199,592 | mfu: 43.88 | epoch: 1 | total time: 48.36m
step 01116 (25.32%) | K: 3 | loss: 1.955170 | L1: 0.982422 | L2: 0.972904 | L3: 0.972592 | lrm: 1.00 | dt: 2631.35ms | tok/sec: 199,246 | mfu: 43.81 | epoch: 1 | total time: 48.40m
step 01117 (25.35%) | K: 3 | loss: 1.951745 | L1: 0.980722 | L2: 0.971178 | L3: 0.970869 | lrm: 1.00 | dt: 2622.69ms | tok/sec: 199,904 | mfu: 43.95 | epoch: 1 | total time: 48.44m
step 01118 (25.37%) | K: 3 | loss: 1.965216 | L1: 0.987423 | L2: 0.977945 | L3: 0.977641 | lrm: 1.00 | dt: 2630.07ms | tok/sec: 199,343 | mfu: 43.83 | epoch: 1 | total time: 48.49m
step 01119 (25.39%) | K: 3 | loss: 1.959560 | L1: 0.984611 | L2: 0.975104 | L3: 0.974794 | lrm: 1.00 | dt: 2624.98ms | tok/sec: 199,729 | mfu: 43.91 | epoch: 1 | total time: 48.53m
step 01120 (25.41%) | K: 3 | loss: 1.956010 | L1: 0.982851 | L2: 0.973313 | L3: 0.973005 | lrm: 1.00 | dt: 2624.15ms | tok/sec: 199,793 | mfu: 43.93 | epoch: 1 | total time: 48.57m
step 01121 (25.44%) | K: 3 | loss: 1.956272 | L1: 0.982956 | L2: 0.973473 | L3: 0.973158 | lrm: 1.00 | dt: 2625.52ms | tok/sec: 199,689 | mfu: 43.91 | epoch: 1 | total time: 48.62m
step 01122 (25.46%) | K: 3 | loss: 1.960176 | L1: 0.984867 | L2: 0.975470 | L3: 0.975150 | lrm: 1.00 | dt: 2631.10ms | tok/sec: 199,265 | mfu: 43.81 | epoch: 1 | total time: 48.66m
step 01123 (25.48%) | K: 3 | loss: 1.956809 | L1: 0.983140 | L2: 0.973832 | L3: 0.973507 | lrm: 1.00 | dt: 2622.14ms | tok/sec: 199,946 | mfu: 43.96 | epoch: 1 | total time: 48.71m
step 01124 (25.50%) | K: 3 | loss: 1.960224 | L1: 0.984833 | L2: 0.975547 | L3: 0.975235 | lrm: 1.00 | dt: 2635.84ms | tok/sec: 198,907 | mfu: 43.73 | epoch: 1 | total time: 48.75m
step 01125 (25.53%) | K: 3 | loss: 1.965381 | L1: 0.987457 | L2: 0.978071 | L3: 0.977777 | lrm: 1.00 | dt: 2630.13ms | tok/sec: 199,338 | mfu: 43.83 | epoch: 1 | total time: 48.79m
step 01126 (25.55%) | K: 3 | loss: 1.954479 | L1: 0.982006 | L2: 0.972617 | L3: 0.972328 | lrm: 1.00 | dt: 2629.93ms | tok/sec: 199,354 | mfu: 43.83 | epoch: 1 | total time: 48.84m
step 01127 (25.57%) | K: 3 | loss: 1.965987 | L1: 0.987778 | L2: 0.978353 | L3: 0.978064 | lrm: 1.00 | dt: 2633.59ms | tok/sec: 199,077 | mfu: 43.77 | epoch: 1 | total time: 48.88m
step 01128 (25.60%) | K: 3 | loss: 1.961308 | L1: 0.985493 | L2: 0.975959 | L3: 0.975672 | lrm: 1.00 | dt: 2624.67ms | tok/sec: 199,753 | mfu: 43.92 | epoch: 1 | total time: 48.93m
step 01129 (25.62%) | K: 3 | loss: 1.974543 | L1: 0.992131 | L2: 0.982555 | L3: 0.982270 | lrm: 1.00 | dt: 2631.90ms | tok/sec: 199,204 | mfu: 43.80 | epoch: 1 | total time: 48.97m
step 01130 (25.64%) | K: 3 | loss: 1.978777 | L1: 0.994243 | L2: 0.984675 | L3: 0.984392 | lrm: 1.00 | dt: 2626.19ms | tok/sec: 199,638 | mfu: 43.89 | epoch: 1 | total time: 49.01m
step 01131 (25.66%) | K: 3 | loss: 1.971178 | L1: 0.990449 | L2: 0.980871 | L3: 0.980586 | lrm: 1.00 | dt: 2635.40ms | tok/sec: 198,940 | mfu: 43.74 | epoch: 1 | total time: 49.06m
step 01132 (25.69%) | K: 3 | loss: 1.968081 | L1: 0.988865 | L2: 0.979355 | L3: 0.979078 | lrm: 1.00 | dt: 2630.99ms | tok/sec: 199,273 | mfu: 43.81 | epoch: 1 | total time: 49.10m
step 01133 (25.71%) | K: 3 | loss: 1.961453 | L1: 0.985526 | L2: 0.976059 | L3: 0.975795 | lrm: 1.00 | dt: 2623.99ms | tok/sec: 199,805 | mfu: 43.93 | epoch: 1 | total time: 49.14m
step 01134 (25.73%) | K: 3 | loss: 1.951408 | L1: 0.980544 | L2: 0.970998 | L3: 0.970731 | lrm: 1.00 | dt: 2624.23ms | tok/sec: 199,787 | mfu: 43.93 | epoch: 1 | total time: 49.19m
step 01135 (25.75%) | K: 3 | loss: 1.956540 | L1: 0.983146 | L2: 0.973527 | L3: 0.973260 | lrm: 1.00 | dt: 2626.57ms | tok/sec: 199,609 | mfu: 43.89 | epoch: 1 | total time: 49.23m
step 01136 (25.78%) | K: 3 | loss: 1.957962 | L1: 0.983839 | L2: 0.974246 | L3: 0.974000 | lrm: 1.00 | dt: 2632.87ms | tok/sec: 199,131 | mfu: 43.78 | epoch: 1 | total time: 49.28m
step 01137 (25.80%) | K: 3 | loss: 1.959140 | L1: 0.984413 | L2: 0.974845 | L3: 0.974610 | lrm: 1.00 | dt: 2629.00ms | tok/sec: 199,424 | mfu: 43.85 | epoch: 1 | total time: 49.32m
step 01138 (25.82%) | K: 3 | loss: 1.961382 | L1: 0.985540 | L2: 0.975953 | L3: 0.975730 | lrm: 1.00 | dt: 2624.00ms | tok/sec: 199,804 | mfu: 43.93 | epoch: 1 | total time: 49.36m
step 01139 (25.85%) | K: 3 | loss: 1.972435 | L1: 0.991036 | L2: 0.981512 | L3: 0.981285 | lrm: 1.00 | dt: 2630.25ms | tok/sec: 199,329 | mfu: 43.83 | epoch: 1 | total time: 49.41m
step 01140 (25.87%) | K: 3 | loss: 1.959779 | L1: 0.984664 | L2: 0.975231 | L3: 0.974999 | lrm: 1.00 | dt: 2631.63ms | tok/sec: 199,225 | mfu: 43.80 | epoch: 1 | total time: 49.45m
step 01141 (25.89%) | K: 3 | loss: 1.966754 | L1: 0.988127 | L2: 0.978740 | L3: 0.978514 | lrm: 1.00 | dt: 2626.18ms | tok/sec: 199,638 | mfu: 43.89 | epoch: 1 | total time: 49.49m
step 01142 (25.91%) | K: 3 | loss: 1.949618 | L1: 0.979548 | L2: 0.970199 | L3: 0.969939 | lrm: 1.00 | dt: 2627.03ms | tok/sec: 199,574 | mfu: 43.88 | epoch: 1 | total time: 49.54m
step 01143 (25.94%) | K: 3 | loss: 1.957630 | L1: 0.983542 | L2: 0.974221 | L3: 0.973957 | lrm: 1.00 | dt: 2624.66ms | tok/sec: 199,754 | mfu: 43.92 | epoch: 1 | total time: 49.58m
step 01144 (25.96%) | K: 3 | loss: 1.959701 | L1: 0.984625 | L2: 0.975217 | L3: 0.974933 | lrm: 1.00 | dt: 2636.55ms | tok/sec: 198,853 | mfu: 43.72 | epoch: 1 | total time: 49.63m
step 01145 (25.98%) | K: 3 | loss: 1.957185 | L1: 0.983421 | L2: 0.973913 | L3: 0.973615 | lrm: 1.00 | dt: 2626.41ms | tok/sec: 199,621 | mfu: 43.89 | epoch: 1 | total time: 49.67m
step 01146 (26.00%) | K: 3 | loss: 1.951860 | L1: 0.980721 | L2: 0.971277 | L3: 0.971001 | lrm: 1.00 | dt: 2634.91ms | tok/sec: 198,977 | mfu: 43.75 | epoch: 1 | total time: 49.71m
step 01147 (26.03%) | K: 3 | loss: 1.949554 | L1: 0.979511 | L2: 0.970179 | L3: 0.969907 | lrm: 1.00 | dt: 2629.45ms | tok/sec: 199,391 | mfu: 43.84 | epoch: 1 | total time: 49.76m
step 01148 (26.05%) | K: 3 | loss: 1.942764 | L1: 0.976157 | L2: 0.966757 | L3: 0.966457 | lrm: 1.00 | dt: 2625.24ms | tok/sec: 199,710 | mfu: 43.91 | epoch: 1 | total time: 49.80m
step 01149 (26.07%) | K: 3 | loss: 1.948499 | L1: 0.979052 | L2: 0.969600 | L3: 0.969294 | lrm: 1.00 | dt: 2629.66ms | tok/sec: 199,375 | mfu: 43.84 | epoch: 1 | total time: 49.85m
step 01150 (26.09%) | K: 3 | loss: 1.962453 | L1: 0.986129 | L2: 0.976477 | L3: 0.976171 | lrm: 1.00 | dt: 2628.40ms | tok/sec: 199,470 | mfu: 43.86 | epoch: 1 | total time: 49.89m
step 01151 (26.12%) | K: 3 | loss: 1.967435 | L1: 0.988586 | L2: 0.979006 | L3: 0.978691 | lrm: 1.00 | dt: 2630.95ms | tok/sec: 199,277 | mfu: 43.81 | epoch: 1 | total time: 49.93m
step 01152 (26.14%) | K: 3 | loss: 1.961965 | L1: 0.985852 | L2: 0.976266 | L3: 0.975961 | lrm: 1.00 | dt: 2624.26ms | tok/sec: 199,785 | mfu: 43.93 | epoch: 1 | total time: 49.98m
step 01153 (26.16%) | K: 3 | loss: 1.958607 | L1: 0.984129 | L2: 0.974626 | L3: 0.974330 | lrm: 1.00 | dt: 2624.17ms | tok/sec: 199,792 | mfu: 43.93 | epoch: 1 | total time: 50.02m
step 01154 (26.19%) | K: 3 | loss: 1.957714 | L1: 0.983646 | L2: 0.974211 | L3: 0.973925 | lrm: 1.00 | dt: 2631.94ms | tok/sec: 199,201 | mfu: 43.80 | epoch: 1 | total time: 50.06m
step 01155 (26.21%) | K: 3 | loss: 1.953199 | L1: 0.981369 | L2: 0.971963 | L3: 0.971697 | lrm: 1.00 | dt: 2622.73ms | tok/sec: 199,901 | mfu: 43.95 | epoch: 1 | total time: 50.11m
step 01156 (26.23%) | K: 3 | loss: 1.958612 | L1: 0.984116 | L2: 0.974617 | L3: 0.974375 | lrm: 1.00 | dt: 2630.55ms | tok/sec: 199,307 | mfu: 43.82 | epoch: 1 | total time: 50.15m
step 01157 (26.25%) | K: 3 | loss: 1.965726 | L1: 0.987643 | L2: 0.978205 | L3: 0.977961 | lrm: 1.00 | dt: 2628.01ms | tok/sec: 199,500 | mfu: 43.86 | epoch: 1 | total time: 50.20m
step 01158 (26.28%) | K: 3 | loss: 1.957921 | L1: 0.983758 | L2: 0.974282 | L3: 0.974043 | lrm: 1.00 | dt: 2627.55ms | tok/sec: 199,534 | mfu: 43.87 | epoch: 1 | total time: 50.24m
step 01159 (26.30%) | K: 3 | loss: 1.947531 | L1: 0.978540 | L2: 0.969114 | L3: 0.968868 | lrm: 1.00 | dt: 2629.16ms | tok/sec: 199,412 | mfu: 43.84 | epoch: 1 | total time: 50.28m
step 01160 (26.32%) | K: 3 | loss: 1.942574 | L1: 0.976029 | L2: 0.966655 | L3: 0.966433 | lrm: 1.00 | dt: 2625.00ms | tok/sec: 199,729 | mfu: 43.91 | epoch: 1 | total time: 50.33m
step 01161 (26.34%) | K: 3 | loss: 1.942776 | L1: 0.976118 | L2: 0.966782 | L3: 0.966535 | lrm: 1.00 | dt: 2629.89ms | tok/sec: 199,357 | mfu: 43.83 | epoch: 1 | total time: 50.37m
step 01162 (26.37%) | K: 3 | loss: 1.932919 | L1: 0.971173 | L2: 0.961873 | L3: 0.961619 | lrm: 1.00 | dt: 2620.71ms | tok/sec: 200,055 | mfu: 43.99 | epoch: 1 | total time: 50.41m
step 01163 (26.39%) | K: 3 | loss: 1.951496 | L1: 0.980438 | L2: 0.971185 | L3: 0.970931 | lrm: 1.00 | dt: 2625.13ms | tok/sec: 199,719 | mfu: 43.91 | epoch: 1 | total time: 50.46m
step 01164 (26.41%) | K: 3 | loss: 1.959108 | L1: 0.984295 | L2: 0.974940 | L3: 0.974687 | lrm: 1.00 | dt: 2629.35ms | tok/sec: 199,398 | mfu: 43.84 | epoch: 1 | total time: 50.50m
step 01165 (26.44%) | K: 3 | loss: 1.955051 | L1: 0.982275 | L2: 0.972900 | L3: 0.972652 | lrm: 1.00 | dt: 2624.72ms | tok/sec: 199,749 | mfu: 43.92 | epoch: 1 | total time: 50.55m
step 01166 (26.46%) | K: 3 | loss: 1.949774 | L1: 0.979666 | L2: 0.970233 | L3: 0.969983 | lrm: 1.00 | dt: 2627.97ms | tok/sec: 199,503 | mfu: 43.86 | epoch: 1 | total time: 50.59m
step 01167 (26.48%) | K: 3 | loss: 1.942719 | L1: 0.976096 | L2: 0.966743 | L3: 0.966503 | lrm: 1.00 | dt: 2631.48ms | tok/sec: 199,237 | mfu: 43.81 | epoch: 1 | total time: 50.63m
step 01168 (26.50%) | K: 3 | loss: 1.937663 | L1: 0.973561 | L2: 0.964227 | L3: 0.963978 | lrm: 1.00 | dt: 2625.68ms | tok/sec: 199,676 | mfu: 43.90 | epoch: 1 | total time: 50.68m
step 01169 (26.53%) | K: 3 | loss: 1.942608 | L1: 0.976075 | L2: 0.966665 | L3: 0.966402 | lrm: 1.00 | dt: 2628.73ms | tok/sec: 199,445 | mfu: 43.85 | epoch: 1 | total time: 50.72m
step 01170 (26.55%) | K: 3 | loss: 1.928709 | L1: 0.969128 | L2: 0.959721 | L3: 0.959440 | lrm: 1.00 | dt: 2624.90ms | tok/sec: 199,736 | mfu: 43.92 | epoch: 1 | total time: 50.77m
step 01171 (26.57%) | K: 3 | loss: 1.939599 | L1: 0.974621 | L2: 0.965123 | L3: 0.964834 | lrm: 1.00 | dt: 2626.99ms | tok/sec: 199,577 | mfu: 43.88 | epoch: 1 | total time: 50.81m
step 01172 (26.59%) | K: 3 | loss: 1.936596 | L1: 0.973103 | L2: 0.963619 | L3: 0.963366 | lrm: 1.00 | dt: 2628.61ms | tok/sec: 199,454 | mfu: 43.85 | epoch: 1 | total time: 50.85m
step 01173 (26.62%) | K: 3 | loss: 1.943581 | L1: 0.976587 | L2: 0.967133 | L3: 0.966855 | lrm: 1.00 | dt: 2629.12ms | tok/sec: 199,415 | mfu: 43.85 | epoch: 1 | total time: 50.90m
step 01174 (26.64%) | K: 3 | loss: 1.943265 | L1: 0.976438 | L2: 0.966965 | L3: 0.966688 | lrm: 1.00 | dt: 2629.10ms | tok/sec: 199,417 | mfu: 43.85 | epoch: 1 | total time: 50.94m
step 01175 (26.66%) | K: 3 | loss: 1.945059 | L1: 0.977411 | L2: 0.967791 | L3: 0.967504 | lrm: 1.00 | dt: 2626.74ms | tok/sec: 199,596 | mfu: 43.88 | epoch: 1 | total time: 50.98m
step 01176 (26.68%) | K: 3 | loss: 1.952917 | L1: 0.981347 | L2: 0.971711 | L3: 0.971430 | lrm: 1.00 | dt: 2629.48ms | tok/sec: 199,388 | mfu: 43.84 | epoch: 1 | total time: 51.03m
step 01177 (26.71%) | K: 3 | loss: 1.951713 | L1: 0.980722 | L2: 0.971141 | L3: 0.970842 | lrm: 1.00 | dt: 2622.76ms | tok/sec: 199,899 | mfu: 43.95 | epoch: 1 | total time: 51.07m
step 01178 (26.73%) | K: 3 | loss: 1.944986 | L1: 0.977296 | L2: 0.967834 | L3: 0.967545 | lrm: 1.00 | dt: 2633.69ms | tok/sec: 199,069 | mfu: 43.77 | epoch: 1 | total time: 51.12m
step 01179 (26.75%) | K: 3 | loss: 1.937513 | L1: 0.973543 | L2: 0.964108 | L3: 0.963832 | lrm: 1.00 | dt: 2621.47ms | tok/sec: 199,997 | mfu: 43.97 | epoch: 1 | total time: 51.16m
step 01180 (26.78%) | K: 3 | loss: 1.950202 | L1: 0.979955 | L2: 0.970388 | L3: 0.970106 | lrm: 1.00 | dt: 2623.07ms | tok/sec: 199,876 | mfu: 43.95 | epoch: 1 | total time: 51.20m
step 01181 (26.80%) | K: 3 | loss: 1.946863 | L1: 0.978334 | L2: 0.968670 | L3: 0.968388 | lrm: 1.00 | dt: 2630.53ms | tok/sec: 199,308 | mfu: 43.82 | epoch: 1 | total time: 51.25m
step 01182 (26.82%) | K: 3 | loss: 1.938110 | L1: 0.973861 | L2: 0.964388 | L3: 0.964110 | lrm: 1.00 | dt: 2623.85ms | tok/sec: 199,816 | mfu: 43.93 | epoch: 1 | total time: 51.29m
step 01183 (26.84%) | K: 3 | loss: 1.937376 | L1: 0.973461 | L2: 0.964051 | L3: 0.963778 | lrm: 1.00 | dt: 2631.53ms | tok/sec: 199,233 | mfu: 43.80 | epoch: 1 | total time: 51.33m
step 01184 (26.87%) | K: 3 | loss: 1.933802 | L1: 0.971676 | L2: 0.962264 | L3: 0.961988 | lrm: 1.00 | dt: 2628.44ms | tok/sec: 199,467 | mfu: 43.86 | epoch: 1 | total time: 51.38m
step 01185 (26.89%) | K: 3 | loss: 1.929256 | L1: 0.969408 | L2: 0.959982 | L3: 0.959715 | lrm: 1.00 | dt: 2624.39ms | tok/sec: 199,775 | mfu: 43.92 | epoch: 1 | total time: 51.42m
step 01186 (26.91%) | K: 3 | loss: 1.926345 | L1: 0.967949 | L2: 0.958519 | L3: 0.958271 | lrm: 1.00 | dt: 2629.01ms | tok/sec: 199,424 | mfu: 43.85 | epoch: 1 | total time: 51.47m
step 01187 (26.93%) | K: 3 | loss: 1.924753 | L1: 0.967151 | L2: 0.957721 | L3: 0.957482 | lrm: 1.00 | dt: 2623.66ms | tok/sec: 199,830 | mfu: 43.94 | epoch: 1 | total time: 51.51m
step 01188 (26.96%) | K: 3 | loss: 1.924699 | L1: 0.967134 | L2: 0.957683 | L3: 0.957448 | lrm: 1.00 | dt: 2629.61ms | tok/sec: 199,378 | mfu: 43.84 | epoch: 1 | total time: 51.55m
step 01189 (26.98%) | K: 3 | loss: 1.932699 | L1: 0.971112 | L2: 0.961707 | L3: 0.961468 | lrm: 1.00 | dt: 2628.28ms | tok/sec: 199,479 | mfu: 43.86 | epoch: 1 | total time: 51.60m
step 01190 (27.00%) | K: 3 | loss: 1.937741 | L1: 0.973593 | L2: 0.964267 | L3: 0.964028 | lrm: 1.00 | dt: 2627.23ms | tok/sec: 199,559 | mfu: 43.88 | epoch: 1 | total time: 51.64m
step 01191 (27.03%) | K: 3 | loss: 1.933406 | L1: 0.971435 | L2: 0.962100 | L3: 0.961841 | lrm: 1.00 | dt: 2628.41ms | tok/sec: 199,469 | mfu: 43.86 | epoch: 1 | total time: 51.68m
step 01192 (27.05%) | K: 3 | loss: 1.930107 | L1: 0.969763 | L2: 0.960473 | L3: 0.960215 | lrm: 1.00 | dt: 2627.96ms | tok/sec: 199,503 | mfu: 43.86 | epoch: 1 | total time: 51.73m
step 01193 (27.07%) | K: 3 | loss: 1.928028 | L1: 0.968704 | L2: 0.959458 | L3: 0.959191 | lrm: 1.00 | dt: 2626.95ms | tok/sec: 199,580 | mfu: 43.88 | epoch: 1 | total time: 51.77m
step 01194 (27.09%) | K: 3 | loss: 1.929322 | L1: 0.969380 | L2: 0.960080 | L3: 0.959804 | lrm: 1.00 | dt: 2623.54ms | tok/sec: 199,840 | mfu: 43.94 | epoch: 1 | total time: 51.82m
step 01195 (27.12%) | K: 3 | loss: 1.918654 | L1: 0.964118 | L2: 0.954672 | L3: 0.954400 | lrm: 1.00 | dt: 2627.41ms | tok/sec: 199,545 | mfu: 43.87 | epoch: 1 | total time: 51.86m
step 01196 (27.14%) | K: 3 | loss: 1.929639 | L1: 0.969632 | L2: 0.960132 | L3: 0.959882 | lrm: 1.00 | dt: 2627.45ms | tok/sec: 199,542 | mfu: 43.87 | epoch: 1 | total time: 51.90m
step 01197 (27.16%) | K: 3 | loss: 1.924258 | L1: 0.966998 | L2: 0.957374 | L3: 0.957145 | lrm: 1.00 | dt: 2623.58ms | tok/sec: 199,836 | mfu: 43.94 | epoch: 1 | total time: 51.95m
step 01198 (27.18%) | K: 3 | loss: 1.923891 | L1: 0.966827 | L2: 0.957183 | L3: 0.956944 | lrm: 1.00 | dt: 2632.13ms | tok/sec: 199,187 | mfu: 43.79 | epoch: 1 | total time: 51.99m
step 01199 (27.21%) | K: 3 | loss: 1.933880 | L1: 0.971848 | L2: 0.962147 | L3: 0.961917 | lrm: 1.00 | dt: 2626.76ms | tok/sec: 199,595 | mfu: 43.88 | epoch: 1 | total time: 52.03m
step 01200 (27.23%) | K: 3 | loss: 1.935953 | L1: 0.972864 | L2: 0.963214 | L3: 0.962964 | lrm: 1.00 | dt: 2629.80ms | tok/sec: 199,364 | mfu: 43.83 | epoch: 1 | total time: 52.08m
step 01201 (27.25%) | K: 3 | loss: 1.934776 | L1: 0.972259 | L2: 0.962647 | L3: 0.962388 | lrm: 1.00 | dt: 2625.56ms | tok/sec: 199,685 | mfu: 43.90 | epoch: 1 | total time: 52.12m
step 01202 (27.27%) | K: 3 | loss: 1.935968 | L1: 0.972768 | L2: 0.963326 | L3: 0.963074 | lrm: 1.00 | dt: 2626.69ms | tok/sec: 199,600 | mfu: 43.89 | epoch: 1 | total time: 52.17m
step 01203 (27.30%) | K: 3 | loss: 1.945181 | L1: 0.977355 | L2: 0.967953 | L3: 0.967701 | lrm: 1.00 | dt: 2628.22ms | tok/sec: 199,483 | mfu: 43.86 | epoch: 1 | total time: 52.21m
step 01204 (27.32%) | K: 3 | loss: 1.949240 | L1: 0.979358 | L2: 0.970001 | L3: 0.969763 | lrm: 1.00 | dt: 2627.49ms | tok/sec: 199,539 | mfu: 43.87 | epoch: 1 | total time: 52.25m
step 01205 (27.34%) | K: 3 | loss: 1.950312 | L1: 0.979928 | L2: 0.970500 | L3: 0.970267 | lrm: 1.00 | dt: 2630.41ms | tok/sec: 199,318 | mfu: 43.82 | epoch: 1 | total time: 52.30m
step 01206 (27.37%) | K: 3 | loss: 1.936792 | L1: 0.973172 | L2: 0.963745 | L3: 0.963494 | lrm: 1.00 | dt: 2624.62ms | tok/sec: 199,758 | mfu: 43.92 | epoch: 1 | total time: 52.34m
step 01207 (27.39%) | K: 3 | loss: 1.933780 | L1: 0.971676 | L2: 0.962242 | L3: 0.961965 | lrm: 1.00 | dt: 2630.23ms | tok/sec: 199,331 | mfu: 43.83 | epoch: 1 | total time: 52.39m
step 01208 (27.41%) | K: 3 | loss: 1.924411 | L1: 0.966997 | L2: 0.957551 | L3: 0.957277 | lrm: 1.00 | dt: 2624.54ms | tok/sec: 199,764 | mfu: 43.92 | epoch: 1 | total time: 52.43m
step 01209 (27.43%) | K: 3 | loss: 1.917344 | L1: 0.963461 | L2: 0.954029 | L3: 0.953737 | lrm: 1.00 | dt: 2628.30ms | tok/sec: 199,478 | mfu: 43.86 | epoch: 1 | total time: 52.47m
step 01210 (27.46%) | K: 3 | loss: 1.911928 | L1: 0.960698 | L2: 0.951368 | L3: 0.951091 | lrm: 1.00 | dt: 2627.94ms | tok/sec: 199,504 | mfu: 43.86 | epoch: 1 | total time: 52.52m
step 01211 (27.48%) | K: 3 | loss: 1.922302 | L1: 0.965840 | L2: 0.956600 | L3: 0.956323 | lrm: 1.00 | dt: 2623.68ms | tok/sec: 199,829 | mfu: 43.94 | epoch: 1 | total time: 52.56m
step 01212 (27.50%) | K: 3 | loss: 1.928897 | L1: 0.969121 | L2: 0.959911 | L3: 0.959642 | lrm: 1.00 | dt: 2623.20ms | tok/sec: 199,865 | mfu: 43.94 | epoch: 1 | total time: 52.60m
step 01213 (27.52%) | K: 3 | loss: 1.927134 | L1: 0.968268 | L2: 0.958999 | L3: 0.958734 | lrm: 1.00 | dt: 2626.14ms | tok/sec: 199,642 | mfu: 43.89 | epoch: 1 | total time: 52.65m
step 01214 (27.55%) | K: 3 | loss: 1.923150 | L1: 0.966282 | L2: 0.957003 | L3: 0.956734 | lrm: 1.00 | dt: 2619.28ms | tok/sec: 200,165 | mfu: 44.01 | epoch: 1 | total time: 52.69m
step 01215 (27.57%) | K: 3 | loss: 1.929580 | L1: 0.969459 | L2: 0.960253 | L3: 0.959989 | lrm: 1.00 | dt: 2624.54ms | tok/sec: 199,763 | mfu: 43.92 | epoch: 1 | total time: 52.74m
step 01216 (27.59%) | K: 3 | loss: 1.931783 | L1: 0.970599 | L2: 0.961318 | L3: 0.961050 | lrm: 1.00 | dt: 2623.52ms | tok/sec: 199,841 | mfu: 43.94 | epoch: 1 | total time: 52.78m
step 01217 (27.62%) | K: 3 | loss: 1.933197 | L1: 0.971333 | L2: 0.961999 | L3: 0.961728 | lrm: 1.00 | dt: 2627.19ms | tok/sec: 199,562 | mfu: 43.88 | epoch: 1 | total time: 52.82m
step 01218 (27.64%) | K: 3 | loss: 1.932099 | L1: 0.970824 | L2: 0.961412 | L3: 0.961137 | lrm: 1.00 | dt: 2626.24ms | tok/sec: 199,634 | mfu: 43.89 | epoch: 1 | total time: 52.87m
step 01219 (27.66%) | K: 3 | loss: 1.927631 | L1: 0.968461 | L2: 0.959298 | L3: 0.959040 | lrm: 1.00 | dt: 2632.35ms | tok/sec: 199,171 | mfu: 43.79 | epoch: 1 | total time: 52.91m
step 01220 (27.68%) | K: 3 | loss: 1.934729 | L1: 0.972001 | L2: 0.962862 | L3: 0.962594 | lrm: 1.00 | dt: 2627.03ms | tok/sec: 199,574 | mfu: 43.88 | epoch: 1 | total time: 52.95m
step 01221 (27.71%) | K: 3 | loss: 1.930698 | L1: 0.969995 | L2: 0.960846 | L3: 0.960559 | lrm: 1.00 | dt: 2624.36ms | tok/sec: 199,777 | mfu: 43.92 | epoch: 1 | total time: 53.00m
step 01222 (27.73%) | K: 3 | loss: 1.926807 | L1: 0.968062 | L2: 0.958889 | L3: 0.958601 | lrm: 1.00 | dt: 2681.27ms | tok/sec: 195,536 | mfu: 42.99 | epoch: 1 | total time: 53.04m
step 01223 (27.75%) | K: 3 | loss: 1.923818 | L1: 0.966569 | L2: 0.957394 | L3: 0.957104 | lrm: 1.00 | dt: 2625.22ms | tok/sec: 199,712 | mfu: 43.91 | epoch: 1 | total time: 53.09m
step 01224 (27.77%) | K: 3 | loss: 1.925028 | L1: 0.967177 | L2: 0.957986 | L3: 0.957715 | lrm: 1.00 | dt: 2628.47ms | tok/sec: 199,465 | mfu: 43.86 | epoch: 1 | total time: 53.13m
step 01225 (27.80%) | K: 3 | loss: 1.921444 | L1: 0.965429 | L2: 0.956150 | L3: 0.955879 | lrm: 1.00 | dt: 2628.56ms | tok/sec: 199,458 | mfu: 43.85 | epoch: 1 | total time: 53.17m
step 01226 (27.82%) | K: 3 | loss: 1.931454 | L1: 0.970436 | L2: 0.961161 | L3: 0.960875 | lrm: 1.00 | dt: 2626.06ms | tok/sec: 199,648 | mfu: 43.90 | epoch: 1 | total time: 53.22m
step 01227 (27.84%) | K: 3 | loss: 1.931416 | L1: 0.970397 | L2: 0.961166 | L3: 0.960871 | lrm: 1.00 | dt: 2629.23ms | tok/sec: 199,407 | mfu: 43.84 | epoch: 1 | total time: 53.26m
step 01228 (27.86%) | K: 3 | loss: 1.924195 | L1: 0.966846 | L2: 0.957502 | L3: 0.957197 | lrm: 1.00 | dt: 2625.66ms | tok/sec: 199,678 | mfu: 43.90 | epoch: 1 | total time: 53.31m
step 01229 (27.89%) | K: 3 | loss: 1.921504 | L1: 0.965522 | L2: 0.956127 | L3: 0.955837 | lrm: 1.00 | dt: 2627.52ms | tok/sec: 199,537 | mfu: 43.87 | epoch: 1 | total time: 53.35m
step 01230 (27.91%) | K: 3 | loss: 1.921638 | L1: 0.965569 | L2: 0.956215 | L3: 0.955924 | lrm: 1.00 | dt: 2637.07ms | tok/sec: 198,814 | mfu: 43.71 | epoch: 1 | total time: 53.39m
step 01231 (27.93%) | K: 3 | loss: 1.919947 | L1: 0.964703 | L2: 0.955389 | L3: 0.955101 | lrm: 1.00 | dt: 2625.66ms | tok/sec: 199,678 | mfu: 43.90 | epoch: 1 | total time: 53.44m
step 01232 (27.96%) | K: 3 | loss: 1.927988 | L1: 0.968751 | L2: 0.959380 | L3: 0.959094 | lrm: 1.00 | dt: 2778.27ms | tok/sec: 188,710 | mfu: 41.49 | epoch: 1 | total time: 53.48m
step 01233 (27.98%) | K: 3 | loss: 1.938745 | L1: 0.974134 | L2: 0.964752 | L3: 0.964471 | lrm: 1.00 | dt: 2621.50ms | tok/sec: 199,995 | mfu: 43.97 | epoch: 1 | total time: 53.53m
step 01234 (28.00%) | K: 3 | loss: 1.930407 | L1: 0.970007 | L2: 0.960550 | L3: 0.960251 | lrm: 1.00 | dt: 2628.90ms | tok/sec: 199,432 | mfu: 43.85 | epoch: 1 | total time: 53.57m
step 01235 (28.02%) | K: 3 | loss: 1.931243 | L1: 0.970467 | L2: 0.960936 | L3: 0.960616 | lrm: 1.00 | dt: 2624.84ms | tok/sec: 199,740 | mfu: 43.92 | epoch: 1 | total time: 53.61m
step 01236 (28.05%) | K: 3 | loss: 1.931166 | L1: 0.970370 | L2: 0.960952 | L3: 0.960639 | lrm: 1.00 | dt: 2621.51ms | tok/sec: 199,994 | mfu: 43.97 | epoch: 1 | total time: 53.66m
step 01237 (28.07%) | K: 3 | loss: 1.934928 | L1: 0.972247 | L2: 0.962840 | L3: 0.962521 | lrm: 1.00 | dt: 2624.79ms | tok/sec: 199,744 | mfu: 43.92 | epoch: 1 | total time: 53.70m
step 01238 (28.09%) | K: 3 | loss: 1.936314 | L1: 0.972951 | L2: 0.963522 | L3: 0.963204 | lrm: 1.00 | dt: 2621.86ms | tok/sec: 199,967 | mfu: 43.97 | epoch: 1 | total time: 53.75m
step 01239 (28.11%) | K: 3 | loss: 1.943694 | L1: 0.976673 | L2: 0.967171 | L3: 0.966871 | lrm: 1.00 | dt: 2624.54ms | tok/sec: 199,763 | mfu: 43.92 | epoch: 1 | total time: 53.79m
step 01240 (28.14%) | K: 3 | loss: 1.942557 | L1: 0.976055 | L2: 0.966652 | L3: 0.966351 | lrm: 1.00 | dt: 2626.67ms | tok/sec: 199,601 | mfu: 43.89 | epoch: 1 | total time: 53.83m
step 01241 (28.16%) | K: 3 | loss: 1.944166 | L1: 0.976878 | L2: 0.967445 | L3: 0.967132 | lrm: 1.00 | dt: 2626.21ms | tok/sec: 199,636 | mfu: 43.89 | epoch: 1 | total time: 53.88m
step 01242 (28.18%) | K: 3 | loss: 1.942116 | L1: 0.975869 | L2: 0.966402 | L3: 0.966091 | lrm: 1.00 | dt: 2623.59ms | tok/sec: 199,836 | mfu: 43.94 | epoch: 1 | total time: 53.92m
step 01243 (28.21%) | K: 3 | loss: 1.948797 | L1: 0.979217 | L2: 0.969747 | L3: 0.969412 | lrm: 1.00 | dt: 2626.87ms | tok/sec: 199,586 | mfu: 43.88 | epoch: 1 | total time: 53.96m
step 01244 (28.23%) | K: 3 | loss: 1.952152 | L1: 0.980879 | L2: 0.971435 | L3: 0.971110 | lrm: 1.00 | dt: 2621.79ms | tok/sec: 199,973 | mfu: 43.97 | epoch: 1 | total time: 54.01m
step 01245 (28.25%) | K: 3 | loss: 1.961219 | L1: 0.985391 | L2: 0.975995 | L3: 0.975661 | lrm: 1.00 | dt: 2623.76ms | tok/sec: 199,822 | mfu: 43.93 | epoch: 1 | total time: 54.05m
step 01246 (28.27%) | K: 3 | loss: 1.953574 | L1: 0.981646 | L2: 0.972142 | L3: 0.971715 | lrm: 1.00 | dt: 2622.61ms | tok/sec: 199,910 | mfu: 43.95 | epoch: 1 | total time: 54.10m
step 01247 (28.30%) | K: 3 | loss: 1.961813 | L1: 0.985778 | L2: 0.976251 | L3: 0.975819 | lrm: 1.00 | dt: 2626.06ms | tok/sec: 199,648 | mfu: 43.90 | epoch: 1 | total time: 54.14m
step 01248 (28.32%) | K: 3 | loss: 1.966035 | L1: 0.987837 | L2: 0.978398 | L3: 0.977997 | lrm: 1.00 | dt: 2626.32ms | tok/sec: 199,628 | mfu: 43.89 | epoch: 1 | total time: 54.18m
step 01249 (28.34%) | K: 3 | loss: 1.965438 | L1: 0.987482 | L2: 0.978145 | L3: 0.977768 | lrm: 1.00 | dt: 2627.44ms | tok/sec: 199,543 | mfu: 43.87 | epoch: 1 | total time: 54.23m
step 01250 (28.36%) | K: 3 | loss: 1.948857 | L1: 0.979166 | L2: 0.969875 | L3: 0.969506 | lrm: 1.00 | dt: 2632.52ms | tok/sec: 199,158 | mfu: 43.79 | epoch: 1 | total time: 54.27m
Step 01250 | Validation L1 bpb: 0.5123 | L2 bpb: 0.5072 | L3 bpb: 0.5070
step 01251 (28.39%) | K: 3 | loss: 1.942792 | L1: 0.976085 | L2: 0.966882 | L3: 0.966532 | lrm: 1.00 | dt: 2640.40ms | tok/sec: 198,563 | mfu: 43.66 | epoch: 1 | total time: 54.31m
step 01252 (28.41%) | K: 3 | loss: 1.936481 | L1: 0.972925 | L2: 0.963731 | L3: 0.963381 | lrm: 1.00 | dt: 2622.28ms | tok/sec: 199,936 | mfu: 43.96 | epoch: 1 | total time: 54.36m
step 01253 (28.43%) | K: 3 | loss: 1.933121 | L1: 0.971255 | L2: 0.962032 | L3: 0.961701 | lrm: 1.00 | dt: 2625.53ms | tok/sec: 199,688 | mfu: 43.91 | epoch: 1 | total time: 54.40m
step 01254 (28.45%) | K: 3 | loss: 1.938710 | L1: 0.974058 | L2: 0.964804 | L3: 0.964502 | lrm: 1.00 | dt: 2626.84ms | tok/sec: 199,588 | mfu: 43.88 | epoch: 1 | total time: 54.45m
step 01255 (28.48%) | K: 3 | loss: 1.938929 | L1: 0.974157 | L2: 0.964908 | L3: 0.964636 | lrm: 1.00 | dt: 2624.00ms | tok/sec: 199,804 | mfu: 43.93 | epoch: 1 | total time: 54.49m
step 01256 (28.50%) | K: 3 | loss: 1.939071 | L1: 0.974174 | L2: 0.965042 | L3: 0.964752 | lrm: 1.00 | dt: 2626.68ms | tok/sec: 199,600 | mfu: 43.89 | epoch: 1 | total time: 54.53m
step 01257 (28.52%) | K: 3 | loss: 1.955704 | L1: 0.982536 | L2: 0.973305 | L3: 0.973031 | lrm: 1.00 | dt: 2627.97ms | tok/sec: 199,502 | mfu: 43.86 | epoch: 1 | total time: 54.58m
step 01258 (28.55%) | K: 3 | loss: 1.946829 | L1: 0.978123 | L2: 0.968837 | L3: 0.968574 | lrm: 1.00 | dt: 2621.58ms | tok/sec: 199,989 | mfu: 43.97 | epoch: 1 | total time: 54.62m
step 01259 (28.57%) | K: 3 | loss: 1.955688 | L1: 0.982487 | L2: 0.973327 | L3: 0.973076 | lrm: 1.00 | dt: 2628.77ms | tok/sec: 199,442 | mfu: 43.85 | epoch: 1 | total time: 54.66m
step 01260 (28.59%) | K: 3 | loss: 1.939045 | L1: 0.974186 | L2: 0.964995 | L3: 0.964724 | lrm: 1.00 | dt: 2628.50ms | tok/sec: 199,462 | mfu: 43.86 | epoch: 1 | total time: 54.71m
step 01261 (28.61%) | K: 3 | loss: 1.934310 | L1: 0.971809 | L2: 0.962632 | L3: 0.962371 | lrm: 1.00 | dt: 2624.93ms | tok/sec: 199,733 | mfu: 43.92 | epoch: 1 | total time: 54.75m
step 01262 (28.64%) | K: 3 | loss: 1.934867 | L1: 0.972108 | L2: 0.962898 | L3: 0.962620 | lrm: 1.00 | dt: 2627.79ms | tok/sec: 199,516 | mfu: 43.87 | epoch: 1 | total time: 54.80m
step 01263 (28.66%) | K: 3 | loss: 1.935346 | L1: 0.972336 | L2: 0.963146 | L3: 0.962873 | lrm: 1.00 | dt: 2625.78ms | tok/sec: 199,669 | mfu: 43.90 | epoch: 1 | total time: 54.84m
step 01264 (28.68%) | K: 3 | loss: 1.940441 | L1: 0.974889 | L2: 0.965694 | L3: 0.965410 | lrm: 1.00 | dt: 2625.13ms | tok/sec: 199,719 | mfu: 43.91 | epoch: 1 | total time: 54.88m
step 01265 (28.70%) | K: 3 | loss: 1.936041 | L1: 0.972676 | L2: 0.963493 | L3: 0.963237 | lrm: 1.00 | dt: 2628.55ms | tok/sec: 199,458 | mfu: 43.85 | epoch: 1 | total time: 54.93m
step 01266 (28.73%) | K: 3 | loss: 1.942765 | L1: 0.976007 | L2: 0.966873 | L3: 0.966644 | lrm: 1.00 | dt: 2626.21ms | tok/sec: 199,637 | mfu: 43.89 | epoch: 1 | total time: 54.97m
step 01267 (28.75%) | K: 3 | loss: 1.934104 | L1: 0.971636 | L2: 0.962587 | L3: 0.962349 | lrm: 1.00 | dt: 2625.99ms | tok/sec: 199,653 | mfu: 43.90 | epoch: 1 | total time: 55.01m
step 01268 (28.77%) | K: 3 | loss: 1.938525 | L1: 0.973857 | L2: 0.964786 | L3: 0.964550 | lrm: 1.00 | dt: 2624.94ms | tok/sec: 199,733 | mfu: 43.91 | epoch: 1 | total time: 55.06m
step 01269 (28.80%) | K: 3 | loss: 1.932003 | L1: 0.970542 | L2: 0.961586 | L3: 0.961336 | lrm: 1.00 | dt: 2623.03ms | tok/sec: 199,878 | mfu: 43.95 | epoch: 1 | total time: 55.10m
step 01270 (28.82%) | K: 3 | loss: 1.930246 | L1: 0.969696 | L2: 0.960669 | L3: 0.960433 | lrm: 1.00 | dt: 2626.92ms | tok/sec: 199,582 | mfu: 43.88 | epoch: 1 | total time: 55.15m
step 01271 (28.84%) | K: 3 | loss: 1.935769 | L1: 0.972482 | L2: 0.963408 | L3: 0.963165 | lrm: 1.00 | dt: 2628.09ms | tok/sec: 199,493 | mfu: 43.86 | epoch: 1 | total time: 55.19m
step 01272 (28.86%) | K: 3 | loss: 1.934262 | L1: 0.971774 | L2: 0.962617 | L3: 0.962359 | lrm: 1.00 | dt: 2622.49ms | tok/sec: 199,919 | mfu: 43.96 | epoch: 1 | total time: 55.23m
step 01273 (28.89%) | K: 3 | loss: 1.942970 | L1: 0.976120 | L2: 0.966979 | L3: 0.966722 | lrm: 1.00 | dt: 2629.34ms | tok/sec: 199,399 | mfu: 43.84 | epoch: 1 | total time: 55.28m
step 01274 (28.91%) | K: 3 | loss: 1.945884 | L1: 0.977571 | L2: 0.968446 | L3: 0.968179 | lrm: 1.00 | dt: 2623.14ms | tok/sec: 199,870 | mfu: 43.95 | epoch: 1 | total time: 55.32m
step 01275 (28.93%) | K: 3 | loss: 1.939408 | L1: 0.974315 | L2: 0.965219 | L3: 0.964967 | lrm: 1.00 | dt: 2626.64ms | tok/sec: 199,603 | mfu: 43.89 | epoch: 1 | total time: 55.37m
step 01276 (28.95%) | K: 3 | loss: 1.931175 | L1: 0.970198 | L2: 0.961110 | L3: 0.960844 | lrm: 1.00 | dt: 2626.40ms | tok/sec: 199,622 | mfu: 43.89 | epoch: 1 | total time: 55.41m
step 01277 (28.98%) | K: 3 | loss: 1.923196 | L1: 0.966192 | L2: 0.957139 | L3: 0.956869 | lrm: 1.00 | dt: 2629.87ms | tok/sec: 199,358 | mfu: 43.83 | epoch: 1 | total time: 55.45m
step 01278 (29.00%) | K: 3 | loss: 1.927063 | L1: 0.968105 | L2: 0.959093 | L3: 0.958824 | lrm: 1.00 | dt: 2625.86ms | tok/sec: 199,663 | mfu: 43.90 | epoch: 1 | total time: 55.50m
step 01279 (29.02%) | K: 3 | loss: 1.918505 | L1: 0.963844 | L2: 0.954798 | L3: 0.954524 | lrm: 1.00 | dt: 2629.53ms | tok/sec: 199,385 | mfu: 43.84 | epoch: 1 | total time: 55.54m
step 01280 (29.04%) | K: 3 | loss: 1.919647 | L1: 0.964459 | L2: 0.955324 | L3: 0.955051 | lrm: 1.00 | dt: 2625.57ms | tok/sec: 199,685 | mfu: 43.90 | epoch: 1 | total time: 55.58m
step 01281 (29.07%) | K: 3 | loss: 1.933139 | L1: 0.971229 | L2: 0.962053 | L3: 0.961767 | lrm: 1.00 | dt: 2626.16ms | tok/sec: 199,640 | mfu: 43.89 | epoch: 1 | total time: 55.63m
step 01282 (29.09%) | K: 3 | loss: 1.924297 | L1: 0.966765 | L2: 0.957668 | L3: 0.957398 | lrm: 1.00 | dt: 2627.21ms | tok/sec: 199,560 | mfu: 43.88 | epoch: 1 | total time: 55.67m
step 01283 (29.11%) | K: 3 | loss: 1.929827 | L1: 0.969571 | L2: 0.960390 | L3: 0.960121 | lrm: 1.00 | dt: 2627.99ms | tok/sec: 199,501 | mfu: 43.86 | epoch: 1 | total time: 55.72m
step 01284 (29.14%) | K: 3 | loss: 1.921988 | L1: 0.965609 | L2: 0.956518 | L3: 0.956240 | lrm: 1.00 | dt: 2628.75ms | tok/sec: 199,443 | mfu: 43.85 | epoch: 1 | total time: 55.76m
step 01285 (29.16%) | K: 3 | loss: 1.909169 | L1: 0.959188 | L2: 0.950119 | L3: 0.949842 | lrm: 1.00 | dt: 2624.62ms | tok/sec: 199,757 | mfu: 43.92 | epoch: 1 | total time: 55.80m
step 01286 (29.18%) | K: 3 | loss: 1.911300 | L1: 0.960259 | L2: 0.951188 | L3: 0.950894 | lrm: 1.00 | dt: 2628.09ms | tok/sec: 199,493 | mfu: 43.86 | epoch: 1 | total time: 55.85m
step 01287 (29.20%) | K: 3 | loss: 1.910005 | L1: 0.959619 | L2: 0.950535 | L3: 0.950237 | lrm: 1.00 | dt: 2627.42ms | tok/sec: 199,544 | mfu: 43.87 | epoch: 1 | total time: 55.89m
step 01288 (29.23%) | K: 3 | loss: 1.916267 | L1: 0.962759 | L2: 0.953655 | L3: 0.953361 | lrm: 1.00 | dt: 2625.70ms | tok/sec: 199,675 | mfu: 43.90 | epoch: 1 | total time: 55.93m
step 01289 (29.25%) | K: 3 | loss: 1.936221 | L1: 0.972801 | L2: 0.963570 | L3: 0.963270 | lrm: 1.00 | dt: 2631.80ms | tok/sec: 199,212 | mfu: 43.80 | epoch: 1 | total time: 55.98m
step 01290 (29.27%) | K: 3 | loss: 1.927491 | L1: 0.968387 | L2: 0.959245 | L3: 0.958963 | lrm: 1.00 | dt: 2623.16ms | tok/sec: 199,868 | mfu: 43.94 | epoch: 1 | total time: 56.02m
step 01291 (29.29%) | K: 3 | loss: 1.927785 | L1: 0.968503 | L2: 0.959427 | L3: 0.959137 | lrm: 1.00 | dt: 2629.36ms | tok/sec: 199,397 | mfu: 43.84 | epoch: 1 | total time: 56.07m
step 01292 (29.32%) | K: 3 | loss: 1.921706 | L1: 0.965424 | L2: 0.956408 | L3: 0.956157 | lrm: 1.00 | dt: 2624.20ms | tok/sec: 199,789 | mfu: 43.93 | epoch: 1 | total time: 56.11m
step 01293 (29.34%) | K: 3 | loss: 1.909851 | L1: 0.959535 | L2: 0.950447 | L3: 0.950186 | lrm: 1.00 | dt: 2624.82ms | tok/sec: 199,742 | mfu: 43.92 | epoch: 1 | total time: 56.15m
step 01294 (29.36%) | K: 3 | loss: 1.913385 | L1: 0.961298 | L2: 0.952205 | L3: 0.951970 | lrm: 1.00 | dt: 2626.45ms | tok/sec: 199,618 | mfu: 43.89 | epoch: 1 | total time: 56.20m
step 01295 (29.39%) | K: 3 | loss: 1.913021 | L1: 0.961142 | L2: 0.952000 | L3: 0.951757 | lrm: 1.00 | dt: 2625.07ms | tok/sec: 199,723 | mfu: 43.91 | epoch: 1 | total time: 56.24m
step 01296 (29.41%) | K: 3 | loss: 1.910991 | L1: 0.960179 | L2: 0.950942 | L3: 0.950682 | lrm: 1.00 | dt: 2623.92ms | tok/sec: 199,811 | mfu: 43.93 | epoch: 1 | total time: 56.28m
step 01297 (29.43%) | K: 3 | loss: 1.920134 | L1: 0.964753 | L2: 0.955504 | L3: 0.955257 | lrm: 1.00 | dt: 2625.79ms | tok/sec: 199,669 | mfu: 43.90 | epoch: 1 | total time: 56.33m
step 01298 (29.45%) | K: 3 | loss: 1.914569 | L1: 0.961969 | L2: 0.952726 | L3: 0.952473 | lrm: 1.00 | dt: 2627.04ms | tok/sec: 199,573 | mfu: 43.88 | epoch: 1 | total time: 56.37m
step 01299 (29.48%) | K: 3 | loss: 1.919142 | L1: 0.964307 | L2: 0.954963 | L3: 0.954706 | lrm: 1.00 | dt: 2622.11ms | tok/sec: 199,949 | mfu: 43.96 | epoch: 1 | total time: 56.42m
step 01300 (29.50%) | K: 3 | loss: 1.911242 | L1: 0.960379 | L2: 0.950989 | L3: 0.950738 | lrm: 1.00 | dt: 2626.40ms | tok/sec: 199,622 | mfu: 43.89 | epoch: 1 | total time: 56.46m
step 01301 (29.52%) | K: 3 | loss: 1.918106 | L1: 0.963821 | L2: 0.954417 | L3: 0.954153 | lrm: 1.00 | dt: 2629.18ms | tok/sec: 199,411 | mfu: 43.84 | epoch: 1 | total time: 56.50m
step 01302 (29.54%) | K: 3 | loss: 1.912003 | L1: 0.960779 | L2: 0.951357 | L3: 0.951090 | lrm: 1.00 | dt: 2626.03ms | tok/sec: 199,650 | mfu: 43.90 | epoch: 1 | total time: 56.55m
step 01303 (29.57%) | K: 3 | loss: 1.919062 | L1: 0.964269 | L2: 0.954921 | L3: 0.954666 | lrm: 1.00 | dt: 2626.67ms | tok/sec: 199,601 | mfu: 43.89 | epoch: 1 | total time: 56.59m
step 01304 (29.59%) | K: 3 | loss: 1.910778 | L1: 0.960159 | L2: 0.950746 | L3: 0.950493 | lrm: 1.00 | dt: 2625.03ms | tok/sec: 199,726 | mfu: 43.91 | epoch: 1 | total time: 56.63m
step 01305 (29.61%) | K: 3 | loss: 1.915152 | L1: 0.962269 | L2: 0.952996 | L3: 0.952769 | lrm: 1.00 | dt: 2626.74ms | tok/sec: 199,596 | mfu: 43.88 | epoch: 1 | total time: 56.68m
step 01306 (29.63%) | K: 3 | loss: 1.925585 | L1: 0.967487 | L2: 0.958204 | L3: 0.957992 | lrm: 1.00 | dt: 2631.33ms | tok/sec: 199,248 | mfu: 43.81 | epoch: 1 | total time: 56.72m
step 01307 (29.66%) | K: 3 | loss: 1.930405 | L1: 0.969904 | L2: 0.960604 | L3: 0.960398 | lrm: 1.00 | dt: 2625.64ms | tok/sec: 199,680 | mfu: 43.90 | epoch: 1 | total time: 56.77m
step 01308 (29.68%) | K: 3 | loss: 1.927722 | L1: 0.968560 | L2: 0.959263 | L3: 0.959063 | lrm: 1.00 | dt: 2631.10ms | tok/sec: 199,266 | mfu: 43.81 | epoch: 1 | total time: 56.81m
step 01309 (29.70%) | K: 3 | loss: 1.927821 | L1: 0.968621 | L2: 0.959295 | L3: 0.959106 | lrm: 1.00 | dt: 2624.52ms | tok/sec: 199,765 | mfu: 43.92 | epoch: 1 | total time: 56.85m
step 01310 (29.73%) | K: 3 | loss: 1.924564 | L1: 0.966935 | L2: 0.957731 | L3: 0.957526 | lrm: 1.00 | dt: 2626.50ms | tok/sec: 199,615 | mfu: 43.89 | epoch: 1 | total time: 56.90m
step 01311 (29.75%) | K: 3 | loss: 1.920238 | L1: 0.964728 | L2: 0.955613 | L3: 0.955407 | lrm: 1.00 | dt: 2628.80ms | tok/sec: 199,440 | mfu: 43.85 | epoch: 1 | total time: 56.94m
step 01312 (29.77%) | K: 3 | loss: 1.924142 | L1: 0.966684 | L2: 0.957569 | L3: 0.957347 | lrm: 1.00 | dt: 2629.33ms | tok/sec: 199,400 | mfu: 43.84 | epoch: 1 | total time: 56.98m
step 01313 (29.79%) | K: 3 | loss: 1.928854 | L1: 0.969072 | L2: 0.959902 | L3: 0.959663 | lrm: 1.00 | dt: 2626.95ms | tok/sec: 199,580 | mfu: 43.88 | epoch: 1 | total time: 57.03m
step 01314 (29.82%) | K: 3 | loss: 1.935404 | L1: 0.972340 | L2: 0.963188 | L3: 0.962942 | lrm: 1.00 | dt: 2622.50ms | tok/sec: 199,919 | mfu: 43.96 | epoch: 1 | total time: 57.07m
step 01315 (29.84%) | K: 3 | loss: 1.928852 | L1: 0.969079 | L2: 0.959897 | L3: 0.959649 | lrm: 1.00 | dt: 2625.75ms | tok/sec: 199,671 | mfu: 43.90 | epoch: 1 | total time: 57.12m
step 01316 (29.86%) | K: 3 | loss: 1.933716 | L1: 0.971523 | L2: 0.962312 | L3: 0.962075 | lrm: 1.00 | dt: 2626.03ms | tok/sec: 199,650 | mfu: 43.90 | epoch: 1 | total time: 57.16m
step 01317 (29.88%) | K: 3 | loss: 1.930858 | L1: 0.970080 | L2: 0.960899 | L3: 0.960657 | lrm: 1.00 | dt: 2621.37ms | tok/sec: 200,005 | mfu: 43.97 | epoch: 1 | total time: 57.20m
step 01318 (29.91%) | K: 3 | loss: 1.927904 | L1: 0.968615 | L2: 0.959411 | L3: 0.959166 | lrm: 1.00 | dt: 2623.40ms | tok/sec: 199,850 | mfu: 43.94 | epoch: 1 | total time: 57.25m
step 01319 (29.93%) | K: 3 | loss: 1.925322 | L1: 0.967303 | L2: 0.958151 | L3: 0.957886 | lrm: 1.00 | dt: 2632.04ms | tok/sec: 199,194 | mfu: 43.80 | epoch: 1 | total time: 57.29m
step 01320 (29.95%) | K: 3 | loss: 1.922527 | L1: 0.965884 | L2: 0.956771 | L3: 0.956516 | lrm: 1.00 | dt: 2623.59ms | tok/sec: 199,836 | mfu: 43.94 | epoch: 1 | total time: 57.33m
step 01321 (29.98%) | K: 3 | loss: 1.929361 | L1: 0.969327 | L2: 0.960165 | L3: 0.959902 | lrm: 1.00 | dt: 2624.76ms | tok/sec: 199,746 | mfu: 43.92 | epoch: 1 | total time: 57.38m
step 01322 (30.00%) | K: 3 | loss: 1.933527 | L1: 0.971348 | L2: 0.962304 | L3: 0.962054 | lrm: 1.00 | dt: 2627.33ms | tok/sec: 199,551 | mfu: 43.87 | epoch: 1 | total time: 57.42m
step 01323 (30.02%) | K: 3 | loss: 1.920754 | L1: 0.965015 | L2: 0.955875 | L3: 0.955604 | lrm: 1.00 | dt: 2624.86ms | tok/sec: 199,739 | mfu: 43.92 | epoch: 1 | total time: 57.47m
step 01324 (30.04%) | K: 3 | loss: 1.916011 | L1: 0.962626 | L2: 0.953516 | L3: 0.953252 | lrm: 1.00 | dt: 2623.10ms | tok/sec: 199,873 | mfu: 43.95 | epoch: 1 | total time: 57.51m
step 01325 (30.07%) | K: 3 | loss: 1.917214 | L1: 0.963246 | L2: 0.954094 | L3: 0.953843 | lrm: 1.00 | dt: 2628.80ms | tok/sec: 199,440 | mfu: 43.85 | epoch: 1 | total time: 57.55m
step 01326 (30.09%) | K: 3 | loss: 1.915869 | L1: 0.962570 | L2: 0.953432 | L3: 0.953166 | lrm: 1.00 | dt: 2627.10ms | tok/sec: 199,568 | mfu: 43.88 | epoch: 1 | total time: 57.60m
step 01327 (30.11%) | K: 3 | loss: 1.919760 | L1: 0.964531 | L2: 0.955360 | L3: 0.955098 | lrm: 1.00 | dt: 2627.45ms | tok/sec: 199,542 | mfu: 43.87 | epoch: 1 | total time: 57.64m
step 01328 (30.13%) | K: 3 | loss: 1.914469 | L1: 0.961869 | L2: 0.952734 | L3: 0.952466 | lrm: 1.00 | dt: 2631.30ms | tok/sec: 199,250 | mfu: 43.81 | epoch: 1 | total time: 57.69m
step 01329 (30.16%) | K: 3 | loss: 1.920881 | L1: 0.965076 | L2: 0.955924 | L3: 0.955687 | lrm: 1.00 | dt: 2622.12ms | tok/sec: 199,948 | mfu: 43.96 | epoch: 1 | total time: 57.73m
step 01330 (30.18%) | K: 3 | loss: 1.913247 | L1: 0.961186 | L2: 0.952179 | L3: 0.951943 | lrm: 1.00 | dt: 2626.24ms | tok/sec: 199,634 | mfu: 43.89 | epoch: 1 | total time: 57.77m
step 01331 (30.20%) | K: 3 | loss: 1.910372 | L1: 0.959746 | L2: 0.950756 | L3: 0.950496 | lrm: 1.00 | dt: 2627.89ms | tok/sec: 199,508 | mfu: 43.87 | epoch: 1 | total time: 57.82m
step 01332 (30.22%) | K: 3 | loss: 1.905453 | L1: 0.957281 | L2: 0.948306 | L3: 0.948038 | lrm: 1.00 | dt: 2623.39ms | tok/sec: 199,851 | mfu: 43.94 | epoch: 1 | total time: 57.86m
step 01333 (30.25%) | K: 3 | loss: 1.903194 | L1: 0.956140 | L2: 0.947185 | L3: 0.946924 | lrm: 1.00 | dt: 2629.99ms | tok/sec: 199,349 | mfu: 43.83 | epoch: 1 | total time: 57.90m
step 01334 (30.27%) | K: 3 | loss: 1.917786 | L1: 0.963475 | L2: 0.954455 | L3: 0.954168 | lrm: 1.00 | dt: 2624.29ms | tok/sec: 199,782 | mfu: 43.93 | epoch: 1 | total time: 57.95m
step 01335 (30.29%) | K: 3 | loss: 1.923552 | L1: 0.966322 | L2: 0.957377 | L3: 0.957083 | lrm: 1.00 | dt: 2625.71ms | tok/sec: 199,674 | mfu: 43.90 | epoch: 1 | total time: 57.99m
step 01336 (30.32%) | K: 3 | loss: 1.928808 | L1: 0.969019 | L2: 0.959941 | L3: 0.959636 | lrm: 1.00 | dt: 2627.49ms | tok/sec: 199,539 | mfu: 43.87 | epoch: 1 | total time: 58.04m
step 01337 (30.34%) | K: 3 | loss: 1.914149 | L1: 0.961682 | L2: 0.952616 | L3: 0.952318 | lrm: 1.00 | dt: 2623.99ms | tok/sec: 199,805 | mfu: 43.93 | epoch: 1 | total time: 58.08m
step 01338 (30.36%) | K: 3 | loss: 1.917850 | L1: 0.963587 | L2: 0.954415 | L3: 0.954111 | lrm: 1.00 | dt: 2624.36ms | tok/sec: 199,777 | mfu: 43.92 | epoch: 1 | total time: 58.12m
step 01339 (30.38%) | K: 3 | loss: 1.913489 | L1: 0.961436 | L2: 0.952198 | L3: 0.951908 | lrm: 1.00 | dt: 2629.75ms | tok/sec: 199,368 | mfu: 43.83 | epoch: 1 | total time: 58.17m
step 01340 (30.41%) | K: 3 | loss: 1.921138 | L1: 0.965321 | L2: 0.955965 | L3: 0.955668 | lrm: 1.00 | dt: 2623.54ms | tok/sec: 199,840 | mfu: 43.94 | epoch: 1 | total time: 58.21m
step 01341 (30.43%) | K: 3 | loss: 1.924278 | L1: 0.966864 | L2: 0.957557 | L3: 0.957272 | lrm: 1.00 | dt: 2622.84ms | tok/sec: 199,893 | mfu: 43.95 | epoch: 1 | total time: 58.25m
step 01342 (30.45%) | K: 3 | loss: 1.908795 | L1: 0.959148 | L2: 0.949800 | L3: 0.949495 | lrm: 1.00 | dt: 2628.33ms | tok/sec: 199,475 | mfu: 43.86 | epoch: 1 | total time: 58.30m
step 01343 (30.47%) | K: 3 | loss: 1.913038 | L1: 0.961279 | L2: 0.951908 | L3: 0.951610 | lrm: 1.00 | dt: 2623.26ms | tok/sec: 199,861 | mfu: 43.94 | epoch: 1 | total time: 58.34m
step 01344 (30.50%) | K: 3 | loss: 1.914778 | L1: 0.962125 | L2: 0.952799 | L3: 0.952506 | lrm: 1.00 | dt: 2625.82ms | tok/sec: 199,666 | mfu: 43.90 | epoch: 1 | total time: 58.39m
step 01345 (30.52%) | K: 3 | loss: 1.917560 | L1: 0.963492 | L2: 0.954211 | L3: 0.953925 | lrm: 1.00 | dt: 2624.79ms | tok/sec: 199,744 | mfu: 43.92 | epoch: 1 | total time: 58.43m
step 01346 (30.54%) | K: 3 | loss: 1.913000 | L1: 0.961225 | L2: 0.951922 | L3: 0.951629 | lrm: 1.00 | dt: 2630.31ms | tok/sec: 199,325 | mfu: 43.83 | epoch: 1 | total time: 58.47m
step 01347 (30.57%) | K: 3 | loss: 1.908252 | L1: 0.958789 | L2: 0.949601 | L3: 0.949325 | lrm: 1.00 | dt: 2629.32ms | tok/sec: 199,400 | mfu: 43.84 | epoch: 1 | total time: 58.52m
step 01348 (30.59%) | K: 3 | loss: 1.914441 | L1: 0.961921 | L2: 0.952639 | L3: 0.952401 | lrm: 1.00 | dt: 2625.87ms | tok/sec: 199,662 | mfu: 43.90 | epoch: 1 | total time: 58.56m
step 01349 (30.61%) | K: 3 | loss: 1.912369 | L1: 0.960886 | L2: 0.951607 | L3: 0.951359 | lrm: 1.00 | dt: 2622.62ms | tok/sec: 199,909 | mfu: 43.95 | epoch: 1 | total time: 58.60m
step 01350 (30.63%) | K: 3 | loss: 1.913261 | L1: 0.961285 | L2: 0.952100 | L3: 0.951851 | lrm: 1.00 | dt: 2630.61ms | tok/sec: 199,303 | mfu: 43.82 | epoch: 1 | total time: 58.65m
step 01351 (30.66%) | K: 3 | loss: 1.923337 | L1: 0.966324 | L2: 0.957127 | L3: 0.956899 | lrm: 1.00 | dt: 2625.89ms | tok/sec: 199,661 | mfu: 43.90 | epoch: 1 | total time: 58.69m
step 01352 (30.68%) | K: 3 | loss: 1.933726 | L1: 0.971521 | L2: 0.962326 | L3: 0.962084 | lrm: 1.00 | dt: 2624.89ms | tok/sec: 199,737 | mfu: 43.92 | epoch: 1 | total time: 58.74m
step 01353 (30.70%) | K: 3 | loss: 1.928468 | L1: 0.968889 | L2: 0.959696 | L3: 0.959462 | lrm: 1.00 | dt: 2631.41ms | tok/sec: 199,241 | mfu: 43.81 | epoch: 1 | total time: 58.78m
step 01354 (30.72%) | K: 3 | loss: 1.921438 | L1: 0.965385 | L2: 0.956178 | L3: 0.955929 | lrm: 1.00 | dt: 2619.68ms | tok/sec: 200,134 | mfu: 44.00 | epoch: 1 | total time: 58.82m
step 01355 (30.75%) | K: 3 | loss: 1.920213 | L1: 0.964787 | L2: 0.955550 | L3: 0.955301 | lrm: 1.00 | dt: 2626.24ms | tok/sec: 199,634 | mfu: 43.89 | epoch: 1 | total time: 58.87m
step 01356 (30.77%) | K: 3 | loss: 1.908349 | L1: 0.958818 | L2: 0.949660 | L3: 0.949402 | lrm: 1.00 | dt: 2627.27ms | tok/sec: 199,555 | mfu: 43.88 | epoch: 1 | total time: 58.91m
step 01357 (30.79%) | K: 3 | loss: 1.900600 | L1: 0.954920 | L2: 0.945804 | L3: 0.945556 | lrm: 1.00 | dt: 2626.22ms | tok/sec: 199,635 | mfu: 43.89 | epoch: 1 | total time: 58.95m
step 01358 (30.81%) | K: 3 | loss: 1.906105 | L1: 0.957660 | L2: 0.948568 | L3: 0.948324 | lrm: 1.00 | dt: 2623.74ms | tok/sec: 199,824 | mfu: 43.94 | epoch: 1 | total time: 59.00m
step 01359 (30.84%) | K: 3 | loss: 1.903485 | L1: 0.956311 | L2: 0.947296 | L3: 0.947051 | lrm: 1.00 | dt: 2624.51ms | tok/sec: 199,765 | mfu: 43.92 | epoch: 1 | total time: 59.04m
step 01360 (30.86%) | K: 3 | loss: 1.915814 | L1: 0.962530 | L2: 0.953408 | L3: 0.953162 | lrm: 1.00 | dt: 2629.07ms | tok/sec: 199,419 | mfu: 43.85 | epoch: 1 | total time: 59.09m
step 01361 (30.88%) | K: 3 | loss: 1.909136 | L1: 0.959196 | L2: 0.950065 | L3: 0.949815 | lrm: 1.00 | dt: 2623.52ms | tok/sec: 199,841 | mfu: 43.94 | epoch: 1 | total time: 59.13m
step 01362 (30.91%) | K: 3 | loss: 1.906866 | L1: 0.958100 | L2: 0.948895 | L3: 0.948635 | lrm: 1.00 | dt: 2626.44ms | tok/sec: 199,619 | mfu: 43.89 | epoch: 1 | total time: 59.17m
step 01363 (30.93%) | K: 3 | loss: 1.918555 | L1: 0.963926 | L2: 0.954749 | L3: 0.954509 | lrm: 1.00 | dt: 2625.29ms | tok/sec: 199,706 | mfu: 43.91 | epoch: 1 | total time: 59.22m
step 01364 (30.95%) | K: 3 | loss: 1.910959 | L1: 0.960088 | L2: 0.950989 | L3: 0.950753 | lrm: 1.00 | dt: 2622.91ms | tok/sec: 199,887 | mfu: 43.95 | epoch: 1 | total time: 59.26m
step 01365 (30.97%) | K: 3 | loss: 1.909315 | L1: 0.959305 | L2: 0.950129 | L3: 0.949891 | lrm: 1.00 | dt: 2627.10ms | tok/sec: 199,569 | mfu: 43.88 | epoch: 1 | total time: 59.30m
step 01366 (31.00%) | K: 3 | loss: 1.901913 | L1: 0.955574 | L2: 0.946452 | L3: 0.946225 | lrm: 1.00 | dt: 2625.39ms | tok/sec: 199,698 | mfu: 43.91 | epoch: 1 | total time: 59.35m
step 01367 (31.02%) | K: 3 | loss: 1.900131 | L1: 0.954730 | L2: 0.945519 | L3: 0.945281 | lrm: 1.00 | dt: 2623.46ms | tok/sec: 199,846 | mfu: 43.94 | epoch: 1 | total time: 59.39m
step 01368 (31.04%) | K: 3 | loss: 1.901063 | L1: 0.955237 | L2: 0.945952 | L3: 0.945702 | lrm: 1.00 | dt: 2627.74ms | tok/sec: 199,520 | mfu: 43.87 | epoch: 1 | total time: 59.44m
step 01369 (31.06%) | K: 3 | loss: 1.896224 | L1: 0.952733 | L2: 0.943612 | L3: 0.943370 | lrm: 1.00 | dt: 2628.71ms | tok/sec: 199,446 | mfu: 43.85 | epoch: 1 | total time: 59.48m
step 01370 (31.09%) | K: 3 | loss: 1.897890 | L1: 0.953665 | L2: 0.944350 | L3: 0.944100 | lrm: 1.00 | dt: 2624.48ms | tok/sec: 199,768 | mfu: 43.92 | epoch: 1 | total time: 59.52m
step 01371 (31.11%) | K: 3 | loss: 1.896211 | L1: 0.952848 | L2: 0.943491 | L3: 0.943235 | lrm: 1.00 | dt: 2630.97ms | tok/sec: 199,275 | mfu: 43.81 | epoch: 1 | total time: 59.57m
step 01372 (31.13%) | K: 3 | loss: 1.888973 | L1: 0.949214 | L2: 0.939895 | L3: 0.939623 | lrm: 1.00 | dt: 2623.41ms | tok/sec: 199,849 | mfu: 43.94 | epoch: 1 | total time: 59.61m
step 01373 (31.15%) | K: 3 | loss: 1.894197 | L1: 0.951821 | L2: 0.942515 | L3: 0.942236 | lrm: 1.00 | dt: 2631.40ms | tok/sec: 199,242 | mfu: 43.81 | epoch: 1 | total time: 59.65m
step 01374 (31.18%) | K: 3 | loss: 1.890584 | L1: 0.950005 | L2: 0.940718 | L3: 0.940440 | lrm: 1.00 | dt: 2627.58ms | tok/sec: 199,532 | mfu: 43.87 | epoch: 1 | total time: 59.70m
step 01375 (31.20%) | K: 3 | loss: 1.899588 | L1: 0.954508 | L2: 0.945214 | L3: 0.944947 | lrm: 1.00 | dt: 2621.98ms | tok/sec: 199,958 | mfu: 43.96 | epoch: 1 | total time: 59.74m
step 01376 (31.22%) | K: 3 | loss: 1.899320 | L1: 0.954378 | L2: 0.945086 | L3: 0.944796 | lrm: 1.00 | dt: 2628.55ms | tok/sec: 199,459 | mfu: 43.85 | epoch: 1 | total time: 59.79m
step 01377 (31.25%) | K: 3 | loss: 1.907236 | L1: 0.958365 | L2: 0.949012 | L3: 0.948730 | lrm: 1.00 | dt: 2625.76ms | tok/sec: 199,670 | mfu: 43.90 | epoch: 1 | total time: 59.83m
step 01378 (31.27%) | K: 3 | loss: 1.911326 | L1: 0.960374 | L2: 0.951096 | L3: 0.950808 | lrm: 1.00 | dt: 2626.74ms | tok/sec: 199,596 | mfu: 43.88 | epoch: 1 | total time: 59.87m
step 01379 (31.29%) | K: 3 | loss: 1.916185 | L1: 0.962760 | L2: 0.953564 | L3: 0.953286 | lrm: 1.00 | dt: 2628.96ms | tok/sec: 199,427 | mfu: 43.85 | epoch: 1 | total time: 59.92m
step 01380 (31.31%) | K: 3 | loss: 1.912159 | L1: 0.960717 | L2: 0.951583 | L3: 0.951300 | lrm: 1.00 | dt: 2628.01ms | tok/sec: 199,500 | mfu: 43.86 | epoch: 1 | total time: 59.96m
step 01381 (31.34%) | K: 3 | loss: 1.909665 | L1: 0.959456 | L2: 0.950346 | L3: 0.950072 | lrm: 1.00 | dt: 2630.25ms | tok/sec: 199,330 | mfu: 43.83 | epoch: 1 | total time: 60.01m
step 01382 (31.36%) | K: 3 | loss: 1.923253 | L1: 0.966254 | L2: 0.957129 | L3: 0.956869 | lrm: 1.00 | dt: 2624.43ms | tok/sec: 199,772 | mfu: 43.92 | epoch: 1 | total time: 60.05m
step 01383 (31.38%) | K: 3 | loss: 1.922552 | L1: 0.965942 | L2: 0.956749 | L3: 0.956471 | lrm: 1.00 | dt: 2629.13ms | tok/sec: 199,415 | mfu: 43.84 | epoch: 1 | total time: 60.09m
step 01384 (31.40%) | K: 3 | loss: 1.922570 | L1: 0.965962 | L2: 0.956746 | L3: 0.956470 | lrm: 1.00 | dt: 2626.53ms | tok/sec: 199,612 | mfu: 43.89 | epoch: 1 | total time: 60.14m
step 01385 (31.43%) | K: 3 | loss: 1.924345 | L1: 0.966861 | L2: 0.957619 | L3: 0.957349 | lrm: 1.00 | dt: 2625.74ms | tok/sec: 199,672 | mfu: 43.90 | epoch: 1 | total time: 60.18m
step 01386 (31.45%) | K: 3 | loss: 1.928340 | L1: 0.968861 | L2: 0.959618 | L3: 0.959340 | lrm: 1.00 | dt: 2624.89ms | tok/sec: 199,737 | mfu: 43.92 | epoch: 1 | total time: 60.22m
step 01387 (31.47%) | K: 3 | loss: 1.928675 | L1: 0.969061 | L2: 0.959760 | L3: 0.959467 | lrm: 1.00 | dt: 2626.89ms | tok/sec: 199,585 | mfu: 43.88 | epoch: 1 | total time: 60.27m
step 01388 (31.50%) | K: 3 | loss: 1.920775 | L1: 0.965042 | L2: 0.955875 | L3: 0.955591 | lrm: 1.00 | dt: 2630.04ms | tok/sec: 199,346 | mfu: 43.83 | epoch: 1 | total time: 60.31m
step 01389 (31.52%) | K: 3 | loss: 1.911476 | L1: 0.960406 | L2: 0.951224 | L3: 0.950915 | lrm: 1.00 | dt: 2627.03ms | tok/sec: 199,574 | mfu: 43.88 | epoch: 1 | total time: 60.36m
step 01390 (31.54%) | K: 3 | loss: 1.906828 | L1: 0.958032 | L2: 0.948951 | L3: 0.948641 | lrm: 1.00 | dt: 2624.54ms | tok/sec: 199,763 | mfu: 43.92 | epoch: 1 | total time: 60.40m
step 01391 (31.56%) | K: 3 | loss: 1.900837 | L1: 0.955019 | L2: 0.945975 | L3: 0.945662 | lrm: 1.00 | dt: 2626.67ms | tok/sec: 199,601 | mfu: 43.89 | epoch: 1 | total time: 60.44m
step 01392 (31.59%) | K: 3 | loss: 1.904114 | L1: 0.956696 | L2: 0.947577 | L3: 0.947260 | lrm: 1.00 | dt: 2625.03ms | tok/sec: 199,726 | mfu: 43.91 | epoch: 1 | total time: 60.49m
step 01393 (31.61%) | K: 3 | loss: 1.904478 | L1: 0.956881 | L2: 0.947760 | L3: 0.947435 | lrm: 1.00 | dt: 2625.73ms | tok/sec: 199,673 | mfu: 43.90 | epoch: 1 | total time: 60.53m
step 01394 (31.63%) | K: 3 | loss: 1.899673 | L1: 0.954418 | L2: 0.945418 | L3: 0.945092 | lrm: 1.00 | dt: 2630.16ms | tok/sec: 199,336 | mfu: 43.83 | epoch: 1 | total time: 60.57m
step 01395 (31.65%) | K: 3 | loss: 1.910291 | L1: 0.959696 | L2: 0.950757 | L3: 0.950434 | lrm: 1.00 | dt: 2623.77ms | tok/sec: 199,822 | mfu: 43.93 | epoch: 1 | total time: 60.62m
step 01396 (31.68%) | K: 3 | loss: 1.901657 | L1: 0.955355 | L2: 0.946459 | L3: 0.946144 | lrm: 1.00 | dt: 2626.07ms | tok/sec: 199,647 | mfu: 43.90 | epoch: 1 | total time: 60.66m
step 01397 (31.70%) | K: 3 | loss: 1.915988 | L1: 0.962593 | L2: 0.953564 | L3: 0.953225 | lrm: 1.00 | dt: 2627.05ms | tok/sec: 199,572 | mfu: 43.88 | epoch: 1 | total time: 60.71m
step 01398 (31.72%) | K: 3 | loss: 1.907455 | L1: 0.958361 | L2: 0.949264 | L3: 0.948924 | lrm: 1.00 | dt: 2619.82ms | tok/sec: 200,123 | mfu: 44.00 | epoch: 1 | total time: 60.75m
step 01399 (31.74%) | K: 3 | loss: 1.916777 | L1: 0.963046 | L2: 0.953894 | L3: 0.953568 | lrm: 1.00 | dt: 2622.58ms | tok/sec: 199,913 | mfu: 43.95 | epoch: 1 | total time: 60.79m
step 01400 (31.77%) | K: 3 | loss: 1.915403 | L1: 0.962355 | L2: 0.953207 | L3: 0.952888 | lrm: 1.00 | dt: 2625.93ms | tok/sec: 199,657 | mfu: 43.90 | epoch: 1 | total time: 60.84m
step 01401 (31.79%) | K: 3 | loss: 1.915558 | L1: 0.962408 | L2: 0.953319 | L3: 0.952982 | lrm: 1.00 | dt: 2626.05ms | tok/sec: 199,648 | mfu: 43.90 | epoch: 1 | total time: 60.88m
step 01402 (31.81%) | K: 3 | loss: 1.920992 | L1: 0.965211 | L2: 0.955950 | L3: 0.955611 | lrm: 1.00 | dt: 2626.46ms | tok/sec: 199,617 | mfu: 43.89 | epoch: 1 | total time: 60.92m
step 01403 (31.84%) | K: 3 | loss: 1.922553 | L1: 0.965961 | L2: 0.956766 | L3: 0.956417 | lrm: 1.00 | dt: 2627.19ms | tok/sec: 199,562 | mfu: 43.88 | epoch: 1 | total time: 60.97m
step 01404 (31.86%) | K: 3 | loss: 1.918927 | L1: 0.964102 | L2: 0.954998 | L3: 0.954654 | lrm: 1.00 | dt: 2630.07ms | tok/sec: 199,344 | mfu: 43.83 | epoch: 1 | total time: 61.01m
step 01405 (31.88%) | K: 3 | loss: 1.921302 | L1: 0.965352 | L2: 0.956128 | L3: 0.955772 | lrm: 1.00 | dt: 2625.01ms | tok/sec: 199,728 | mfu: 43.91 | epoch: 1 | total time: 61.06m
step 01406 (31.90%) | K: 3 | loss: 1.919961 | L1: 0.964680 | L2: 0.955452 | L3: 0.955110 | lrm: 1.00 | dt: 2629.63ms | tok/sec: 199,377 | mfu: 43.84 | epoch: 1 | total time: 61.10m
step 01407 (31.93%) | K: 3 | loss: 1.914808 | L1: 0.962061 | L2: 0.952921 | L3: 0.952574 | lrm: 1.00 | dt: 2622.37ms | tok/sec: 199,928 | mfu: 43.96 | epoch: 1 | total time: 61.14m
step 01408 (31.95%) | K: 3 | loss: 1.914189 | L1: 0.961793 | L2: 0.952565 | L3: 0.952226 | lrm: 1.00 | dt: 2629.23ms | tok/sec: 199,407 | mfu: 43.84 | epoch: 1 | total time: 61.19m
step 01409 (31.97%) | K: 3 | loss: 1.930103 | L1: 0.969771 | L2: 0.960488 | L3: 0.960176 | lrm: 1.00 | dt: 2628.40ms | tok/sec: 199,470 | mfu: 43.86 | epoch: 1 | total time: 61.23m
step 01410 (31.99%) | K: 3 | loss: 1.925164 | L1: 0.967238 | L2: 0.958082 | L3: 0.957771 | lrm: 1.00 | dt: 2624.07ms | tok/sec: 199,799 | mfu: 43.93 | epoch: 1 | total time: 61.27m
step 01411 (32.02%) | K: 3 | loss: 1.912597 | L1: 0.960887 | L2: 0.951852 | L3: 0.951568 | lrm: 1.00 | dt: 2629.95ms | tok/sec: 199,353 | mfu: 43.83 | epoch: 1 | total time: 61.32m
step 01412 (32.04%) | K: 3 | loss: 1.919605 | L1: 0.964413 | L2: 0.955324 | L3: 0.955060 | lrm: 1.00 | dt: 2624.31ms | tok/sec: 199,781 | mfu: 43.93 | epoch: 1 | total time: 61.36m
step 01413 (32.06%) | K: 3 | loss: 1.922396 | L1: 0.965818 | L2: 0.956701 | L3: 0.956453 | lrm: 1.00 | dt: 2626.29ms | tok/sec: 199,630 | mfu: 43.89 | epoch: 1 | total time: 61.41m
step 01414 (32.09%) | K: 3 | loss: 1.906384 | L1: 0.957829 | L2: 0.948677 | L3: 0.948432 | lrm: 1.00 | dt: 2626.97ms | tok/sec: 199,579 | mfu: 43.88 | epoch: 1 | total time: 61.45m
step 01415 (32.11%) | K: 3 | loss: 1.911462 | L1: 0.960392 | L2: 0.951196 | L3: 0.950943 | lrm: 1.00 | dt: 2626.53ms | tok/sec: 199,612 | mfu: 43.89 | epoch: 1 | total time: 61.49m
step 01416 (32.13%) | K: 3 | loss: 1.918829 | L1: 0.964058 | L2: 0.954891 | L3: 0.954652 | lrm: 1.00 | dt: 2630.39ms | tok/sec: 199,319 | mfu: 43.82 | epoch: 1 | total time: 61.54m
step 01417 (32.15%) | K: 3 | loss: 1.920485 | L1: 0.964851 | L2: 0.955747 | L3: 0.955521 | lrm: 1.00 | dt: 2625.29ms | tok/sec: 199,707 | mfu: 43.91 | epoch: 1 | total time: 61.58m
step 01418 (32.18%) | K: 3 | loss: 1.916049 | L1: 0.962641 | L2: 0.953521 | L3: 0.953295 | lrm: 1.00 | dt: 2623.27ms | tok/sec: 199,860 | mfu: 43.94 | epoch: 1 | total time: 61.62m
step 01419 (32.20%) | K: 3 | loss: 1.923757 | L1: 0.966466 | L2: 0.957397 | L3: 0.957186 | lrm: 1.00 | dt: 2630.61ms | tok/sec: 199,303 | mfu: 43.82 | epoch: 1 | total time: 61.67m
step 01420 (32.22%) | K: 3 | loss: 1.940244 | L1: 0.974765 | L2: 0.965582 | L3: 0.965377 | lrm: 1.00 | dt: 2624.29ms | tok/sec: 199,782 | mfu: 43.93 | epoch: 1 | total time: 61.71m
step 01421 (32.24%) | K: 3 | loss: 1.924747 | L1: 0.967052 | L2: 0.957798 | L3: 0.957590 | lrm: 1.00 | dt: 2630.63ms | tok/sec: 199,301 | mfu: 43.82 | epoch: 1 | total time: 61.76m
step 01422 (32.27%) | K: 3 | loss: 1.921553 | L1: 0.965464 | L2: 0.956196 | L3: 0.955984 | lrm: 1.00 | dt: 2626.03ms | tok/sec: 199,650 | mfu: 43.90 | epoch: 1 | total time: 61.80m
step 01423 (32.29%) | K: 3 | loss: 1.923631 | L1: 0.966514 | L2: 0.957232 | L3: 0.957003 | lrm: 1.00 | dt: 2623.80ms | tok/sec: 199,820 | mfu: 43.93 | epoch: 1 | total time: 61.84m
step 01424 (32.31%) | K: 3 | loss: 1.926897 | L1: 0.968077 | L2: 0.958936 | L3: 0.958702 | lrm: 1.00 | dt: 2628.45ms | tok/sec: 199,466 | mfu: 43.86 | epoch: 1 | total time: 61.89m
step 01425 (32.33%) | K: 3 | loss: 1.923214 | L1: 0.966252 | L2: 0.957085 | L3: 0.956839 | lrm: 1.00 | dt: 2627.32ms | tok/sec: 199,552 | mfu: 43.88 | epoch: 1 | total time: 61.93m
step 01426 (32.36%) | K: 3 | loss: 1.928544 | L1: 0.968920 | L2: 0.959741 | L3: 0.959509 | lrm: 1.00 | dt: 2623.15ms | tok/sec: 199,869 | mfu: 43.94 | epoch: 1 | total time: 61.97m
step 01427 (32.38%) | K: 3 | loss: 1.933167 | L1: 0.971216 | L2: 0.962065 | L3: 0.961838 | lrm: 1.00 | dt: 2624.73ms | tok/sec: 199,749 | mfu: 43.92 | epoch: 1 | total time: 62.02m
step 01428 (32.40%) | K: 3 | loss: 1.933728 | L1: 0.971532 | L2: 0.962298 | L3: 0.962094 | lrm: 1.00 | dt: 2626.88ms | tok/sec: 199,585 | mfu: 43.88 | epoch: 1 | total time: 62.06m
step 01429 (32.43%) | K: 3 | loss: 1.928938 | L1: 0.969207 | L2: 0.959832 | L3: 0.959631 | lrm: 1.00 | dt: 2624.14ms | tok/sec: 199,794 | mfu: 43.93 | epoch: 1 | total time: 62.11m
step 01430 (32.45%) | K: 3 | loss: 1.921825 | L1: 0.965630 | L2: 0.956305 | L3: 0.956086 | lrm: 1.00 | dt: 2628.65ms | tok/sec: 199,451 | mfu: 43.85 | epoch: 1 | total time: 62.15m
step 01431 (32.47%) | K: 3 | loss: 1.917373 | L1: 0.963424 | L2: 0.954064 | L3: 0.953835 | lrm: 1.00 | dt: 2625.37ms | tok/sec: 199,700 | mfu: 43.91 | epoch: 1 | total time: 62.19m
step 01432 (32.49%) | K: 3 | loss: 1.909611 | L1: 0.959472 | L2: 0.950256 | L3: 0.950022 | lrm: 1.00 | dt: 2631.28ms | tok/sec: 199,251 | mfu: 43.81 | epoch: 1 | total time: 62.24m
step 01433 (32.52%) | K: 3 | loss: 1.909641 | L1: 0.959533 | L2: 0.950224 | L3: 0.949992 | lrm: 1.00 | dt: 2630.51ms | tok/sec: 199,310 | mfu: 43.82 | epoch: 1 | total time: 62.28m
step 01434 (32.54%) | K: 3 | loss: 1.914367 | L1: 0.961894 | L2: 0.952607 | L3: 0.952339 | lrm: 1.00 | dt: 2627.69ms | tok/sec: 199,524 | mfu: 43.87 | epoch: 1 | total time: 62.33m
step 01435 (32.56%) | K: 3 | loss: 1.908349 | L1: 0.958838 | L2: 0.949647 | L3: 0.949375 | lrm: 1.00 | dt: 2626.34ms | tok/sec: 199,626 | mfu: 43.89 | epoch: 1 | total time: 62.37m
step 01436 (32.58%) | K: 3 | loss: 1.907109 | L1: 0.958262 | L2: 0.948992 | L3: 0.948702 | lrm: 1.00 | dt: 2626.10ms | tok/sec: 199,645 | mfu: 43.90 | epoch: 1 | total time: 62.41m
step 01437 (32.61%) | K: 3 | loss: 1.915113 | L1: 0.962331 | L2: 0.952931 | L3: 0.952632 | lrm: 1.00 | dt: 2633.57ms | tok/sec: 199,078 | mfu: 43.77 | epoch: 1 | total time: 62.46m
step 01438 (32.63%) | K: 3 | loss: 1.919027 | L1: 0.964290 | L2: 0.954897 | L3: 0.954577 | lrm: 1.00 | dt: 2628.15ms | tok/sec: 199,489 | mfu: 43.86 | epoch: 1 | total time: 62.50m
step 01439 (32.65%) | K: 3 | loss: 1.929252 | L1: 0.969430 | L2: 0.959969 | L3: 0.959676 | lrm: 1.00 | dt: 2627.08ms | tok/sec: 199,570 | mfu: 43.88 | epoch: 1 | total time: 62.54m
step 01440 (32.68%) | K: 3 | loss: 1.928318 | L1: 0.968953 | L2: 0.959517 | L3: 0.959212 | lrm: 1.00 | dt: 2625.59ms | tok/sec: 199,683 | mfu: 43.90 | epoch: 1 | total time: 62.59m
step 01441 (32.70%) | K: 3 | loss: 1.928132 | L1: 0.968843 | L2: 0.959449 | L3: 0.959129 | lrm: 1.00 | dt: 2626.05ms | tok/sec: 199,648 | mfu: 43.90 | epoch: 1 | total time: 62.63m
step 01442 (32.72%) | K: 3 | loss: 1.924762 | L1: 0.967155 | L2: 0.957771 | L3: 0.957444 | lrm: 1.00 | dt: 2624.55ms | tok/sec: 199,762 | mfu: 43.92 | epoch: 1 | total time: 62.68m
step 01443 (32.74%) | K: 3 | loss: 1.921929 | L1: 0.965716 | L2: 0.956369 | L3: 0.956057 | lrm: 1.00 | dt: 2623.52ms | tok/sec: 199,841 | mfu: 43.94 | epoch: 1 | total time: 62.72m
step 01444 (32.77%) | K: 3 | loss: 1.908843 | L1: 0.959133 | L2: 0.949864 | L3: 0.949556 | lrm: 1.00 | dt: 2628.24ms | tok/sec: 199,482 | mfu: 43.86 | epoch: 1 | total time: 62.76m
step 01445 (32.79%) | K: 3 | loss: 1.898908 | L1: 0.954150 | L2: 0.944914 | L3: 0.944602 | lrm: 1.00 | dt: 2627.45ms | tok/sec: 199,542 | mfu: 43.87 | epoch: 1 | total time: 62.81m
step 01446 (32.81%) | K: 3 | loss: 1.915075 | L1: 0.962276 | L2: 0.952948 | L3: 0.952650 | lrm: 1.00 | dt: 2619.63ms | tok/sec: 200,138 | mfu: 44.00 | epoch: 1 | total time: 62.85m
step 01447 (32.83%) | K: 3 | loss: 1.917217 | L1: 0.963279 | L2: 0.954073 | L3: 0.953804 | lrm: 1.00 | dt: 2628.89ms | tok/sec: 199,433 | mfu: 43.85 | epoch: 1 | total time: 62.89m
step 01448 (32.86%) | K: 3 | loss: 1.914819 | L1: 0.962103 | L2: 0.952853 | L3: 0.952579 | lrm: 1.00 | dt: 2627.88ms | tok/sec: 199,509 | mfu: 43.87 | epoch: 1 | total time: 62.94m
step 01449 (32.88%) | K: 3 | loss: 1.899200 | L1: 0.954239 | L2: 0.945098 | L3: 0.944824 | lrm: 1.00 | dt: 2623.70ms | tok/sec: 199,828 | mfu: 43.94 | epoch: 1 | total time: 62.98m
step 01450 (32.90%) | K: 3 | loss: 1.895492 | L1: 0.952435 | L2: 0.943184 | L3: 0.942930 | lrm: 1.00 | dt: 2631.50ms | tok/sec: 199,235 | mfu: 43.81 | epoch: 1 | total time: 63.03m
step 01451 (32.92%) | K: 3 | loss: 1.893611 | L1: 0.951511 | L2: 0.942226 | L3: 0.941974 | lrm: 1.00 | dt: 2622.32ms | tok/sec: 199,932 | mfu: 43.96 | epoch: 1 | total time: 63.07m
step 01452 (32.95%) | K: 3 | loss: 1.902850 | L1: 0.956087 | L2: 0.946886 | L3: 0.946641 | lrm: 1.00 | dt: 2628.35ms | tok/sec: 199,474 | mfu: 43.86 | epoch: 1 | total time: 63.11m
step 01453 (32.97%) | K: 3 | loss: 1.898899 | L1: 0.954110 | L2: 0.944912 | L3: 0.944667 | lrm: 1.00 | dt: 2627.53ms | tok/sec: 199,536 | mfu: 43.87 | epoch: 1 | total time: 63.16m
step 01454 (32.99%) | K: 3 | loss: 1.903436 | L1: 0.956422 | L2: 0.947144 | L3: 0.946884 | lrm: 1.00 | dt: 2622.54ms | tok/sec: 199,916 | mfu: 43.96 | epoch: 1 | total time: 63.20m
step 01455 (33.02%) | K: 3 | loss: 1.910745 | L1: 0.960133 | L2: 0.950748 | L3: 0.950477 | lrm: 1.00 | dt: 2626.87ms | tok/sec: 199,586 | mfu: 43.88 | epoch: 1 | total time: 63.24m
step 01456 (33.04%) | K: 3 | loss: 1.905656 | L1: 0.957542 | L2: 0.948240 | L3: 0.947988 | lrm: 1.00 | dt: 2625.57ms | tok/sec: 199,685 | mfu: 43.90 | epoch: 1 | total time: 63.29m
step 01457 (33.06%) | K: 3 | loss: 1.909392 | L1: 0.959347 | L2: 0.950158 | L3: 0.949932 | lrm: 1.00 | dt: 2625.49ms | tok/sec: 199,691 | mfu: 43.91 | epoch: 1 | total time: 63.33m
step 01458 (33.08%) | K: 3 | loss: 1.912042 | L1: 0.960698 | L2: 0.951455 | L3: 0.951233 | lrm: 1.00 | dt: 2626.53ms | tok/sec: 199,612 | mfu: 43.89 | epoch: 1 | total time: 63.38m
step 01459 (33.11%) | K: 3 | loss: 1.933372 | L1: 0.971433 | L2: 0.962045 | L3: 0.961834 | lrm: 1.00 | dt: 2628.16ms | tok/sec: 199,488 | mfu: 43.86 | epoch: 1 | total time: 63.42m
step 01460 (33.13%) | K: 3 | loss: 1.937856 | L1: 0.973706 | L2: 0.964268 | L3: 0.964032 | lrm: 1.00 | dt: 2625.80ms | tok/sec: 199,668 | mfu: 43.90 | epoch: 1 | total time: 63.46m
step 01461 (33.15%) | K: 3 | loss: 1.949126 | L1: 0.979345 | L2: 0.969901 | L3: 0.969661 | lrm: 1.00 | dt: 2624.60ms | tok/sec: 199,758 | mfu: 43.92 | epoch: 1 | total time: 63.51m
step 01462 (33.17%) | K: 3 | loss: 1.951696 | L1: 0.980601 | L2: 0.971204 | L3: 0.970987 | lrm: 1.00 | dt: 2628.59ms | tok/sec: 199,455 | mfu: 43.85 | epoch: 1 | total time: 63.55m
step 01463 (33.20%) | K: 3 | loss: 1.942745 | L1: 0.976107 | L2: 0.966736 | L3: 0.966539 | lrm: 1.00 | dt: 2624.33ms | tok/sec: 199,779 | mfu: 43.93 | epoch: 1 | total time: 63.59m
step 01464 (33.22%) | K: 3 | loss: 1.944599 | L1: 0.977084 | L2: 0.967622 | L3: 0.967409 | lrm: 1.00 | dt: 2627.37ms | tok/sec: 199,548 | mfu: 43.87 | epoch: 1 | total time: 63.64m
step 01465 (33.24%) | K: 3 | loss: 1.937411 | L1: 0.973491 | L2: 0.964022 | L3: 0.963818 | lrm: 1.00 | dt: 2623.68ms | tok/sec: 199,829 | mfu: 43.94 | epoch: 1 | total time: 63.68m
step 01466 (33.27%) | K: 3 | loss: 1.928875 | L1: 0.969220 | L2: 0.959760 | L3: 0.959550 | lrm: 1.00 | dt: 2621.10ms | tok/sec: 200,026 | mfu: 43.98 | epoch: 1 | total time: 63.73m
step 01467 (33.29%) | K: 3 | loss: 1.930123 | L1: 0.969835 | L2: 0.960387 | L3: 0.960189 | lrm: 1.00 | dt: 2625.98ms | tok/sec: 199,653 | mfu: 43.90 | epoch: 1 | total time: 63.77m
step 01468 (33.31%) | K: 3 | loss: 1.923408 | L1: 0.966471 | L2: 0.957040 | L3: 0.956835 | lrm: 1.00 | dt: 2623.10ms | tok/sec: 199,873 | mfu: 43.95 | epoch: 1 | total time: 63.81m
step 01469 (33.33%) | K: 3 | loss: 1.912618 | L1: 0.961069 | L2: 0.951658 | L3: 0.951440 | lrm: 1.00 | dt: 2626.11ms | tok/sec: 199,644 | mfu: 43.90 | epoch: 1 | total time: 63.86m
step 01470 (33.36%) | K: 3 | loss: 1.912810 | L1: 0.961177 | L2: 0.951742 | L3: 0.951525 | lrm: 1.00 | dt: 2629.44ms | tok/sec: 199,391 | mfu: 43.84 | epoch: 1 | total time: 63.90m
step 01471 (33.38%) | K: 3 | loss: 1.903554 | L1: 0.956518 | L2: 0.947158 | L3: 0.946914 | lrm: 1.00 | dt: 2621.53ms | tok/sec: 199,993 | mfu: 43.97 | epoch: 1 | total time: 63.94m
step 01472 (33.40%) | K: 3 | loss: 1.900097 | L1: 0.954830 | L2: 0.945396 | L3: 0.945137 | lrm: 1.00 | dt: 2623.42ms | tok/sec: 199,849 | mfu: 43.94 | epoch: 1 | total time: 63.99m
step 01473 (33.42%) | K: 3 | loss: 1.900598 | L1: 0.955078 | L2: 0.945650 | L3: 0.945391 | lrm: 1.00 | dt: 2628.96ms | tok/sec: 199,427 | mfu: 43.85 | epoch: 1 | total time: 64.03m
step 01474 (33.45%) | K: 3 | loss: 1.899707 | L1: 0.954628 | L2: 0.945205 | L3: 0.944953 | lrm: 1.00 | dt: 2624.62ms | tok/sec: 199,757 | mfu: 43.92 | epoch: 1 | total time: 64.08m
step 01475 (33.47%) | K: 3 | loss: 1.903204 | L1: 0.956415 | L2: 0.946915 | L3: 0.946663 | lrm: 1.00 | dt: 2621.34ms | tok/sec: 200,007 | mfu: 43.98 | epoch: 1 | total time: 64.12m
step 01476 (33.49%) | K: 3 | loss: 1.902831 | L1: 0.956261 | L2: 0.946704 | L3: 0.946435 | lrm: 1.00 | dt: 2631.41ms | tok/sec: 199,241 | mfu: 43.81 | epoch: 1 | total time: 64.16m
step 01477 (33.51%) | K: 3 | loss: 1.892972 | L1: 0.951289 | L2: 0.941820 | L3: 0.941546 | lrm: 1.00 | dt: 2625.78ms | tok/sec: 199,669 | mfu: 43.90 | epoch: 1 | total time: 64.21m
step 01478 (33.54%) | K: 3 | loss: 1.904555 | L1: 0.957097 | L2: 0.947613 | L3: 0.947304 | lrm: 1.00 | dt: 2625.99ms | tok/sec: 199,653 | mfu: 43.90 | epoch: 1 | total time: 64.25m
step 01479 (33.56%) | K: 3 | loss: 1.900324 | L1: 0.954990 | L2: 0.945486 | L3: 0.945183 | lrm: 1.00 | dt: 2626.62ms | tok/sec: 199,605 | mfu: 43.89 | epoch: 1 | total time: 64.29m
step 01480 (33.58%) | K: 3 | loss: 1.903782 | L1: 0.956687 | L2: 0.947255 | L3: 0.946934 | lrm: 1.00 | dt: 2626.14ms | tok/sec: 199,641 | mfu: 43.89 | epoch: 1 | total time: 64.34m
step 01481 (33.61%) | K: 3 | loss: 1.897128 | L1: 0.953364 | L2: 0.943922 | L3: 0.943606 | lrm: 1.00 | dt: 2624.68ms | tok/sec: 199,753 | mfu: 43.92 | epoch: 1 | total time: 64.38m
step 01482 (33.63%) | K: 3 | loss: 1.885063 | L1: 0.947283 | L2: 0.937935 | L3: 0.937626 | lrm: 1.00 | dt: 2626.68ms | tok/sec: 199,600 | mfu: 43.89 | epoch: 1 | total time: 64.43m
step 01483 (33.65%) | K: 3 | loss: 1.876306 | L1: 0.942886 | L2: 0.933572 | L3: 0.933268 | lrm: 1.00 | dt: 2624.24ms | tok/sec: 199,786 | mfu: 43.93 | epoch: 1 | total time: 64.47m
step 01484 (33.67%) | K: 3 | loss: 1.882953 | L1: 0.946258 | L2: 0.936844 | L3: 0.936545 | lrm: 1.00 | dt: 2627.05ms | tok/sec: 199,572 | mfu: 43.88 | epoch: 1 | total time: 64.51m
step 01485 (33.70%) | K: 3 | loss: 1.889562 | L1: 0.949508 | L2: 0.940187 | L3: 0.939921 | lrm: 1.00 | dt: 2628.50ms | tok/sec: 199,463 | mfu: 43.86 | epoch: 1 | total time: 64.56m
step 01486 (33.72%) | K: 3 | loss: 1.888258 | L1: 0.948860 | L2: 0.939532 | L3: 0.939263 | lrm: 1.00 | dt: 2622.88ms | tok/sec: 199,890 | mfu: 43.95 | epoch: 1 | total time: 64.60m
step 01487 (33.74%) | K: 3 | loss: 1.889407 | L1: 0.949493 | L2: 0.940058 | L3: 0.939771 | lrm: 1.00 | dt: 2625.69ms | tok/sec: 199,676 | mfu: 43.90 | epoch: 1 | total time: 64.64m
step 01488 (33.76%) | K: 3 | loss: 1.890626 | L1: 0.950138 | L2: 0.940637 | L3: 0.940339 | lrm: 1.00 | dt: 2631.56ms | tok/sec: 199,230 | mfu: 43.80 | epoch: 1 | total time: 64.69m
step 01489 (33.79%) | K: 3 | loss: 1.889257 | L1: 0.949471 | L2: 0.939926 | L3: 0.939644 | lrm: 1.00 | dt: 2623.58ms | tok/sec: 199,836 | mfu: 43.94 | epoch: 1 | total time: 64.73m
step 01490 (33.81%) | K: 3 | loss: 1.891280 | L1: 0.950488 | L2: 0.940923 | L3: 0.940660 | lrm: 1.00 | dt: 2626.00ms | tok/sec: 199,652 | mfu: 43.90 | epoch: 1 | total time: 64.78m
step 01491 (33.83%) | K: 3 | loss: 1.894988 | L1: 0.952293 | L2: 0.942823 | L3: 0.942567 | lrm: 1.00 | dt: 2628.65ms | tok/sec: 199,451 | mfu: 43.85 | epoch: 1 | total time: 64.82m
step 01492 (33.86%) | K: 3 | loss: 1.899478 | L1: 0.954518 | L2: 0.945096 | L3: 0.944826 | lrm: 1.00 | dt: 2628.01ms | tok/sec: 199,500 | mfu: 43.86 | epoch: 1 | total time: 64.86m
step 01493 (33.88%) | K: 3 | loss: 1.903083 | L1: 0.956342 | L2: 0.946879 | L3: 0.946604 | lrm: 1.00 | dt: 2625.71ms | tok/sec: 199,674 | mfu: 43.90 | epoch: 1 | total time: 64.91m
step 01494 (33.90%) | K: 3 | loss: 1.904453 | L1: 0.957089 | L2: 0.947497 | L3: 0.947231 | lrm: 1.00 | dt: 2627.41ms | tok/sec: 199,545 | mfu: 43.87 | epoch: 1 | total time: 64.95m
step 01495 (33.92%) | K: 3 | loss: 1.905889 | L1: 0.957806 | L2: 0.948209 | L3: 0.947957 | lrm: 1.00 | dt: 2630.16ms | tok/sec: 199,337 | mfu: 43.83 | epoch: 1 | total time: 65.00m
step 01496 (33.95%) | K: 3 | loss: 1.897257 | L1: 0.953400 | L2: 0.943986 | L3: 0.943728 | lrm: 1.00 | dt: 2624.00ms | tok/sec: 199,804 | mfu: 43.93 | epoch: 1 | total time: 65.04m
step 01497 (33.97%) | K: 3 | loss: 1.894791 | L1: 0.952225 | L2: 0.942685 | L3: 0.942447 | lrm: 1.00 | dt: 2626.60ms | tok/sec: 199,606 | mfu: 43.89 | epoch: 1 | total time: 65.08m
step 01498 (33.99%) | K: 3 | loss: 1.896893 | L1: 0.953287 | L2: 0.943730 | L3: 0.943483 | lrm: 1.00 | dt: 2623.03ms | tok/sec: 199,878 | mfu: 43.95 | epoch: 1 | total time: 65.13m
step 01499 (34.01%) | K: 3 | loss: 1.894656 | L1: 0.952158 | L2: 0.942615 | L3: 0.942381 | lrm: 1.00 | dt: 2625.35ms | tok/sec: 199,702 | mfu: 43.91 | epoch: 1 | total time: 65.17m
step 01500 (34.04%) | K: 3 | loss: 1.893352 | L1: 0.951438 | L2: 0.942031 | L3: 0.941798 | lrm: 1.00 | dt: 2623.36ms | tok/sec: 199,853 | mfu: 43.94 | epoch: 1 | total time: 65.21m
Step 01500 | Validation L1 bpb: 0.5045 | L2 bpb: 0.4995 | L3 bpb: 0.4994
2026-08-28 20:55:31,854 - nanochat.checkpoint_manager - [32m[1mINFO[0m - Saved optimizer state to: /home/jhu/xwang457/work/nanochat_cache/chatsft_checkpoints/d20-lf-k3-stackedu-python-budget/optim_001500_rank2.pt
2026-08-28 20:55:31,909 - nanochat.checkpoint_manager - [32m[1mINFO[0m - Saved optimizer state to: /home/jhu/xwang457/work/nanochat_cache/chatsft_checkpoints/d20-lf-k3-stackedu-python-budget/optim_001500_rank3.pt
2026-08-28 20:55:31,936 - nanochat.checkpoint_manager - [32m[1mINFO[0m - Saved optimizer state to: /home/jhu/xwang457/work/nanochat_cache/chatsft_checkpoints/d20-lf-k3-stackedu-python-budget/optim_001500_rank1.pt
2026-08-28 20:55:32,870 - nanochat.checkpoint_manager - [32m[1mINFO[0m - Saved model parameters to: /home/jhu/xwang457/work/nanochat_cache/chatsft_checkpoints/d20-lf-k3-stackedu-python-budget/model_001500.pt
2026-08-28 20:55:32,874 - nanochat.checkpoint_manager - [32m[1mINFO[0m - Saved metadata to: /home/jhu/xwang457/work/nanochat_cache/chatsft_checkpoints/d20-lf-k3-stackedu-python-budget/meta_001500.json
2026-08-28 20:55:33,441 - nanochat.checkpoint_manager - [32m[1mINFO[0m - Saved optimizer state to: /home/jhu/xwang457/work/nanochat_cache/chatsft_checkpoints/d20-lf-k3-stackedu-python-budget/optim_001500_rank0.pt
step 01501 (34.06%) | K: 3 | loss: 1.899741 | L1: 0.954589 | L2: 0.945275 | L3: 0.945030 | lrm: 1.00 | dt: 2616.21ms | tok/sec: 200,399 | mfu: 44.06 | epoch: 1 | total time: 65.26m
step 01502 (34.08%) | K: 3 | loss: 1.901868 | L1: 0.955684 | L2: 0.946308 | L3: 0.946061 | lrm: 1.00 | dt: 2626.08ms | tok/sec: 199,646 | mfu: 43.90 | epoch: 1 | total time: 65.30m
step 01503 (34.10%) | K: 3 | loss: 1.901589 | L1: 0.955569 | L2: 0.946150 | L3: 0.945890 | lrm: 1.00 | dt: 2626.11ms | tok/sec: 199,644 | mfu: 43.90 | epoch: 1 | total time: 65.34m
step 01504 (34.13%) | K: 3 | loss: 1.892526 | L1: 0.951040 | L2: 0.941614 | L3: 0.941358 | lrm: 1.00 | dt: 2621.84ms | tok/sec: 199,969 | mfu: 43.97 | epoch: 1 | total time: 65.39m
step 01505 (34.15%) | K: 3 | loss: 1.895994 | L1: 0.952734 | L2: 0.943398 | L3: 0.943124 | lrm: 1.00 | dt: 2620.81ms | tok/sec: 200,048 | mfu: 43.98 | epoch: 1 | total time: 65.43m
step 01506 (34.17%) | K: 3 | loss: 1.902896 | L1: 0.956228 | L2: 0.946809 | L3: 0.946527 | lrm: 1.00 | dt: 2629.44ms | tok/sec: 199,391 | mfu: 43.84 | epoch: 1 | total time: 65.48m
step 01507 (34.20%) | K: 3 | loss: 1.908895 | L1: 0.959267 | L2: 0.949773 | L3: 0.949482 | lrm: 1.00 | dt: 2625.27ms | tok/sec: 199,708 | mfu: 43.91 | epoch: 1 | total time: 65.52m
step 01508 (34.22%) | K: 3 | loss: 1.899877 | L1: 0.954761 | L2: 0.945261 | L3: 0.944970 | lrm: 1.00 | dt: 2624.42ms | tok/sec: 199,773 | mfu: 43.92 | epoch: 1 | total time: 65.56m
step 01509 (34.24%) | K: 3 | loss: 1.907608 | L1: 0.958587 | L2: 0.949152 | L3: 0.948891 | lrm: 1.00 | dt: 2625.49ms | tok/sec: 199,691 | mfu: 43.91 | epoch: 1 | total time: 65.61m
step 01510 (34.26%) | K: 3 | loss: 1.914420 | L1: 0.962013 | L2: 0.952551 | L3: 0.952264 | lrm: 1.00 | dt: 2627.20ms | tok/sec: 199,561 | mfu: 43.88 | epoch: 1 | total time: 65.65m
step 01511 (34.29%) | K: 3 | loss: 1.912744 | L1: 0.961188 | L2: 0.951701 | L3: 0.951410 | lrm: 1.00 | dt: 2622.59ms | tok/sec: 199,912 | mfu: 43.95 | epoch: 1 | total time: 65.69m
step 01512 (34.31%) | K: 3 | loss: 1.908981 | L1: 0.959283 | L2: 0.949845 | L3: 0.949552 | lrm: 1.00 | dt: 2627.69ms | tok/sec: 199,524 | mfu: 43.87 | epoch: 1 | total time: 65.74m
step 01513 (34.33%) | K: 3 | loss: 1.902431 | L1: 0.955944 | L2: 0.946621 | L3: 0.946353 | lrm: 1.00 | dt: 2622.93ms | tok/sec: 199,886 | mfu: 43.95 | epoch: 1 | total time: 65.78m
step 01514 (34.35%) | K: 3 | loss: 1.899717 | L1: 0.954601 | L2: 0.945262 | L3: 0.944969 | lrm: 1.00 | dt: 2627.98ms | tok/sec: 199,502 | mfu: 43.86 | epoch: 1 | total time: 65.83m
step 01515 (34.38%) | K: 3 | loss: 1.910495 | L1: 0.960070 | L2: 0.950567 | L3: 0.950281 | lrm: 1.00 | dt: 2628.17ms | tok/sec: 199,488 | mfu: 43.86 | epoch: 1 | total time: 65.87m
step 01516 (34.40%) | K: 3 | loss: 1.920947 | L1: 0.965236 | L2: 0.955854 | L3: 0.955567 | lrm: 1.00 | dt: 2626.97ms | tok/sec: 199,578 | mfu: 43.88 | epoch: 1 | total time: 65.91m
step 01517 (34.42%) | K: 3 | loss: 1.928616 | L1: 0.969094 | L2: 0.959657 | L3: 0.959386 | lrm: 1.00 | dt: 2625.24ms | tok/sec: 199,710 | mfu: 43.91 | epoch: 1 | total time: 65.96m
step 01518 (34.45%) | K: 3 | loss: 1.918579 | L1: 0.963999 | L2: 0.954708 | L3: 0.954454 | lrm: 1.00 | dt: 2630.38ms | tok/sec: 199,320 | mfu: 43.82 | epoch: 1 | total time: 66.00m
step 01519 (34.47%) | K: 3 | loss: 1.918025 | L1: 0.963697 | L2: 0.954461 | L3: 0.954195 | lrm: 1.00 | dt: 2624.32ms | tok/sec: 199,780 | mfu: 43.93 | epoch: 1 | total time: 66.05m
step 01520 (34.49%) | K: 3 | loss: 1.922783 | L1: 0.966077 | L2: 0.956842 | L3: 0.956571 | lrm: 1.00 | dt: 2622.61ms | tok/sec: 199,910 | mfu: 43.95 | epoch: 1 | total time: 66.09m
step 01521 (34.51%) | K: 3 | loss: 1.924767 | L1: 0.967076 | L2: 0.957824 | L3: 0.957556 | lrm: 1.00 | dt: 2623.91ms | tok/sec: 199,811 | mfu: 43.93 | epoch: 1 | total time: 66.13m
step 01522 (34.54%) | K: 3 | loss: 1.922011 | L1: 0.965694 | L2: 0.956454 | L3: 0.956179 | lrm: 1.00 | dt: 2632.24ms | tok/sec: 199,179 | mfu: 43.79 | epoch: 1 | total time: 66.18m
step 01523 (34.56%) | K: 3 | loss: 1.925979 | L1: 0.967693 | L2: 0.958421 | L3: 0.958151 | lrm: 1.00 | dt: 2622.97ms | tok/sec: 199,883 | mfu: 43.95 | epoch: 1 | total time: 66.22m
step 01524 (34.58%) | K: 3 | loss: 1.915199 | L1: 0.962289 | L2: 0.953041 | L3: 0.952777 | lrm: 1.00 | dt: 2630.04ms | tok/sec: 199,346 | mfu: 43.83 | epoch: 1 | total time: 66.26m
step 01525 (34.60%) | K: 3 | loss: 1.923554 | L1: 0.966565 | L2: 0.957134 | L3: 0.956843 | lrm: 1.00 | dt: 2624.80ms | tok/sec: 199,743 | mfu: 43.92 | epoch: 1 | total time: 66.31m
step 01526 (34.63%) | K: 3 | loss: 1.921001 | L1: 0.965279 | L2: 0.955863 | L3: 0.955582 | lrm: 1.00 | dt: 2626.29ms | tok/sec: 199,630 | mfu: 43.89 | epoch: 1 | total time: 66.35m
step 01527 (34.65%) | K: 3 | loss: 1.914799 | L1: 0.962179 | L2: 0.952756 | L3: 0.952485 | lrm: 1.00 | dt: 2629.17ms | tok/sec: 199,411 | mfu: 43.84 | epoch: 1 | total time: 66.40m
step 01528 (34.67%) | K: 3 | loss: 1.917427 | L1: 0.963498 | L2: 0.954063 | L3: 0.953795 | lrm: 1.00 | dt: 2623.90ms | tok/sec: 199,812 | mfu: 43.93 | epoch: 1 | total time: 66.44m
step 01529 (34.69%) | K: 3 | loss: 1.913660 | L1: 0.961631 | L2: 0.952160 | L3: 0.951897 | lrm: 1.00 | dt: 2630.05ms | tok/sec: 199,344 | mfu: 43.83 | epoch: 1 | total time: 66.48m
step 01530 (34.72%) | K: 3 | loss: 1.910417 | L1: 0.959976 | L2: 0.950572 | L3: 0.950310 | lrm: 1.00 | dt: 2628.18ms | tok/sec: 199,487 | mfu: 43.86 | epoch: 1 | total time: 66.53m
step 01531 (34.74%) | K: 3 | loss: 1.907218 | L1: 0.958393 | L2: 0.948959 | L3: 0.948691 | lrm: 1.00 | dt: 2629.81ms | tok/sec: 199,363 | mfu: 43.83 | epoch: 1 | total time: 66.57m
step 01532 (34.76%) | K: 3 | loss: 1.908890 | L1: 0.959219 | L2: 0.949809 | L3: 0.949532 | lrm: 1.00 | dt: 2627.75ms | tok/sec: 199,519 | mfu: 43.87 | epoch: 1 | total time: 66.61m
step 01533 (34.79%) | K: 3 | loss: 1.908855 | L1: 0.959181 | L2: 0.949814 | L3: 0.949532 | lrm: 1.00 | dt: 2627.80ms | tok/sec: 199,515 | mfu: 43.87 | epoch: 1 | total time: 66.66m
step 01534 (34.81%) | K: 3 | loss: 1.907138 | L1: 0.958290 | L2: 0.948986 | L3: 0.948711 | lrm: 1.00 | dt: 2627.33ms | tok/sec: 199,551 | mfu: 43.87 | epoch: 1 | total time: 66.70m
step 01535 (34.83%) | K: 3 | loss: 1.899119 | L1: 0.954326 | L2: 0.944931 | L3: 0.944655 | lrm: 1.00 | dt: 2620.54ms | tok/sec: 200,069 | mfu: 43.99 | epoch: 1 | total time: 66.75m
step 01536 (34.85%) | K: 3 | loss: 1.900976 | L1: 0.955251 | L2: 0.945858 | L3: 0.945592 | lrm: 1.00 | dt: 2625.04ms | tok/sec: 199,726 | mfu: 43.91 | epoch: 1 | total time: 66.79m
step 01537 (34.88%) | K: 3 | loss: 1.912297 | L1: 0.960914 | L2: 0.951511 | L3: 0.951256 | lrm: 1.00 | dt: 2630.67ms | tok/sec: 199,298 | mfu: 43.82 | epoch: 1 | total time: 66.83m
step 01538 (34.90%) | K: 3 | loss: 1.917443 | L1: 0.963505 | L2: 0.954074 | L3: 0.953802 | lrm: 1.00 | dt: 2623.08ms | tok/sec: 199,875 | mfu: 43.95 | epoch: 1 | total time: 66.88m
step 01539 (34.92%) | K: 3 | loss: 1.910448 | L1: 0.960024 | L2: 0.950551 | L3: 0.950298 | lrm: 1.00 | dt: 2624.50ms | tok/sec: 199,766 | mfu: 43.92 | epoch: 1 | total time: 66.92m
step 01540 (34.94%) | K: 3 | loss: 1.902786 | L1: 0.956105 | L2: 0.946807 | L3: 0.946556 | lrm: 1.00 | dt: 2626.58ms | tok/sec: 199,608 | mfu: 43.89 | epoch: 1 | total time: 66.96m
step 01541 (34.97%) | K: 3 | loss: 1.899852 | L1: 0.954657 | L2: 0.945316 | L3: 0.945073 | lrm: 1.00 | dt: 2626.11ms | tok/sec: 199,644 | mfu: 43.90 | epoch: 1 | total time: 67.01m
step 01542 (34.99%) | K: 3 | loss: 1.904188 | L1: 0.956857 | L2: 0.947461 | L3: 0.947202 | lrm: 1.00 | dt: 2624.38ms | tok/sec: 199,776 | mfu: 43.92 | epoch: 1 | total time: 67.05m
step 01543 (35.01%) | K: 3 | loss: 1.907697 | L1: 0.958625 | L2: 0.949204 | L3: 0.948940 | lrm: 1.00 | dt: 2627.45ms | tok/sec: 199,542 | mfu: 43.87 | epoch: 1 | total time: 67.10m
step 01544 (35.04%) | K: 3 | loss: 1.906808 | L1: 0.958161 | L2: 0.948774 | L3: 0.948519 | lrm: 1.00 | dt: 2626.31ms | tok/sec: 199,628 | mfu: 43.89 | epoch: 1 | total time: 67.14m
step 01545 (35.06%) | K: 3 | loss: 1.913131 | L1: 0.961328 | L2: 0.951945 | L3: 0.951661 | lrm: 1.00 | dt: 2628.32ms | tok/sec: 199,476 | mfu: 43.86 | epoch: 1 | total time: 67.18m
step 01546 (35.08%) | K: 3 | loss: 1.906696 | L1: 0.958089 | L2: 0.948754 | L3: 0.948461 | lrm: 1.00 | dt: 2629.85ms | tok/sec: 199,360 | mfu: 43.83 | epoch: 1 | total time: 67.23m
step 01547 (35.10%) | K: 3 | loss: 1.899815 | L1: 0.954650 | L2: 0.945315 | L3: 0.945013 | lrm: 1.00 | dt: 2623.72ms | tok/sec: 199,826 | mfu: 43.94 | epoch: 1 | total time: 67.27m
step 01548 (35.13%) | K: 3 | loss: 1.909836 | L1: 0.959605 | L2: 0.950369 | L3: 0.950093 | lrm: 1.00 | dt: 2629.56ms | tok/sec: 199,382 | mfu: 43.84 | epoch: 1 | total time: 67.31m
step 01549 (35.15%) | K: 3 | loss: 1.912039 | L1: 0.960703 | L2: 0.951465 | L3: 0.951206 | lrm: 1.00 | dt: 2625.17ms | tok/sec: 199,716 | mfu: 43.91 | epoch: 1 | total time: 67.36m
step 01550 (35.17%) | K: 3 | loss: 1.914934 | L1: 0.962144 | L2: 0.952917 | L3: 0.952663 | lrm: 1.00 | dt: 2625.49ms | tok/sec: 199,691 | mfu: 43.91 | epoch: 1 | total time: 67.40m
step 01551 (35.19%) | K: 3 | loss: 1.901422 | L1: 0.955372 | L2: 0.946191 | L3: 0.945911 | lrm: 1.00 | dt: 2622.85ms | tok/sec: 199,892 | mfu: 43.95 | epoch: 1 | total time: 67.45m
step 01552 (35.22%) | K: 3 | loss: 1.901341 | L1: 0.955298 | L2: 0.946183 | L3: 0.945902 | lrm: 1.00 | dt: 2632.33ms | tok/sec: 199,172 | mfu: 43.79 | epoch: 1 | total time: 67.49m
step 01553 (35.24%) | K: 3 | loss: 1.902933 | L1: 0.956095 | L2: 0.946974 | L3: 0.946701 | lrm: 1.00 | dt: 2623.84ms | tok/sec: 199,817 | mfu: 43.93 | epoch: 1 | total time: 67.53m
step 01554 (35.26%) | K: 3 | loss: 1.901514 | L1: 0.955414 | L2: 0.946242 | L3: 0.945959 | lrm: 1.00 | dt: 2629.80ms | tok/sec: 199,363 | mfu: 43.83 | epoch: 1 | total time: 67.58m
step 01555 (35.28%) | K: 3 | loss: 1.905221 | L1: 0.957280 | L2: 0.948071 | L3: 0.947810 | lrm: 1.00 | dt: 2623.51ms | tok/sec: 199,842 | mfu: 43.94 | epoch: 1 | total time: 67.62m
step 01556 (35.31%) | K: 3 | loss: 1.903689 | L1: 0.956542 | L2: 0.947277 | L3: 0.947017 | lrm: 1.00 | dt: 2631.32ms | tok/sec: 199,248 | mfu: 43.81 | epoch: 1 | total time: 67.66m
step 01557 (35.33%) | K: 3 | loss: 1.888455 | L1: 0.948922 | L2: 0.939669 | L3: 0.939398 | lrm: 1.00 | dt: 2625.18ms | tok/sec: 199,715 | mfu: 43.91 | epoch: 1 | total time: 67.71m
step 01558 (35.35%) | K: 3 | loss: 1.898041 | L1: 0.953671 | L2: 0.944502 | L3: 0.944237 | lrm: 1.00 | dt: 2620.08ms | tok/sec: 200,103 | mfu: 44.00 | epoch: 1 | total time: 67.75m
step 01559 (35.38%) | K: 3 | loss: 1.893796 | L1: 0.951536 | L2: 0.942390 | L3: 0.942130 | lrm: 1.00 | dt: 2627.01ms | tok/sec: 199,576 | mfu: 43.88 | epoch: 1 | total time: 67.80m
step 01560 (35.40%) | K: 3 | loss: 1.889386 | L1: 0.949280 | L2: 0.940236 | L3: 0.939976 | lrm: 1.00 | dt: 2624.42ms | tok/sec: 199,773 | mfu: 43.92 | epoch: 1 | total time: 67.84m
step 01561 (35.42%) | K: 3 | loss: 1.883203 | L1: 0.946200 | L2: 0.937129 | L3: 0.936877 | lrm: 1.00 | dt: 2625.88ms | tok/sec: 199,661 | mfu: 43.90 | epoch: 1 | total time: 67.88m
step 01562 (35.44%) | K: 3 | loss: 1.900383 | L1: 0.954853 | L2: 0.945666 | L3: 0.945395 | lrm: 1.00 | dt: 2621.26ms | tok/sec: 200,013 | mfu: 43.98 | epoch: 1 | total time: 67.93m
step 01563 (35.47%) | K: 3 | loss: 1.911409 | L1: 0.960376 | L2: 0.951157 | L3: 0.950908 | lrm: 1.00 | dt: 2625.56ms | tok/sec: 199,685 | mfu: 43.90 | epoch: 1 | total time: 67.97m
step 01564 (35.49%) | K: 3 | loss: 1.896307 | L1: 0.952755 | L2: 0.943669 | L3: 0.943435 | lrm: 1.00 | dt: 2621.67ms | tok/sec: 199,982 | mfu: 43.97 | epoch: 1 | total time: 68.01m
step 01565 (35.51%) | K: 3 | loss: 1.908061 | L1: 0.958652 | L2: 0.949520 | L3: 0.949299 | lrm: 1.00 | dt: 2625.45ms | tok/sec: 199,694 | mfu: 43.91 | epoch: 1 | total time: 68.06m
step 01566 (35.53%) | K: 3 | loss: 1.896564 | L1: 0.952932 | L2: 0.943734 | L3: 0.943530 | lrm: 1.00 | dt: 2622.34ms | tok/sec: 199,931 | mfu: 43.96 | epoch: 1 | total time: 68.10m
step 01567 (35.56%) | K: 3 | loss: 1.896173 | L1: 0.952732 | L2: 0.943557 | L3: 0.943325 | lrm: 1.00 | dt: 2628.71ms | tok/sec: 199,446 | mfu: 43.85 | epoch: 1 | total time: 68.15m
step 01568 (35.58%) | K: 3 | loss: 1.898604 | L1: 0.954007 | L2: 0.944713 | L3: 0.944483 | lrm: 1.00 | dt: 2624.14ms | tok/sec: 199,794 | mfu: 43.93 | epoch: 1 | total time: 68.19m
step 01569 (35.60%) | K: 3 | loss: 1.909145 | L1: 0.959313 | L2: 0.949946 | L3: 0.949718 | lrm: 1.00 | dt: 2623.51ms | tok/sec: 199,842 | mfu: 43.94 | epoch: 1 | total time: 68.23m
step 01570 (35.63%) | K: 3 | loss: 1.913278 | L1: 0.961388 | L2: 0.951994 | L3: 0.951787 | lrm: 1.00 | dt: 2623.50ms | tok/sec: 199,842 | mfu: 43.94 | epoch: 1 | total time: 68.28m
step 01571 (35.65%) | K: 3 | loss: 1.901020 | L1: 0.955221 | L2: 0.945910 | L3: 0.945688 | lrm: 1.00 | dt: 2630.61ms | tok/sec: 199,302 | mfu: 43.82 | epoch: 1 | total time: 68.32m
step 01572 (35.67%) | K: 3 | loss: 1.905175 | L1: 0.957282 | L2: 0.947996 | L3: 0.947790 | lrm: 1.00 | dt: 2622.39ms | tok/sec: 199,927 | mfu: 43.96 | epoch: 1 | total time: 68.36m
step 01573 (35.69%) | K: 3 | loss: 1.903271 | L1: 0.956374 | L2: 0.947003 | L3: 0.946789 | lrm: 1.00 | dt: 2625.52ms | tok/sec: 199,689 | mfu: 43.91 | epoch: 1 | total time: 68.41m
step 01574 (35.72%) | K: 3 | loss: 1.899788 | L1: 0.954660 | L2: 0.945232 | L3: 0.945024 | lrm: 1.00 | dt: 2624.63ms | tok/sec: 199,756 | mfu: 43.92 | epoch: 1 | total time: 68.45m
step 01575 (35.74%) | K: 3 | loss: 1.908703 | L1: 0.959101 | L2: 0.949703 | L3: 0.949500 | lrm: 1.00 | dt: 2623.69ms | tok/sec: 199,828 | mfu: 43.94 | epoch: 1 | total time: 68.50m
step 01576 (35.76%) | K: 3 | loss: 1.912735 | L1: 0.961128 | L2: 0.951711 | L3: 0.951505 | lrm: 1.00 | dt: 2622.91ms | tok/sec: 199,887 | mfu: 43.95 | epoch: 1 | total time: 68.54m
step 01577 (35.78%) | K: 3 | loss: 1.904794 | L1: 0.957175 | L2: 0.947736 | L3: 0.947503 | lrm: 1.00 | dt: 2620.75ms | tok/sec: 200,052 | mfu: 43.99 | epoch: 1 | total time: 68.58m
step 01578 (35.81%) | K: 3 | loss: 1.904875 | L1: 0.957239 | L2: 0.947743 | L3: 0.947529 | lrm: 1.00 | dt: 2628.59ms | tok/sec: 199,455 | mfu: 43.85 | epoch: 1 | total time: 68.63m
step 01579 (35.83%) | K: 3 | loss: 1.899911 | L1: 0.954771 | L2: 0.945258 | L3: 0.945023 | lrm: 1.00 | dt: 2628.50ms | tok/sec: 199,462 | mfu: 43.86 | epoch: 1 | total time: 68.67m
step 01580 (35.85%) | K: 3 | loss: 1.891852 | L1: 0.950716 | L2: 0.941250 | L3: 0.941021 | lrm: 1.00 | dt: 2624.32ms | tok/sec: 199,780 | mfu: 43.93 | epoch: 1 | total time: 68.71m
step 01581 (35.87%) | K: 3 | loss: 1.897667 | L1: 0.953635 | L2: 0.944154 | L3: 0.943912 | lrm: 1.00 | dt: 2628.75ms | tok/sec: 199,443 | mfu: 43.85 | epoch: 1 | total time: 68.76m
step 01582 (35.90%) | K: 3 | loss: 1.896509 | L1: 0.953013 | L2: 0.943609 | L3: 0.943383 | lrm: 1.00 | dt: 2623.71ms | tok/sec: 199,826 | mfu: 43.94 | epoch: 1 | total time: 68.80m
step 01583 (35.92%) | K: 3 | loss: 1.903286 | L1: 0.956410 | L2: 0.946991 | L3: 0.946760 | lrm: 1.00 | dt: 2628.12ms | tok/sec: 199,491 | mfu: 43.86 | epoch: 1 | total time: 68.85m
step 01584 (35.94%) | K: 3 | loss: 1.912393 | L1: 0.960950 | L2: 0.951565 | L3: 0.951322 | lrm: 1.00 | dt: 2627.52ms | tok/sec: 199,536 | mfu: 43.87 | epoch: 1 | total time: 68.89m
step 01585 (35.97%) | K: 3 | loss: 1.904432 | L1: 0.956928 | L2: 0.947626 | L3: 0.947382 | lrm: 1.00 | dt: 2625.96ms | tok/sec: 199,655 | mfu: 43.90 | epoch: 1 | total time: 68.93m
step 01586 (35.99%) | K: 3 | loss: 1.913050 | L1: 0.961239 | L2: 0.951935 | L3: 0.951687 | lrm: 1.00 | dt: 2625.69ms | tok/sec: 199,675 | mfu: 43.90 | epoch: 1 | total time: 68.98m
step 01587 (36.01%) | K: 3 | loss: 1.904680 | L1: 0.957010 | L2: 0.947801 | L3: 0.947539 | lrm: 1.00 | dt: 2624.88ms | tok/sec: 199,737 | mfu: 43.92 | epoch: 1 | total time: 69.02m
step 01588 (36.03%) | K: 3 | loss: 1.914380 | L1: 0.961871 | L2: 0.952640 | L3: 0.952379 | lrm: 1.00 | dt: 2626.36ms | tok/sec: 199,625 | mfu: 43.89 | epoch: 1 | total time: 69.06m
step 01589 (36.06%) | K: 3 | loss: 1.910453 | L1: 0.959882 | L2: 0.950693 | L3: 0.950450 | lrm: 1.00 | dt: 2622.78ms | tok/sec: 199,897 | mfu: 43.95 | epoch: 1 | total time: 69.11m
step 01590 (36.08%) | K: 3 | loss: 1.905808 | L1: 0.957531 | L2: 0.948403 | L3: 0.948151 | lrm: 1.00 | dt: 2629.36ms | tok/sec: 199,397 | mfu: 43.84 | epoch: 1 | total time: 69.15m
step 01591 (36.10%) | K: 3 | loss: 1.898314 | L1: 0.953812 | L2: 0.944630 | L3: 0.944373 | lrm: 1.00 | dt: 2624.30ms | tok/sec: 199,782 | mfu: 43.93 | epoch: 1 | total time: 69.20m
step 01592 (36.12%) | K: 3 | loss: 1.888852 | L1: 0.949117 | L2: 0.939870 | L3: 0.939600 | lrm: 1.00 | dt: 2624.74ms | tok/sec: 199,748 | mfu: 43.92 | epoch: 1 | total time: 69.24m
step 01593 (36.15%) | K: 3 | loss: 1.889434 | L1: 0.949447 | L2: 0.940112 | L3: 0.939862 | lrm: 1.00 | dt: 2622.87ms | tok/sec: 199,891 | mfu: 43.95 | epoch: 1 | total time: 69.28m
step 01594 (36.17%) | K: 3 | loss: 1.889133 | L1: 0.949343 | L2: 0.939917 | L3: 0.939663 | lrm: 1.00 | dt: 2627.25ms | tok/sec: 199,557 | mfu: 43.88 | epoch: 1 | total time: 69.33m
step 01595 (36.19%) | K: 3 | loss: 1.887711 | L1: 0.948625 | L2: 0.939215 | L3: 0.938957 | lrm: 1.00 | dt: 2759.65ms | tok/sec: 189,983 | mfu: 41.77 | epoch: 1 | total time: 69.37m
step 01596 (36.22%) | K: 3 | loss: 1.881770 | L1: 0.945679 | L2: 0.936222 | L3: 0.935959 | lrm: 1.00 | dt: 2615.55ms | tok/sec: 200,450 | mfu: 44.07 | epoch: 1 | total time: 69.42m
step 01597 (36.24%) | K: 3 | loss: 1.876255 | L1: 0.942934 | L2: 0.933453 | L3: 0.933188 | lrm: 1.00 | dt: 2624.71ms | tok/sec: 199,750 | mfu: 43.92 | epoch: 1 | total time: 69.46m
step 01598 (36.26%) | K: 3 | loss: 1.873577 | L1: 0.941637 | L2: 0.932068 | L3: 0.931812 | lrm: 1.00 | dt: 2620.09ms | tok/sec: 200,103 | mfu: 44.00 | epoch: 1 | total time: 69.50m
step 01599 (36.28%) | K: 3 | loss: 1.880191 | L1: 0.944958 | L2: 0.935363 | L3: 0.935103 | lrm: 1.00 | dt: 2625.05ms | tok/sec: 199,724 | mfu: 43.91 | epoch: 1 | total time: 69.55m
step 01600 (36.31%) | K: 3 | loss: 1.878420 | L1: 0.944069 | L2: 0.934487 | L3: 0.934215 | lrm: 1.00 | dt: 2626.51ms | tok/sec: 199,614 | mfu: 43.89 | epoch: 1 | total time: 69.59m
step 01601 (36.33%) | K: 3 | loss: 1.897186 | L1: 0.953444 | L2: 0.943891 | L3: 0.943593 | lrm: 1.00 | dt: 2624.85ms | tok/sec: 199,739 | mfu: 43.92 | epoch: 1 | total time: 69.64m
step 01602 (36.35%) | K: 3 | loss: 1.892365 | L1: 0.951007 | L2: 0.941518 | L3: 0.941198 | lrm: 1.00 | dt: 2622.24ms | tok/sec: 199,938 | mfu: 43.96 | epoch: 1 | total time: 69.68m
step 01603 (36.37%) | K: 3 | loss: 1.889960 | L1: 0.949788 | L2: 0.940331 | L3: 0.940013 | lrm: 1.00 | dt: 2625.55ms | tok/sec: 199,686 | mfu: 43.90 | epoch: 1 | total time: 69.72m
step 01604 (36.40%) | K: 3 | loss: 1.891927 | L1: 0.950710 | L2: 0.941365 | L3: 0.941068 | lrm: 1.00 | dt: 2627.38ms | tok/sec: 199,547 | mfu: 43.87 | epoch: 1 | total time: 69.77m
step 01605 (36.42%) | K: 3 | loss: 1.891363 | L1: 0.950449 | L2: 0.941042 | L3: 0.940785 | lrm: 1.00 | dt: 2625.25ms | tok/sec: 199,709 | mfu: 43.91 | epoch: 1 | total time: 69.81m
step 01606 (36.44%) | K: 3 | loss: 1.889403 | L1: 0.949467 | L2: 0.940056 | L3: 0.939817 | lrm: 1.00 | dt: 2626.22ms | tok/sec: 199,636 | mfu: 43.89 | epoch: 1 | total time: 69.85m
step 01607 (36.46%) | K: 3 | loss: 1.885603 | L1: 0.947555 | L2: 0.938156 | L3: 0.937938 | lrm: 1.00 | dt: 2625.60ms | tok/sec: 199,683 | mfu: 43.90 | epoch: 1 | total time: 69.90m
step 01608 (36.49%) | K: 3 | loss: 1.895684 | L1: 0.952712 | L2: 0.943092 | L3: 0.942853 | lrm: 1.00 | dt: 2624.17ms | tok/sec: 199,792 | mfu: 43.93 | epoch: 1 | total time: 69.94m
step 01609 (36.51%) | K: 3 | loss: 1.896837 | L1: 0.953261 | L2: 0.943708 | L3: 0.943445 | lrm: 1.00 | dt: 2626.16ms | tok/sec: 199,640 | mfu: 43.89 | epoch: 1 | total time: 69.99m
step 01610 (36.53%) | K: 3 | loss: 1.901260 | L1: 0.955450 | L2: 0.945949 | L3: 0.945670 | lrm: 1.00 | dt: 2630.45ms | tok/sec: 199,315 | mfu: 43.82 | epoch: 1 | total time: 70.03m
step 01611 (36.56%) | K: 3 | loss: 1.904245 | L1: 0.956867 | L2: 0.947510 | L3: 0.947245 | lrm: 1.00 | dt: 2622.06ms | tok/sec: 199,952 | mfu: 43.96 | epoch: 1 | total time: 70.07m
step 01612 (36.58%) | K: 3 | loss: 1.909652 | L1: 0.959604 | L2: 0.950189 | L3: 0.949908 | lrm: 1.00 | dt: 2630.38ms | tok/sec: 199,320 | mfu: 43.82 | epoch: 1 | total time: 70.12m
step 01613 (36.60%) | K: 3 | loss: 1.914442 | L1: 0.961979 | L2: 0.952594 | L3: 0.952331 | lrm: 1.00 | dt: 2627.87ms | tok/sec: 199,510 | mfu: 43.87 | epoch: 1 | total time: 70.16m
step 01614 (36.62%) | K: 3 | loss: 1.919214 | L1: 0.964382 | L2: 0.954977 | L3: 0.954686 | lrm: 1.00 | dt: 2621.32ms | tok/sec: 200,009 | mfu: 43.98 | epoch: 1 | total time: 70.20m
step 01615 (36.65%) | K: 3 | loss: 1.912032 | L1: 0.960736 | L2: 0.951438 | L3: 0.951153 | lrm: 1.00 | dt: 2624.47ms | tok/sec: 199,768 | mfu: 43.92 | epoch: 1 | total time: 70.25m
step 01616 (36.67%) | K: 3 | loss: 1.909873 | L1: 0.959704 | L2: 0.950319 | L3: 0.950017 | lrm: 1.00 | dt: 2627.73ms | tok/sec: 199,521 | mfu: 43.87 | epoch: 1 | total time: 70.29m
step 01617 (36.69%) | K: 3 | loss: 1.909250 | L1: 0.959432 | L2: 0.949961 | L3: 0.949674 | lrm: 1.00 | dt: 2622.25ms | tok/sec: 199,938 | mfu: 43.96 | epoch: 1 | total time: 70.34m
step 01618 (36.71%) | K: 3 | loss: 1.918521 | L1: 0.964110 | L2: 0.954548 | L3: 0.954274 | lrm: 1.00 | dt: 2623.01ms | tok/sec: 199,880 | mfu: 43.95 | epoch: 1 | total time: 70.38m
step 01619 (36.74%) | K: 3 | loss: 1.919028 | L1: 0.964336 | L2: 0.954819 | L3: 0.954564 | lrm: 1.00 | dt: 2629.94ms | tok/sec: 199,353 | mfu: 43.83 | epoch: 1 | total time: 70.42m
step 01620 (36.76%) | K: 3 | loss: 1.923465 | L1: 0.966513 | L2: 0.957077 | L3: 0.956826 | lrm: 1.00 | dt: 2626.17ms | tok/sec: 199,639 | mfu: 43.89 | epoch: 1 | total time: 70.47m
step 01621 (36.78%) | K: 3 | loss: 1.920067 | L1: 0.964809 | L2: 0.955384 | L3: 0.955132 | lrm: 1.00 | dt: 2623.56ms | tok/sec: 199,838 | mfu: 43.94 | epoch: 1 | total time: 70.51m
step 01622 (36.81%) | K: 3 | loss: 1.906593 | L1: 0.958108 | L2: 0.948625 | L3: 0.948344 | lrm: 1.00 | dt: 2627.71ms | tok/sec: 199,522 | mfu: 43.87 | epoch: 1 | total time: 70.55m
step 01623 (36.83%) | K: 3 | loss: 1.901197 | L1: 0.955403 | L2: 0.945936 | L3: 0.945651 | lrm: 1.00 | dt: 2623.70ms | tok/sec: 199,827 | mfu: 43.94 | epoch: 1 | total time: 70.60m
step 01624 (36.85%) | K: 3 | loss: 1.903034 | L1: 0.956275 | L2: 0.946901 | L3: 0.946616 | lrm: 1.00 | dt: 2625.87ms | tok/sec: 199,662 | mfu: 43.90 | epoch: 1 | total time: 70.64m
step 01625 (36.87%) | K: 3 | loss: 1.905164 | L1: 0.957266 | L2: 0.948038 | L3: 0.947758 | lrm: 1.00 | dt: 2627.65ms | tok/sec: 199,527 | mfu: 43.87 | epoch: 1 | total time: 70.69m
step 01626 (36.90%) | K: 3 | loss: 1.901931 | L1: 0.955689 | L2: 0.946382 | L3: 0.946102 | lrm: 1.00 | dt: 2627.66ms | tok/sec: 199,526 | mfu: 43.87 | epoch: 1 | total time: 70.73m
step 01627 (36.92%) | K: 3 | loss: 1.894537 | L1: 0.951980 | L2: 0.942696 | L3: 0.942416 | lrm: 1.00 | dt: 2624.59ms | tok/sec: 199,759 | mfu: 43.92 | epoch: 1 | total time: 70.77m
step 01628 (36.94%) | K: 3 | loss: 1.893943 | L1: 0.951688 | L2: 0.942392 | L3: 0.942116 | lrm: 1.00 | dt: 2626.04ms | tok/sec: 199,649 | mfu: 43.90 | epoch: 1 | total time: 70.82m
step 01629 (36.96%) | K: 3 | loss: 1.893398 | L1: 0.951448 | L2: 0.942089 | L3: 0.941811 | lrm: 1.00 | dt: 2629.02ms | tok/sec: 199,423 | mfu: 43.85 | epoch: 1 | total time: 70.86m
step 01630 (36.99%) | K: 3 | loss: 1.890009 | L1: 0.949750 | L2: 0.940401 | L3: 0.940117 | lrm: 1.00 | dt: 2629.53ms | tok/sec: 199,384 | mfu: 43.84 | epoch: 1 | total time: 70.90m
step 01631 (37.01%) | K: 3 | loss: 1.905091 | L1: 0.957379 | L2: 0.947856 | L3: 0.947568 | lrm: 1.00 | dt: 2622.28ms | tok/sec: 199,935 | mfu: 43.96 | epoch: 1 | total time: 70.95m
step 01632 (37.03%) | K: 3 | loss: 1.912249 | L1: 0.961042 | L2: 0.951355 | L3: 0.951059 | lrm: 1.00 | dt: 2623.40ms | tok/sec: 199,850 | mfu: 43.94 | epoch: 1 | total time: 70.99m
step 01633 (37.05%) | K: 3 | loss: 1.911779 | L1: 0.960778 | L2: 0.951140 | L3: 0.950861 | lrm: 1.00 | dt: 2620.81ms | tok/sec: 200,048 | mfu: 43.98 | epoch: 1 | total time: 71.04m
step 01634 (37.08%) | K: 3 | loss: 1.908950 | L1: 0.959386 | L2: 0.949708 | L3: 0.949420 | lrm: 1.00 | dt: 2623.69ms | tok/sec: 199,828 | mfu: 43.94 | epoch: 1 | total time: 71.08m
step 01635 (37.10%) | K: 3 | loss: 1.904072 | L1: 0.956902 | L2: 0.947309 | L3: 0.947030 | lrm: 1.00 | dt: 2628.72ms | tok/sec: 199,446 | mfu: 43.85 | epoch: 1 | total time: 71.12m
step 01636 (37.12%) | K: 3 | loss: 1.896314 | L1: 0.952990 | L2: 0.943458 | L3: 0.943190 | lrm: 1.00 | dt: 2623.12ms | tok/sec: 199,871 | mfu: 43.95 | epoch: 1 | total time: 71.17m
step 01637 (37.15%) | K: 3 | loss: 1.909054 | L1: 0.959420 | L2: 0.949769 | L3: 0.949498 | lrm: 1.00 | dt: 2623.13ms | tok/sec: 199,870 | mfu: 43.95 | epoch: 1 | total time: 71.21m
step 01638 (37.17%) | K: 3 | loss: 1.912023 | L1: 0.960916 | L2: 0.951249 | L3: 0.950966 | lrm: 1.00 | dt: 2630.15ms | tok/sec: 199,337 | mfu: 43.83 | epoch: 1 | total time: 71.25m
step 01639 (37.19%) | K: 3 | loss: 1.916460 | L1: 0.963160 | L2: 0.953438 | L3: 0.953161 | lrm: 1.00 | dt: 2625.98ms | tok/sec: 199,654 | mfu: 43.90 | epoch: 1 | total time: 71.30m
step 01640 (37.21%) | K: 3 | loss: 1.920426 | L1: 0.965125 | L2: 0.955448 | L3: 0.955154 | lrm: 1.00 | dt: 2626.51ms | tok/sec: 199,614 | mfu: 43.89 | epoch: 1 | total time: 71.34m
step 01641 (37.24%) | K: 3 | loss: 1.913040 | L1: 0.961464 | L2: 0.951728 | L3: 0.951424 | lrm: 1.00 | dt: 2626.68ms | tok/sec: 199,600 | mfu: 43.89 | epoch: 1 | total time: 71.39m
step 01642 (37.26%) | K: 3 | loss: 1.910917 | L1: 0.960380 | L2: 0.950687 | L3: 0.950385 | lrm: 1.00 | dt: 2623.83ms | tok/sec: 199,817 | mfu: 43.93 | epoch: 1 | total time: 71.43m
step 01643 (37.28%) | K: 3 | loss: 1.902971 | L1: 0.956431 | L2: 0.946691 | L3: 0.946390 | lrm: 1.00 | dt: 2621.90ms | tok/sec: 199,964 | mfu: 43.97 | epoch: 1 | total time: 71.47m
step 01644 (37.30%) | K: 3 | loss: 1.890587 | L1: 0.950170 | L2: 0.940569 | L3: 0.940265 | lrm: 1.00 | dt: 2628.91ms | tok/sec: 199,431 | mfu: 43.85 | epoch: 1 | total time: 71.52m
step 01645 (37.33%) | K: 3 | loss: 1.896082 | L1: 0.952862 | L2: 0.943365 | L3: 0.943075 | lrm: 1.00 | dt: 2629.33ms | tok/sec: 199,400 | mfu: 43.84 | epoch: 1 | total time: 71.56m
step 01646 (37.35%) | K: 3 | loss: 1.889211 | L1: 0.949377 | L2: 0.939972 | L3: 0.939696 | lrm: 1.00 | dt: 2625.34ms | tok/sec: 199,702 | mfu: 43.91 | epoch: 1 | total time: 71.61m
step 01647 (37.37%) | K: 3 | loss: 1.891141 | L1: 0.950409 | L2: 0.940873 | L3: 0.940592 | lrm: 1.00 | dt: 2626.56ms | tok/sec: 199,610 | mfu: 43.89 | epoch: 1 | total time: 71.65m
step 01648 (37.40%) | K: 3 | loss: 1.884630 | L1: 0.947124 | L2: 0.937652 | L3: 0.937359 | lrm: 1.00 | dt: 2627.74ms | tok/sec: 199,520 | mfu: 43.87 | epoch: 1 | total time: 71.69m
step 01649 (37.42%) | K: 3 | loss: 1.881952 | L1: 0.945800 | L2: 0.936299 | L3: 0.936005 | lrm: 1.00 | dt: 2630.32ms | tok/sec: 199,324 | mfu: 43.83 | epoch: 1 | total time: 71.74m
step 01650 (37.44%) | K: 3 | loss: 1.879985 | L1: 0.944828 | L2: 0.935308 | L3: 0.935008 | lrm: 1.00 | dt: 2625.61ms | tok/sec: 199,682 | mfu: 43.90 | epoch: 1 | total time: 71.78m
step 01651 (37.46%) | K: 3 | loss: 1.873272 | L1: 0.941449 | L2: 0.931969 | L3: 0.931677 | lrm: 1.00 | dt: 2621.69ms | tok/sec: 199,980 | mfu: 43.97 | epoch: 1 | total time: 71.82m
step 01652 (37.49%) | K: 3 | loss: 1.863824 | L1: 0.936717 | L2: 0.927254 | L3: 0.926961 | lrm: 1.00 | dt: 2628.67ms | tok/sec: 199,449 | mfu: 43.85 | epoch: 1 | total time: 71.87m
step 01653 (37.51%) | K: 3 | loss: 1.853250 | L1: 0.931393 | L2: 0.921995 | L3: 0.921719 | lrm: 1.00 | dt: 2624.25ms | tok/sec: 199,785 | mfu: 43.93 | epoch: 1 | total time: 71.91m
step 01654 (37.53%) | K: 3 | loss: 1.852063 | L1: 0.930769 | L2: 0.921426 | L3: 0.921162 | lrm: 1.00 | dt: 2624.52ms | tok/sec: 199,765 | mfu: 43.92 | epoch: 1 | total time: 71.96m
step 01655 (37.55%) | K: 3 | loss: 1.859583 | L1: 0.934531 | L2: 0.925185 | L3: 0.924920 | lrm: 1.00 | dt: 2626.11ms | tok/sec: 199,644 | mfu: 43.90 | epoch: 1 | total time: 72.00m
step 01656 (37.58%) | K: 3 | loss: 1.864622 | L1: 0.937124 | L2: 0.927632 | L3: 0.927365 | lrm: 1.00 | dt: 2629.46ms | tok/sec: 199,389 | mfu: 43.84 | epoch: 1 | total time: 72.04m
step 01657 (37.60%) | K: 3 | loss: 1.872979 | L1: 0.941317 | L2: 0.931797 | L3: 0.931527 | lrm: 1.00 | dt: 2624.61ms | tok/sec: 199,758 | mfu: 43.92 | epoch: 1 | total time: 72.09m
step 01658 (37.62%) | K: 3 | loss: 1.874229 | L1: 0.941872 | L2: 0.932487 | L3: 0.932229 | lrm: 1.00 | dt: 2629.04ms | tok/sec: 199,421 | mfu: 43.85 | epoch: 1 | total time: 72.13m
step 01659 (37.64%) | K: 3 | loss: 1.875544 | L1: 0.942537 | L2: 0.933139 | L3: 0.932876 | lrm: 1.00 | dt: 2627.02ms | tok/sec: 199,575 | mfu: 43.88 | epoch: 1 | total time: 72.17m
step 01660 (37.67%) | K: 3 | loss: 1.874781 | L1: 0.942146 | L2: 0.932762 | L3: 0.932508 | lrm: 1.00 | dt: 2623.69ms | tok/sec: 199,828 | mfu: 43.94 | epoch: 1 | total time: 72.22m
step 01661 (37.69%) | K: 3 | loss: 1.869853 | L1: 0.939687 | L2: 0.930293 | L3: 0.930039 | lrm: 1.00 | dt: 2625.27ms | tok/sec: 199,708 | mfu: 43.91 | epoch: 1 | total time: 72.26m
step 01662 (37.71%) | K: 3 | loss: 1.877718 | L1: 0.943626 | L2: 0.934208 | L3: 0.933976 | lrm: 1.00 | dt: 2625.75ms | tok/sec: 199,671 | mfu: 43.90 | epoch: 1 | total time: 72.31m
step 01663 (37.74%) | K: 3 | loss: 1.883915 | L1: 0.946730 | L2: 0.937295 | L3: 0.937075 | lrm: 1.00 | dt: 2622.53ms | tok/sec: 199,917 | mfu: 43.96 | epoch: 1 | total time: 72.35m
step 01664 (37.76%) | K: 3 | loss: 1.889477 | L1: 0.949588 | L2: 0.940006 | L3: 0.939772 | lrm: 1.00 | dt: 2626.13ms | tok/sec: 199,642 | mfu: 43.89 | epoch: 1 | total time: 72.39m
step 01665 (37.78%) | K: 3 | loss: 1.889908 | L1: 0.949789 | L2: 0.940231 | L3: 0.940008 | lrm: 1.00 | dt: 2627.14ms | tok/sec: 199,566 | mfu: 43.88 | epoch: 1 | total time: 72.44m
step 01666 (37.80%) | K: 3 | loss: 1.883797 | L1: 0.946695 | L2: 0.937214 | L3: 0.936989 | lrm: 1.00 | dt: 2621.77ms | tok/sec: 199,974 | mfu: 43.97 | epoch: 1 | total time: 72.48m
step 01667 (37.83%) | K: 3 | loss: 1.870184 | L1: 0.939876 | L2: 0.930422 | L3: 0.930195 | lrm: 1.00 | dt: 2625.85ms | tok/sec: 199,664 | mfu: 43.90 | epoch: 1 | total time: 72.52m
step 01668 (37.85%) | K: 3 | loss: 1.869657 | L1: 0.939583 | L2: 0.930187 | L3: 0.929960 | lrm: 1.00 | dt: 2624.45ms | tok/sec: 199,770 | mfu: 43.92 | epoch: 1 | total time: 72.57m
step 01669 (37.87%) | K: 3 | loss: 1.875934 | L1: 0.942740 | L2: 0.933322 | L3: 0.933067 | lrm: 1.00 | dt: 2627.01ms | tok/sec: 199,576 | mfu: 43.88 | epoch: 1 | total time: 72.61m
step 01670 (37.89%) | K: 3 | loss: 1.867383 | L1: 0.938409 | L2: 0.929091 | L3: 0.928857 | lrm: 1.00 | dt: 2625.07ms | tok/sec: 199,723 | mfu: 43.91 | epoch: 1 | total time: 72.66m
step 01671 (37.92%) | K: 3 | loss: 1.866931 | L1: 0.938140 | L2: 0.928900 | L3: 0.928682 | lrm: 1.00 | dt: 2627.68ms | tok/sec: 199,525 | mfu: 43.87 | epoch: 1 | total time: 72.70m
step 01672 (37.94%) | K: 3 | loss: 1.865220 | L1: 0.937315 | L2: 0.928016 | L3: 0.927794 | lrm: 1.00 | dt: 2626.33ms | tok/sec: 199,627 | mfu: 43.89 | epoch: 1 | total time: 72.74m
step 01673 (37.96%) | K: 3 | loss: 1.870509 | L1: 0.939962 | L2: 0.930662 | L3: 0.930433 | lrm: 1.00 | dt: 2625.93ms | tok/sec: 199,657 | mfu: 43.90 | epoch: 1 | total time: 72.79m
step 01674 (37.99%) | K: 3 | loss: 1.864300 | L1: 0.936876 | L2: 0.927544 | L3: 0.927303 | lrm: 1.00 | dt: 2670.52ms | tok/sec: 196,324 | mfu: 43.17 | epoch: 1 | total time: 72.83m
step 01675 (38.01%) | K: 3 | loss: 1.870174 | L1: 0.939833 | L2: 0.930464 | L3: 0.930219 | lrm: 1.00 | dt: 2619.92ms | tok/sec: 200,116 | mfu: 44.00 | epoch: 1 | total time: 72.87m
step 01676 (38.03%) | K: 3 | loss: 1.883529 | L1: 0.946505 | L2: 0.937151 | L3: 0.936897 | lrm: 1.00 | dt: 2628.63ms | tok/sec: 199,452 | mfu: 43.85 | epoch: 1 | total time: 72.92m
step 01677 (38.05%) | K: 3 | loss: 1.877211 | L1: 0.943364 | L2: 0.933978 | L3: 0.933716 | lrm: 1.00 | dt: 2629.08ms | tok/sec: 199,418 | mfu: 43.85 | epoch: 1 | total time: 72.96m
step 01678 (38.08%) | K: 3 | loss: 1.864755 | L1: 0.937100 | L2: 0.927786 | L3: 0.927523 | lrm: 1.00 | dt: 2624.44ms | tok/sec: 199,771 | mfu: 43.92 | epoch: 1 | total time: 73.01m
step 01679 (38.10%) | K: 3 | loss: 1.875440 | L1: 0.942445 | L2: 0.933129 | L3: 0.932860 | lrm: 1.00 | dt: 2625.53ms | tok/sec: 199,688 | mfu: 43.91 | epoch: 1 | total time: 73.05m
step 01680 (38.12%) | K: 3 | loss: 1.876534 | L1: 0.943038 | L2: 0.933641 | L3: 0.933352 | lrm: 1.00 | dt: 2629.41ms | tok/sec: 199,393 | mfu: 43.84 | epoch: 1 | total time: 73.09m
step 01681 (38.14%) | K: 3 | loss: 1.873540 | L1: 0.941519 | L2: 0.932166 | L3: 0.931875 | lrm: 1.00 | dt: 2627.88ms | tok/sec: 199,509 | mfu: 43.87 | epoch: 1 | total time: 73.14m
step 01682 (38.17%) | K: 3 | loss: 1.876888 | L1: 0.943172 | L2: 0.933864 | L3: 0.933568 | lrm: 1.00 | dt: 2634.18ms | tok/sec: 199,033 | mfu: 43.76 | epoch: 1 | total time: 73.18m
step 01683 (38.19%) | K: 3 | loss: 1.886693 | L1: 0.948036 | L2: 0.938807 | L3: 0.938506 | lrm: 1.00 | dt: 2623.95ms | tok/sec: 199,808 | mfu: 43.93 | epoch: 1 | total time: 73.23m
step 01684 (38.21%) | K: 3 | loss: 1.894676 | L1: 0.952052 | L2: 0.942767 | L3: 0.942481 | lrm: 1.00 | dt: 2628.82ms | tok/sec: 199,438 | mfu: 43.85 | epoch: 1 | total time: 73.27m
step 01685 (38.23%) | K: 3 | loss: 1.891341 | L1: 0.950395 | L2: 0.941079 | L3: 0.940814 | lrm: 1.00 | dt: 2625.04ms | tok/sec: 199,725 | mfu: 43.91 | epoch: 1 | total time: 73.31m
step 01686 (38.26%) | K: 3 | loss: 1.881402 | L1: 0.945430 | L2: 0.936105 | L3: 0.935839 | lrm: 1.00 | dt: 2625.93ms | tok/sec: 199,657 | mfu: 43.90 | epoch: 1 | total time: 73.36m
step 01687 (38.28%) | K: 3 | loss: 1.871397 | L1: 0.940374 | L2: 0.931150 | L3: 0.930895 | lrm: 1.00 | dt: 2626.06ms | tok/sec: 199,648 | mfu: 43.90 | epoch: 1 | total time: 73.40m
step 01688 (38.30%) | K: 3 | loss: 1.869928 | L1: 0.939650 | L2: 0.930396 | L3: 0.930162 | lrm: 1.00 | dt: 2624.79ms | tok/sec: 199,745 | mfu: 43.92 | epoch: 1 | total time: 73.44m
step 01689 (38.33%) | K: 3 | loss: 1.878017 | L1: 0.943779 | L2: 0.934368 | L3: 0.934108 | lrm: 1.00 | dt: 2625.16ms | tok/sec: 199,716 | mfu: 43.91 | epoch: 1 | total time: 73.49m
step 01690 (38.35%) | K: 3 | loss: 1.871052 | L1: 0.940260 | L2: 0.930914 | L3: 0.930669 | lrm: 1.00 | dt: 2622.59ms | tok/sec: 199,912 | mfu: 43.95 | epoch: 1 | total time: 73.53m
step 01691 (38.37%) | K: 3 | loss: 1.870269 | L1: 0.939858 | L2: 0.930528 | L3: 0.930293 | lrm: 1.00 | dt: 2630.78ms | tok/sec: 199,289 | mfu: 43.82 | epoch: 1 | total time: 73.58m
step 01692 (38.39%) | K: 3 | loss: 1.872947 | L1: 0.941147 | L2: 0.931922 | L3: 0.931678 | lrm: 1.00 | dt: 2622.10ms | tok/sec: 199,949 | mfu: 43.96 | epoch: 1 | total time: 73.62m
step 01693 (38.42%) | K: 3 | loss: 1.879559 | L1: 0.944502 | L2: 0.935179 | L3: 0.934934 | lrm: 1.00 | dt: 2629.68ms | tok/sec: 199,373 | mfu: 43.84 | epoch: 1 | total time: 73.66m
step 01694 (38.44%) | K: 3 | loss: 1.875064 | L1: 0.942256 | L2: 0.932939 | L3: 0.932678 | lrm: 1.00 | dt: 2623.07ms | tok/sec: 199,875 | mfu: 43.95 | epoch: 1 | total time: 73.71m
step 01695 (38.46%) | K: 3 | loss: 1.872336 | L1: 0.940811 | L2: 0.931650 | L3: 0.931402 | lrm: 1.00 | dt: 2624.39ms | tok/sec: 199,775 | mfu: 43.92 | epoch: 1 | total time: 73.75m
step 01696 (38.48%) | K: 3 | loss: 1.880573 | L1: 0.944946 | L2: 0.935761 | L3: 0.935494 | lrm: 1.00 | dt: 2625.49ms | tok/sec: 199,691 | mfu: 43.91 | epoch: 1 | total time: 73.79m
step 01697 (38.51%) | K: 3 | loss: 1.870732 | L1: 0.940066 | L2: 0.930811 | L3: 0.930522 | lrm: 1.00 | dt: 2626.42ms | tok/sec: 199,620 | mfu: 43.89 | epoch: 1 | total time: 73.84m
step 01698 (38.53%) | K: 3 | loss: 1.864449 | L1: 0.936926 | L2: 0.927654 | L3: 0.927392 | lrm: 1.00 | dt: 2621.91ms | tok/sec: 199,964 | mfu: 43.97 | epoch: 1 | total time: 73.88m
step 01699 (38.55%) | K: 3 | loss: 1.858729 | L1: 0.934072 | L2: 0.924794 | L3: 0.924520 | lrm: 1.00 | dt: 2625.12ms | tok/sec: 199,719 | mfu: 43.91 | epoch: 1 | total time: 73.93m
step 01700 (38.57%) | K: 3 | loss: 1.860667 | L1: 0.935060 | L2: 0.925733 | L3: 0.925480 | lrm: 1.00 | dt: 2626.54ms | tok/sec: 199,611 | mfu: 43.89 | epoch: 1 | total time: 73.97m
step 01701 (38.60%) | K: 3 | loss: 1.860254 | L1: 0.934832 | L2: 0.925548 | L3: 0.925297 | lrm: 1.00 | dt: 2626.99ms | tok/sec: 199,577 | mfu: 43.88 | epoch: 1 | total time: 74.01m
step 01702 (38.62%) | K: 3 | loss: 1.859705 | L1: 0.934608 | L2: 0.925234 | L3: 0.924961 | lrm: 1.00 | dt: 2622.66ms | tok/sec: 199,906 | mfu: 43.95 | epoch: 1 | total time: 74.06m
step 01703 (38.64%) | K: 3 | loss: 1.857494 | L1: 0.933486 | L2: 0.924138 | L3: 0.923879 | lrm: 1.00 | dt: 2626.43ms | tok/sec: 199,620 | mfu: 43.89 | epoch: 1 | total time: 74.10m
step 01704 (38.67%) | K: 3 | loss: 1.867502 | L1: 0.938521 | L2: 0.929101 | L3: 0.928859 | lrm: 1.00 | dt: 2630.53ms | tok/sec: 199,309 | mfu: 43.82 | epoch: 1 | total time: 74.14m
step 01705 (38.69%) | K: 3 | loss: 1.865157 | L1: 0.937395 | L2: 0.927890 | L3: 0.927634 | lrm: 1.00 | dt: 2630.90ms | tok/sec: 199,281 | mfu: 43.82 | epoch: 1 | total time: 74.19m
step 01706 (38.71%) | K: 3 | loss: 1.861538 | L1: 0.935534 | L2: 0.926128 | L3: 0.925880 | lrm: 1.00 | dt: 2627.72ms | tok/sec: 199,521 | mfu: 43.87 | epoch: 1 | total time: 74.23m
step 01707 (38.73%) | K: 3 | loss: 1.859993 | L1: 0.934730 | L2: 0.925391 | L3: 0.925134 | lrm: 1.00 | dt: 2623.50ms | tok/sec: 199,842 | mfu: 43.94 | epoch: 1 | total time: 74.28m
step 01708 (38.76%) | K: 3 | loss: 1.862370 | L1: 0.935882 | L2: 0.926619 | L3: 0.926356 | lrm: 1.00 | dt: 2624.87ms | tok/sec: 199,738 | mfu: 43.92 | epoch: 1 | total time: 74.32m
step 01709 (38.78%) | K: 3 | loss: 1.870163 | L1: 0.939812 | L2: 0.930478 | L3: 0.930225 | lrm: 1.00 | dt: 2628.08ms | tok/sec: 199,494 | mfu: 43.86 | epoch: 1 | total time: 74.36m
step 01710 (38.80%) | K: 3 | loss: 1.860144 | L1: 0.934767 | L2: 0.925503 | L3: 0.925252 | lrm: 1.00 | dt: 2625.98ms | tok/sec: 199,654 | mfu: 43.90 | epoch: 1 | total time: 74.41m
step 01711 (38.82%) | K: 3 | loss: 1.857638 | L1: 0.933559 | L2: 0.924211 | L3: 0.923948 | lrm: 1.00 | dt: 2626.50ms | tok/sec: 199,614 | mfu: 43.89 | epoch: 1 | total time: 74.45m
step 01712 (38.85%) | K: 3 | loss: 1.866040 | L1: 0.937749 | L2: 0.928431 | L3: 0.928151 | lrm: 1.00 | dt: 2624.41ms | tok/sec: 199,773 | mfu: 43.92 | epoch: 1 | total time: 74.49m
step 01713 (38.87%) | K: 3 | loss: 1.872153 | L1: 0.940856 | L2: 0.931437 | L3: 0.931155 | lrm: 1.00 | dt: 2624.21ms | tok/sec: 199,789 | mfu: 43.93 | epoch: 1 | total time: 74.54m
step 01714 (38.89%) | K: 3 | loss: 1.864994 | L1: 0.937246 | L2: 0.927889 | L3: 0.927606 | lrm: 1.00 | dt: 2626.60ms | tok/sec: 199,606 | mfu: 43.89 | epoch: 1 | total time: 74.58m
step 01715 (38.92%) | K: 3 | loss: 1.871126 | L1: 0.940327 | L2: 0.930946 | L3: 0.930652 | lrm: 1.00 | dt: 2622.95ms | tok/sec: 199,885 | mfu: 43.95 | epoch: 1 | total time: 74.63m
step 01716 (38.94%) | K: 3 | loss: 1.860963 | L1: 0.935307 | L2: 0.925810 | L3: 0.925502 | lrm: 1.00 | dt: 2625.18ms | tok/sec: 199,715 | mfu: 43.91 | epoch: 1 | total time: 74.67m
step 01717 (38.96%) | K: 3 | loss: 1.875428 | L1: 0.942581 | L2: 0.932999 | L3: 0.932696 | lrm: 1.00 | dt: 2837.70ms | tok/sec: 184,757 | mfu: 40.62 | epoch: 1 | total time: 74.72m
step 01718 (38.98%) | K: 3 | loss: 1.885287 | L1: 0.947501 | L2: 0.937924 | L3: 0.937648 | lrm: 1.00 | dt: 2622.08ms | tok/sec: 199,951 | mfu: 43.96 | epoch: 1 | total time: 74.76m
step 01719 (39.01%) | K: 3 | loss: 1.878971 | L1: 0.944300 | L2: 0.934801 | L3: 0.934542 | lrm: 1.00 | dt: 2621.17ms | tok/sec: 200,020 | mfu: 43.98 | epoch: 1 | total time: 74.80m
step 01720 (39.03%) | K: 3 | loss: 1.895686 | L1: 0.952725 | L2: 0.943099 | L3: 0.942823 | lrm: 1.00 | dt: 2627.63ms | tok/sec: 199,529 | mfu: 43.87 | epoch: 1 | total time: 74.85m
step 01721 (39.05%) | K: 3 | loss: 1.898470 | L1: 0.954144 | L2: 0.944463 | L3: 0.944190 | lrm: 1.00 | dt: 2623.16ms | tok/sec: 199,869 | mfu: 43.94 | epoch: 1 | total time: 74.89m
step 01722 (39.07%) | K: 3 | loss: 1.896898 | L1: 0.953378 | L2: 0.943655 | L3: 0.943386 | lrm: 1.00 | dt: 2621.31ms | tok/sec: 200,009 | mfu: 43.98 | epoch: 1 | total time: 74.94m
step 01723 (39.10%) | K: 3 | loss: 1.891662 | L1: 0.950712 | L2: 0.941088 | L3: 0.940813 | lrm: 1.00 | dt: 2624.51ms | tok/sec: 199,765 | mfu: 43.92 | epoch: 1 | total time: 74.98m
step 01724 (39.12%) | K: 3 | loss: 1.888889 | L1: 0.949333 | L2: 0.939700 | L3: 0.939412 | lrm: 1.00 | dt: 2628.28ms | tok/sec: 199,479 | mfu: 43.86 | epoch: 1 | total time: 75.02m
step 01725 (39.14%) | K: 3 | loss: 1.900874 | L1: 0.955373 | L2: 0.945648 | L3: 0.945354 | lrm: 1.00 | dt: 2631.88ms | tok/sec: 199,206 | mfu: 43.80 | epoch: 1 | total time: 75.07m
step 01726 (39.16%) | K: 3 | loss: 1.893368 | L1: 0.951560 | L2: 0.941969 | L3: 0.941648 | lrm: 1.00 | dt: 2620.58ms | tok/sec: 200,065 | mfu: 43.99 | epoch: 1 | total time: 75.11m
step 01727 (39.19%) | K: 3 | loss: 1.891223 | L1: 0.950503 | L2: 0.940872 | L3: 0.940567 | lrm: 1.00 | dt: 2627.36ms | tok/sec: 199,549 | mfu: 43.87 | epoch: 1 | total time: 75.15m
step 01728 (39.21%) | K: 3 | loss: 1.898919 | L1: 0.954366 | L2: 0.944699 | L3: 0.944406 | lrm: 1.00 | dt: 2625.33ms | tok/sec: 199,703 | mfu: 43.91 | epoch: 1 | total time: 75.20m
step 01729 (39.23%) | K: 3 | loss: 1.893844 | L1: 0.951779 | L2: 0.942213 | L3: 0.941917 | lrm: 1.00 | dt: 2624.16ms | tok/sec: 199,792 | mfu: 43.93 | epoch: 1 | total time: 75.24m
step 01730 (39.26%) | K: 3 | loss: 1.886337 | L1: 0.948056 | L2: 0.938424 | L3: 0.938139 | lrm: 1.00 | dt: 2625.06ms | tok/sec: 199,724 | mfu: 43.91 | epoch: 1 | total time: 75.29m
step 01731 (39.28%) | K: 3 | loss: 1.880677 | L1: 0.945186 | L2: 0.935623 | L3: 0.935358 | lrm: 1.00 | dt: 2621.81ms | tok/sec: 199,971 | mfu: 43.97 | epoch: 1 | total time: 75.33m
step 01732 (39.30%) | K: 3 | loss: 1.892722 | L1: 0.951219 | L2: 0.941634 | L3: 0.941372 | lrm: 1.00 | dt: 2626.54ms | tok/sec: 199,611 | mfu: 43.89 | epoch: 1 | total time: 75.37m
step 01733 (39.32%) | K: 3 | loss: 1.888522 | L1: 0.949087 | L2: 0.939577 | L3: 0.939292 | lrm: 1.00 | dt: 2625.60ms | tok/sec: 199,683 | mfu: 43.90 | epoch: 1 | total time: 75.42m
step 01734 (39.35%) | K: 3 | loss: 1.885262 | L1: 0.947429 | L2: 0.937970 | L3: 0.937696 | lrm: 1.00 | dt: 2627.91ms | tok/sec: 199,507 | mfu: 43.87 | epoch: 1 | total time: 75.46m
step 01735 (39.37%) | K: 3 | loss: 1.886878 | L1: 0.948290 | L2: 0.938731 | L3: 0.938446 | lrm: 1.00 | dt: 2623.47ms | tok/sec: 199,844 | mfu: 43.94 | epoch: 1 | total time: 75.50m
step 01736 (39.39%) | K: 3 | loss: 1.879953 | L1: 0.944824 | L2: 0.935270 | L3: 0.934987 | lrm: 1.00 | dt: 2625.89ms | tok/sec: 199,661 | mfu: 43.90 | epoch: 1 | total time: 75.55m
step 01737 (39.41%) | K: 3 | loss: 1.868850 | L1: 0.939270 | L2: 0.929719 | L3: 0.929442 | lrm: 1.00 | dt: 2628.91ms | tok/sec: 199,431 | mfu: 43.85 | epoch: 1 | total time: 75.59m
step 01738 (39.44%) | K: 3 | loss: 1.861089 | L1: 0.935372 | L2: 0.925859 | L3: 0.925575 | lrm: 1.00 | dt: 2627.77ms | tok/sec: 199,518 | mfu: 43.87 | epoch: 1 | total time: 75.64m
step 01739 (39.46%) | K: 3 | loss: 1.859723 | L1: 0.934704 | L2: 0.925164 | L3: 0.924873 | lrm: 1.00 | dt: 2628.03ms | tok/sec: 199,498 | mfu: 43.86 | epoch: 1 | total time: 75.68m
step 01740 (39.48%) | K: 3 | loss: 1.863709 | L1: 0.936715 | L2: 0.927149 | L3: 0.926839 | lrm: 1.00 | dt: 2630.50ms | tok/sec: 199,311 | mfu: 43.82 | epoch: 1 | total time: 75.72m
step 01741 (39.51%) | K: 3 | loss: 1.871870 | L1: 0.940855 | L2: 0.931170 | L3: 0.930860 | lrm: 1.00 | dt: 2627.52ms | tok/sec: 199,537 | mfu: 43.87 | epoch: 1 | total time: 75.77m
step 01742 (39.53%) | K: 3 | loss: 1.880922 | L1: 0.945377 | L2: 0.935707 | L3: 0.935383 | lrm: 1.00 | dt: 2626.70ms | tok/sec: 199,599 | mfu: 43.89 | epoch: 1 | total time: 75.81m
step 01743 (39.55%) | K: 3 | loss: 1.883184 | L1: 0.946480 | L2: 0.936871 | L3: 0.936538 | lrm: 1.00 | dt: 2623.39ms | tok/sec: 199,851 | mfu: 43.94 | epoch: 1 | total time: 75.85m
step 01744 (39.57%) | K: 3 | loss: 1.880594 | L1: 0.945221 | L2: 0.935539 | L3: 0.935206 | lrm: 1.00 | dt: 2622.01ms | tok/sec: 199,956 | mfu: 43.96 | epoch: 1 | total time: 75.90m
step 01745 (39.60%) | K: 3 | loss: 1.881488 | L1: 0.945711 | L2: 0.935951 | L3: 0.935603 | lrm: 1.00 | dt: 2630.26ms | tok/sec: 199,329 | mfu: 43.83 | epoch: 1 | total time: 75.94m
step 01746 (39.62%) | K: 3 | loss: 1.902831 | L1: 0.956356 | L2: 0.946652 | L3: 0.946299 | lrm: 1.00 | dt: 2623.49ms | tok/sec: 199,844 | mfu: 43.94 | epoch: 1 | total time: 75.99m
step 01747 (39.64%) | K: 3 | loss: 1.903629 | L1: 0.956754 | L2: 0.947047 | L3: 0.946703 | lrm: 1.00 | dt: 2621.76ms | tok/sec: 199,975 | mfu: 43.97 | epoch: 1 | total time: 76.03m
step 01748 (39.66%) | K: 3 | loss: 1.910687 | L1: 0.960236 | L2: 0.950621 | L3: 0.950280 | lrm: 1.00 | dt: 2632.41ms | tok/sec: 199,166 | mfu: 43.79 | epoch: 1 | total time: 76.07m
step 01749 (39.69%) | K: 3 | loss: 1.911786 | L1: 0.960761 | L2: 0.951198 | L3: 0.950850 | lrm: 1.00 | dt: 2625.09ms | tok/sec: 199,721 | mfu: 43.91 | epoch: 1 | total time: 76.12m
step 01750 (39.71%) | K: 3 | loss: 1.913044 | L1: 0.961338 | L2: 0.951867 | L3: 0.951543 | lrm: 1.00 | dt: 2625.32ms | tok/sec: 199,704 | mfu: 43.91 | epoch: 1 | total time: 76.16m
Step 01750 | Validation L1 bpb: 0.4986 | L2 bpb: 0.4934 | L3 bpb: 0.4933
step 01751 (39.73%) | K: 3 | loss: 1.908984 | L1: 0.959305 | L2: 0.949844 | L3: 0.949515 | lrm: 1.00 | dt: 2633.84ms | tok/sec: 199,058 | mfu: 43.77 | epoch: 1 | total time: 76.20m
step 01752 (39.75%) | K: 3 | loss: 1.892502 | L1: 0.951008 | L2: 0.941660 | L3: 0.941329 | lrm: 1.00 | dt: 2626.65ms | tok/sec: 199,603 | mfu: 43.89 | epoch: 1 | total time: 76.25m
step 01753 (39.78%) | K: 3 | loss: 1.885579 | L1: 0.947566 | L2: 0.938174 | L3: 0.937853 | lrm: 1.00 | dt: 2627.37ms | tok/sec: 199,548 | mfu: 43.87 | epoch: 1 | total time: 76.29m
step 01754 (39.80%) | K: 3 | loss: 1.887526 | L1: 0.948494 | L2: 0.939190 | L3: 0.938873 | lrm: 1.00 | dt: 2623.70ms | tok/sec: 199,827 | mfu: 43.94 | epoch: 1 | total time: 76.34m
step 01755 (39.82%) | K: 3 | loss: 1.879521 | L1: 0.944500 | L2: 0.935168 | L3: 0.934874 | lrm: 1.00 | dt: 2627.60ms | tok/sec: 199,531 | mfu: 43.87 | epoch: 1 | total time: 76.38m
step 01756 (39.85%) | K: 3 | loss: 1.896159 | L1: 0.952842 | L2: 0.943458 | L3: 0.943175 | lrm: 1.00 | dt: 2626.57ms | tok/sec: 199,608 | mfu: 43.89 | epoch: 1 | total time: 76.42m
step 01757 (39.87%) | K: 3 | loss: 1.898990 | L1: 0.954338 | L2: 0.944796 | L3: 0.944508 | lrm: 1.00 | dt: 2627.85ms | tok/sec: 199,512 | mfu: 43.87 | epoch: 1 | total time: 76.47m
step 01758 (39.89%) | K: 3 | loss: 1.894602 | L1: 0.952156 | L2: 0.942598 | L3: 0.942294 | lrm: 1.00 | dt: 2623.02ms | tok/sec: 199,879 | mfu: 43.95 | epoch: 1 | total time: 76.51m
step 01759 (39.91%) | K: 3 | loss: 1.892209 | L1: 0.950995 | L2: 0.941355 | L3: 0.941073 | lrm: 1.00 | dt: 2625.36ms | tok/sec: 199,701 | mfu: 43.91 | epoch: 1 | total time: 76.55m
step 01760 (39.94%) | K: 3 | loss: 1.886027 | L1: 0.947888 | L2: 0.938278 | L3: 0.938001 | lrm: 1.00 | dt: 2627.14ms | tok/sec: 199,565 | mfu: 43.88 | epoch: 1 | total time: 76.60m
step 01761 (39.96%) | K: 3 | loss: 1.885351 | L1: 0.947533 | L2: 0.937960 | L3: 0.937677 | lrm: 1.00 | dt: 2625.47ms | tok/sec: 199,693 | mfu: 43.91 | epoch: 1 | total time: 76.64m
step 01762 (39.98%) | K: 3 | loss: 1.881619 | L1: 0.945653 | L2: 0.936108 | L3: 0.935824 | lrm: 1.00 | dt: 2630.98ms | tok/sec: 199,274 | mfu: 43.81 | epoch: 1 | total time: 76.69m
step 01763 (40.00%) | K: 3 | loss: 1.886342 | L1: 0.947993 | L2: 0.938488 | L3: 0.938210 | lrm: 1.00 | dt: 2626.01ms | tok/sec: 199,652 | mfu: 43.90 | epoch: 1 | total time: 76.73m
step 01764 (40.03%) | K: 3 | loss: 1.887936 | L1: 0.948777 | L2: 0.939297 | L3: 0.939020 | lrm: 1.00 | dt: 2626.30ms | tok/sec: 199,630 | mfu: 43.89 | epoch: 1 | total time: 76.77m
step 01765 (40.05%) | K: 3 | loss: 1.876758 | L1: 0.943136 | L2: 0.933751 | L3: 0.933493 | lrm: 1.00 | dt: 2631.20ms | tok/sec: 199,258 | mfu: 43.81 | epoch: 1 | total time: 76.82m
step 01766 (40.07%) | K: 3 | loss: 1.881740 | L1: 0.945685 | L2: 0.936195 | L3: 0.935916 | lrm: 1.00 | dt: 2625.01ms | tok/sec: 199,728 | mfu: 43.91 | epoch: 1 | total time: 76.86m
step 01767 (40.10%) | K: 3 | loss: 1.873375 | L1: 0.941480 | L2: 0.932025 | L3: 0.931765 | lrm: 1.00 | dt: 2630.01ms | tok/sec: 199,348 | mfu: 43.83 | epoch: 1 | total time: 76.91m
step 01768 (40.12%) | K: 3 | loss: 1.874046 | L1: 0.941801 | L2: 0.932368 | L3: 0.932123 | lrm: 1.00 | dt: 2625.44ms | tok/sec: 199,695 | mfu: 43.91 | epoch: 1 | total time: 76.95m
step 01769 (40.14%) | K: 3 | loss: 1.865822 | L1: 0.937674 | L2: 0.928272 | L3: 0.928022 | lrm: 1.00 | dt: 2622.96ms | tok/sec: 199,884 | mfu: 43.95 | epoch: 1 | total time: 76.99m
step 01770 (40.16%) | K: 3 | loss: 1.865047 | L1: 0.937307 | L2: 0.927872 | L3: 0.927606 | lrm: 1.00 | dt: 2630.99ms | tok/sec: 199,273 | mfu: 43.81 | epoch: 1 | total time: 77.04m
step 01771 (40.19%) | K: 3 | loss: 1.862349 | L1: 0.935946 | L2: 0.926524 | L3: 0.926282 | lrm: 1.00 | dt: 2623.53ms | tok/sec: 199,840 | mfu: 43.94 | epoch: 1 | total time: 77.08m
step 01772 (40.21%) | K: 3 | loss: 1.862974 | L1: 0.936227 | L2: 0.926875 | L3: 0.926619 | lrm: 1.00 | dt: 2625.64ms | tok/sec: 199,680 | mfu: 43.90 | epoch: 1 | total time: 77.12m
step 01773 (40.23%) | K: 3 | loss: 1.871490 | L1: 0.940435 | L2: 0.931168 | L3: 0.930942 | lrm: 1.00 | dt: 2626.19ms | tok/sec: 199,638 | mfu: 43.89 | epoch: 1 | total time: 77.17m
step 01774 (40.25%) | K: 3 | loss: 1.877467 | L1: 0.943395 | L2: 0.934188 | L3: 0.933955 | lrm: 1.00 | dt: 2627.20ms | tok/sec: 199,561 | mfu: 43.88 | epoch: 1 | total time: 77.21m
step 01775 (40.28%) | K: 3 | loss: 1.881170 | L1: 0.945259 | L2: 0.936035 | L3: 0.935787 | lrm: 1.00 | dt: 2622.35ms | tok/sec: 199,930 | mfu: 43.96 | epoch: 1 | total time: 77.26m
step 01776 (40.30%) | K: 3 | loss: 1.876633 | L1: 0.942978 | L2: 0.933769 | L3: 0.933541 | lrm: 1.00 | dt: 2628.45ms | tok/sec: 199,466 | mfu: 43.86 | epoch: 1 | total time: 77.30m
step 01777 (40.32%) | K: 3 | loss: 1.874758 | L1: 0.942092 | L2: 0.932800 | L3: 0.932531 | lrm: 1.00 | dt: 2630.51ms | tok/sec: 199,310 | mfu: 43.82 | epoch: 1 | total time: 77.34m
step 01778 (40.34%) | K: 3 | loss: 1.883341 | L1: 0.946329 | L2: 0.937153 | L3: 0.936871 | lrm: 1.00 | dt: 2633.57ms | tok/sec: 199,078 | mfu: 43.77 | epoch: 1 | total time: 77.39m
step 01779 (40.37%) | K: 3 | loss: 1.871766 | L1: 0.940541 | L2: 0.931381 | L3: 0.931069 | lrm: 1.00 | dt: 2623.07ms | tok/sec: 199,875 | mfu: 43.95 | epoch: 1 | total time: 77.43m
step 01780 (40.39%) | K: 3 | loss: 1.875126 | L1: 0.942184 | L2: 0.933097 | L3: 0.932787 | lrm: 1.00 | dt: 2621.65ms | tok/sec: 199,984 | mfu: 43.97 | epoch: 1 | total time: 77.47m
step 01781 (40.41%) | K: 3 | loss: 1.882248 | L1: 0.945756 | L2: 0.936645 | L3: 0.936340 | lrm: 1.00 | dt: 2630.17ms | tok/sec: 199,336 | mfu: 43.83 | epoch: 1 | total time: 77.52m
step 01782 (40.44%) | K: 3 | loss: 1.869954 | L1: 0.939647 | L2: 0.930461 | L3: 0.930153 | lrm: 1.00 | dt: 2625.56ms | tok/sec: 199,686 | mfu: 43.90 | epoch: 1 | total time: 77.56m
step 01783 (40.46%) | K: 3 | loss: 1.871821 | L1: 0.940579 | L2: 0.931398 | L3: 0.931087 | lrm: 1.00 | dt: 2624.66ms | tok/sec: 199,754 | mfu: 43.92 | epoch: 1 | total time: 77.61m
step 01784 (40.48%) | K: 3 | loss: 1.864828 | L1: 0.937103 | L2: 0.927894 | L3: 0.927556 | lrm: 1.00 | dt: 2629.09ms | tok/sec: 199,418 | mfu: 43.85 | epoch: 1 | total time: 77.65m
step 01785 (40.50%) | K: 3 | loss: 1.854742 | L1: 0.932035 | L2: 0.922868 | L3: 0.922545 | lrm: 1.00 | dt: 2622.75ms | tok/sec: 199,900 | mfu: 43.95 | epoch: 1 | total time: 77.69m
step 01786 (40.53%) | K: 3 | loss: 1.864485 | L1: 0.936923 | L2: 0.927736 | L3: 0.927387 | lrm: 1.00 | dt: 2624.32ms | tok/sec: 199,780 | mfu: 43.93 | epoch: 1 | total time: 77.74m
step 01787 (40.55%) | K: 3 | loss: 1.869074 | L1: 0.939218 | L2: 0.930033 | L3: 0.929679 | lrm: 1.00 | dt: 2627.29ms | tok/sec: 199,554 | mfu: 43.88 | epoch: 1 | total time: 77.78m
step 01788 (40.57%) | K: 3 | loss: 1.862573 | L1: 0.935893 | L2: 0.926853 | L3: 0.926507 | lrm: 1.00 | dt: 2631.35ms | tok/sec: 199,246 | mfu: 43.81 | epoch: 1 | total time: 77.82m
step 01789 (40.59%) | K: 3 | loss: 1.871620 | L1: 0.940490 | L2: 0.931298 | L3: 0.930961 | lrm: 1.00 | dt: 2632.20ms | tok/sec: 199,182 | mfu: 43.79 | epoch: 1 | total time: 77.87m
step 01790 (40.62%) | K: 3 | loss: 1.861527 | L1: 0.935482 | L2: 0.926206 | L3: 0.925885 | lrm: 1.00 | dt: 2620.13ms | tok/sec: 200,100 | mfu: 44.00 | epoch: 1 | total time: 77.91m
step 01791 (40.64%) | K: 3 | loss: 1.848972 | L1: 0.929220 | L2: 0.919904 | L3: 0.919598 | lrm: 1.00 | dt: 2627.08ms | tok/sec: 199,570 | mfu: 43.88 | epoch: 1 | total time: 77.96m
step 01792 (40.66%) | K: 3 | loss: 1.849752 | L1: 0.929585 | L2: 0.920308 | L3: 0.920027 | lrm: 1.00 | dt: 2631.85ms | tok/sec: 199,209 | mfu: 43.80 | epoch: 1 | total time: 78.00m
step 01793 (40.69%) | K: 3 | loss: 1.853437 | L1: 0.931439 | L2: 0.922143 | L3: 0.921854 | lrm: 1.00 | dt: 2624.28ms | tok/sec: 199,783 | mfu: 43.93 | epoch: 1 | total time: 78.04m
step 01794 (40.71%) | K: 3 | loss: 1.848352 | L1: 0.928914 | L2: 0.919598 | L3: 0.919279 | lrm: 1.00 | dt: 2629.44ms | tok/sec: 199,391 | mfu: 43.84 | epoch: 1 | total time: 78.09m
step 01795 (40.73%) | K: 3 | loss: 1.846231 | L1: 0.927840 | L2: 0.918541 | L3: 0.918242 | lrm: 1.00 | dt: 2621.29ms | tok/sec: 200,011 | mfu: 43.98 | epoch: 1 | total time: 78.13m
step 01796 (40.75%) | K: 3 | loss: 1.853226 | L1: 0.931337 | L2: 0.922027 | L3: 0.921750 | lrm: 1.00 | dt: 2623.29ms | tok/sec: 199,859 | mfu: 43.94 | epoch: 1 | total time: 78.17m
step 01797 (40.78%) | K: 3 | loss: 1.855659 | L1: 0.932558 | L2: 0.923246 | L3: 0.922956 | lrm: 1.00 | dt: 2630.48ms | tok/sec: 199,312 | mfu: 43.82 | epoch: 1 | total time: 78.22m
step 01798 (40.80%) | K: 3 | loss: 1.857873 | L1: 0.933702 | L2: 0.924314 | L3: 0.924028 | lrm: 1.00 | dt: 2625.45ms | tok/sec: 199,694 | mfu: 43.91 | epoch: 1 | total time: 78.26m
step 01799 (40.82%) | K: 3 | loss: 1.871627 | L1: 0.940562 | L2: 0.931200 | L3: 0.930930 | lrm: 1.00 | dt: 2624.15ms | tok/sec: 199,793 | mfu: 43.93 | epoch: 1 | total time: 78.31m
step 01800 (40.84%) | K: 3 | loss: 1.870370 | L1: 0.939931 | L2: 0.930565 | L3: 0.930313 | lrm: 1.00 | dt: 2633.01ms | tok/sec: 199,121 | mfu: 43.78 | epoch: 1 | total time: 78.35m
step 01801 (40.87%) | K: 3 | loss: 1.876797 | L1: 0.943182 | L2: 0.933739 | L3: 0.933492 | lrm: 1.00 | dt: 2624.86ms | tok/sec: 199,739 | mfu: 43.92 | epoch: 1 | total time: 78.39m
step 01802 (40.89%) | K: 3 | loss: 1.888857 | L1: 0.949221 | L2: 0.939768 | L3: 0.939505 | lrm: 1.00 | dt: 2632.02ms | tok/sec: 199,195 | mfu: 43.80 | epoch: 1 | total time: 78.44m
step 01803 (40.91%) | K: 3 | loss: 1.886110 | L1: 0.947841 | L2: 0.938408 | L3: 0.938129 | lrm: 1.00 | dt: 2622.24ms | tok/sec: 199,939 | mfu: 43.96 | epoch: 1 | total time: 78.48m
step 01804 (40.93%) | K: 3 | loss: 1.889658 | L1: 0.949613 | L2: 0.940178 | L3: 0.939911 | lrm: 1.00 | dt: 2623.08ms | tok/sec: 199,874 | mfu: 43.95 | epoch: 1 | total time: 78.52m
step 01805 (40.96%) | K: 3 | loss: 1.898294 | L1: 0.953922 | L2: 0.944508 | L3: 0.944235 | lrm: 1.00 | dt: 2627.67ms | tok/sec: 199,525 | mfu: 43.87 | epoch: 1 | total time: 78.57m
step 01806 (40.98%) | K: 3 | loss: 1.895052 | L1: 0.952277 | L2: 0.942907 | L3: 0.942644 | lrm: 1.00 | dt: 2629.36ms | tok/sec: 199,397 | mfu: 43.84 | epoch: 1 | total time: 78.61m
step 01807 (41.00%) | K: 3 | loss: 1.893687 | L1: 0.951600 | L2: 0.942227 | L3: 0.941948 | lrm: 1.00 | dt: 2632.01ms | tok/sec: 199,197 | mfu: 43.80 | epoch: 1 | total time: 78.66m
step 01808 (41.03%) | K: 3 | loss: 1.888337 | L1: 0.948915 | L2: 0.939551 | L3: 0.939293 | lrm: 1.00 | dt: 2626.13ms | tok/sec: 199,643 | mfu: 43.90 | epoch: 1 | total time: 78.70m
step 01809 (41.05%) | K: 3 | loss: 1.882575 | L1: 0.945953 | L2: 0.936742 | L3: 0.936502 | lrm: 1.00 | dt: 2627.53ms | tok/sec: 199,536 | mfu: 43.87 | epoch: 1 | total time: 78.74m
step 01810 (41.07%) | K: 3 | loss: 1.882708 | L1: 0.946055 | L2: 0.936772 | L3: 0.936534 | lrm: 1.00 | dt: 2629.71ms | tok/sec: 199,370 | mfu: 43.84 | epoch: 1 | total time: 78.79m
step 01811 (41.09%) | K: 3 | loss: 1.873227 | L1: 0.941339 | L2: 0.932010 | L3: 0.931764 | lrm: 1.00 | dt: 2620.58ms | tok/sec: 200,065 | mfu: 43.99 | epoch: 1 | total time: 78.83m
step 01812 (41.12%) | K: 3 | loss: 1.863181 | L1: 0.936331 | L2: 0.926963 | L3: 0.926735 | lrm: 1.00 | dt: 2630.24ms | tok/sec: 199,330 | mfu: 43.83 | epoch: 1 | total time: 78.88m
step 01813 (41.14%) | K: 3 | loss: 1.865124 | L1: 0.937354 | L2: 0.927888 | L3: 0.927653 | lrm: 1.00 | dt: 2627.66ms | tok/sec: 199,526 | mfu: 43.87 | epoch: 1 | total time: 78.92m
step 01814 (41.16%) | K: 3 | loss: 1.870266 | L1: 0.939898 | L2: 0.930484 | L3: 0.930253 | lrm: 1.00 | dt: 2623.55ms | tok/sec: 199,839 | mfu: 43.94 | epoch: 1 | total time: 78.96m
step 01815 (41.18%) | K: 3 | loss: 1.862556 | L1: 0.936027 | L2: 0.926652 | L3: 0.926404 | lrm: 1.00 | dt: 2628.26ms | tok/sec: 199,481 | mfu: 43.86 | epoch: 1 | total time: 79.01m
step 01816 (41.21%) | K: 3 | loss: 1.856464 | L1: 0.932941 | L2: 0.923646 | L3: 0.923401 | lrm: 1.00 | dt: 2623.68ms | tok/sec: 199,829 | mfu: 43.94 | epoch: 1 | total time: 79.05m
step 01817 (41.23%) | K: 3 | loss: 1.858263 | L1: 0.933823 | L2: 0.924572 | L3: 0.924307 | lrm: 1.00 | dt: 2622.78ms | tok/sec: 199,897 | mfu: 43.95 | epoch: 1 | total time: 79.09m
step 01818 (41.25%) | K: 3 | loss: 1.860455 | L1: 0.934956 | L2: 0.925649 | L3: 0.925349 | lrm: 1.00 | dt: 2632.41ms | tok/sec: 199,166 | mfu: 43.79 | epoch: 1 | total time: 79.14m
step 01819 (41.28%) | K: 3 | loss: 1.848845 | L1: 0.929138 | L2: 0.919854 | L3: 0.919561 | lrm: 1.00 | dt: 2624.45ms | tok/sec: 199,770 | mfu: 43.92 | epoch: 1 | total time: 79.18m
step 01820 (41.30%) | K: 3 | loss: 1.845697 | L1: 0.927576 | L2: 0.918274 | L3: 0.917968 | lrm: 1.00 | dt: 2623.56ms | tok/sec: 199,838 | mfu: 43.94 | epoch: 1 | total time: 79.23m
step 01821 (41.32%) | K: 3 | loss: 1.845944 | L1: 0.927668 | L2: 0.918422 | L3: 0.918131 | lrm: 1.00 | dt: 2624.36ms | tok/sec: 199,777 | mfu: 43.92 | epoch: 1 | total time: 79.27m
step 01822 (41.34%) | K: 3 | loss: 1.853624 | L1: 0.931522 | L2: 0.922242 | L3: 0.921962 | lrm: 1.00 | dt: 2627.76ms | tok/sec: 199,519 | mfu: 43.87 | epoch: 1 | total time: 79.31m
step 01823 (41.37%) | K: 3 | loss: 1.858649 | L1: 0.934009 | L2: 0.924775 | L3: 0.924505 | lrm: 1.00 | dt: 2625.07ms | tok/sec: 199,723 | mfu: 43.91 | epoch: 1 | total time: 79.36m
step 01824 (41.39%) | K: 3 | loss: 1.869638 | L1: 0.939565 | L2: 0.930213 | L3: 0.929933 | lrm: 1.00 | dt: 2627.92ms | tok/sec: 199,506 | mfu: 43.87 | epoch: 1 | total time: 79.40m
step 01825 (41.41%) | K: 3 | loss: 1.859313 | L1: 0.934385 | L2: 0.925068 | L3: 0.924789 | lrm: 1.00 | dt: 2627.22ms | tok/sec: 199,560 | mfu: 43.88 | epoch: 1 | total time: 79.44m
step 01826 (41.43%) | K: 3 | loss: 1.863338 | L1: 0.936405 | L2: 0.927073 | L3: 0.926792 | lrm: 1.00 | dt: 2624.24ms | tok/sec: 199,786 | mfu: 43.93 | epoch: 1 | total time: 79.49m
step 01827 (41.46%) | K: 3 | loss: 1.865040 | L1: 0.937211 | L2: 0.927965 | L3: 0.927694 | lrm: 1.00 | dt: 2630.78ms | tok/sec: 199,290 | mfu: 43.82 | epoch: 1 | total time: 79.53m
step 01828 (41.48%) | K: 3 | loss: 1.864959 | L1: 0.937163 | L2: 0.927940 | L3: 0.927652 | lrm: 1.00 | dt: 2625.64ms | tok/sec: 199,679 | mfu: 43.90 | epoch: 1 | total time: 79.58m
step 01829 (41.50%) | K: 3 | loss: 1.867990 | L1: 0.938698 | L2: 0.929443 | L3: 0.929141 | lrm: 1.00 | dt: 2625.35ms | tok/sec: 199,702 | mfu: 43.91 | epoch: 1 | total time: 79.62m
step 01830 (41.52%) | K: 3 | loss: 1.874049 | L1: 0.941705 | L2: 0.932497 | L3: 0.932190 | lrm: 1.00 | dt: 2627.02ms | tok/sec: 199,575 | mfu: 43.88 | epoch: 1 | total time: 79.66m
step 01831 (41.55%) | K: 3 | loss: 1.878455 | L1: 0.943917 | L2: 0.934688 | L3: 0.934388 | lrm: 1.00 | dt: 2624.38ms | tok/sec: 199,776 | mfu: 43.92 | epoch: 1 | total time: 79.71m
step 01832 (41.57%) | K: 3 | loss: 1.870213 | L1: 0.939802 | L2: 0.930558 | L3: 0.930263 | lrm: 1.00 | dt: 2626.49ms | tok/sec: 199,615 | mfu: 43.89 | epoch: 1 | total time: 79.75m
step 01833 (41.59%) | K: 3 | loss: 1.870077 | L1: 0.939713 | L2: 0.930521 | L3: 0.930208 | lrm: 1.00 | dt: 2630.23ms | tok/sec: 199,331 | mfu: 43.83 | epoch: 1 | total time: 79.79m
step 01834 (41.62%) | K: 3 | loss: 1.869133 | L1: 0.939240 | L2: 0.930041 | L3: 0.929745 | lrm: 1.00 | dt: 2794.52ms | tok/sec: 187,612 | mfu: 41.25 | epoch: 1 | total time: 79.84m
step 01835 (41.64%) | K: 3 | loss: 1.873079 | L1: 0.941187 | L2: 0.932034 | L3: 0.931751 | lrm: 1.00 | dt: 2620.03ms | tok/sec: 200,107 | mfu: 44.00 | epoch: 1 | total time: 79.88m
step 01836 (41.66%) | K: 3 | loss: 1.877796 | L1: 0.943594 | L2: 0.934356 | L3: 0.934048 | lrm: 1.00 | dt: 2625.98ms | tok/sec: 199,654 | mfu: 43.90 | epoch: 1 | total time: 79.93m
step 01837 (41.68%) | K: 3 | loss: 1.879602 | L1: 0.944508 | L2: 0.935253 | L3: 0.934935 | lrm: 1.00 | dt: 2626.87ms | tok/sec: 199,586 | mfu: 43.88 | epoch: 1 | total time: 79.97m
step 01838 (41.71%) | K: 3 | loss: 1.869761 | L1: 0.939536 | L2: 0.930383 | L3: 0.930067 | lrm: 1.00 | dt: 2624.99ms | tok/sec: 199,729 | mfu: 43.91 | epoch: 1 | total time: 80.02m
step 01839 (41.73%) | K: 3 | loss: 1.855013 | L1: 0.932108 | L2: 0.923054 | L3: 0.922756 | lrm: 1.00 | dt: 2625.51ms | tok/sec: 199,689 | mfu: 43.91 | epoch: 1 | total time: 80.06m
step 01840 (41.75%) | K: 3 | loss: 1.851078 | L1: 0.930198 | L2: 0.921040 | L3: 0.920721 | lrm: 1.00 | dt: 2624.09ms | tok/sec: 199,797 | mfu: 43.93 | epoch: 1 | total time: 80.10m
step 01841 (41.77%) | K: 3 | loss: 1.867855 | L1: 0.938601 | L2: 0.929410 | L3: 0.929098 | lrm: 1.00 | dt: 2626.13ms | tok/sec: 199,642 | mfu: 43.89 | epoch: 1 | total time: 80.15m
step 01842 (41.80%) | K: 3 | loss: 1.856057 | L1: 0.932684 | L2: 0.923513 | L3: 0.923234 | lrm: 1.00 | dt: 2623.94ms | tok/sec: 199,809 | mfu: 43.93 | epoch: 1 | total time: 80.19m
step 01843 (41.82%) | K: 3 | loss: 1.844314 | L1: 0.926790 | L2: 0.917661 | L3: 0.917386 | lrm: 1.00 | dt: 2623.37ms | tok/sec: 199,853 | mfu: 43.94 | epoch: 1 | total time: 80.23m
step 01844 (41.84%) | K: 3 | loss: 1.856629 | L1: 0.932991 | L2: 0.923779 | L3: 0.923496 | lrm: 1.00 | dt: 2623.54ms | tok/sec: 199,839 | mfu: 43.94 | epoch: 1 | total time: 80.28m
step 01845 (41.87%) | K: 3 | loss: 1.854147 | L1: 0.931757 | L2: 0.922522 | L3: 0.922257 | lrm: 1.00 | dt: 2628.17ms | tok/sec: 199,487 | mfu: 43.86 | epoch: 1 | total time: 80.32m
step 01846 (41.89%) | K: 3 | loss: 1.859322 | L1: 0.934359 | L2: 0.925099 | L3: 0.924828 | lrm: 1.00 | dt: 2623.68ms | tok/sec: 199,829 | mfu: 43.94 | epoch: 1 | total time: 80.37m
step 01847 (41.91%) | K: 3 | loss: 1.845818 | L1: 0.927571 | L2: 0.918386 | L3: 0.918110 | lrm: 1.00 | dt: 2622.80ms | tok/sec: 199,896 | mfu: 43.95 | epoch: 1 | total time: 80.41m
step 01848 (41.93%) | K: 3 | loss: 1.856774 | L1: 0.933050 | L2: 0.923863 | L3: 0.923584 | lrm: 1.00 | dt: 2622.76ms | tok/sec: 199,899 | mfu: 43.95 | epoch: 1 | total time: 80.45m
step 01849 (41.96%) | K: 3 | loss: 1.848385 | L1: 0.928868 | L2: 0.919659 | L3: 0.919376 | lrm: 1.00 | dt: 2629.64ms | tok/sec: 199,375 | mfu: 43.84 | epoch: 1 | total time: 80.50m
step 01850 (41.98%) | K: 3 | loss: 1.839379 | L1: 0.924350 | L2: 0.915169 | L3: 0.914890 | lrm: 1.00 | dt: 2625.32ms | tok/sec: 199,704 | mfu: 43.91 | epoch: 1 | total time: 80.54m
step 01851 (42.00%) | K: 3 | loss: 1.847660 | L1: 0.928512 | L2: 0.919288 | L3: 0.919007 | lrm: 1.00 | dt: 2628.79ms | tok/sec: 199,440 | mfu: 43.85 | epoch: 1 | total time: 80.58m
step 01852 (42.02%) | K: 3 | loss: 1.853336 | L1: 0.931348 | L2: 0.922134 | L3: 0.921844 | lrm: 1.00 | dt: 2950.20ms | tok/sec: 177,712 | mfu: 39.07 | epoch: 1 | total time: 80.63m
step 01853 (42.05%) | K: 3 | loss: 1.857262 | L1: 0.933317 | L2: 0.924082 | L3: 0.923808 | lrm: 1.00 | dt: 2612.52ms | tok/sec: 200,682 | mfu: 44.12 | epoch: 1 | total time: 80.68m
step 01854 (42.07%) | K: 3 | loss: 1.861761 | L1: 0.935568 | L2: 0.926337 | L3: 0.926050 | lrm: 1.00 | dt: 2628.32ms | tok/sec: 199,476 | mfu: 43.86 | epoch: 1 | total time: 80.72m
step 01855 (42.09%) | K: 3 | loss: 1.862118 | L1: 0.935731 | L2: 0.926534 | L3: 0.926241 | lrm: 1.00 | dt: 2628.29ms | tok/sec: 199,478 | mfu: 43.86 | epoch: 1 | total time: 80.77m
step 01856 (42.11%) | K: 3 | loss: 1.876169 | L1: 0.942775 | L2: 0.933525 | L3: 0.933263 | lrm: 1.00 | dt: 2622.34ms | tok/sec: 199,931 | mfu: 43.96 | epoch: 1 | total time: 80.81m
step 01857 (42.14%) | K: 3 | loss: 1.879158 | L1: 0.944244 | L2: 0.935037 | L3: 0.934792 | lrm: 1.00 | dt: 2626.30ms | tok/sec: 199,629 | mfu: 43.89 | epoch: 1 | total time: 80.85m
step 01858 (42.16%) | K: 3 | loss: 1.862913 | L1: 0.936104 | L2: 0.926934 | L3: 0.926683 | lrm: 1.00 | dt: 2621.37ms | tok/sec: 200,005 | mfu: 43.97 | epoch: 1 | total time: 80.90m
step 01859 (42.18%) | K: 3 | loss: 1.864129 | L1: 0.936699 | L2: 0.927548 | L3: 0.927312 | lrm: 1.00 | dt: 2626.66ms | tok/sec: 199,602 | mfu: 43.89 | epoch: 1 | total time: 80.94m
step 01860 (42.21%) | K: 3 | loss: 1.853881 | L1: 0.931578 | L2: 0.922427 | L3: 0.922180 | lrm: 1.00 | dt: 2626.63ms | tok/sec: 199,604 | mfu: 43.89 | epoch: 1 | total time: 80.98m
step 01861 (42.23%) | K: 3 | loss: 1.856008 | L1: 0.932663 | L2: 0.923475 | L3: 0.923215 | lrm: 1.00 | dt: 2627.04ms | tok/sec: 199,573 | mfu: 43.88 | epoch: 1 | total time: 81.03m
step 01862 (42.25%) | K: 3 | loss: 1.855891 | L1: 0.932680 | L2: 0.923352 | L3: 0.923071 | lrm: 1.00 | dt: 2628.48ms | tok/sec: 199,464 | mfu: 43.86 | epoch: 1 | total time: 81.07m
step 01863 (42.27%) | K: 3 | loss: 1.860851 | L1: 0.935165 | L2: 0.925825 | L3: 0.925546 | lrm: 1.00 | dt: 2624.14ms | tok/sec: 199,794 | mfu: 43.93 | epoch: 1 | total time: 81.12m
step 01864 (42.30%) | K: 3 | loss: 1.857460 | L1: 0.933463 | L2: 0.924142 | L3: 0.923851 | lrm: 1.00 | dt: 2624.74ms | tok/sec: 199,748 | mfu: 43.92 | epoch: 1 | total time: 81.16m
step 01865 (42.32%) | K: 3 | loss: 1.858434 | L1: 0.933946 | L2: 0.924633 | L3: 0.924342 | lrm: 1.00 | dt: 2631.34ms | tok/sec: 199,247 | mfu: 43.81 | epoch: 1 | total time: 81.20m
step 01866 (42.34%) | K: 3 | loss: 1.852107 | L1: 0.930837 | L2: 0.921415 | L3: 0.921125 | lrm: 1.00 | dt: 2623.70ms | tok/sec: 199,827 | mfu: 43.94 | epoch: 1 | total time: 81.25m
step 01867 (42.36%) | K: 3 | loss: 1.858443 | L1: 0.933969 | L2: 0.924615 | L3: 0.924334 | lrm: 1.00 | dt: 2626.81ms | tok/sec: 199,591 | mfu: 43.88 | epoch: 1 | total time: 81.29m
step 01868 (42.39%) | K: 3 | loss: 1.863266 | L1: 0.936375 | L2: 0.927026 | L3: 0.926756 | lrm: 1.00 | dt: 2625.68ms | tok/sec: 199,676 | mfu: 43.90 | epoch: 1 | total time: 81.33m
step 01869 (42.41%) | K: 3 | loss: 1.865513 | L1: 0.937465 | L2: 0.928182 | L3: 0.927913 | lrm: 1.00 | dt: 2626.08ms | tok/sec: 199,646 | mfu: 43.90 | epoch: 1 | total time: 81.38m
step 01870 (42.43%) | K: 3 | loss: 1.876255 | L1: 0.942812 | L2: 0.933573 | L3: 0.933314 | lrm: 1.00 | dt: 2624.67ms | tok/sec: 199,753 | mfu: 43.92 | epoch: 1 | total time: 81.42m
step 01871 (42.46%) | K: 3 | loss: 1.871645 | L1: 0.940554 | L2: 0.931223 | L3: 0.930960 | lrm: 1.00 | dt: 2627.10ms | tok/sec: 199,568 | mfu: 43.88 | epoch: 1 | total time: 81.47m
step 01872 (42.48%) | K: 3 | loss: 1.863981 | L1: 0.936777 | L2: 0.927341 | L3: 0.927067 | lrm: 1.00 | dt: 2626.59ms | tok/sec: 199,607 | mfu: 43.89 | epoch: 1 | total time: 81.51m
step 01873 (42.50%) | K: 3 | loss: 1.858923 | L1: 0.934261 | L2: 0.924806 | L3: 0.924517 | lrm: 1.00 | dt: 2622.56ms | tok/sec: 199,914 | mfu: 43.95 | epoch: 1 | total time: 81.55m
step 01874 (42.52%) | K: 3 | loss: 1.864152 | L1: 0.936833 | L2: 0.927454 | L3: 0.927185 | lrm: 1.00 | dt: 2631.38ms | tok/sec: 199,244 | mfu: 43.81 | epoch: 1 | total time: 81.60m
step 01875 (42.55%) | K: 3 | loss: 1.862118 | L1: 0.935839 | L2: 0.926414 | L3: 0.926144 | lrm: 1.00 | dt: 2630.22ms | tok/sec: 199,332 | mfu: 43.83 | epoch: 1 | total time: 81.64m
step 01876 (42.57%) | K: 3 | loss: 1.858858 | L1: 0.934192 | L2: 0.924805 | L3: 0.924527 | lrm: 1.00 | dt: 2628.86ms | tok/sec: 199,435 | mfu: 43.85 | epoch: 1 | total time: 81.68m
step 01877 (42.59%) | K: 3 | loss: 1.848962 | L1: 0.929226 | L2: 0.919879 | L3: 0.919592 | lrm: 1.00 | dt: 2621.72ms | tok/sec: 199,978 | mfu: 43.97 | epoch: 1 | total time: 81.73m
step 01878 (42.61%) | K: 3 | loss: 1.862786 | L1: 0.936192 | L2: 0.926741 | L3: 0.926446 | lrm: 1.00 | dt: 2626.45ms | tok/sec: 199,618 | mfu: 43.89 | epoch: 1 | total time: 81.77m
step 01879 (42.64%) | K: 3 | loss: 1.865228 | L1: 0.937413 | L2: 0.927951 | L3: 0.927679 | lrm: 1.00 | dt: 2621.68ms | tok/sec: 199,981 | mfu: 43.97 | epoch: 1 | total time: 81.82m
step 01880 (42.66%) | K: 3 | loss: 1.857915 | L1: 0.933776 | L2: 0.924275 | L3: 0.924002 | lrm: 1.00 | dt: 2622.12ms | tok/sec: 199,947 | mfu: 43.96 | epoch: 1 | total time: 81.86m
step 01881 (42.68%) | K: 3 | loss: 1.866663 | L1: 0.938130 | L2: 0.928668 | L3: 0.928398 | lrm: 1.00 | dt: 2622.54ms | tok/sec: 199,916 | mfu: 43.96 | epoch: 1 | total time: 81.90m
step 01882 (42.70%) | K: 3 | loss: 1.869227 | L1: 0.939397 | L2: 0.929962 | L3: 0.929697 | lrm: 1.00 | dt: 2622.94ms | tok/sec: 199,885 | mfu: 43.95 | epoch: 1 | total time: 81.95m
step 01883 (42.73%) | K: 3 | loss: 1.876800 | L1: 0.943201 | L2: 0.933738 | L3: 0.933461 | lrm: 1.00 | dt: 2630.63ms | tok/sec: 199,301 | mfu: 43.82 | epoch: 1 | total time: 81.99m
step 01884 (42.75%) | K: 3 | loss: 1.867487 | L1: 0.938535 | L2: 0.929099 | L3: 0.928806 | lrm: 1.00 | dt: 2625.82ms | tok/sec: 199,666 | mfu: 43.90 | epoch: 1 | total time: 82.03m
step 01885 (42.77%) | K: 3 | loss: 1.873422 | L1: 0.941516 | L2: 0.932056 | L3: 0.931756 | lrm: 1.00 | dt: 2627.74ms | tok/sec: 199,520 | mfu: 43.87 | epoch: 1 | total time: 82.08m
step 01886 (42.80%) | K: 3 | loss: 1.871498 | L1: 0.940561 | L2: 0.931078 | L3: 0.930796 | lrm: 1.00 | dt: 2627.56ms | tok/sec: 199,533 | mfu: 43.87 | epoch: 1 | total time: 82.12m
step 01887 (42.82%) | K: 3 | loss: 1.853832 | L1: 0.931656 | L2: 0.922310 | L3: 0.922042 | lrm: 1.00 | dt: 2624.43ms | tok/sec: 199,772 | mfu: 43.92 | epoch: 1 | total time: 82.17m
step 01888 (42.84%) | K: 3 | loss: 1.852930 | L1: 0.931220 | L2: 0.921863 | L3: 0.921556 | lrm: 1.00 | dt: 2629.13ms | tok/sec: 199,414 | mfu: 43.84 | epoch: 1 | total time: 82.21m
step 01889 (42.86%) | K: 3 | loss: 1.848074 | L1: 0.928733 | L2: 0.919494 | L3: 0.919187 | lrm: 1.00 | dt: 2625.40ms | tok/sec: 199,698 | mfu: 43.91 | epoch: 1 | total time: 82.25m
step 01890 (42.89%) | K: 3 | loss: 1.846495 | L1: 0.927972 | L2: 0.918681 | L3: 0.918364 | lrm: 1.00 | dt: 2629.91ms | tok/sec: 199,355 | mfu: 43.83 | epoch: 1 | total time: 82.30m
step 01891 (42.91%) | K: 3 | loss: 1.834925 | L1: 0.922110 | L2: 0.912961 | L3: 0.912670 | lrm: 1.00 | dt: 2629.11ms | tok/sec: 199,416 | mfu: 43.85 | epoch: 1 | total time: 82.34m
step 01892 (42.93%) | K: 3 | loss: 1.825909 | L1: 0.917648 | L2: 0.908409 | L3: 0.908112 | lrm: 1.00 | dt: 2623.14ms | tok/sec: 199,870 | mfu: 43.94 | epoch: 1 | total time: 82.38m
step 01893 (42.95%) | K: 3 | loss: 1.829917 | L1: 0.919625 | L2: 0.910442 | L3: 0.910142 | lrm: 1.00 | dt: 2623.42ms | tok/sec: 199,849 | mfu: 43.94 | epoch: 1 | total time: 82.43m
step 01894 (42.98%) | K: 3 | loss: 1.831311 | L1: 0.920329 | L2: 0.911122 | L3: 0.910843 | lrm: 1.00 | dt: 2627.77ms | tok/sec: 199,518 | mfu: 43.87 | epoch: 1 | total time: 82.47m
step 01895 (43.00%) | K: 3 | loss: 1.834844 | L1: 0.922157 | L2: 0.912826 | L3: 0.912548 | lrm: 1.00 | dt: 2624.01ms | tok/sec: 199,804 | mfu: 43.93 | epoch: 1 | total time: 82.52m
step 01896 (43.02%) | K: 3 | loss: 1.838601 | L1: 0.924018 | L2: 0.914719 | L3: 0.914448 | lrm: 1.00 | dt: 2621.06ms | tok/sec: 200,029 | mfu: 43.98 | epoch: 1 | total time: 82.56m
step 01897 (43.05%) | K: 3 | loss: 1.842385 | L1: 0.925905 | L2: 0.916611 | L3: 0.916348 | lrm: 1.00 | dt: 2625.50ms | tok/sec: 199,691 | mfu: 43.91 | epoch: 1 | total time: 82.60m
step 01898 (43.07%) | K: 3 | loss: 1.845654 | L1: 0.927554 | L2: 0.918234 | L3: 0.917966 | lrm: 1.00 | dt: 2623.41ms | tok/sec: 199,849 | mfu: 43.94 | epoch: 1 | total time: 82.65m
step 01899 (43.09%) | K: 3 | loss: 1.859443 | L1: 0.934505 | L2: 0.925078 | L3: 0.924797 | lrm: 1.00 | dt: 2623.81ms | tok/sec: 199,819 | mfu: 43.93 | epoch: 1 | total time: 82.69m
step 01900 (43.11%) | K: 3 | loss: 1.866625 | L1: 0.938087 | L2: 0.928681 | L3: 0.928395 | lrm: 1.00 | dt: 2621.34ms | tok/sec: 200,007 | mfu: 43.98 | epoch: 1 | total time: 82.73m
step 01901 (43.14%) | K: 3 | loss: 1.862906 | L1: 0.936200 | L2: 0.926844 | L3: 0.926568 | lrm: 1.00 | dt: 2625.40ms | tok/sec: 199,698 | mfu: 43.91 | epoch: 1 | total time: 82.78m
step 01902 (43.16%) | K: 3 | loss: 1.873346 | L1: 0.941454 | L2: 0.932037 | L3: 0.931749 | lrm: 1.00 | dt: 2628.12ms | tok/sec: 199,491 | mfu: 43.86 | epoch: 1 | total time: 82.82m
step 01903 (43.18%) | K: 3 | loss: 1.865452 | L1: 0.937506 | L2: 0.928090 | L3: 0.927802 | lrm: 1.00 | dt: 2622.87ms | tok/sec: 199,890 | mfu: 43.95 | epoch: 1 | total time: 82.87m
step 01904 (43.20%) | K: 3 | loss: 1.872200 | L1: 0.940872 | L2: 0.931470 | L3: 0.931185 | lrm: 1.00 | dt: 2622.57ms | tok/sec: 199,914 | mfu: 43.95 | epoch: 1 | total time: 82.91m
step 01905 (43.23%) | K: 3 | loss: 1.867666 | L1: 0.938603 | L2: 0.929205 | L3: 0.928920 | lrm: 1.00 | dt: 2623.14ms | tok/sec: 199,870 | mfu: 43.95 | epoch: 1 | total time: 82.95m
step 01906 (43.25%) | K: 3 | loss: 1.868562 | L1: 0.939082 | L2: 0.929624 | L3: 0.929336 | lrm: 1.00 | dt: 2632.23ms | tok/sec: 199,180 | mfu: 43.79 | epoch: 1 | total time: 83.00m
step 01907 (43.27%) | K: 3 | loss: 1.866021 | L1: 0.937791 | L2: 0.928374 | L3: 0.928087 | lrm: 1.00 | dt: 2624.10ms | tok/sec: 199,797 | mfu: 43.93 | epoch: 1 | total time: 83.04m
step 01908 (43.29%) | K: 3 | loss: 1.863861 | L1: 0.936715 | L2: 0.927292 | L3: 0.927001 | lrm: 1.00 | dt: 2625.61ms | tok/sec: 199,682 | mfu: 43.90 | epoch: 1 | total time: 83.08m
step 01909 (43.32%) | K: 3 | loss: 1.862946 | L1: 0.936250 | L2: 0.926849 | L3: 0.926541 | lrm: 1.00 | dt: 2625.45ms | tok/sec: 199,694 | mfu: 43.91 | epoch: 1 | total time: 83.13m
step 01910 (43.34%) | K: 3 | loss: 1.874755 | L1: 0.942161 | L2: 0.932742 | L3: 0.932446 | lrm: 1.00 | dt: 2624.05ms | tok/sec: 199,800 | mfu: 43.93 | epoch: 1 | total time: 83.17m
step 01911 (43.36%) | K: 3 | loss: 1.865318 | L1: 0.937459 | L2: 0.928003 | L3: 0.927715 | lrm: 1.00 | dt: 2624.39ms | tok/sec: 199,775 | mfu: 43.92 | epoch: 1 | total time: 83.22m
step 01912 (43.39%) | K: 3 | loss: 1.863325 | L1: 0.936389 | L2: 0.927066 | L3: 0.926804 | lrm: 1.00 | dt: 2627.52ms | tok/sec: 199,537 | mfu: 43.87 | epoch: 1 | total time: 83.26m
step 01913 (43.41%) | K: 3 | loss: 1.867496 | L1: 0.938481 | L2: 0.929145 | L3: 0.928885 | lrm: 1.00 | dt: 2624.85ms | tok/sec: 199,740 | mfu: 43.92 | epoch: 1 | total time: 83.30m
step 01914 (43.43%) | K: 3 | loss: 1.868356 | L1: 0.938920 | L2: 0.929572 | L3: 0.929301 | lrm: 1.00 | dt: 2625.05ms | tok/sec: 199,724 | mfu: 43.91 | epoch: 1 | total time: 83.35m
step 01915 (43.45%) | K: 3 | loss: 1.867968 | L1: 0.938739 | L2: 0.929377 | L3: 0.929080 | lrm: 1.00 | dt: 2626.57ms | tok/sec: 199,609 | mfu: 43.89 | epoch: 1 | total time: 83.39m
step 01916 (43.48%) | K: 3 | loss: 1.868658 | L1: 0.939063 | L2: 0.929740 | L3: 0.929451 | lrm: 1.00 | dt: 2628.34ms | tok/sec: 199,474 | mfu: 43.86 | epoch: 1 | total time: 83.43m
step 01917 (43.50%) | K: 3 | loss: 1.864671 | L1: 0.936975 | L2: 0.927832 | L3: 0.927560 | lrm: 1.00 | dt: 2624.61ms | tok/sec: 199,758 | mfu: 43.92 | epoch: 1 | total time: 83.48m
step 01918 (43.52%) | K: 3 | loss: 1.864104 | L1: 0.936674 | L2: 0.927575 | L3: 0.927284 | lrm: 1.00 | dt: 2630.54ms | tok/sec: 199,308 | mfu: 43.82 | epoch: 1 | total time: 83.52m
step 01919 (43.54%) | K: 3 | loss: 1.867599 | L1: 0.938471 | L2: 0.929267 | L3: 0.928989 | lrm: 1.00 | dt: 2622.54ms | tok/sec: 199,915 | mfu: 43.95 | epoch: 1 | total time: 83.57m
step 01920 (43.57%) | K: 3 | loss: 1.870823 | L1: 0.940098 | L2: 0.930864 | L3: 0.930585 | lrm: 1.00 | dt: 2620.75ms | tok/sec: 200,052 | mfu: 43.99 | epoch: 1 | total time: 83.61m
step 01921 (43.59%) | K: 3 | loss: 1.864160 | L1: 0.936755 | L2: 0.927542 | L3: 0.927269 | lrm: 1.00 | dt: 2626.53ms | tok/sec: 199,612 | mfu: 43.89 | epoch: 1 | total time: 83.65m
step 01922 (43.61%) | K: 3 | loss: 1.850552 | L1: 0.929945 | L2: 0.920746 | L3: 0.920469 | lrm: 1.00 | dt: 2622.29ms | tok/sec: 199,935 | mfu: 43.96 | epoch: 1 | total time: 83.70m
step 01923 (43.64%) | K: 3 | loss: 1.851888 | L1: 0.930597 | L2: 0.921432 | L3: 0.921151 | lrm: 1.00 | dt: 2626.85ms | tok/sec: 199,587 | mfu: 43.88 | epoch: 1 | total time: 83.74m
step 01924 (43.66%) | K: 3 | loss: 1.850508 | L1: 0.929888 | L2: 0.920754 | L3: 0.920486 | lrm: 1.00 | dt: 2621.74ms | tok/sec: 199,977 | mfu: 43.97 | epoch: 1 | total time: 83.78m
step 01925 (43.68%) | K: 3 | loss: 1.847870 | L1: 0.928508 | L2: 0.919490 | L3: 0.919234 | lrm: 1.00 | dt: 2626.05ms | tok/sec: 199,648 | mfu: 43.90 | epoch: 1 | total time: 83.83m
step 01926 (43.70%) | K: 3 | loss: 1.849205 | L1: 0.929146 | L2: 0.920194 | L3: 0.919926 | lrm: 1.00 | dt: 2624.77ms | tok/sec: 199,746 | mfu: 43.92 | epoch: 1 | total time: 83.87m
step 01927 (43.73%) | K: 3 | loss: 1.845238 | L1: 0.927146 | L2: 0.918222 | L3: 0.917963 | lrm: 1.00 | dt: 2620.23ms | tok/sec: 200,092 | mfu: 43.99 | epoch: 1 | total time: 83.92m
step 01928 (43.75%) | K: 3 | loss: 1.847059 | L1: 0.928011 | L2: 0.919169 | L3: 0.918928 | lrm: 1.00 | dt: 2627.82ms | tok/sec: 199,514 | mfu: 43.87 | epoch: 1 | total time: 83.96m
step 01929 (43.77%) | K: 3 | loss: 1.843114 | L1: 0.926048 | L2: 0.917192 | L3: 0.916941 | lrm: 1.00 | dt: 2628.08ms | tok/sec: 199,494 | mfu: 43.86 | epoch: 1 | total time: 84.00m
step 01930 (43.79%) | K: 3 | loss: 1.844697 | L1: 0.926894 | L2: 0.917932 | L3: 0.917676 | lrm: 1.00 | dt: 2625.74ms | tok/sec: 199,672 | mfu: 43.90 | epoch: 1 | total time: 84.05m
step 01931 (43.82%) | K: 3 | loss: 1.845506 | L1: 0.927332 | L2: 0.918297 | L3: 0.918050 | lrm: 1.00 | dt: 2622.57ms | tok/sec: 199,913 | mfu: 43.95 | epoch: 1 | total time: 84.09m
step 01932 (43.84%) | K: 3 | loss: 1.849359 | L1: 0.929293 | L2: 0.920196 | L3: 0.919935 | lrm: 1.00 | dt: 2624.82ms | tok/sec: 199,742 | mfu: 43.92 | epoch: 1 | total time: 84.13m
step 01933 (43.86%) | K: 3 | loss: 1.854111 | L1: 0.931654 | L2: 0.922589 | L3: 0.922324 | lrm: 1.00 | dt: 2628.22ms | tok/sec: 199,484 | mfu: 43.86 | epoch: 1 | total time: 84.18m
step 01934 (43.88%) | K: 3 | loss: 1.848487 | L1: 0.928856 | L2: 0.919770 | L3: 0.919493 | lrm: 1.00 | dt: 2621.49ms | tok/sec: 199,996 | mfu: 43.97 | epoch: 1 | total time: 84.22m
step 01935 (43.91%) | K: 3 | loss: 1.846955 | L1: 0.928087 | L2: 0.919006 | L3: 0.918730 | lrm: 1.00 | dt: 2621.62ms | tok/sec: 199,986 | mfu: 43.97 | epoch: 1 | total time: 84.27m
step 01936 (43.93%) | K: 3 | loss: 1.839090 | L1: 0.924123 | L2: 0.915099 | L3: 0.914836 | lrm: 1.00 | dt: 2625.40ms | tok/sec: 199,698 | mfu: 43.91 | epoch: 1 | total time: 84.31m
step 01937 (43.95%) | K: 3 | loss: 1.852666 | L1: 0.930953 | L2: 0.921855 | L3: 0.921571 | lrm: 1.00 | dt: 2626.46ms | tok/sec: 199,617 | mfu: 43.89 | epoch: 1 | total time: 84.35m
step 01938 (43.98%) | K: 3 | loss: 1.843164 | L1: 0.926234 | L2: 0.917080 | L3: 0.916781 | lrm: 1.00 | dt: 2622.85ms | tok/sec: 199,892 | mfu: 43.95 | epoch: 1 | total time: 84.40m
step 01939 (44.00%) | K: 3 | loss: 1.839753 | L1: 0.924522 | L2: 0.915374 | L3: 0.915088 | lrm: 1.00 | dt: 2625.05ms | tok/sec: 199,724 | mfu: 43.91 | epoch: 1 | total time: 84.44m
step 01940 (44.02%) | K: 3 | loss: 1.843669 | L1: 0.926455 | L2: 0.917349 | L3: 0.917078 | lrm: 1.00 | dt: 2628.16ms | tok/sec: 199,488 | mfu: 43.86 | epoch: 1 | total time: 84.48m
step 01941 (44.04%) | K: 3 | loss: 1.858079 | L1: 0.933688 | L2: 0.924533 | L3: 0.924249 | lrm: 1.00 | dt: 2627.27ms | tok/sec: 199,556 | mfu: 43.88 | epoch: 1 | total time: 84.53m
step 01942 (44.07%) | K: 3 | loss: 1.854048 | L1: 0.931710 | L2: 0.922480 | L3: 0.922196 | lrm: 1.00 | dt: 2619.58ms | tok/sec: 200,141 | mfu: 44.00 | epoch: 1 | total time: 84.57m
step 01943 (44.09%) | K: 3 | loss: 1.855629 | L1: 0.932556 | L2: 0.923200 | L3: 0.922945 | lrm: 1.00 | dt: 2625.59ms | tok/sec: 199,683 | mfu: 43.90 | epoch: 1 | total time: 84.62m
step 01944 (44.11%) | K: 3 | loss: 1.853550 | L1: 0.931496 | L2: 0.922178 | L3: 0.921930 | lrm: 1.00 | dt: 2628.13ms | tok/sec: 199,491 | mfu: 43.86 | epoch: 1 | total time: 84.66m
step 01945 (44.13%) | K: 3 | loss: 1.850607 | L1: 0.930021 | L2: 0.920713 | L3: 0.920459 | lrm: 1.00 | dt: 2621.88ms | tok/sec: 199,966 | mfu: 43.97 | epoch: 1 | total time: 84.70m
step 01946 (44.16%) | K: 3 | loss: 1.862814 | L1: 0.936102 | L2: 0.926829 | L3: 0.926595 | lrm: 1.00 | dt: 2624.85ms | tok/sec: 199,740 | mfu: 43.92 | epoch: 1 | total time: 84.75m
step 01947 (44.18%) | K: 3 | loss: 1.862013 | L1: 0.935715 | L2: 0.926421 | L3: 0.926176 | lrm: 1.00 | dt: 2626.54ms | tok/sec: 199,611 | mfu: 43.89 | epoch: 1 | total time: 84.79m
step 01948 (44.20%) | K: 3 | loss: 1.865074 | L1: 0.937309 | L2: 0.927887 | L3: 0.927642 | lrm: 1.00 | dt: 2629.00ms | tok/sec: 199,424 | mfu: 43.85 | epoch: 1 | total time: 84.83m
step 01949 (44.23%) | K: 3 | loss: 1.862109 | L1: 0.935861 | L2: 0.926375 | L3: 0.926120 | lrm: 1.00 | dt: 2617.63ms | tok/sec: 200,290 | mfu: 44.04 | epoch: 1 | total time: 84.88m
step 01950 (44.25%) | K: 3 | loss: 1.860903 | L1: 0.935282 | L2: 0.925756 | L3: 0.925486 | lrm: 1.00 | dt: 2623.98ms | tok/sec: 199,806 | mfu: 43.93 | epoch: 1 | total time: 84.92m
step 01951 (44.27%) | K: 3 | loss: 1.852245 | L1: 0.930895 | L2: 0.921473 | L3: 0.921227 | lrm: 1.00 | dt: 2629.24ms | tok/sec: 199,406 | mfu: 43.84 | epoch: 1 | total time: 84.97m
step 01952 (44.29%) | K: 3 | loss: 1.853300 | L1: 0.931372 | L2: 0.922055 | L3: 0.921801 | lrm: 1.00 | dt: 2625.71ms | tok/sec: 199,674 | mfu: 43.90 | epoch: 1 | total time: 85.01m
step 01953 (44.32%) | K: 3 | loss: 1.850184 | L1: 0.929782 | L2: 0.920526 | L3: 0.920276 | lrm: 1.00 | dt: 2625.22ms | tok/sec: 199,712 | mfu: 43.91 | epoch: 1 | total time: 85.05m
step 01954 (44.34%) | K: 3 | loss: 1.862496 | L1: 0.935878 | L2: 0.926732 | L3: 0.926504 | lrm: 1.00 | dt: 2624.54ms | tok/sec: 199,763 | mfu: 43.92 | epoch: 1 | total time: 85.10m
step 01955 (44.36%) | K: 3 | loss: 1.873134 | L1: 0.941282 | L2: 0.931969 | L3: 0.931735 | lrm: 1.00 | dt: 2623.54ms | tok/sec: 199,839 | mfu: 43.94 | epoch: 1 | total time: 85.14m
step 01956 (44.38%) | K: 3 | loss: 1.867980 | L1: 0.938627 | L2: 0.929466 | L3: 0.929240 | lrm: 1.00 | dt: 2623.38ms | tok/sec: 199,851 | mfu: 43.94 | epoch: 1 | total time: 85.18m
step 01957 (44.41%) | K: 3 | loss: 1.862687 | L1: 0.935972 | L2: 0.926816 | L3: 0.926614 | lrm: 1.00 | dt: 2623.48ms | tok/sec: 199,844 | mfu: 43.94 | epoch: 1 | total time: 85.23m
step 01958 (44.43%) | K: 3 | loss: 1.871228 | L1: 0.940317 | L2: 0.931027 | L3: 0.930795 | lrm: 1.00 | dt: 2623.83ms | tok/sec: 199,817 | mfu: 43.93 | epoch: 1 | total time: 85.27m
step 01959 (44.45%) | K: 3 | loss: 1.857790 | L1: 0.933584 | L2: 0.924324 | L3: 0.924088 | lrm: 1.00 | dt: 2623.38ms | tok/sec: 199,851 | mfu: 43.94 | epoch: 1 | total time: 85.32m
step 01960 (44.47%) | K: 3 | loss: 1.860764 | L1: 0.935109 | L2: 0.925774 | L3: 0.925537 | lrm: 1.00 | dt: 2626.64ms | tok/sec: 199,604 | mfu: 43.89 | epoch: 1 | total time: 85.36m
step 01961 (44.50%) | K: 3 | loss: 1.861320 | L1: 0.935398 | L2: 0.926040 | L3: 0.925805 | lrm: 1.00 | dt: 2622.84ms | tok/sec: 199,892 | mfu: 43.95 | epoch: 1 | total time: 85.40m
step 01962 (44.52%) | K: 3 | loss: 1.871662 | L1: 0.940568 | L2: 0.931215 | L3: 0.930973 | lrm: 1.00 | dt: 2627.31ms | tok/sec: 199,553 | mfu: 43.88 | epoch: 1 | total time: 85.45m
step 01963 (44.54%) | K: 3 | loss: 1.871731 | L1: 0.940645 | L2: 0.931210 | L3: 0.930964 | lrm: 1.00 | dt: 2623.63ms | tok/sec: 199,832 | mfu: 43.94 | epoch: 1 | total time: 85.49m
step 01964 (44.57%) | K: 3 | loss: 1.862208 | L1: 0.935895 | L2: 0.926435 | L3: 0.926191 | lrm: 1.00 | dt: 2625.12ms | tok/sec: 199,719 | mfu: 43.91 | epoch: 1 | total time: 85.53m
step 01965 (44.59%) | K: 3 | loss: 1.858737 | L1: 0.934189 | L2: 0.924688 | L3: 0.924409 | lrm: 1.00 | dt: 2622.06ms | tok/sec: 199,952 | mfu: 43.96 | epoch: 1 | total time: 85.58m
step 01966 (44.61%) | K: 3 | loss: 1.854103 | L1: 0.931858 | L2: 0.922399 | L3: 0.922090 | lrm: 1.00 | dt: 2621.35ms | tok/sec: 200,006 | mfu: 43.98 | epoch: 1 | total time: 85.62m
step 01967 (44.63%) | K: 3 | loss: 1.859181 | L1: 0.934432 | L2: 0.924903 | L3: 0.924595 | lrm: 1.00 | dt: 2625.64ms | tok/sec: 199,680 | mfu: 43.90 | epoch: 1 | total time: 85.67m
step 01968 (44.66%) | K: 3 | loss: 1.846514 | L1: 0.928083 | L2: 0.918587 | L3: 0.918276 | lrm: 1.00 | dt: 2626.47ms | tok/sec: 199,617 | mfu: 43.89 | epoch: 1 | total time: 85.71m
step 01969 (44.68%) | K: 3 | loss: 1.838836 | L1: 0.924206 | L2: 0.914781 | L3: 0.914480 | lrm: 1.00 | dt: 2620.29ms | tok/sec: 200,087 | mfu: 43.99 | epoch: 1 | total time: 85.75m
step 01970 (44.70%) | K: 3 | loss: 1.841336 | L1: 0.925447 | L2: 0.916027 | L3: 0.915752 | lrm: 1.00 | dt: 2622.69ms | tok/sec: 199,904 | mfu: 43.95 | epoch: 1 | total time: 85.80m
step 01971 (44.72%) | K: 3 | loss: 1.847009 | L1: 0.928356 | L2: 0.918796 | L3: 0.918509 | lrm: 1.00 | dt: 2622.72ms | tok/sec: 199,902 | mfu: 43.95 | epoch: 1 | total time: 85.84m
step 01972 (44.75%) | K: 3 | loss: 1.844600 | L1: 0.927168 | L2: 0.917575 | L3: 0.917290 | lrm: 1.00 | dt: 2625.01ms | tok/sec: 199,728 | mfu: 43.91 | epoch: 1 | total time: 85.88m
step 01973 (44.77%) | K: 3 | loss: 1.850042 | L1: 0.929855 | L2: 0.920338 | L3: 0.920036 | lrm: 1.00 | dt: 2623.08ms | tok/sec: 199,874 | mfu: 43.95 | epoch: 1 | total time: 85.93m
step 01974 (44.79%) | K: 3 | loss: 1.843695 | L1: 0.926729 | L2: 0.917122 | L3: 0.916810 | lrm: 1.00 | dt: 2627.73ms | tok/sec: 199,521 | mfu: 43.87 | epoch: 1 | total time: 85.97m
step 01975 (44.82%) | K: 3 | loss: 1.830232 | L1: 0.919949 | L2: 0.910433 | L3: 0.910134 | lrm: 1.00 | dt: 2628.99ms | tok/sec: 199,425 | mfu: 43.85 | epoch: 1 | total time: 86.02m
step 01976 (44.84%) | K: 3 | loss: 1.839115 | L1: 0.924406 | L2: 0.914856 | L3: 0.914562 | lrm: 1.00 | dt: 2622.70ms | tok/sec: 199,904 | mfu: 43.95 | epoch: 1 | total time: 86.06m
step 01977 (44.86%) | K: 3 | loss: 1.835510 | L1: 0.922589 | L2: 0.913065 | L3: 0.912778 | lrm: 1.00 | dt: 2626.93ms | tok/sec: 199,581 | mfu: 43.88 | epoch: 1 | total time: 86.10m
step 01978 (44.88%) | K: 3 | loss: 1.830622 | L1: 0.920118 | L2: 0.910638 | L3: 0.910370 | lrm: 1.00 | dt: 2627.19ms | tok/sec: 199,562 | mfu: 43.88 | epoch: 1 | total time: 86.15m
step 01979 (44.91%) | K: 3 | loss: 1.830847 | L1: 0.920166 | L2: 0.910815 | L3: 0.910547 | lrm: 1.00 | dt: 2621.85ms | tok/sec: 199,968 | mfu: 43.97 | epoch: 1 | total time: 86.19m
step 01980 (44.93%) | K: 3 | loss: 1.828792 | L1: 0.919090 | L2: 0.909844 | L3: 0.909561 | lrm: 1.00 | dt: 2627.43ms | tok/sec: 199,543 | mfu: 43.87 | epoch: 1 | total time: 86.23m
step 01981 (44.95%) | K: 3 | loss: 1.819980 | L1: 0.914651 | L2: 0.905478 | L3: 0.905182 | lrm: 1.00 | dt: 2623.20ms | tok/sec: 199,865 | mfu: 43.94 | epoch: 1 | total time: 86.28m
step 01982 (44.97%) | K: 3 | loss: 1.826832 | L1: 0.918068 | L2: 0.908917 | L3: 0.908612 | lrm: 1.00 | dt: 2621.50ms | tok/sec: 199,995 | mfu: 43.97 | epoch: 1 | total time: 86.32m
step 01983 (45.00%) | K: 3 | loss: 1.827287 | L1: 0.918301 | L2: 0.909126 | L3: 0.908845 | lrm: 1.00 | dt: 2621.63ms | tok/sec: 199,985 | mfu: 43.97 | epoch: 1 | total time: 86.37m
step 01984 (45.02%) | K: 3 | loss: 1.836143 | L1: 0.922760 | L2: 0.913519 | L3: 0.913249 | lrm: 1.00 | dt: 2626.40ms | tok/sec: 199,622 | mfu: 43.89 | epoch: 1 | total time: 86.41m
step 01985 (45.04%) | K: 3 | loss: 1.848807 | L1: 0.929098 | L2: 0.919852 | L3: 0.919567 | lrm: 1.00 | dt: 2629.38ms | tok/sec: 199,396 | mfu: 43.84 | epoch: 1 | total time: 86.45m
step 01986 (45.06%) | K: 3 | loss: 1.850161 | L1: 0.929791 | L2: 0.920508 | L3: 0.920232 | lrm: 1.00 | dt: 2624.58ms | tok/sec: 199,760 | mfu: 43.92 | epoch: 1 | total time: 86.50m
step 01987 (45.09%) | K: 3 | loss: 1.846003 | L1: 0.927642 | L2: 0.918500 | L3: 0.918222 | lrm: 1.00 | dt: 2624.14ms | tok/sec: 199,793 | mfu: 43.93 | epoch: 1 | total time: 86.54m
step 01988 (45.11%) | K: 3 | loss: 1.873539 | L1: 0.941403 | L2: 0.932272 | L3: 0.932000 | lrm: 1.00 | dt: 2628.30ms | tok/sec: 199,477 | mfu: 43.86 | epoch: 1 | total time: 86.58m
step 01989 (45.13%) | K: 3 | loss: 1.864712 | L1: 0.936938 | L2: 0.927912 | L3: 0.927637 | lrm: 1.00 | dt: 2621.85ms | tok/sec: 199,968 | mfu: 43.97 | epoch: 1 | total time: 86.63m
step 01990 (45.16%) | K: 3 | loss: 1.862266 | L1: 0.935763 | L2: 0.926632 | L3: 0.926374 | lrm: 1.00 | dt: 2621.73ms | tok/sec: 199,978 | mfu: 43.97 | epoch: 1 | total time: 86.67m
step 01991 (45.18%) | K: 3 | loss: 1.867164 | L1: 0.938236 | L2: 0.929050 | L3: 0.928806 | lrm: 1.00 | dt: 2620.73ms | tok/sec: 200,054 | mfu: 43.99 | epoch: 1 | total time: 86.72m
step 01992 (45.20%) | K: 3 | loss: 1.878106 | L1: 0.943753 | L2: 0.934474 | L3: 0.934231 | lrm: 1.00 | dt: 2629.73ms | tok/sec: 199,369 | mfu: 43.83 | epoch: 1 | total time: 86.76m
step 01993 (45.22%) | K: 3 | loss: 1.885485 | L1: 0.947443 | L2: 0.938161 | L3: 0.937924 | lrm: 1.00 | dt: 2623.94ms | tok/sec: 199,809 | mfu: 43.93 | epoch: 1 | total time: 86.80m
step 01994 (45.25%) | K: 3 | loss: 1.869919 | L1: 0.939663 | L2: 0.930371 | L3: 0.930141 | lrm: 1.00 | dt: 2624.46ms | tok/sec: 199,770 | mfu: 43.92 | epoch: 1 | total time: 86.85m
step 01995 (45.27%) | K: 3 | loss: 1.880684 | L1: 0.945019 | L2: 0.935776 | L3: 0.935554 | lrm: 1.00 | dt: 2627.71ms | tok/sec: 199,522 | mfu: 43.87 | epoch: 1 | total time: 86.89m
step 01996 (45.29%) | K: 3 | loss: 1.878595 | L1: 0.943961 | L2: 0.934734 | L3: 0.934533 | lrm: 1.00 | dt: 2660.56ms | tok/sec: 197,059 | mfu: 43.33 | epoch: 1 | total time: 86.93m
step 01997 (45.31%) | K: 3 | loss: 1.873690 | L1: 0.941550 | L2: 0.932250 | L3: 0.932029 | lrm: 1.00 | dt: 2622.44ms | tok/sec: 199,923 | mfu: 43.96 | epoch: 1 | total time: 86.98m
step 01998 (45.34%) | K: 3 | loss: 1.874038 | L1: 0.941807 | L2: 0.932365 | L3: 0.932097 | lrm: 1.00 | dt: 2623.98ms | tok/sec: 199,806 | mfu: 43.93 | epoch: 1 | total time: 87.02m
step 01999 (45.36%) | K: 3 | loss: 1.867302 | L1: 0.938451 | L2: 0.928982 | L3: 0.928721 | lrm: 1.00 | dt: 2621.66ms | tok/sec: 199,982 | mfu: 43.97 | epoch: 1 | total time: 87.07m
step 02000 (45.38%) | K: 3 | loss: 1.866141 | L1: 0.937905 | L2: 0.928361 | L3: 0.928112 | lrm: 1.00 | dt: 2626.84ms | tok/sec: 199,589 | mfu: 43.88 | epoch: 1 | total time: 87.11m
Step 02000 | Validation L1 bpb: 0.4933 | L2 bpb: 0.4883 | L3 bpb: 0.4882
2026-08-28 21:17:32,012 - nanochat.checkpoint_manager - [32m[1mINFO[0m - Saved optimizer state to: /home/jhu/xwang457/work/nanochat_cache/chatsft_checkpoints/d20-lf-k3-stackedu-python-budget/optim_002000_rank2.pt
2026-08-28 21:17:32,083 - nanochat.checkpoint_manager - [32m[1mINFO[0m - Saved optimizer state to: /home/jhu/xwang457/work/nanochat_cache/chatsft_checkpoints/d20-lf-k3-stackedu-python-budget/optim_002000_rank3.pt
2026-08-28 21:17:32,163 - nanochat.checkpoint_manager - [32m[1mINFO[0m - Saved optimizer state to: /home/jhu/xwang457/work/nanochat_cache/chatsft_checkpoints/d20-lf-k3-stackedu-python-budget/optim_002000_rank1.pt
2026-08-28 21:17:33,206 - nanochat.checkpoint_manager - [32m[1mINFO[0m - Saved model parameters to: /home/jhu/xwang457/work/nanochat_cache/chatsft_checkpoints/d20-lf-k3-stackedu-python-budget/model_002000.pt
2026-08-28 21:17:33,209 - nanochat.checkpoint_manager - [32m[1mINFO[0m - Saved metadata to: /home/jhu/xwang457/work/nanochat_cache/chatsft_checkpoints/d20-lf-k3-stackedu-python-budget/meta_002000.json
2026-08-28 21:17:33,872 - nanochat.checkpoint_manager - [32m[1mINFO[0m - Saved optimizer state to: /home/jhu/xwang457/work/nanochat_cache/chatsft_checkpoints/d20-lf-k3-stackedu-python-budget/optim_002000_rank0.pt
step 02001 (45.41%) | K: 3 | loss: 1.862136 | L1: 0.935864 | L2: 0.926391 | L3: 0.926152 | lrm: 1.00 | dt: 2617.23ms | tok/sec: 200,321 | mfu: 44.04 | epoch: 1 | total time: 87.15m
step 02002 (45.43%) | K: 3 | loss: 1.861740 | L1: 0.935622 | L2: 0.926233 | L3: 0.926003 | lrm: 1.00 | dt: 2627.83ms | tok/sec: 199,513 | mfu: 43.87 | epoch: 1 | total time: 87.20m
step 02003 (45.45%) | K: 3 | loss: 1.861659 | L1: 0.935530 | L2: 0.926254 | L3: 0.926005 | lrm: 1.00 | dt: 2622.05ms | tok/sec: 199,953 | mfu: 43.96 | epoch: 1 | total time: 87.24m
step 02004 (45.47%) | K: 3 | loss: 1.854955 | L1: 0.932186 | L2: 0.922891 | L3: 0.922647 | lrm: 1.00 | dt: 2623.19ms | tok/sec: 199,866 | mfu: 43.94 | epoch: 1 | total time: 87.28m
step 02005 (45.50%) | K: 3 | loss: 1.851312 | L1: 0.930361 | L2: 0.921068 | L3: 0.920833 | lrm: 1.00 | dt: 2623.91ms | tok/sec: 199,811 | mfu: 43.93 | epoch: 1 | total time: 87.33m
step 02006 (45.52%) | K: 3 | loss: 1.854778 | L1: 0.932087 | L2: 0.922810 | L3: 0.922573 | lrm: 1.00 | dt: 2626.23ms | tok/sec: 199,635 | mfu: 43.89 | epoch: 1 | total time: 87.37m
step 02007 (45.54%) | K: 3 | loss: 1.855254 | L1: 0.932292 | L2: 0.923082 | L3: 0.922842 | lrm: 1.00 | dt: 2622.13ms | tok/sec: 199,947 | mfu: 43.96 | epoch: 1 | total time: 87.42m
step 02008 (45.56%) | K: 3 | loss: 1.861356 | L1: 0.935346 | L2: 0.926149 | L3: 0.925871 | lrm: 1.00 | dt: 2618.86ms | tok/sec: 200,197 | mfu: 44.02 | epoch: 1 | total time: 87.46m
step 02009 (45.59%) | K: 3 | loss: 1.872641 | L1: 0.940956 | L2: 0.931829 | L3: 0.931542 | lrm: 1.00 | dt: 2623.68ms | tok/sec: 199,828 | mfu: 43.94 | epoch: 1 | total time: 87.50m
step 02010 (45.61%) | K: 3 | loss: 1.866009 | L1: 0.937670 | L2: 0.928487 | L3: 0.928192 | lrm: 1.00 | dt: 2621.20ms | tok/sec: 200,018 | mfu: 43.98 | epoch: 1 | total time: 87.55m
step 02011 (45.63%) | K: 3 | loss: 1.870540 | L1: 0.939966 | L2: 0.930723 | L3: 0.930425 | lrm: 1.00 | dt: 2626.82ms | tok/sec: 199,590 | mfu: 43.88 | epoch: 1 | total time: 87.59m
step 02012 (45.65%) | K: 3 | loss: 1.859741 | L1: 0.934576 | L2: 0.925312 | L3: 0.925018 | lrm: 1.00 | dt: 2620.61ms | tok/sec: 200,063 | mfu: 43.99 | epoch: 1 | total time: 87.63m
step 02013 (45.68%) | K: 3 | loss: 1.862447 | L1: 0.935959 | L2: 0.926632 | L3: 0.926344 | lrm: 1.00 | dt: 2620.46ms | tok/sec: 200,075 | mfu: 43.99 | epoch: 1 | total time: 87.68m
step 02014 (45.70%) | K: 3 | loss: 1.859250 | L1: 0.934378 | L2: 0.925011 | L3: 0.924731 | lrm: 1.00 | dt: 2624.15ms | tok/sec: 199,793 | mfu: 43.93 | epoch: 1 | total time: 87.72m
step 02015 (45.72%) | K: 3 | loss: 1.865593 | L1: 0.937627 | L2: 0.928098 | L3: 0.927833 | lrm: 1.00 | dt: 2622.21ms | tok/sec: 199,941 | mfu: 43.96 | epoch: 1 | total time: 87.77m
step 02016 (45.75%) | K: 3 | loss: 1.869685 | L1: 0.939697 | L2: 0.930104 | L3: 0.929872 | lrm: 1.00 | dt: 2623.18ms | tok/sec: 199,867 | mfu: 43.94 | epoch: 1 | total time: 87.81m
step 02017 (45.77%) | K: 3 | loss: 1.868941 | L1: 0.939308 | L2: 0.929759 | L3: 0.929507 | lrm: 1.00 | dt: 2627.00ms | tok/sec: 199,576 | mfu: 43.88 | epoch: 1 | total time: 87.85m
step 02018 (45.79%) | K: 3 | loss: 1.871443 | L1: 0.940533 | L2: 0.931034 | L3: 0.930786 | lrm: 1.00 | dt: 2624.37ms | tok/sec: 199,776 | mfu: 43.92 | epoch: 1 | total time: 87.90m
step 02019 (45.81%) | K: 3 | loss: 1.876443 | L1: 0.943029 | L2: 0.933532 | L3: 0.933297 | lrm: 1.00 | dt: 2626.63ms | tok/sec: 199,605 | mfu: 43.89 | epoch: 1 | total time: 87.94m
step 02020 (45.84%) | K: 3 | loss: 1.869446 | L1: 0.939521 | L2: 0.930038 | L3: 0.929812 | lrm: 1.00 | dt: 2622.45ms | tok/sec: 199,923 | mfu: 43.96 | epoch: 1 | total time: 87.98m
step 02021 (45.86%) | K: 3 | loss: 1.872876 | L1: 0.941272 | L2: 0.931719 | L3: 0.931489 | lrm: 1.00 | dt: 2623.34ms | tok/sec: 199,855 | mfu: 43.94 | epoch: 1 | total time: 88.03m
step 02022 (45.88%) | K: 3 | loss: 1.877545 | L1: 0.943650 | L2: 0.934036 | L3: 0.933754 | lrm: 1.00 | dt: 2624.48ms | tok/sec: 199,768 | mfu: 43.92 | epoch: 1 | total time: 88.07m
step 02023 (45.90%) | K: 3 | loss: 1.869832 | L1: 0.939739 | L2: 0.930245 | L3: 0.929942 | lrm: 1.00 | dt: 2619.87ms | tok/sec: 200,119 | mfu: 44.00 | epoch: 1 | total time: 88.12m
step 02024 (45.93%) | K: 3 | loss: 1.886325 | L1: 0.948047 | L2: 0.938441 | L3: 0.938115 | lrm: 1.00 | dt: 2622.95ms | tok/sec: 199,885 | mfu: 43.95 | epoch: 1 | total time: 88.16m
step 02025 (45.95%) | K: 3 | loss: 1.896046 | L1: 0.952921 | L2: 0.943286 | L3: 0.942963 | lrm: 1.00 | dt: 2627.25ms | tok/sec: 199,557 | mfu: 43.88 | epoch: 1 | total time: 88.20m
step 02026 (45.97%) | K: 3 | loss: 1.890073 | L1: 0.949988 | L2: 0.940240 | L3: 0.939932 | lrm: 1.00 | dt: 2625.77ms | tok/sec: 199,670 | mfu: 43.90 | epoch: 1 | total time: 88.25m
step 02027 (46.00%) | K: 3 | loss: 1.884206 | L1: 0.946996 | L2: 0.937360 | L3: 0.937061 | lrm: 1.00 | dt: 2623.42ms | tok/sec: 199,848 | mfu: 43.94 | epoch: 1 | total time: 88.29m
step 02028 (46.02%) | K: 3 | loss: 1.868655 | L1: 0.939194 | L2: 0.929606 | L3: 0.929317 | lrm: 1.00 | dt: 2624.30ms | tok/sec: 199,782 | mfu: 43.93 | epoch: 1 | total time: 88.33m
step 02029 (46.04%) | K: 3 | loss: 1.853701 | L1: 0.931693 | L2: 0.922149 | L3: 0.921869 | lrm: 1.00 | dt: 2626.83ms | tok/sec: 199,589 | mfu: 43.88 | epoch: 1 | total time: 88.38m
step 02030 (46.06%) | K: 3 | loss: 1.845594 | L1: 0.927586 | L2: 0.918138 | L3: 0.917878 | lrm: 1.00 | dt: 2624.92ms | tok/sec: 199,734 | mfu: 43.92 | epoch: 1 | total time: 88.42m
step 02031 (46.09%) | K: 3 | loss: 1.855407 | L1: 0.932504 | L2: 0.923031 | L3: 0.922775 | lrm: 1.00 | dt: 2621.65ms | tok/sec: 199,983 | mfu: 43.97 | epoch: 1 | total time: 88.47m
step 02032 (46.11%) | K: 3 | loss: 1.860289 | L1: 0.934975 | L2: 0.925452 | L3: 0.925178 | lrm: 1.00 | dt: 2628.42ms | tok/sec: 199,469 | mfu: 43.86 | epoch: 1 | total time: 88.51m
step 02033 (46.13%) | K: 3 | loss: 1.858129 | L1: 0.933874 | L2: 0.924400 | L3: 0.924111 | lrm: 1.00 | dt: 2626.12ms | tok/sec: 199,643 | mfu: 43.90 | epoch: 1 | total time: 88.55m
step 02034 (46.15%) | K: 3 | loss: 1.864315 | L1: 0.936953 | L2: 0.927508 | L3: 0.927215 | lrm: 1.00 | dt: 2622.27ms | tok/sec: 199,936 | mfu: 43.96 | epoch: 1 | total time: 88.60m
step 02035 (46.18%) | K: 3 | loss: 1.873020 | L1: 0.941298 | L2: 0.931862 | L3: 0.931581 | lrm: 1.00 | dt: 2623.80ms | tok/sec: 199,819 | mfu: 43.93 | epoch: 1 | total time: 88.64m
step 02036 (46.20%) | K: 3 | loss: 1.869193 | L1: 0.939431 | L2: 0.929911 | L3: 0.929612 | lrm: 1.00 | dt: 2627.38ms | tok/sec: 199,547 | mfu: 43.87 | epoch: 1 | total time: 88.68m
step 02037 (46.22%) | K: 3 | loss: 1.869065 | L1: 0.939283 | L2: 0.929924 | L3: 0.929641 | lrm: 1.00 | dt: 2624.54ms | tok/sec: 199,763 | mfu: 43.92 | epoch: 1 | total time: 88.73m
step 02038 (46.24%) | K: 3 | loss: 1.876579 | L1: 0.943058 | L2: 0.933663 | L3: 0.933380 | lrm: 1.00 | dt: 2623.78ms | tok/sec: 199,821 | mfu: 43.93 | epoch: 1 | total time: 88.77m
step 02039 (46.27%) | K: 3 | loss: 1.869923 | L1: 0.939673 | L2: 0.930381 | L3: 0.930118 | lrm: 1.00 | dt: 2627.90ms | tok/sec: 199,508 | mfu: 43.87 | epoch: 1 | total time: 88.82m
step 02040 (46.29%) | K: 3 | loss: 1.864665 | L1: 0.937056 | L2: 0.927739 | L3: 0.927480 | lrm: 1.00 | dt: 2623.23ms | tok/sec: 199,863 | mfu: 43.94 | epoch: 1 | total time: 88.86m
step 02041 (46.31%) | K: 3 | loss: 1.872682 | L1: 0.941143 | L2: 0.931672 | L3: 0.931406 | lrm: 1.00 | dt: 2624.10ms | tok/sec: 199,797 | mfu: 43.93 | epoch: 1 | total time: 88.90m
step 02042 (46.34%) | K: 3 | loss: 1.877312 | L1: 0.943434 | L2: 0.934015 | L3: 0.933741 | lrm: 1.00 | dt: 2623.03ms | tok/sec: 199,878 | mfu: 43.95 | epoch: 1 | total time: 88.95m
step 02043 (46.36%) | K: 3 | loss: 1.879975 | L1: 0.944798 | L2: 0.935316 | L3: 0.935039 | lrm: 1.00 | dt: 2624.19ms | tok/sec: 199,790 | mfu: 43.93 | epoch: 1 | total time: 88.99m
step 02044 (46.38%) | K: 3 | loss: 1.871760 | L1: 0.940665 | L2: 0.931240 | L3: 0.930949 | lrm: 1.00 | dt: 2629.27ms | tok/sec: 199,404 | mfu: 43.84 | epoch: 1 | total time: 89.03m
step 02045 (46.40%) | K: 3 | loss: 1.862896 | L1: 0.936215 | L2: 0.926826 | L3: 0.926536 | lrm: 1.00 | dt: 2618.93ms | tok/sec: 200,191 | mfu: 44.02 | epoch: 1 | total time: 89.08m
step 02046 (46.43%) | K: 3 | loss: 1.857608 | L1: 0.933475 | L2: 0.924276 | L3: 0.923990 | lrm: 1.00 | dt: 2655.75ms | tok/sec: 197,415 | mfu: 43.41 | epoch: 1 | total time: 89.12m
step 02047 (46.45%) | K: 3 | loss: 1.856409 | L1: 0.932851 | L2: 0.923700 | L3: 0.923416 | lrm: 1.00 | dt: 2620.30ms | tok/sec: 200,086 | mfu: 43.99 | epoch: 1 | total time: 89.17m
step 02048 (46.47%) | K: 3 | loss: 1.850011 | L1: 0.929621 | L2: 0.920532 | L3: 0.920247 | lrm: 1.00 | dt: 2627.36ms | tok/sec: 199,549 | mfu: 43.87 | epoch: 1 | total time: 89.21m
step 02049 (46.49%) | K: 3 | loss: 1.857506 | L1: 0.933360 | L2: 0.924286 | L3: 0.924006 | lrm: 1.00 | dt: 2622.18ms | tok/sec: 199,943 | mfu: 43.96 | epoch: 1 | total time: 89.25m
step 02050 (46.52%) | K: 3 | loss: 1.859691 | L1: 0.934500 | L2: 0.925332 | L3: 0.925049 | lrm: 1.00 | dt: 2629.57ms | tok/sec: 199,381 | mfu: 43.84 | epoch: 1 | total time: 89.30m
step 02051 (46.54%) | K: 3 | loss: 1.854378 | L1: 0.931814 | L2: 0.922709 | L3: 0.922418 | lrm: 1.00 | dt: 2621.15ms | tok/sec: 200,022 | mfu: 43.98 | epoch: 1 | total time: 89.34m
step 02052 (46.56%) | K: 3 | loss: 1.856141 | L1: 0.932710 | L2: 0.923574 | L3: 0.923286 | lrm: 1.00 | dt: 2623.19ms | tok/sec: 199,866 | mfu: 43.94 | epoch: 1 | total time: 89.38m
step 02053 (46.58%) | K: 3 | loss: 1.860680 | L1: 0.934960 | L2: 0.925863 | L3: 0.925576 | lrm: 1.00 | dt: 2623.77ms | tok/sec: 199,822 | mfu: 43.93 | epoch: 1 | total time: 89.43m
step 02054 (46.61%) | K: 3 | loss: 1.855657 | L1: 0.932445 | L2: 0.923372 | L3: 0.923052 | lrm: 1.00 | dt: 2623.67ms | tok/sec: 199,830 | mfu: 43.94 | epoch: 1 | total time: 89.47m
step 02055 (46.63%) | K: 3 | loss: 1.854333 | L1: 0.931806 | L2: 0.922693 | L3: 0.922362 | lrm: 1.00 | dt: 2628.22ms | tok/sec: 199,483 | mfu: 43.86 | epoch: 1 | total time: 89.52m
step 02056 (46.65%) | K: 3 | loss: 1.852272 | L1: 0.930815 | L2: 0.921613 | L3: 0.921302 | lrm: 1.00 | dt: 2621.65ms | tok/sec: 199,984 | mfu: 43.97 | epoch: 1 | total time: 89.56m
step 02057 (46.68%) | K: 3 | loss: 1.863243 | L1: 0.936349 | L2: 0.927048 | L3: 0.926739 | lrm: 1.00 | dt: 2623.73ms | tok/sec: 199,825 | mfu: 43.94 | epoch: 1 | total time: 89.60m
step 02058 (46.70%) | K: 3 | loss: 1.865498 | L1: 0.937451 | L2: 0.928196 | L3: 0.927899 | lrm: 1.00 | dt: 2626.18ms | tok/sec: 199,638 | mfu: 43.89 | epoch: 1 | total time: 89.65m
step 02059 (46.72%) | K: 3 | loss: 1.874418 | L1: 0.941960 | L2: 0.932610 | L3: 0.932307 | lrm: 1.00 | dt: 2620.96ms | tok/sec: 200,036 | mfu: 43.98 | epoch: 1 | total time: 89.69m
step 02060 (46.74%) | K: 3 | loss: 1.876564 | L1: 0.943052 | L2: 0.933676 | L3: 0.933349 | lrm: 1.00 | dt: 2618.36ms | tok/sec: 200,234 | mfu: 44.03 | epoch: 1 | total time: 89.73m
step 02061 (46.77%) | K: 3 | loss: 1.867901 | L1: 0.938654 | L2: 0.929412 | L3: 0.929081 | lrm: 1.00 | dt: 2624.44ms | tok/sec: 199,771 | mfu: 43.92 | epoch: 1 | total time: 89.78m
step 02062 (46.79%) | K: 3 | loss: 1.869790 | L1: 0.939609 | L2: 0.930343 | L3: 0.930020 | lrm: 1.00 | dt: 2621.79ms | tok/sec: 199,973 | mfu: 43.97 | epoch: 1 | total time: 89.82m
step 02063 (46.81%) | K: 3 | loss: 1.876503 | L1: 0.943011 | L2: 0.933660 | L3: 0.933324 | lrm: 1.00 | dt: 2624.37ms | tok/sec: 199,776 | mfu: 43.92 | epoch: 1 | total time: 89.87m
step 02064 (46.83%) | K: 3 | loss: 1.878306 | L1: 0.943918 | L2: 0.934549 | L3: 0.934227 | lrm: 1.00 | dt: 2624.96ms | tok/sec: 199,731 | mfu: 43.91 | epoch: 1 | total time: 89.91m
step 02065 (46.86%) | K: 3 | loss: 1.877895 | L1: 0.943678 | L2: 0.934376 | L3: 0.934059 | lrm: 1.00 | dt: 2623.58ms | tok/sec: 199,836 | mfu: 43.94 | epoch: 1 | total time: 89.95m
step 02066 (46.88%) | K: 3 | loss: 1.876556 | L1: 0.942981 | L2: 0.933730 | L3: 0.933421 | lrm: 1.00 | dt: 2621.10ms | tok/sec: 200,026 | mfu: 43.98 | epoch: 1 | total time: 90.00m
step 02067 (46.90%) | K: 3 | loss: 1.873265 | L1: 0.941321 | L2: 0.932094 | L3: 0.931793 | lrm: 1.00 | dt: 2623.42ms | tok/sec: 199,848 | mfu: 43.94 | epoch: 1 | total time: 90.04m
step 02068 (46.93%) | K: 3 | loss: 1.869321 | L1: 0.939381 | L2: 0.930089 | L3: 0.929791 | lrm: 1.00 | dt: 2623.14ms | tok/sec: 199,870 | mfu: 43.95 | epoch: 1 | total time: 90.08m
step 02069 (46.95%) | K: 3 | loss: 1.866122 | L1: 0.937755 | L2: 0.928511 | L3: 0.928223 | lrm: 1.00 | dt: 2624.99ms | tok/sec: 199,729 | mfu: 43.91 | epoch: 1 | total time: 90.13m
step 02070 (46.97%) | K: 3 | loss: 1.855414 | L1: 0.932363 | L2: 0.923184 | L3: 0.922918 | lrm: 1.00 | dt: 2626.50ms | tok/sec: 199,614 | mfu: 43.89 | epoch: 1 | total time: 90.17m
step 02071 (46.99%) | K: 3 | loss: 1.871823 | L1: 0.940584 | L2: 0.931372 | L3: 0.931106 | lrm: 1.00 | dt: 2625.46ms | tok/sec: 199,693 | mfu: 43.91 | epoch: 1 | total time: 90.22m
step 02072 (47.02%) | K: 3 | loss: 1.876628 | L1: 0.942986 | L2: 0.933782 | L3: 0.933501 | lrm: 1.00 | dt: 2626.94ms | tok/sec: 199,580 | mfu: 43.88 | epoch: 1 | total time: 90.26m
step 02073 (47.04%) | K: 3 | loss: 1.878767 | L1: 0.944115 | L2: 0.934794 | L3: 0.934512 | lrm: 1.00 | dt: 2624.63ms | tok/sec: 199,757 | mfu: 43.92 | epoch: 1 | total time: 90.30m
step 02074 (47.06%) | K: 3 | loss: 1.873610 | L1: 0.941519 | L2: 0.932232 | L3: 0.931949 | lrm: 1.00 | dt: 2622.46ms | tok/sec: 199,922 | mfu: 43.96 | epoch: 1 | total time: 90.35m
step 02075 (47.08%) | K: 3 | loss: 1.869671 | L1: 0.939582 | L2: 0.930234 | L3: 0.929943 | lrm: 1.00 | dt: 2625.39ms | tok/sec: 199,699 | mfu: 43.91 | epoch: 1 | total time: 90.39m
step 02076 (47.11%) | K: 3 | loss: 1.869868 | L1: 0.939737 | L2: 0.930286 | L3: 0.929978 | lrm: 1.00 | dt: 2623.07ms | tok/sec: 199,875 | mfu: 43.95 | epoch: 1 | total time: 90.43m
step 02077 (47.13%) | K: 3 | loss: 1.881037 | L1: 0.945303 | L2: 0.935883 | L3: 0.935584 | lrm: 1.00 | dt: 2618.81ms | tok/sec: 200,200 | mfu: 44.02 | epoch: 1 | total time: 90.48m
step 02078 (47.15%) | K: 3 | loss: 1.870562 | L1: 0.940041 | L2: 0.930674 | L3: 0.930368 | lrm: 1.00 | dt: 2623.48ms | tok/sec: 199,844 | mfu: 43.94 | epoch: 1 | total time: 90.52m
step 02079 (47.17%) | K: 3 | loss: 1.868406 | L1: 0.938944 | L2: 0.929618 | L3: 0.929305 | lrm: 1.00 | dt: 2627.73ms | tok/sec: 199,521 | mfu: 43.87 | epoch: 1 | total time: 90.57m
step 02080 (47.20%) | K: 3 | loss: 1.874119 | L1: 0.941819 | L2: 0.932465 | L3: 0.932136 | lrm: 1.00 | dt: 2620.12ms | tok/sec: 200,101 | mfu: 44.00 | epoch: 1 | total time: 90.61m
step 02081 (47.22%) | K: 3 | loss: 1.869791 | L1: 0.939648 | L2: 0.930310 | L3: 0.929976 | lrm: 1.00 | dt: 2621.93ms | tok/sec: 199,962 | mfu: 43.97 | epoch: 1 | total time: 90.65m
step 02082 (47.24%) | K: 3 | loss: 1.855743 | L1: 0.932568 | L2: 0.923341 | L3: 0.923008 | lrm: 1.00 | dt: 2625.52ms | tok/sec: 199,688 | mfu: 43.91 | epoch: 1 | total time: 90.70m
step 02083 (47.27%) | K: 3 | loss: 1.852107 | L1: 0.930703 | L2: 0.921559 | L3: 0.921250 | lrm: 1.00 | dt: 2625.16ms | tok/sec: 199,716 | mfu: 43.91 | epoch: 1 | total time: 90.74m
step 02084 (47.29%) | K: 3 | loss: 1.853400 | L1: 0.931401 | L2: 0.922163 | L3: 0.921835 | lrm: 1.00 | dt: 2623.86ms | tok/sec: 199,815 | mfu: 43.93 | epoch: 1 | total time: 90.78m
step 02085 (47.31%) | K: 3 | loss: 1.854675 | L1: 0.931991 | L2: 0.922842 | L3: 0.922524 | lrm: 1.00 | dt: 2626.15ms | tok/sec: 199,641 | mfu: 43.89 | epoch: 1 | total time: 90.83m
step 02086 (47.33%) | K: 3 | loss: 1.854481 | L1: 0.931909 | L2: 0.922727 | L3: 0.922416 | lrm: 1.00 | dt: 2624.32ms | tok/sec: 199,780 | mfu: 43.93 | epoch: 1 | total time: 90.87m
step 02087 (47.36%) | K: 3 | loss: 1.856643 | L1: 0.933043 | L2: 0.923760 | L3: 0.923440 | lrm: 1.00 | dt: 2625.80ms | tok/sec: 199,667 | mfu: 43.90 | epoch: 1 | total time: 90.91m
step 02088 (47.38%) | K: 3 | loss: 1.854251 | L1: 0.931803 | L2: 0.922604 | L3: 0.922291 | lrm: 1.00 | dt: 2629.60ms | tok/sec: 199,379 | mfu: 43.84 | epoch: 1 | total time: 90.96m
step 02089 (47.40%) | K: 3 | loss: 1.848122 | L1: 0.928693 | L2: 0.919587 | L3: 0.919271 | lrm: 1.00 | dt: 2619.60ms | tok/sec: 200,140 | mfu: 44.00 | epoch: 1 | total time: 91.00m
step 02090 (47.42%) | K: 3 | loss: 1.850502 | L1: 0.929861 | L2: 0.920802 | L3: 0.920479 | lrm: 1.00 | dt: 2627.14ms | tok/sec: 199,566 | mfu: 43.88 | epoch: 1 | total time: 91.05m
step 02091 (47.45%) | K: 3 | loss: 1.846830 | L1: 0.928046 | L2: 0.918942 | L3: 0.918626 | lrm: 1.00 | dt: 2620.89ms | tok/sec: 200,042 | mfu: 43.98 | epoch: 1 | total time: 91.09m
step 02092 (47.47%) | K: 3 | loss: 1.844722 | L1: 0.926969 | L2: 0.917916 | L3: 0.917589 | lrm: 1.00 | dt: 2624.28ms | tok/sec: 199,783 | mfu: 43.93 | epoch: 1 | total time: 91.13m
step 02093 (47.49%) | K: 3 | loss: 1.832782 | L1: 0.921026 | L2: 0.911906 | L3: 0.911605 | lrm: 1.00 | dt: 2626.59ms | tok/sec: 199,607 | mfu: 43.89 | epoch: 1 | total time: 91.18m
step 02094 (47.52%) | K: 3 | loss: 1.837703 | L1: 0.923481 | L2: 0.914378 | L3: 0.914066 | lrm: 1.00 | dt: 2622.41ms | tok/sec: 199,925 | mfu: 43.96 | epoch: 1 | total time: 91.22m
step 02095 (47.54%) | K: 3 | loss: 1.840744 | L1: 0.925005 | L2: 0.915889 | L3: 0.915589 | lrm: 1.00 | dt: 2623.84ms | tok/sec: 199,817 | mfu: 43.93 | epoch: 1 | total time: 91.26m
step 02096 (47.56%) | K: 3 | loss: 1.852547 | L1: 0.931022 | L2: 0.921650 | L3: 0.921401 | lrm: 1.00 | dt: 2631.02ms | tok/sec: 199,271 | mfu: 43.81 | epoch: 1 | total time: 91.31m
step 02097 (47.58%) | K: 3 | loss: 1.854946 | L1: 0.932176 | L2: 0.922902 | L3: 0.922637 | lrm: 1.00 | dt: 2620.05ms | tok/sec: 200,106 | mfu: 44.00 | epoch: 1 | total time: 91.35m
step 02098 (47.61%) | K: 3 | loss: 1.858449 | L1: 0.933971 | L2: 0.924603 | L3: 0.924353 | lrm: 1.00 | dt: 2622.79ms | tok/sec: 199,897 | mfu: 43.95 | epoch: 1 | total time: 91.40m
step 02099 (47.63%) | K: 3 | loss: 1.849430 | L1: 0.929449 | L2: 0.920100 | L3: 0.919862 | lrm: 1.00 | dt: 2622.07ms | tok/sec: 199,952 | mfu: 43.96 | epoch: 1 | total time: 91.44m
step 02100 (47.65%) | K: 3 | loss: 1.851545 | L1: 0.930525 | L2: 0.921134 | L3: 0.920906 | lrm: 1.00 | dt: 2620.63ms | tok/sec: 200,061 | mfu: 43.99 | epoch: 1 | total time: 91.48m
step 02101 (47.67%) | K: 3 | loss: 1.848887 | L1: 0.929225 | L2: 0.919786 | L3: 0.919539 | lrm: 1.00 | dt: 2625.57ms | tok/sec: 199,685 | mfu: 43.90 | epoch: 1 | total time: 91.53m
step 02102 (47.70%) | K: 3 | loss: 1.844819 | L1: 0.927218 | L2: 0.917721 | L3: 0.917482 | lrm: 1.00 | dt: 2624.76ms | tok/sec: 199,746 | mfu: 43.92 | epoch: 1 | total time: 91.57m
step 02103 (47.72%) | K: 3 | loss: 1.843534 | L1: 0.926493 | L2: 0.917157 | L3: 0.916926 | lrm: 1.00 | dt: 2624.70ms | tok/sec: 199,751 | mfu: 43.92 | epoch: 1 | total time: 91.61m
step 02104 (47.74%) | K: 3 | loss: 1.842602 | L1: 0.926078 | L2: 0.916646 | L3: 0.916401 | lrm: 1.00 | dt: 2621.07ms | tok/sec: 200,028 | mfu: 43.98 | epoch: 1 | total time: 91.66m
step 02105 (47.76%) | K: 3 | loss: 1.846832 | L1: 0.928214 | L2: 0.918741 | L3: 0.918494 | lrm: 1.00 | dt: 2624.81ms | tok/sec: 199,743 | mfu: 43.92 | epoch: 1 | total time: 91.70m
step 02106 (47.79%) | K: 3 | loss: 1.850808 | L1: 0.930149 | L2: 0.920787 | L3: 0.920531 | lrm: 1.00 | dt: 2625.44ms | tok/sec: 199,695 | mfu: 43.91 | epoch: 1 | total time: 91.75m
step 02107 (47.81%) | K: 3 | loss: 1.851162 | L1: 0.930377 | L2: 0.920917 | L3: 0.920653 | lrm: 1.00 | dt: 2623.36ms | tok/sec: 199,853 | mfu: 43.94 | epoch: 1 | total time: 91.79m
step 02108 (47.83%) | K: 3 | loss: 1.844695 | L1: 0.927150 | L2: 0.917679 | L3: 0.917412 | lrm: 1.00 | dt: 2622.93ms | tok/sec: 199,886 | mfu: 43.95 | epoch: 1 | total time: 91.83m
step 02109 (47.86%) | K: 3 | loss: 1.842218 | L1: 0.925882 | L2: 0.916472 | L3: 0.916200 | lrm: 1.00 | dt: 2622.55ms | tok/sec: 199,915 | mfu: 43.95 | epoch: 1 | total time: 91.88m
step 02110 (47.88%) | K: 3 | loss: 1.844877 | L1: 0.927247 | L2: 0.917763 | L3: 0.917496 | lrm: 1.00 | dt: 2629.03ms | tok/sec: 199,422 | mfu: 43.85 | epoch: 1 | total time: 91.92m
step 02111 (47.90%) | K: 3 | loss: 1.830862 | L1: 0.920164 | L2: 0.910832 | L3: 0.910564 | lrm: 1.00 | dt: 2624.22ms | tok/sec: 199,788 | mfu: 43.93 | epoch: 1 | total time: 91.96m
step 02112 (47.92%) | K: 3 | loss: 1.829569 | L1: 0.919512 | L2: 0.910204 | L3: 0.909910 | lrm: 1.00 | dt: 2619.76ms | tok/sec: 200,128 | mfu: 44.00 | epoch: 1 | total time: 92.01m
step 02113 (47.95%) | K: 3 | loss: 1.832508 | L1: 0.920954 | L2: 0.911707 | L3: 0.911401 | lrm: 1.00 | dt: 2626.59ms | tok/sec: 199,608 | mfu: 43.89 | epoch: 1 | total time: 92.05m
step 02114 (47.97%) | K: 3 | loss: 1.817302 | L1: 0.913363 | L2: 0.904088 | L3: 0.903789 | lrm: 1.00 | dt: 2621.84ms | tok/sec: 199,969 | mfu: 43.97 | epoch: 1 | total time: 92.10m
step 02115 (47.99%) | K: 3 | loss: 1.820423 | L1: 0.914939 | L2: 0.905630 | L3: 0.905339 | lrm: 1.00 | dt: 2626.60ms | tok/sec: 199,607 | mfu: 43.89 | epoch: 1 | total time: 92.14m
step 02116 (48.01%) | K: 3 | loss: 1.832323 | L1: 0.920892 | L2: 0.911565 | L3: 0.911297 | lrm: 1.00 | dt: 2624.27ms | tok/sec: 199,784 | mfu: 43.93 | epoch: 1 | total time: 92.18m
step 02117 (48.04%) | K: 3 | loss: 1.827333 | L1: 0.918398 | L2: 0.909074 | L3: 0.908795 | lrm: 1.00 | dt: 2629.08ms | tok/sec: 199,418 | mfu: 43.85 | epoch: 1 | total time: 92.23m
step 02118 (48.06%) | K: 3 | loss: 1.838912 | L1: 0.924168 | L2: 0.914897 | L3: 0.914590 | lrm: 1.00 | dt: 2624.14ms | tok/sec: 199,793 | mfu: 43.93 | epoch: 1 | total time: 92.27m
step 02119 (48.08%) | K: 3 | loss: 1.839243 | L1: 0.924284 | L2: 0.915113 | L3: 0.914805 | lrm: 1.00 | dt: 2627.23ms | tok/sec: 199,559 | mfu: 43.88 | epoch: 1 | total time: 92.31m
step 02120 (48.11%) | K: 3 | loss: 1.842095 | L1: 0.925729 | L2: 0.916510 | L3: 0.916221 | lrm: 1.00 | dt: 2628.48ms | tok/sec: 199,464 | mfu: 43.86 | epoch: 1 | total time: 92.36m
step 02121 (48.13%) | K: 3 | loss: 1.834263 | L1: 0.921795 | L2: 0.912607 | L3: 0.912330 | lrm: 1.00 | dt: 2624.49ms | tok/sec: 199,767 | mfu: 43.92 | epoch: 1 | total time: 92.40m
step 02122 (48.15%) | K: 3 | loss: 1.837701 | L1: 0.923516 | L2: 0.914317 | L3: 0.914053 | lrm: 1.00 | dt: 2623.22ms | tok/sec: 199,864 | mfu: 43.94 | epoch: 1 | total time: 92.45m
step 02123 (48.17%) | K: 3 | loss: 1.826515 | L1: 0.917872 | L2: 0.908775 | L3: 0.908511 | lrm: 1.00 | dt: 2627.16ms | tok/sec: 199,564 | mfu: 43.88 | epoch: 1 | total time: 92.49m
step 02124 (48.20%) | K: 3 | loss: 1.820959 | L1: 0.915053 | L2: 0.906040 | L3: 0.905772 | lrm: 1.00 | dt: 2624.67ms | tok/sec: 199,754 | mfu: 43.92 | epoch: 1 | total time: 92.53m
step 02125 (48.22%) | K: 3 | loss: 1.829817 | L1: 0.919544 | L2: 0.910413 | L3: 0.910133 | lrm: 1.00 | dt: 2622.39ms | tok/sec: 199,927 | mfu: 43.96 | epoch: 1 | total time: 92.58m
step 02126 (48.24%) | K: 3 | loss: 1.833826 | L1: 0.921574 | L2: 0.912395 | L3: 0.912110 | lrm: 1.00 | dt: 2624.12ms | tok/sec: 199,796 | mfu: 43.93 | epoch: 1 | total time: 92.62m
step 02127 (48.26%) | K: 3 | loss: 1.830876 | L1: 0.920120 | L2: 0.910892 | L3: 0.910621 | lrm: 1.00 | dt: 2624.18ms | tok/sec: 199,790 | mfu: 43.93 | epoch: 1 | total time: 92.66m
step 02128 (48.29%) | K: 3 | loss: 1.842094 | L1: 0.925736 | L2: 0.916494 | L3: 0.916222 | lrm: 1.00 | dt: 2629.55ms | tok/sec: 199,383 | mfu: 43.84 | epoch: 1 | total time: 92.71m
step 02129 (48.31%) | K: 3 | loss: 1.840860 | L1: 0.925159 | L2: 0.915828 | L3: 0.915575 | lrm: 1.00 | dt: 2621.53ms | tok/sec: 199,992 | mfu: 43.97 | epoch: 1 | total time: 92.75m
step 02130 (48.33%) | K: 3 | loss: 1.842623 | L1: 0.926087 | L2: 0.916660 | L3: 0.916412 | lrm: 1.00 | dt: 2623.51ms | tok/sec: 199,842 | mfu: 43.94 | epoch: 1 | total time: 92.80m
step 02131 (48.35%) | K: 3 | loss: 1.840903 | L1: 0.925242 | L2: 0.915779 | L3: 0.915543 | lrm: 1.00 | dt: 2628.46ms | tok/sec: 199,466 | mfu: 43.86 | epoch: 1 | total time: 92.84m
step 02132 (48.38%) | K: 3 | loss: 1.829290 | L1: 0.919438 | L2: 0.909975 | L3: 0.909730 | lrm: 1.00 | dt: 2623.70ms | tok/sec: 199,827 | mfu: 43.94 | epoch: 1 | total time: 92.88m
step 02133 (48.40%) | K: 3 | loss: 1.827932 | L1: 0.918674 | L2: 0.909374 | L3: 0.909141 | lrm: 1.00 | dt: 2621.69ms | tok/sec: 199,980 | mfu: 43.97 | epoch: 1 | total time: 92.93m
step 02134 (48.42%) | K: 3 | loss: 1.825127 | L1: 0.917260 | L2: 0.907976 | L3: 0.907757 | lrm: 1.00 | dt: 2623.57ms | tok/sec: 199,837 | mfu: 43.94 | epoch: 1 | total time: 92.97m
step 02135 (48.45%) | K: 3 | loss: 1.831342 | L1: 0.920319 | L2: 0.911146 | L3: 0.910901 | lrm: 1.00 | dt: 2627.62ms | tok/sec: 199,529 | mfu: 43.87 | epoch: 1 | total time: 93.01m
step 02136 (48.47%) | K: 3 | loss: 1.828206 | L1: 0.918760 | L2: 0.909570 | L3: 0.909322 | lrm: 1.00 | dt: 2627.86ms | tok/sec: 199,511 | mfu: 43.87 | epoch: 1 | total time: 93.06m
step 02137 (48.49%) | K: 3 | loss: 1.830688 | L1: 0.920009 | L2: 0.910812 | L3: 0.910545 | lrm: 1.00 | dt: 2623.16ms | tok/sec: 199,869 | mfu: 43.94 | epoch: 1 | total time: 93.10m
step 02138 (48.51%) | K: 3 | loss: 1.827200 | L1: 0.918294 | L2: 0.909060 | L3: 0.908752 | lrm: 1.00 | dt: 2629.20ms | tok/sec: 199,410 | mfu: 43.84 | epoch: 1 | total time: 93.15m
step 02139 (48.54%) | K: 3 | loss: 1.831130 | L1: 0.920305 | L2: 0.910980 | L3: 0.910670 | lrm: 1.00 | dt: 2622.79ms | tok/sec: 199,896 | mfu: 43.95 | epoch: 1 | total time: 93.19m
step 02140 (48.56%) | K: 3 | loss: 1.832005 | L1: 0.920757 | L2: 0.911412 | L3: 0.911084 | lrm: 1.00 | dt: 2622.91ms | tok/sec: 199,887 | mfu: 43.95 | epoch: 1 | total time: 93.23m
step 02141 (48.58%) | K: 3 | loss: 1.836854 | L1: 0.923166 | L2: 0.913852 | L3: 0.913524 | lrm: 1.00 | dt: 2626.15ms | tok/sec: 199,641 | mfu: 43.89 | epoch: 1 | total time: 93.28m
step 02142 (48.60%) | K: 3 | loss: 1.843292 | L1: 0.926400 | L2: 0.917059 | L3: 0.916724 | lrm: 1.00 | dt: 2623.38ms | tok/sec: 199,852 | mfu: 43.94 | epoch: 1 | total time: 93.32m
step 02143 (48.63%) | K: 3 | loss: 1.851606 | L1: 0.930569 | L2: 0.921209 | L3: 0.920866 | lrm: 1.00 | dt: 2623.89ms | tok/sec: 199,813 | mfu: 43.93 | epoch: 1 | total time: 93.36m
step 02144 (48.65%) | K: 3 | loss: 1.851251 | L1: 0.930402 | L2: 0.921022 | L3: 0.920677 | lrm: 1.00 | dt: 2622.18ms | tok/sec: 199,943 | mfu: 43.96 | epoch: 1 | total time: 93.41m
step 02145 (48.67%) | K: 3 | loss: 1.850668 | L1: 0.930112 | L2: 0.920724 | L3: 0.920386 | lrm: 1.00 | dt: 2628.05ms | tok/sec: 199,496 | mfu: 43.86 | epoch: 1 | total time: 93.45m
step 02146 (48.70%) | K: 3 | loss: 1.849953 | L1: 0.929739 | L2: 0.920369 | L3: 0.920059 | lrm: 1.00 | dt: 2627.00ms | tok/sec: 199,576 | mfu: 43.88 | epoch: 1 | total time: 93.50m
step 02147 (48.72%) | K: 3 | loss: 1.850787 | L1: 0.930178 | L2: 0.920766 | L3: 0.920450 | lrm: 1.00 | dt: 2622.32ms | tok/sec: 199,933 | mfu: 43.96 | epoch: 1 | total time: 93.54m
step 02148 (48.74%) | K: 3 | loss: 1.849139 | L1: 0.929372 | L2: 0.919932 | L3: 0.919603 | lrm: 1.00 | dt: 2624.72ms | tok/sec: 199,750 | mfu: 43.92 | epoch: 1 | total time: 93.58m
step 02149 (48.76%) | K: 3 | loss: 1.853241 | L1: 0.931480 | L2: 0.921934 | L3: 0.921588 | lrm: 1.00 | dt: 2628.12ms | tok/sec: 199,491 | mfu: 43.86 | epoch: 1 | total time: 93.63m
step 02150 (48.79%) | K: 3 | loss: 1.849908 | L1: 0.929808 | L2: 0.920271 | L3: 0.919928 | lrm: 1.00 | dt: 2623.31ms | tok/sec: 199,857 | mfu: 43.94 | epoch: 1 | total time: 93.67m
step 02151 (48.81%) | K: 3 | loss: 1.848128 | L1: 0.928972 | L2: 0.919332 | L3: 0.918981 | lrm: 1.00 | dt: 2620.45ms | tok/sec: 200,075 | mfu: 43.99 | epoch: 1 | total time: 93.71m
step 02152 (48.83%) | K: 3 | loss: 1.847754 | L1: 0.928860 | L2: 0.919064 | L3: 0.918724 | lrm: 1.00 | dt: 2626.19ms | tok/sec: 199,638 | mfu: 43.89 | epoch: 1 | total time: 93.76m
step 02153 (48.85%) | K: 3 | loss: 1.853455 | L1: 0.931675 | L2: 0.921939 | L3: 0.921620 | lrm: 1.00 | dt: 2625.86ms | tok/sec: 199,663 | mfu: 43.90 | epoch: 1 | total time: 93.80m
step 02154 (48.88%) | K: 3 | loss: 1.850320 | L1: 0.930088 | L2: 0.920389 | L3: 0.920075 | lrm: 1.00 | dt: 2623.25ms | tok/sec: 199,862 | mfu: 43.94 | epoch: 1 | total time: 93.85m
step 02155 (48.90%) | K: 3 | loss: 1.838186 | L1: 0.923970 | L2: 0.914373 | L3: 0.914060 | lrm: 1.00 | dt: 2618.42ms | tok/sec: 200,230 | mfu: 44.02 | epoch: 1 | total time: 93.89m
step 02156 (48.92%) | K: 3 | loss: 1.841690 | L1: 0.925663 | L2: 0.916179 | L3: 0.915874 | lrm: 1.00 | dt: 2625.10ms | tok/sec: 199,720 | mfu: 43.91 | epoch: 1 | total time: 93.93m
step 02157 (48.94%) | K: 3 | loss: 1.845026 | L1: 0.927348 | L2: 0.917826 | L3: 0.917528 | lrm: 1.00 | dt: 2623.81ms | tok/sec: 199,819 | mfu: 43.93 | epoch: 1 | total time: 93.98m
step 02158 (48.97%) | K: 3 | loss: 1.842271 | L1: 0.925917 | L2: 0.916508 | L3: 0.916201 | lrm: 1.00 | dt: 2624.09ms | tok/sec: 199,798 | mfu: 43.93 | epoch: 1 | total time: 94.02m
step 02159 (48.99%) | K: 3 | loss: 1.842375 | L1: 0.925984 | L2: 0.916553 | L3: 0.916230 | lrm: 1.00 | dt: 2629.41ms | tok/sec: 199,393 | mfu: 43.84 | epoch: 1 | total time: 94.06m
step 02160 (49.01%) | K: 3 | loss: 1.835962 | L1: 0.922729 | L2: 0.913383 | L3: 0.913083 | lrm: 1.00 | dt: 2624.26ms | tok/sec: 199,785 | mfu: 43.93 | epoch: 1 | total time: 94.11m
step 02161 (49.04%) | K: 3 | loss: 1.830656 | L1: 0.920057 | L2: 0.910751 | L3: 0.910445 | lrm: 1.00 | dt: 2624.38ms | tok/sec: 199,775 | mfu: 43.92 | epoch: 1 | total time: 94.15m
step 02162 (49.06%) | K: 3 | loss: 1.835257 | L1: 0.922329 | L2: 0.913069 | L3: 0.912785 | lrm: 1.00 | dt: 2625.91ms | tok/sec: 199,659 | mfu: 43.90 | epoch: 1 | total time: 94.20m
step 02163 (49.08%) | K: 3 | loss: 1.848902 | L1: 0.929086 | L2: 0.919963 | L3: 0.919668 | lrm: 1.00 | dt: 2620.28ms | tok/sec: 200,088 | mfu: 43.99 | epoch: 1 | total time: 94.24m
step 02164 (49.10%) | K: 3 | loss: 1.838348 | L1: 0.923828 | L2: 0.914686 | L3: 0.914354 | lrm: 1.00 | dt: 2622.93ms | tok/sec: 199,886 | mfu: 43.95 | epoch: 1 | total time: 94.28m
step 02165 (49.13%) | K: 3 | loss: 1.832348 | L1: 0.920807 | L2: 0.911709 | L3: 0.911372 | lrm: 1.00 | dt: 2622.50ms | tok/sec: 199,919 | mfu: 43.96 | epoch: 1 | total time: 94.33m
step 02166 (49.15%) | K: 3 | loss: 1.845711 | L1: 0.927595 | L2: 0.918294 | L3: 0.917938 | lrm: 1.00 | dt: 2624.69ms | tok/sec: 199,752 | mfu: 43.92 | epoch: 1 | total time: 94.37m
step 02167 (49.17%) | K: 3 | loss: 1.838477 | L1: 0.923997 | L2: 0.914656 | L3: 0.914304 | lrm: 1.00 | dt: 2623.13ms | tok/sec: 199,871 | mfu: 43.95 | epoch: 1 | total time: 94.41m
step 02168 (49.19%) | K: 3 | loss: 1.840739 | L1: 0.925105 | L2: 0.915802 | L3: 0.915467 | lrm: 1.00 | dt: 2624.56ms | tok/sec: 199,762 | mfu: 43.92 | epoch: 1 | total time: 94.46m
step 02169 (49.22%) | K: 3 | loss: 1.844556 | L1: 0.927090 | L2: 0.917642 | L3: 0.917291 | lrm: 1.00 | dt: 2626.89ms | tok/sec: 199,585 | mfu: 43.88 | epoch: 1 | total time: 94.50m
step 02170 (49.24%) | K: 3 | loss: 1.845012 | L1: 0.927289 | L2: 0.917902 | L3: 0.917545 | lrm: 1.00 | dt: 2627.18ms | tok/sec: 199,563 | mfu: 43.88 | epoch: 1 | total time: 94.55m
step 02171 (49.26%) | K: 3 | loss: 1.843734 | L1: 0.926760 | L2: 0.917154 | L3: 0.916793 | lrm: 1.00 | dt: 2622.45ms | tok/sec: 199,923 | mfu: 43.96 | epoch: 1 | total time: 94.59m
step 02172 (49.29%) | K: 3 | loss: 1.843039 | L1: 0.926418 | L2: 0.916805 | L3: 0.916437 | lrm: 1.00 | dt: 2620.98ms | tok/sec: 200,035 | mfu: 43.98 | epoch: 1 | total time: 94.63m
step 02173 (49.31%) | K: 3 | loss: 1.855355 | L1: 0.932602 | L2: 0.922941 | L3: 0.922563 | lrm: 1.00 | dt: 2622.43ms | tok/sec: 199,924 | mfu: 43.96 | epoch: 1 | total time: 94.68m
step 02174 (49.33%) | K: 3 | loss: 1.861325 | L1: 0.935580 | L2: 0.925940 | L3: 0.925550 | lrm: 1.00 | dt: 2625.97ms | tok/sec: 199,655 | mfu: 43.90 | epoch: 1 | total time: 94.72m
step 02175 (49.35%) | K: 3 | loss: 1.866416 | L1: 0.938162 | L2: 0.928439 | L3: 0.928070 | lrm: 1.00 | dt: 2626.84ms | tok/sec: 199,588 | mfu: 43.88 | epoch: 1 | total time: 94.76m
step 02176 (49.38%) | K: 3 | loss: 1.872050 | L1: 0.940985 | L2: 0.931247 | L3: 0.930883 | lrm: 1.00 | dt: 2623.72ms | tok/sec: 199,826 | mfu: 43.94 | epoch: 1 | total time: 94.81m
step 02177 (49.40%) | K: 3 | loss: 1.868671 | L1: 0.939254 | L2: 0.929601 | L3: 0.929232 | lrm: 1.00 | dt: 2625.86ms | tok/sec: 199,663 | mfu: 43.90 | epoch: 1 | total time: 94.85m
step 02178 (49.42%) | K: 3 | loss: 1.861593 | L1: 0.935712 | L2: 0.926064 | L3: 0.925698 | lrm: 1.00 | dt: 2622.58ms | tok/sec: 199,912 | mfu: 43.95 | epoch: 1 | total time: 94.90m
step 02179 (49.44%) | K: 3 | loss: 1.865279 | L1: 0.937510 | L2: 0.927952 | L3: 0.927587 | lrm: 1.00 | dt: 2626.75ms | tok/sec: 199,595 | mfu: 43.88 | epoch: 1 | total time: 94.94m
step 02180 (49.47%) | K: 3 | loss: 1.853484 | L1: 0.931581 | L2: 0.922088 | L3: 0.921720 | lrm: 1.00 | dt: 2627.36ms | tok/sec: 199,549 | mfu: 43.87 | epoch: 1 | total time: 94.98m
step 02181 (49.49%) | K: 3 | loss: 1.860314 | L1: 0.934996 | L2: 0.925490 | L3: 0.925146 | lrm: 1.00 | dt: 2627.85ms | tok/sec: 199,512 | mfu: 43.87 | epoch: 1 | total time: 95.03m
step 02182 (49.51%) | K: 3 | loss: 1.863629 | L1: 0.936689 | L2: 0.927118 | L3: 0.926763 | lrm: 1.00 | dt: 2623.07ms | tok/sec: 199,875 | mfu: 43.95 | epoch: 1 | total time: 95.07m
step 02183 (49.53%) | K: 3 | loss: 1.857675 | L1: 0.933689 | L2: 0.924173 | L3: 0.923801 | lrm: 1.00 | dt: 2622.84ms | tok/sec: 199,893 | mfu: 43.95 | epoch: 1 | total time: 95.11m
step 02184 (49.56%) | K: 3 | loss: 1.843998 | L1: 0.926772 | L2: 0.917404 | L3: 0.917046 | lrm: 1.00 | dt: 2626.65ms | tok/sec: 199,603 | mfu: 43.89 | epoch: 1 | total time: 95.16m
step 02185 (49.58%) | K: 3 | loss: 1.839734 | L1: 0.924597 | L2: 0.915302 | L3: 0.914974 | lrm: 1.00 | dt: 2629.92ms | tok/sec: 199,355 | mfu: 43.83 | epoch: 1 | total time: 95.20m
step 02186 (49.60%) | K: 3 | loss: 1.841942 | L1: 0.925696 | L2: 0.916411 | L3: 0.916081 | lrm: 1.00 | dt: 2622.04ms | tok/sec: 199,954 | mfu: 43.96 | epoch: 1 | total time: 95.25m
step 02187 (49.63%) | K: 3 | loss: 1.838018 | L1: 0.923722 | L2: 0.914462 | L3: 0.914130 | lrm: 1.00 | dt: 2629.58ms | tok/sec: 199,380 | mfu: 43.84 | epoch: 1 | total time: 95.29m
step 02188 (49.65%) | K: 3 | loss: 1.835657 | L1: 0.922559 | L2: 0.913259 | L3: 0.912937 | lrm: 1.00 | dt: 2624.54ms | tok/sec: 199,764 | mfu: 43.92 | epoch: 1 | total time: 95.33m
step 02189 (49.67%) | K: 3 | loss: 1.833265 | L1: 0.921382 | L2: 0.912037 | L3: 0.911730 | lrm: 1.00 | dt: 2621.90ms | tok/sec: 199,965 | mfu: 43.97 | epoch: 1 | total time: 95.38m
step 02190 (49.69%) | K: 3 | loss: 1.829163 | L1: 0.919333 | L2: 0.909987 | L3: 0.909672 | lrm: 1.00 | dt: 2626.85ms | tok/sec: 199,588 | mfu: 43.88 | epoch: 1 | total time: 95.42m
step 02191 (49.72%) | K: 3 | loss: 1.837652 | L1: 0.923631 | L2: 0.914167 | L3: 0.913874 | lrm: 1.00 | dt: 2627.39ms | tok/sec: 199,546 | mfu: 43.87 | epoch: 1 | total time: 95.46m
step 02192 (49.74%) | K: 3 | loss: 1.840079 | L1: 0.924852 | L2: 0.915373 | L3: 0.915082 | lrm: 1.00 | dt: 2621.16ms | tok/sec: 200,021 | mfu: 43.98 | epoch: 1 | total time: 95.51m
step 02193 (49.76%) | K: 3 | loss: 1.838659 | L1: 0.924099 | L2: 0.914700 | L3: 0.914420 | lrm: 1.00 | dt: 2624.76ms | tok/sec: 199,746 | mfu: 43.92 | epoch: 1 | total time: 95.55m
step 02194 (49.78%) | K: 3 | loss: 1.834408 | L1: 0.921976 | L2: 0.912568 | L3: 0.912297 | lrm: 1.00 | dt: 2626.32ms | tok/sec: 199,628 | mfu: 43.89 | epoch: 1 | total time: 95.60m
step 02195 (49.81%) | K: 3 | loss: 1.835028 | L1: 0.922271 | L2: 0.912890 | L3: 0.912624 | lrm: 1.00 | dt: 2623.98ms | tok/sec: 199,806 | mfu: 43.93 | epoch: 1 | total time: 95.64m
step 02196 (49.83%) | K: 3 | loss: 1.823350 | L1: 0.916428 | L2: 0.907065 | L3: 0.906780 | lrm: 1.00 | dt: 2623.21ms | tok/sec: 199,865 | mfu: 43.94 | epoch: 1 | total time: 95.68m
step 02197 (49.85%) | K: 3 | loss: 1.828886 | L1: 0.919183 | L2: 0.909851 | L3: 0.909554 | lrm: 1.00 | dt: 2624.56ms | tok/sec: 199,762 | mfu: 43.92 | epoch: 1 | total time: 95.73m
step 02198 (49.88%) | K: 3 | loss: 1.831557 | L1: 0.920532 | L2: 0.911176 | L3: 0.910874 | lrm: 1.00 | dt: 2625.72ms | tok/sec: 199,673 | mfu: 43.90 | epoch: 1 | total time: 95.77m
step 02199 (49.90%) | K: 3 | loss: 1.840332 | L1: 0.925002 | L2: 0.915490 | L3: 0.915170 | lrm: 1.00 | dt: 2627.56ms | tok/sec: 199,534 | mfu: 43.87 | epoch: 1 | total time: 95.81m
step 02200 (49.92%) | K: 3 | loss: 1.843765 | L1: 0.926644 | L2: 0.917279 | L3: 0.916965 | lrm: 1.00 | dt: 2619.69ms | tok/sec: 200,133 | mfu: 44.00 | epoch: 1 | total time: 95.86m
step 02201 (49.94%) | K: 3 | loss: 1.843875 | L1: 0.926681 | L2: 0.917351 | L3: 0.917036 | lrm: 1.00 | dt: 2624.08ms | tok/sec: 199,798 | mfu: 43.93 | epoch: 1 | total time: 95.90m
step 02202 (49.97%) | K: 3 | loss: 1.834291 | L1: 0.921877 | L2: 0.912573 | L3: 0.912256 | lrm: 1.00 | dt: 2625.97ms | tok/sec: 199,655 | mfu: 43.90 | epoch: 1 | total time: 95.95m
step 02203 (49.99%) | K: 3 | loss: 1.840982 | L1: 0.925242 | L2: 0.915905 | L3: 0.915576 | lrm: 1.00 | dt: 2622.12ms | tok/sec: 199,947 | mfu: 43.96 | epoch: 1 | total time: 95.99m
step 02204 (50.01%) | K: 3 | loss: 1.846554 | L1: 0.927989 | L2: 0.918735 | L3: 0.918396 | lrm: 1.00 | dt: 2621.27ms | tok/sec: 200,013 | mfu: 43.98 | epoch: 1 | total time: 96.03m
step 02205 (50.03%) | K: 3 | loss: 1.845104 | L1: 0.927242 | L2: 0.918019 | L3: 0.917705 | lrm: 1.00 | dt: 2622.36ms | tok/sec: 199,930 | mfu: 43.96 | epoch: 1 | total time: 96.08m
step 02206 (50.06%) | K: 3 | loss: 1.842213 | L1: 0.925789 | L2: 0.916579 | L3: 0.916270 | lrm: 1.00 | dt: 2622.23ms | tok/sec: 199,939 | mfu: 43.96 | epoch: 1 | total time: 96.12m
step 02207 (50.08%) | K: 3 | loss: 1.835658 | L1: 0.922543 | L2: 0.913275 | L3: 0.912955 | lrm: 1.00 | dt: 2626.37ms | tok/sec: 199,624 | mfu: 43.89 | epoch: 1 | total time: 96.16m
step 02208 (50.10%) | K: 3 | loss: 1.834823 | L1: 0.922140 | L2: 0.912847 | L3: 0.912519 | lrm: 1.00 | dt: 2626.45ms | tok/sec: 199,618 | mfu: 43.89 | epoch: 1 | total time: 96.21m
step 02209 (50.12%) | K: 3 | loss: 1.835041 | L1: 0.922242 | L2: 0.912965 | L3: 0.912634 | lrm: 1.00 | dt: 2621.98ms | tok/sec: 199,958 | mfu: 43.96 | epoch: 1 | total time: 96.25m
step 02210 (50.15%) | K: 3 | loss: 1.836042 | L1: 0.922791 | L2: 0.913414 | L3: 0.913088 | lrm: 1.00 | dt: 2623.50ms | tok/sec: 199,842 | mfu: 43.94 | epoch: 1 | total time: 96.30m
step 02211 (50.17%) | K: 3 | loss: 1.840394 | L1: 0.924981 | L2: 0.915581 | L3: 0.915244 | lrm: 1.00 | dt: 2624.88ms | tok/sec: 199,737 | mfu: 43.92 | epoch: 1 | total time: 96.34m
step 02212 (50.19%) | K: 3 | loss: 1.850752 | L1: 0.930186 | L2: 0.920728 | L3: 0.920405 | lrm: 1.00 | dt: 2619.51ms | tok/sec: 200,147 | mfu: 44.01 | epoch: 1 | total time: 96.38m
step 02213 (50.22%) | K: 3 | loss: 1.845553 | L1: 0.927549 | L2: 0.918161 | L3: 0.917847 | lrm: 1.00 | dt: 2627.31ms | tok/sec: 199,553 | mfu: 43.88 | epoch: 1 | total time: 96.43m
step 02214 (50.24%) | K: 3 | loss: 1.834641 | L1: 0.922065 | L2: 0.912731 | L3: 0.912421 | lrm: 1.00 | dt: 2624.26ms | tok/sec: 199,784 | mfu: 43.93 | epoch: 1 | total time: 96.47m
step 02215 (50.26%) | K: 3 | loss: 1.842802 | L1: 0.926142 | L2: 0.916814 | L3: 0.916505 | lrm: 0.99 | dt: 2621.48ms | tok/sec: 199,997 | mfu: 43.97 | epoch: 1 | total time: 96.51m
step 02216 (50.28%) | K: 3 | loss: 1.842416 | L1: 0.925952 | L2: 0.916633 | L3: 0.916295 | lrm: 0.99 | dt: 2620.45ms | tok/sec: 200,075 | mfu: 43.99 | epoch: 1 | total time: 96.56m
step 02217 (50.31%) | K: 3 | loss: 1.832113 | L1: 0.920808 | L2: 0.911473 | L3: 0.911137 | lrm: 0.99 | dt: 2625.13ms | tok/sec: 199,718 | mfu: 43.91 | epoch: 1 | total time: 96.60m
step 02218 (50.33%) | K: 3 | loss: 1.833231 | L1: 0.921373 | L2: 0.912027 | L3: 0.911689 | lrm: 0.99 | dt: 2623.20ms | tok/sec: 199,865 | mfu: 43.94 | epoch: 1 | total time: 96.64m
step 02219 (50.35%) | K: 3 | loss: 1.833151 | L1: 0.921363 | L2: 0.911960 | L3: 0.911618 | lrm: 0.99 | dt: 2622.14ms | tok/sec: 199,946 | mfu: 43.96 | epoch: 1 | total time: 96.69m
step 02220 (50.37%) | K: 3 | loss: 1.826594 | L1: 0.918101 | L2: 0.908660 | L3: 0.908326 | lrm: 0.99 | dt: 2621.18ms | tok/sec: 200,019 | mfu: 43.98 | epoch: 1 | total time: 96.73m
step 02221 (50.40%) | K: 3 | loss: 1.834772 | L1: 0.922185 | L2: 0.912745 | L3: 0.912428 | lrm: 0.99 | dt: 2626.10ms | tok/sec: 199,645 | mfu: 43.90 | epoch: 1 | total time: 96.78m
step 02222 (50.42%) | K: 3 | loss: 1.833953 | L1: 0.921771 | L2: 0.912333 | L3: 0.912032 | lrm: 0.99 | dt: 2625.38ms | tok/sec: 199,699 | mfu: 43.91 | epoch: 1 | total time: 96.82m
step 02223 (50.44%) | K: 3 | loss: 1.823280 | L1: 0.916399 | L2: 0.907026 | L3: 0.906735 | lrm: 0.99 | dt: 2623.00ms | tok/sec: 199,880 | mfu: 43.95 | epoch: 1 | total time: 96.86m
step 02224 (50.47%) | K: 3 | loss: 1.826574 | L1: 0.917969 | L2: 0.908743 | L3: 0.908465 | lrm: 0.99 | dt: 2621.38ms | tok/sec: 200,004 | mfu: 43.97 | epoch: 1 | total time: 96.91m
step 02225 (50.49%) | K: 3 | loss: 1.828500 | L1: 0.918970 | L2: 0.909656 | L3: 0.909406 | lrm: 0.99 | dt: 2621.81ms | tok/sec: 199,971 | mfu: 43.97 | epoch: 1 | total time: 96.95m
step 02226 (50.51%) | K: 3 | loss: 1.823820 | L1: 0.916623 | L2: 0.907325 | L3: 0.907067 | lrm: 0.99 | dt: 3372.80ms | tok/sec: 155,445 | mfu: 34.18 | epoch: 1 | total time: 97.01m
step 02227 (50.53%) | K: 3 | loss: 1.824661 | L1: 0.917078 | L2: 0.907714 | L3: 0.907453 | lrm: 0.99 | dt: 2617.89ms | tok/sec: 200,271 | mfu: 44.03 | epoch: 1 | total time: 97.05m
step 02228 (50.56%) | K: 3 | loss: 1.823517 | L1: 0.916502 | L2: 0.907142 | L3: 0.906889 | lrm: 0.99 | dt: 2624.90ms | tok/sec: 199,736 | mfu: 43.92 | epoch: 1 | total time: 97.09m
step 02229 (50.58%) | K: 3 | loss: 1.826701 | L1: 0.918060 | L2: 0.908779 | L3: 0.908505 | lrm: 0.99 | dt: 2621.21ms | tok/sec: 200,017 | mfu: 43.98 | epoch: 1 | total time: 97.14m
step 02230 (50.60%) | K: 3 | loss: 1.829405 | L1: 0.919349 | L2: 0.910202 | L3: 0.909911 | lrm: 0.99 | dt: 2622.92ms | tok/sec: 199,887 | mfu: 43.95 | epoch: 1 | total time: 97.18m
step 02231 (50.62%) | K: 3 | loss: 1.845977 | L1: 0.927702 | L2: 0.918418 | L3: 0.918133 | lrm: 0.99 | dt: 2625.00ms | tok/sec: 199,728 | mfu: 43.91 | epoch: 1 | total time: 97.23m
step 02232 (50.65%) | K: 3 | loss: 1.834468 | L1: 0.921997 | L2: 0.912608 | L3: 0.912334 | lrm: 0.99 | dt: 2623.49ms | tok/sec: 199,843 | mfu: 43.94 | epoch: 1 | total time: 97.27m
step 02233 (50.67%) | K: 3 | loss: 1.838446 | L1: 0.924032 | L2: 0.914554 | L3: 0.914274 | lrm: 0.99 | dt: 2624.56ms | tok/sec: 199,762 | mfu: 43.92 | epoch: 1 | total time: 97.31m
step 02234 (50.69%) | K: 3 | loss: 1.840209 | L1: 0.924929 | L2: 0.915414 | L3: 0.915145 | lrm: 0.99 | dt: 2622.32ms | tok/sec: 199,932 | mfu: 43.96 | epoch: 1 | total time: 97.36m
step 02235 (50.71%) | K: 3 | loss: 1.834214 | L1: 0.921967 | L2: 0.912391 | L3: 0.912101 | lrm: 0.99 | dt: 2625.38ms | tok/sec: 199,700 | mfu: 43.91 | epoch: 1 | total time: 97.40m
step 02236 (50.74%) | K: 3 | loss: 1.835607 | L1: 0.922709 | L2: 0.913047 | L3: 0.912749 | lrm: 0.99 | dt: 2619.36ms | tok/sec: 200,159 | mfu: 44.01 | epoch: 1 | total time: 97.44m
step 02237 (50.76%) | K: 3 | loss: 1.833737 | L1: 0.921816 | L2: 0.912080 | L3: 0.911761 | lrm: 0.98 | dt: 2623.72ms | tok/sec: 199,825 | mfu: 43.94 | epoch: 1 | total time: 97.49m
step 02238 (50.78%) | K: 3 | loss: 1.829467 | L1: 0.919648 | L2: 0.909967 | L3: 0.909671 | lrm: 0.98 | dt: 2621.96ms | tok/sec: 199,960 | mfu: 43.96 | epoch: 1 | total time: 97.53m
step 02239 (50.81%) | K: 3 | loss: 1.832616 | L1: 0.921191 | L2: 0.911571 | L3: 0.911279 | lrm: 0.98 | dt: 2624.80ms | tok/sec: 199,743 | mfu: 43.92 | epoch: 1 | total time: 97.58m
step 02240 (50.83%) | K: 3 | loss: 1.844336 | L1: 0.927085 | L2: 0.917414 | L3: 0.917087 | lrm: 0.98 | dt: 2625.31ms | tok/sec: 199,705 | mfu: 43.91 | epoch: 1 | total time: 97.62m
step 02241 (50.85%) | K: 3 | loss: 1.830963 | L1: 0.920358 | L2: 0.910763 | L3: 0.910447 | lrm: 0.98 | dt: 2620.92ms | tok/sec: 200,039 | mfu: 43.98 | epoch: 1 | total time: 97.66m
step 02242 (50.87%) | K: 3 | loss: 1.823591 | L1: 0.916609 | L2: 0.907130 | L3: 0.906834 | lrm: 0.98 | dt: 2625.21ms | tok/sec: 199,712 | mfu: 43.91 | epoch: 1 | total time: 97.71m
step 02243 (50.90%) | K: 3 | loss: 1.828425 | L1: 0.919027 | L2: 0.909548 | L3: 0.909248 | lrm: 0.98 | dt: 2625.00ms | tok/sec: 199,728 | mfu: 43.91 | epoch: 1 | total time: 97.75m
step 02244 (50.92%) | K: 3 | loss: 1.830870 | L1: 0.920215 | L2: 0.910800 | L3: 0.910510 | lrm: 0.98 | dt: 2624.04ms | tok/sec: 199,801 | mfu: 43.93 | epoch: 1 | total time: 97.79m
step 02245 (50.94%) | K: 3 | loss: 1.830206 | L1: 0.919913 | L2: 0.910431 | L3: 0.910156 | lrm: 0.98 | dt: 2625.73ms | tok/sec: 199,673 | mfu: 43.90 | epoch: 1 | total time: 97.84m
step 02246 (50.96%) | K: 3 | loss: 1.834455 | L1: 0.922006 | L2: 0.912572 | L3: 0.912325 | lrm: 0.98 | dt: 2622.53ms | tok/sec: 199,917 | mfu: 43.96 | epoch: 1 | total time: 97.88m
step 02247 (50.99%) | K: 3 | loss: 1.830829 | L1: 0.920149 | L2: 0.910801 | L3: 0.910561 | lrm: 0.98 | dt: 2620.23ms | tok/sec: 200,092 | mfu: 43.99 | epoch: 1 | total time: 97.93m
step 02248 (51.01%) | K: 3 | loss: 1.841583 | L1: 0.925539 | L2: 0.916175 | L3: 0.915914 | lrm: 0.98 | dt: 2620.75ms | tok/sec: 200,052 | mfu: 43.99 | epoch: 1 | total time: 97.97m
step 02249 (51.03%) | K: 3 | loss: 1.831429 | L1: 0.920474 | L2: 0.911087 | L3: 0.910821 | lrm: 0.98 | dt: 2623.77ms | tok/sec: 199,822 | mfu: 43.93 | epoch: 1 | total time: 98.01m
step 02250 (51.06%) | K: 3 | loss: 1.821372 | L1: 0.915443 | L2: 0.906076 | L3: 0.905782 | lrm: 0.98 | dt: 2620.74ms | tok/sec: 200,053 | mfu: 43.99 | epoch: 1 | total time: 98.06m
Step 02250 | Validation L1 bpb: 0.4887 | L2 bpb: 0.4835 | L3 bpb: 0.4834
step 02251 (51.08%) | K: 3 | loss: 1.814985 | L1: 0.912258 | L2: 0.902870 | L3: 0.902583 | lrm: 0.98 | dt: 2626.44ms | tok/sec: 199,619 | mfu: 43.89 | epoch: 1 | total time: 98.10m
step 02252 (51.10%) | K: 3 | loss: 1.820038 | L1: 0.914782 | L2: 0.905414 | L3: 0.905099 | lrm: 0.98 | dt: 2622.84ms | tok/sec: 199,893 | mfu: 43.95 | epoch: 1 | total time: 98.14m
step 02253 (51.12%) | K: 3 | loss: 1.818178 | L1: 0.913823 | L2: 0.904518 | L3: 0.904191 | lrm: 0.98 | dt: 2622.60ms | tok/sec: 199,911 | mfu: 43.95 | epoch: 1 | total time: 98.19m
step 02254 (51.15%) | K: 3 | loss: 1.814497 | L1: 0.911991 | L2: 0.902668 | L3: 0.902343 | lrm: 0.98 | dt: 2626.13ms | tok/sec: 199,642 | mfu: 43.89 | epoch: 1 | total time: 98.23m
step 02255 (51.17%) | K: 3 | loss: 1.820862 | L1: 0.915269 | L2: 0.905758 | L3: 0.905428 | lrm: 0.98 | dt: 2620.30ms | tok/sec: 200,086 | mfu: 43.99 | epoch: 1 | total time: 98.27m
step 02256 (51.19%) | K: 3 | loss: 1.814498 | L1: 0.912101 | L2: 0.902562 | L3: 0.902231 | lrm: 0.98 | dt: 2625.40ms | tok/sec: 199,698 | mfu: 43.91 | epoch: 1 | total time: 98.32m
step 02257 (51.21%) | K: 3 | loss: 1.812344 | L1: 0.911084 | L2: 0.901431 | L3: 0.901089 | lrm: 0.98 | dt: 2626.83ms | tok/sec: 199,589 | mfu: 43.88 | epoch: 1 | total time: 98.36m
step 02258 (51.24%) | K: 3 | loss: 1.801595 | L1: 0.905686 | L2: 0.896082 | L3: 0.895735 | lrm: 0.98 | dt: 2623.44ms | tok/sec: 199,847 | mfu: 43.94 | epoch: 1 | total time: 98.41m
step 02259 (51.26%) | K: 3 | loss: 1.807900 | L1: 0.908848 | L2: 0.899218 | L3: 0.898886 | lrm: 0.97 | dt: 2621.21ms | tok/sec: 200,017 | mfu: 43.98 | epoch: 1 | total time: 98.45m
step 02260 (51.28%) | K: 3 | loss: 1.802028 | L1: 0.905835 | L2: 0.896356 | L3: 0.896030 | lrm: 0.97 | dt: 2625.14ms | tok/sec: 199,718 | mfu: 43.91 | epoch: 1 | total time: 98.49m
step 02261 (51.30%) | K: 3 | loss: 1.801252 | L1: 0.905473 | L2: 0.895954 | L3: 0.895605 | lrm: 0.97 | dt: 2625.08ms | tok/sec: 199,722 | mfu: 43.91 | epoch: 1 | total time: 98.54m
step 02262 (51.33%) | K: 3 | loss: 1.807200 | L1: 0.908423 | L2: 0.898954 | L3: 0.898600 | lrm: 0.97 | dt: 2625.37ms | tok/sec: 199,700 | mfu: 43.91 | epoch: 1 | total time: 98.58m
step 02263 (51.35%) | K: 3 | loss: 1.814744 | L1: 0.912154 | L2: 0.902752 | L3: 0.902427 | lrm: 0.97 | dt: 2620.86ms | tok/sec: 200,044 | mfu: 43.98 | epoch: 1 | total time: 98.62m
step 02264 (51.37%) | K: 3 | loss: 1.816563 | L1: 0.913041 | L2: 0.903681 | L3: 0.903361 | lrm: 0.97 | dt: 2624.85ms | tok/sec: 199,740 | mfu: 43.92 | epoch: 1 | total time: 98.67m
step 02265 (51.40%) | K: 3 | loss: 1.821134 | L1: 0.915369 | L2: 0.905933 | L3: 0.905597 | lrm: 0.97 | dt: 2714.38ms | tok/sec: 193,151 | mfu: 42.47 | epoch: 1 | total time: 98.71m
step 02266 (51.42%) | K: 3 | loss: 1.811623 | L1: 0.910591 | L2: 0.901200 | L3: 0.900864 | lrm: 0.97 | dt: 2615.17ms | tok/sec: 200,479 | mfu: 44.08 | epoch: 1 | total time: 98.76m
step 02267 (51.44%) | K: 3 | loss: 1.815856 | L1: 0.912720 | L2: 0.903303 | L3: 0.902969 | lrm: 0.97 | dt: 2627.57ms | tok/sec: 199,533 | mfu: 43.87 | epoch: 1 | total time: 98.80m
step 02268 (51.46%) | K: 3 | loss: 1.812008 | L1: 0.910807 | L2: 0.901357 | L3: 0.901045 | lrm: 0.97 | dt: 2623.73ms | tok/sec: 199,825 | mfu: 43.94 | epoch: 1 | total time: 98.84m
step 02269 (51.49%) | K: 3 | loss: 1.821979 | L1: 0.915835 | L2: 0.906295 | L3: 0.905993 | lrm: 0.97 | dt: 2626.30ms | tok/sec: 199,629 | mfu: 43.89 | epoch: 1 | total time: 98.89m
step 02270 (51.51%) | K: 3 | loss: 1.836945 | L1: 0.923321 | L2: 0.913783 | L3: 0.913466 | lrm: 0.97 | dt: 2621.95ms | tok/sec: 199,960 | mfu: 43.96 | epoch: 1 | total time: 98.93m
step 02271 (51.53%) | K: 3 | loss: 1.843749 | L1: 0.926713 | L2: 0.917187 | L3: 0.916886 | lrm: 0.97 | dt: 2620.91ms | tok/sec: 200,040 | mfu: 43.98 | epoch: 1 | total time: 98.98m
step 02272 (51.55%) | K: 3 | loss: 1.836705 | L1: 0.923182 | L2: 0.913681 | L3: 0.913364 | lrm: 0.97 | dt: 2621.21ms | tok/sec: 200,017 | mfu: 43.98 | epoch: 1 | total time: 99.02m
step 02273 (51.58%) | K: 3 | loss: 1.846513 | L1: 0.928120 | L2: 0.918544 | L3: 0.918242 | lrm: 0.97 | dt: 2627.81ms | tok/sec: 199,515 | mfu: 43.87 | epoch: 1 | total time: 99.06m
step 02274 (51.60%) | K: 3 | loss: 1.842295 | L1: 0.926008 | L2: 0.916432 | L3: 0.916141 | lrm: 0.97 | dt: 2622.21ms | tok/sec: 199,941 | mfu: 43.96 | epoch: 1 | total time: 99.11m
step 02275 (51.62%) | K: 3 | loss: 1.845222 | L1: 0.927427 | L2: 0.917929 | L3: 0.917661 | lrm: 0.97 | dt: 2624.44ms | tok/sec: 199,771 | mfu: 43.92 | epoch: 1 | total time: 99.15m
step 02276 (51.65%) | K: 3 | loss: 1.844110 | L1: 0.926880 | L2: 0.917374 | L3: 0.917088 | lrm: 0.97 | dt: 2623.32ms | tok/sec: 199,856 | mfu: 43.94 | epoch: 1 | total time: 99.19m
step 02277 (51.67%) | K: 3 | loss: 1.854136 | L1: 0.931908 | L2: 0.922373 | L3: 0.922083 | lrm: 0.97 | dt: 2623.80ms | tok/sec: 199,820 | mfu: 43.93 | epoch: 1 | total time: 99.24m
step 02278 (51.69%) | K: 3 | loss: 1.853422 | L1: 0.931558 | L2: 0.922012 | L3: 0.921715 | lrm: 0.97 | dt: 2624.36ms | tok/sec: 199,777 | mfu: 43.92 | epoch: 1 | total time: 99.28m
step 02279 (51.71%) | K: 3 | loss: 1.863582 | L1: 0.936643 | L2: 0.927099 | L3: 0.926780 | lrm: 0.97 | dt: 2626.27ms | tok/sec: 199,632 | mfu: 43.89 | epoch: 1 | total time: 99.33m
step 02280 (51.74%) | K: 3 | loss: 1.851017 | L1: 0.930330 | L2: 0.920851 | L3: 0.920522 | lrm: 0.97 | dt: 2621.71ms | tok/sec: 199,979 | mfu: 43.97 | epoch: 1 | total time: 99.37m
step 02281 (51.76%) | K: 3 | loss: 1.854172 | L1: 0.931829 | L2: 0.922495 | L3: 0.922190 | lrm: 0.96 | dt: 2625.54ms | tok/sec: 199,687 | mfu: 43.90 | epoch: 1 | total time: 99.41m
step 02282 (51.78%) | K: 3 | loss: 1.855276 | L1: 0.932395 | L2: 0.923036 | L3: 0.922726 | lrm: 0.96 | dt: 2624.82ms | tok/sec: 199,742 | mfu: 43.92 | epoch: 1 | total time: 99.46m
step 02283 (51.80%) | K: 3 | loss: 1.848207 | L1: 0.928912 | L2: 0.919460 | L3: 0.919130 | lrm: 0.96 | dt: 2625.61ms | tok/sec: 199,682 | mfu: 43.90 | epoch: 1 | total time: 99.50m
step 02284 (51.83%) | K: 3 | loss: 1.853800 | L1: 0.931699 | L2: 0.922258 | L3: 0.921944 | lrm: 0.96 | dt: 2619.95ms | tok/sec: 200,113 | mfu: 44.00 | epoch: 1 | total time: 99.54m
step 02285 (51.85%) | K: 3 | loss: 1.857100 | L1: 0.933381 | L2: 0.923880 | L3: 0.923559 | lrm: 0.96 | dt: 2623.82ms | tok/sec: 199,818 | mfu: 43.93 | epoch: 1 | total time: 99.59m
step 02286 (51.87%) | K: 3 | loss: 1.848625 | L1: 0.929140 | L2: 0.919651 | L3: 0.919320 | lrm: 0.96 | dt: 2625.92ms | tok/sec: 199,658 | mfu: 43.90 | epoch: 1 | total time: 99.63m
step 02287 (51.89%) | K: 3 | loss: 1.850604 | L1: 0.930124 | L2: 0.920646 | L3: 0.920314 | lrm: 0.96 | dt: 2624.34ms | tok/sec: 199,778 | mfu: 43.92 | epoch: 1 | total time: 99.68m
step 02288 (51.92%) | K: 3 | loss: 1.852433 | L1: 0.931081 | L2: 0.921527 | L3: 0.921177 | lrm: 0.96 | dt: 2623.33ms | tok/sec: 199,855 | mfu: 43.94 | epoch: 1 | total time: 99.72m
step 02289 (51.94%) | K: 3 | loss: 1.843099 | L1: 0.926399 | L2: 0.916874 | L3: 0.916525 | lrm: 0.96 | dt: 2618.26ms | tok/sec: 200,243 | mfu: 44.03 | epoch: 1 | total time: 99.76m
step 02290 (51.96%) | K: 3 | loss: 1.839427 | L1: 0.924603 | L2: 0.915001 | L3: 0.914648 | lrm: 0.96 | dt: 2626.40ms | tok/sec: 199,622 | mfu: 43.89 | epoch: 1 | total time: 99.81m
step 02291 (51.99%) | K: 3 | loss: 1.829909 | L1: 0.919813 | L2: 0.910269 | L3: 0.909923 | lrm: 0.96 | dt: 2627.17ms | tok/sec: 199,563 | mfu: 43.88 | epoch: 1 | total time: 99.85m
step 02292 (52.01%) | K: 3 | loss: 1.828695 | L1: 0.919183 | L2: 0.909677 | L3: 0.909348 | lrm: 0.96 | dt: 2621.95ms | tok/sec: 199,961 | mfu: 43.97 | epoch: 1 | total time: 99.89m
step 02293 (52.03%) | K: 3 | loss: 1.823758 | L1: 0.916685 | L2: 0.907219 | L3: 0.906927 | lrm: 0.96 | dt: 2622.27ms | tok/sec: 199,936 | mfu: 43.96 | epoch: 1 | total time: 99.94m
step 02294 (52.05%) | K: 3 | loss: 1.817790 | L1: 0.913688 | L2: 0.904245 | L3: 0.903959 | lrm: 0.96 | dt: 2622.46ms | tok/sec: 199,922 | mfu: 43.96 | epoch: 1 | total time: 99.98m
step 02295 (52.08%) | K: 3 | loss: 1.830868 | L1: 0.920240 | L2: 0.910764 | L3: 0.910493 | lrm: 0.96 | dt: 2624.26ms | tok/sec: 199,785 | mfu: 43.93 | epoch: 1 | total time: 100.03m
step 02296 (52.10%) | K: 3 | loss: 1.819116 | L1: 0.914248 | L2: 0.904992 | L3: 0.904744 | lrm: 0.96 | dt: 2627.04ms | tok/sec: 199,573 | mfu: 43.88 | epoch: 1 | total time: 100.07m
step 02297 (52.12%) | K: 3 | loss: 1.822728 | L1: 0.916087 | L2: 0.906773 | L3: 0.906509 | lrm: 0.96 | dt: 2621.56ms | tok/sec: 199,990 | mfu: 43.97 | epoch: 1 | total time: 100.11m
step 02298 (52.14%) | K: 3 | loss: 1.815896 | L1: 0.912668 | L2: 0.903371 | L3: 0.903085 | lrm: 0.96 | dt: 2620.62ms | tok/sec: 200,062 | mfu: 43.99 | epoch: 1 | total time: 100.16m
step 02299 (52.17%) | K: 3 | loss: 1.813217 | L1: 0.911351 | L2: 0.902015 | L3: 0.901717 | lrm: 0.96 | dt: 2621.59ms | tok/sec: 199,988 | mfu: 43.97 | epoch: 1 | total time: 100.20m
step 02300 (52.19%) | K: 3 | loss: 1.812917 | L1: 0.911217 | L2: 0.901847 | L3: 0.901554 | lrm: 0.96 | dt: 2624.22ms | tok/sec: 199,788 | mfu: 43.93 | epoch: 1 | total time: 100.24m
step 02301 (52.21%) | K: 3 | loss: 1.813268 | L1: 0.911390 | L2: 0.902022 | L3: 0.901735 | lrm: 0.96 | dt: 2626.86ms | tok/sec: 199,587 | mfu: 43.88 | epoch: 1 | total time: 100.29m
step 02302 (52.24%) | K: 3 | loss: 1.827422 | L1: 0.918477 | L2: 0.909097 | L3: 0.908794 | lrm: 0.96 | dt: 2622.22ms | tok/sec: 199,940 | mfu: 43.96 | epoch: 1 | total time: 100.33m
step 02303 (52.26%) | K: 3 | loss: 1.829478 | L1: 0.919537 | L2: 0.910102 | L3: 0.909780 | lrm: 0.95 | dt: 2623.51ms | tok/sec: 199,842 | mfu: 43.94 | epoch: 1 | total time: 100.38m
step 02304 (52.28%) | K: 3 | loss: 1.837959 | L1: 0.923753 | L2: 0.914364 | L3: 0.914047 | lrm: 0.95 | dt: 2621.43ms | tok/sec: 200,000 | mfu: 43.97 | epoch: 1 | total time: 100.42m
step 02305 (52.30%) | K: 3 | loss: 1.830398 | L1: 0.919922 | L2: 0.910635 | L3: 0.910318 | lrm: 0.95 | dt: 2623.78ms | tok/sec: 199,821 | mfu: 43.93 | epoch: 1 | total time: 100.46m
step 02306 (52.33%) | K: 3 | loss: 1.822144 | L1: 0.915835 | L2: 0.906462 | L3: 0.906157 | lrm: 0.95 | dt: 2627.36ms | tok/sec: 199,549 | mfu: 43.87 | epoch: 1 | total time: 100.51m
step 02307 (52.35%) | K: 3 | loss: 1.818369 | L1: 0.913917 | L2: 0.904605 | L3: 0.904299 | lrm: 0.95 | dt: 2622.50ms | tok/sec: 199,919 | mfu: 43.96 | epoch: 1 | total time: 100.55m
step 02308 (52.37%) | K: 3 | loss: 1.840067 | L1: 0.924849 | L2: 0.915368 | L3: 0.915070 | lrm: 0.95 | dt: 2623.77ms | tok/sec: 199,822 | mfu: 43.93 | epoch: 1 | total time: 100.59m
step 02309 (52.39%) | K: 3 | loss: 1.845345 | L1: 0.927510 | L2: 0.917982 | L3: 0.917688 | lrm: 0.95 | dt: 2622.31ms | tok/sec: 199,933 | mfu: 43.96 | epoch: 1 | total time: 100.64m
step 02310 (52.42%) | K: 3 | loss: 1.833478 | L1: 0.921517 | L2: 0.912113 | L3: 0.911809 | lrm: 0.95 | dt: 2625.87ms | tok/sec: 199,662 | mfu: 43.90 | epoch: 1 | total time: 100.68m
step 02311 (52.44%) | K: 3 | loss: 1.827218 | L1: 0.918420 | L2: 0.908958 | L3: 0.908638 | lrm: 0.95 | dt: 2625.64ms | tok/sec: 199,680 | mfu: 43.90 | epoch: 1 | total time: 100.73m
step 02312 (52.46%) | K: 3 | loss: 1.825396 | L1: 0.917530 | L2: 0.908023 | L3: 0.907710 | lrm: 0.95 | dt: 2621.66ms | tok/sec: 199,983 | mfu: 43.97 | epoch: 1 | total time: 100.77m
step 02313 (52.48%) | K: 3 | loss: 1.815627 | L1: 0.912666 | L2: 0.903113 | L3: 0.902809 | lrm: 0.95 | dt: 2625.03ms | tok/sec: 199,726 | mfu: 43.91 | epoch: 1 | total time: 100.81m
step 02314 (52.51%) | K: 3 | loss: 1.820125 | L1: 0.914953 | L2: 0.905337 | L3: 0.905009 | lrm: 0.95 | dt: 2628.21ms | tok/sec: 199,484 | mfu: 43.86 | epoch: 1 | total time: 100.86m
step 02315 (52.53%) | K: 3 | loss: 1.817401 | L1: 0.913590 | L2: 0.903973 | L3: 0.903649 | lrm: 0.95 | dt: 2621.33ms | tok/sec: 200,008 | mfu: 43.98 | epoch: 1 | total time: 100.90m
step 02316 (52.55%) | K: 3 | loss: 1.818088 | L1: 0.913943 | L2: 0.904310 | L3: 0.903981 | lrm: 0.95 | dt: 2622.97ms | tok/sec: 199,883 | mfu: 43.95 | epoch: 1 | total time: 100.94m
step 02317 (52.58%) | K: 3 | loss: 1.807788 | L1: 0.908790 | L2: 0.899154 | L3: 0.898841 | lrm: 0.95 | dt: 2622.94ms | tok/sec: 199,885 | mfu: 43.95 | epoch: 1 | total time: 100.99m
step 02318 (52.60%) | K: 3 | loss: 1.821718 | L1: 0.915732 | L2: 0.906149 | L3: 0.905821 | lrm: 0.95 | dt: 2622.94ms | tok/sec: 199,885 | mfu: 43.95 | epoch: 1 | total time: 101.03m
step 02319 (52.62%) | K: 3 | loss: 1.826652 | L1: 0.918270 | L2: 0.908557 | L3: 0.908206 | lrm: 0.95 | dt: 2627.71ms | tok/sec: 199,522 | mfu: 43.87 | epoch: 1 | total time: 101.08m
step 02320 (52.64%) | K: 3 | loss: 1.822547 | L1: 0.916169 | L2: 0.906549 | L3: 0.906209 | lrm: 0.95 | dt: 2621.45ms | tok/sec: 199,998 | mfu: 43.97 | epoch: 1 | total time: 101.12m
step 02321 (52.67%) | K: 3 | loss: 1.828139 | L1: 0.919023 | L2: 0.909282 | L3: 0.908949 | lrm: 0.95 | dt: 2778.63ms | tok/sec: 188,685 | mfu: 41.49 | epoch: 1 | total time: 101.17m
step 02322 (52.69%) | K: 3 | loss: 1.825707 | L1: 0.917800 | L2: 0.908080 | L3: 0.907736 | lrm: 0.95 | dt: 2614.80ms | tok/sec: 200,507 | mfu: 44.09 | epoch: 1 | total time: 101.21m
step 02323 (52.71%) | K: 3 | loss: 1.835834 | L1: 0.922830 | L2: 0.913165 | L3: 0.912844 | lrm: 0.95 | dt: 2624.59ms | tok/sec: 199,759 | mfu: 43.92 | epoch: 1 | total time: 101.25m
step 02324 (52.73%) | K: 3 | loss: 1.837370 | L1: 0.923628 | L2: 0.913908 | L3: 0.913575 | lrm: 0.95 | dt: 2620.86ms | tok/sec: 200,044 | mfu: 43.98 | epoch: 1 | total time: 101.30m
step 02325 (52.76%) | K: 3 | loss: 1.837520 | L1: 0.923696 | L2: 0.913988 | L3: 0.913661 | lrm: 0.94 | dt: 2621.61ms | tok/sec: 199,987 | mfu: 43.97 | epoch: 1 | total time: 101.34m
step 02326 (52.78%) | K: 3 | loss: 1.839394 | L1: 0.924610 | L2: 0.914945 | L3: 0.914622 | lrm: 0.94 | dt: 2628.61ms | tok/sec: 199,454 | mfu: 43.85 | epoch: 1 | total time: 101.38m
step 02327 (52.80%) | K: 3 | loss: 1.838333 | L1: 0.924047 | L2: 0.914444 | L3: 0.914128 | lrm: 0.94 | dt: 2623.27ms | tok/sec: 199,860 | mfu: 43.94 | epoch: 1 | total time: 101.43m
step 02328 (52.83%) | K: 3 | loss: 1.839202 | L1: 0.924494 | L2: 0.914863 | L3: 0.914554 | lrm: 0.94 | dt: 2618.25ms | tok/sec: 200,243 | mfu: 44.03 | epoch: 1 | total time: 101.47m
step 02329 (52.85%) | K: 3 | loss: 1.835594 | L1: 0.922625 | L2: 0.913131 | L3: 0.912809 | lrm: 0.94 | dt: 2624.87ms | tok/sec: 199,738 | mfu: 43.92 | epoch: 1 | total time: 101.51m
step 02330 (52.87%) | K: 3 | loss: 1.834957 | L1: 0.922354 | L2: 0.912780 | L3: 0.912426 | lrm: 0.94 | dt: 2625.02ms | tok/sec: 199,727 | mfu: 43.91 | epoch: 1 | total time: 101.56m
step 02331 (52.89%) | K: 3 | loss: 1.820108 | L1: 0.914847 | L2: 0.905431 | L3: 0.905090 | lrm: 0.94 | dt: 2623.19ms | tok/sec: 199,866 | mfu: 43.94 | epoch: 1 | total time: 101.60m
step 02332 (52.92%) | K: 3 | loss: 1.819364 | L1: 0.914434 | L2: 0.905093 | L3: 0.904766 | lrm: 0.94 | dt: 2627.66ms | tok/sec: 199,526 | mfu: 43.87 | epoch: 1 | total time: 101.65m
step 02333 (52.94%) | K: 3 | loss: 1.824333 | L1: 0.916945 | L2: 0.907547 | L3: 0.907230 | lrm: 0.94 | dt: 2618.63ms | tok/sec: 200,214 | mfu: 44.02 | epoch: 1 | total time: 101.69m
step 02334 (52.96%) | K: 3 | loss: 1.829753 | L1: 0.919650 | L2: 0.910260 | L3: 0.909946 | lrm: 0.94 | dt: 2622.50ms | tok/sec: 199,919 | mfu: 43.96 | epoch: 1 | total time: 101.73m
step 02335 (52.98%) | K: 3 | loss: 1.838621 | L1: 0.924175 | L2: 0.914602 | L3: 0.914290 | lrm: 0.94 | dt: 2627.50ms | tok/sec: 199,538 | mfu: 43.87 | epoch: 1 | total time: 101.78m
step 02336 (53.01%) | K: 3 | loss: 1.834152 | L1: 0.921932 | L2: 0.912372 | L3: 0.912068 | lrm: 0.94 | dt: 2625.14ms | tok/sec: 199,718 | mfu: 43.91 | epoch: 1 | total time: 101.82m
step 02337 (53.03%) | K: 3 | loss: 1.833269 | L1: 0.921430 | L2: 0.911988 | L3: 0.911688 | lrm: 0.94 | dt: 2623.53ms | tok/sec: 199,840 | mfu: 43.94 | epoch: 1 | total time: 101.86m
step 02338 (53.05%) | K: 3 | loss: 1.834427 | L1: 0.922053 | L2: 0.912514 | L3: 0.912235 | lrm: 0.94 | dt: 2620.68ms | tok/sec: 200,057 | mfu: 43.99 | epoch: 1 | total time: 101.91m
step 02339 (53.07%) | K: 3 | loss: 1.831175 | L1: 0.920456 | L2: 0.910859 | L3: 0.910579 | lrm: 0.94 | dt: 2623.49ms | tok/sec: 199,843 | mfu: 43.94 | epoch: 1 | total time: 101.95m
step 02340 (53.10%) | K: 3 | loss: 1.836953 | L1: 0.923348 | L2: 0.913741 | L3: 0.913467 | lrm: 0.94 | dt: 2626.26ms | tok/sec: 199,633 | mfu: 43.89 | epoch: 1 | total time: 102.00m
step 02341 (53.12%) | K: 3 | loss: 1.837330 | L1: 0.923586 | L2: 0.913888 | L3: 0.913600 | lrm: 0.94 | dt: 2623.15ms | tok/sec: 199,869 | mfu: 43.94 | epoch: 1 | total time: 102.04m
step 02342 (53.14%) | K: 3 | loss: 1.835299 | L1: 0.922536 | L2: 0.912907 | L3: 0.912620 | lrm: 0.94 | dt: 2620.25ms | tok/sec: 200,091 | mfu: 43.99 | epoch: 1 | total time: 102.08m
step 02343 (53.17%) | K: 3 | loss: 1.823538 | L1: 0.916546 | L2: 0.907139 | L3: 0.906845 | lrm: 0.94 | dt: 2623.55ms | tok/sec: 199,839 | mfu: 43.94 | epoch: 1 | total time: 102.13m
step 02344 (53.19%) | K: 3 | loss: 1.824902 | L1: 0.917268 | L2: 0.907781 | L3: 0.907486 | lrm: 0.94 | dt: 2624.56ms | tok/sec: 199,762 | mfu: 43.92 | epoch: 1 | total time: 102.17m
step 02345 (53.21%) | K: 3 | loss: 1.822335 | L1: 0.915974 | L2: 0.906502 | L3: 0.906219 | lrm: 0.94 | dt: 2621.37ms | tok/sec: 200,005 | mfu: 43.97 | epoch: 1 | total time: 102.21m
step 02346 (53.23%) | K: 3 | loss: 1.821682 | L1: 0.915687 | L2: 0.906131 | L3: 0.905858 | lrm: 0.94 | dt: 2624.30ms | tok/sec: 199,782 | mfu: 43.93 | epoch: 1 | total time: 102.26m
step 02347 (53.26%) | K: 3 | loss: 1.820819 | L1: 0.915257 | L2: 0.905707 | L3: 0.905416 | lrm: 0.93 | dt: 2621.34ms | tok/sec: 200,007 | mfu: 43.98 | epoch: 1 | total time: 102.30m
step 02348 (53.28%) | K: 3 | loss: 1.821328 | L1: 0.915497 | L2: 0.905986 | L3: 0.905676 | lrm: 0.93 | dt: 2623.60ms | tok/sec: 199,835 | mfu: 43.94 | epoch: 1 | total time: 102.35m
step 02349 (53.30%) | K: 3 | loss: 1.820865 | L1: 0.915283 | L2: 0.905743 | L3: 0.905422 | lrm: 0.93 | dt: 2624.70ms | tok/sec: 199,751 | mfu: 43.92 | epoch: 1 | total time: 102.39m
step 02350 (53.32%) | K: 3 | loss: 1.826718 | L1: 0.918195 | L2: 0.908677 | L3: 0.908367 | lrm: 0.93 | dt: 2624.66ms | tok/sec: 199,754 | mfu: 43.92 | epoch: 1 | total time: 102.43m
step 02351 (53.35%) | K: 3 | loss: 1.831527 | L1: 0.920609 | L2: 0.911068 | L3: 0.910767 | lrm: 0.93 | dt: 2621.15ms | tok/sec: 200,022 | mfu: 43.98 | epoch: 1 | total time: 102.48m
step 02352 (53.37%) | K: 3 | loss: 1.829523 | L1: 0.919633 | L2: 0.910032 | L3: 0.909748 | lrm: 0.93 | dt: 2621.83ms | tok/sec: 199,970 | mfu: 43.97 | epoch: 1 | total time: 102.52m
step 02353 (53.39%) | K: 3 | loss: 1.830623 | L1: 0.920223 | L2: 0.910549 | L3: 0.910249 | lrm: 0.93 | dt: 2623.28ms | tok/sec: 199,859 | mfu: 43.94 | epoch: 1 | total time: 102.56m
step 02354 (53.42%) | K: 3 | loss: 1.830280 | L1: 0.920047 | L2: 0.910383 | L3: 0.910083 | lrm: 0.93 | dt: 2621.12ms | tok/sec: 200,024 | mfu: 43.98 | epoch: 1 | total time: 102.61m
step 02355 (53.44%) | K: 3 | loss: 1.838676 | L1: 0.924308 | L2: 0.914524 | L3: 0.914211 | lrm: 0.93 | dt: 2623.71ms | tok/sec: 199,827 | mfu: 43.94 | epoch: 1 | total time: 102.65m
step 02356 (53.46%) | K: 3 | loss: 1.832999 | L1: 0.921450 | L2: 0.911706 | L3: 0.911392 | lrm: 0.93 | dt: 2624.55ms | tok/sec: 199,762 | mfu: 43.92 | epoch: 1 | total time: 102.70m
step 02357 (53.48%) | K: 3 | loss: 1.834975 | L1: 0.922408 | L2: 0.912726 | L3: 0.912408 | lrm: 0.93 | dt: 2626.28ms | tok/sec: 199,631 | mfu: 43.89 | epoch: 1 | total time: 102.74m
step 02358 (53.51%) | K: 3 | loss: 1.825197 | L1: 0.917461 | L2: 0.907890 | L3: 0.907582 | lrm: 0.93 | dt: 2623.88ms | tok/sec: 199,814 | mfu: 43.93 | epoch: 1 | total time: 102.78m
step 02359 (53.53%) | K: 3 | loss: 1.815635 | L1: 0.912648 | L2: 0.903139 | L3: 0.902835 | lrm: 0.93 | dt: 2626.80ms | tok/sec: 199,591 | mfu: 43.88 | epoch: 1 | total time: 102.83m
step 02360 (53.55%) | K: 3 | loss: 1.821929 | L1: 0.915801 | L2: 0.906290 | L3: 0.905966 | lrm: 0.93 | dt: 2622.85ms | tok/sec: 199,892 | mfu: 43.95 | epoch: 1 | total time: 102.87m
step 02361 (53.57%) | K: 3 | loss: 1.822136 | L1: 0.915961 | L2: 0.906343 | L3: 0.906007 | lrm: 0.93 | dt: 2621.23ms | tok/sec: 200,015 | mfu: 43.98 | epoch: 1 | total time: 102.91m
step 02362 (53.60%) | K: 3 | loss: 1.815071 | L1: 0.912395 | L2: 0.902838 | L3: 0.902515 | lrm: 0.93 | dt: 2622.64ms | tok/sec: 199,908 | mfu: 43.95 | epoch: 1 | total time: 102.96m
step 02363 (53.62%) | K: 3 | loss: 1.814053 | L1: 0.911894 | L2: 0.902321 | L3: 0.901997 | lrm: 0.93 | dt: 2623.81ms | tok/sec: 199,819 | mfu: 43.93 | epoch: 1 | total time: 103.00m
step 02364 (53.64%) | K: 3 | loss: 1.824419 | L1: 0.917055 | L2: 0.907528 | L3: 0.907199 | lrm: 0.93 | dt: 2625.00ms | tok/sec: 199,728 | mfu: 43.91 | epoch: 1 | total time: 103.05m
step 02365 (53.66%) | K: 3 | loss: 1.831112 | L1: 0.920420 | L2: 0.910862 | L3: 0.910522 | lrm: 0.93 | dt: 2624.14ms | tok/sec: 199,794 | mfu: 43.93 | epoch: 1 | total time: 103.09m
step 02366 (53.69%) | K: 3 | loss: 1.827265 | L1: 0.918501 | L2: 0.908928 | L3: 0.908602 | lrm: 0.93 | dt: 2621.80ms | tok/sec: 199,972 | mfu: 43.97 | epoch: 1 | total time: 103.13m
step 02367 (53.71%) | K: 3 | loss: 1.832420 | L1: 0.921050 | L2: 0.911522 | L3: 0.911219 | lrm: 0.93 | dt: 2625.48ms | tok/sec: 199,692 | mfu: 43.91 | epoch: 1 | total time: 103.18m
step 02368 (53.73%) | K: 3 | loss: 1.835877 | L1: 0.922741 | L2: 0.913290 | L3: 0.912983 | lrm: 0.93 | dt: 2624.71ms | tok/sec: 199,751 | mfu: 43.92 | epoch: 1 | total time: 103.22m
step 02369 (53.76%) | K: 3 | loss: 1.836130 | L1: 0.922871 | L2: 0.913411 | L3: 0.913107 | lrm: 0.92 | dt: 2621.75ms | tok/sec: 199,976 | mfu: 43.97 | epoch: 1 | total time: 103.26m
step 02370 (53.78%) | K: 3 | loss: 1.840644 | L1: 0.925113 | L2: 0.915669 | L3: 0.915393 | lrm: 0.92 | dt: 2622.67ms | tok/sec: 199,906 | mfu: 43.95 | epoch: 1 | total time: 103.31m
step 02371 (53.80%) | K: 3 | loss: 1.839180 | L1: 0.924370 | L2: 0.914949 | L3: 0.914670 | lrm: 0.92 | dt: 2620.31ms | tok/sec: 200,085 | mfu: 43.99 | epoch: 1 | total time: 103.35m
step 02372 (53.82%) | K: 3 | loss: 1.839844 | L1: 0.924669 | L2: 0.915315 | L3: 0.915035 | lrm: 0.92 | dt: 2623.66ms | tok/sec: 199,830 | mfu: 43.94 | epoch: 1 | total time: 103.39m
step 02373 (53.85%) | K: 3 | loss: 1.848969 | L1: 0.929250 | L2: 0.919851 | L3: 0.919586 | lrm: 0.92 | dt: 2620.27ms | tok/sec: 200,089 | mfu: 43.99 | epoch: 1 | total time: 103.44m
step 02374 (53.87%) | K: 3 | loss: 1.849139 | L1: 0.929349 | L2: 0.919913 | L3: 0.919667 | lrm: 0.92 | dt: 2627.09ms | tok/sec: 199,569 | mfu: 43.88 | epoch: 1 | total time: 103.48m
step 02375 (53.89%) | K: 3 | loss: 1.843786 | L1: 0.926686 | L2: 0.917226 | L3: 0.916972 | lrm: 0.92 | dt: 2622.51ms | tok/sec: 199,918 | mfu: 43.96 | epoch: 1 | total time: 103.53m
step 02376 (53.91%) | K: 3 | loss: 1.835270 | L1: 0.922404 | L2: 0.912985 | L3: 0.912747 | lrm: 0.92 | dt: 2625.02ms | tok/sec: 199,727 | mfu: 43.91 | epoch: 1 | total time: 103.57m
step 02377 (53.94%) | K: 3 | loss: 1.844962 | L1: 0.927243 | L2: 0.917834 | L3: 0.917603 | lrm: 0.92 | dt: 2622.74ms | tok/sec: 199,901 | mfu: 43.95 | epoch: 1 | total time: 103.61m
step 02378 (53.96%) | K: 3 | loss: 1.854998 | L1: 0.932241 | L2: 0.922870 | L3: 0.922643 | lrm: 0.92 | dt: 2623.30ms | tok/sec: 199,858 | mfu: 43.94 | epoch: 1 | total time: 103.66m
step 02379 (53.98%) | K: 3 | loss: 1.862597 | L1: 0.936072 | L2: 0.926635 | L3: 0.926415 | lrm: 0.92 | dt: 2623.51ms | tok/sec: 199,842 | mfu: 43.94 | epoch: 1 | total time: 103.70m
step 02380 (54.00%) | K: 3 | loss: 1.860195 | L1: 0.934933 | L2: 0.925396 | L3: 0.925127 | lrm: 0.92 | dt: 2622.67ms | tok/sec: 199,906 | mfu: 43.95 | epoch: 1 | total time: 103.74m
step 02381 (54.03%) | K: 3 | loss: 1.855543 | L1: 0.932577 | L2: 0.923102 | L3: 0.922832 | lrm: 0.92 | dt: 2621.18ms | tok/sec: 200,019 | mfu: 43.98 | epoch: 1 | total time: 103.79m
step 02382 (54.05%) | K: 3 | loss: 1.849624 | L1: 0.929628 | L2: 0.920131 | L3: 0.919860 | lrm: 0.92 | dt: 2623.58ms | tok/sec: 199,837 | mfu: 43.94 | epoch: 1 | total time: 103.83m
step 02383 (54.07%) | K: 3 | loss: 1.852894 | L1: 0.931272 | L2: 0.921761 | L3: 0.921484 | lrm: 0.92 | dt: 2622.86ms | tok/sec: 199,891 | mfu: 43.95 | epoch: 1 | total time: 103.88m
step 02384 (54.10%) | K: 3 | loss: 1.850821 | L1: 0.930201 | L2: 0.920767 | L3: 0.920473 | lrm: 0.92 | dt: 2620.18ms | tok/sec: 200,096 | mfu: 43.99 | epoch: 1 | total time: 103.92m
step 02385 (54.12%) | K: 3 | loss: 1.847337 | L1: 0.928476 | L2: 0.919004 | L3: 0.918718 | lrm: 0.92 | dt: 2630.35ms | tok/sec: 199,322 | mfu: 43.82 | epoch: 1 | total time: 103.96m
step 02386 (54.14%) | K: 3 | loss: 1.833065 | L1: 0.921309 | L2: 0.911897 | L3: 0.911615 | lrm: 0.92 | dt: 2621.32ms | tok/sec: 200,009 | mfu: 43.98 | epoch: 1 | total time: 104.01m
step 02387 (54.16%) | K: 3 | loss: 1.836436 | L1: 0.923040 | L2: 0.913551 | L3: 0.913241 | lrm: 0.92 | dt: 2626.21ms | tok/sec: 199,637 | mfu: 43.89 | epoch: 1 | total time: 104.05m
step 02388 (54.19%) | K: 3 | loss: 1.836766 | L1: 0.923253 | L2: 0.913675 | L3: 0.913350 | lrm: 0.92 | dt: 2621.29ms | tok/sec: 200,011 | mfu: 43.98 | epoch: 1 | total time: 104.09m
step 02389 (54.21%) | K: 3 | loss: 1.838399 | L1: 0.924025 | L2: 0.914536 | L3: 0.914214 | lrm: 0.92 | dt: 2621.80ms | tok/sec: 199,972 | mfu: 43.97 | epoch: 1 | total time: 104.14m
step 02390 (54.23%) | K: 3 | loss: 1.831340 | L1: 0.920560 | L2: 0.910957 | L3: 0.910604 | lrm: 0.92 | dt: 2621.78ms | tok/sec: 199,974 | mfu: 43.97 | epoch: 1 | total time: 104.18m
step 02391 (54.25%) | K: 3 | loss: 1.825295 | L1: 0.917476 | L2: 0.907983 | L3: 0.907653 | lrm: 0.91 | dt: 2620.12ms | tok/sec: 200,100 | mfu: 44.00 | epoch: 1 | total time: 104.23m
step 02392 (54.28%) | K: 3 | loss: 1.828260 | L1: 0.918953 | L2: 0.909471 | L3: 0.909142 | lrm: 0.91 | dt: 2622.46ms | tok/sec: 199,922 | mfu: 43.96 | epoch: 1 | total time: 104.27m
step 02393 (54.30%) | K: 3 | loss: 1.828492 | L1: 0.919099 | L2: 0.909566 | L3: 0.909220 | lrm: 0.91 | dt: 2622.68ms | tok/sec: 199,905 | mfu: 43.95 | epoch: 1 | total time: 104.31m
step 02394 (54.32%) | K: 3 | loss: 1.827754 | L1: 0.918725 | L2: 0.909209 | L3: 0.908850 | lrm: 0.91 | dt: 2622.62ms | tok/sec: 199,910 | mfu: 43.95 | epoch: 1 | total time: 104.36m
step 02395 (54.35%) | K: 3 | loss: 1.829077 | L1: 0.919401 | L2: 0.909850 | L3: 0.909503 | lrm: 0.91 | dt: 2625.99ms | tok/sec: 199,653 | mfu: 43.90 | epoch: 1 | total time: 104.40m
step 02396 (54.37%) | K: 3 | loss: 1.830354 | L1: 0.920011 | L2: 0.910515 | L3: 0.910171 | lrm: 0.91 | dt: 2623.26ms | tok/sec: 199,860 | mfu: 43.94 | epoch: 1 | total time: 104.44m
step 02397 (54.39%) | K: 3 | loss: 1.834177 | L1: 0.921922 | L2: 0.912427 | L3: 0.912083 | lrm: 0.91 | dt: 2622.04ms | tok/sec: 199,954 | mfu: 43.96 | epoch: 1 | total time: 104.49m
step 02398 (54.41%) | K: 3 | loss: 1.832457 | L1: 0.921106 | L2: 0.911529 | L3: 0.911173 | lrm: 0.91 | dt: 2625.84ms | tok/sec: 199,664 | mfu: 43.90 | epoch: 1 | total time: 104.53m
step 02399 (54.44%) | K: 3 | loss: 1.825509 | L1: 0.917612 | L2: 0.908058 | L3: 0.907736 | lrm: 0.91 | dt: 2622.26ms | tok/sec: 199,937 | mfu: 43.96 | epoch: 1 | total time: 104.58m
step 02400 (54.46%) | K: 3 | loss: 1.830778 | L1: 0.920234 | L2: 0.910709 | L3: 0.910380 | lrm: 0.91 | dt: 2626.15ms | tok/sec: 199,641 | mfu: 43.89 | epoch: 1 | total time: 104.62m
step 02401 (54.48%) | K: 3 | loss: 1.841188 | L1: 0.925423 | L2: 0.915926 | L3: 0.915605 | lrm: 0.91 | dt: 2620.78ms | tok/sec: 200,050 | mfu: 43.98 | epoch: 1 | total time: 104.66m
step 02402 (54.50%) | K: 3 | loss: 1.833021 | L1: 0.921307 | L2: 0.911877 | L3: 0.911550 | lrm: 0.91 | dt: 2623.98ms | tok/sec: 199,806 | mfu: 43.93 | epoch: 1 | total time: 104.71m
step 02403 (54.53%) | K: 3 | loss: 1.839595 | L1: 0.924602 | L2: 0.915165 | L3: 0.914821 | lrm: 0.91 | dt: 2622.90ms | tok/sec: 199,888 | mfu: 43.95 | epoch: 1 | total time: 104.75m
step 02404 (54.55%) | K: 3 | loss: 1.832611 | L1: 0.921111 | L2: 0.911688 | L3: 0.911312 | lrm: 0.91 | dt: 2623.04ms | tok/sec: 199,877 | mfu: 43.95 | epoch: 1 | total time: 104.79m
step 02405 (54.57%) | K: 3 | loss: 1.834718 | L1: 0.922188 | L2: 0.912727 | L3: 0.912332 | lrm: 0.91 | dt: 2623.11ms | tok/sec: 199,872 | mfu: 43.95 | epoch: 1 | total time: 104.84m
step 02406 (54.59%) | K: 3 | loss: 1.845234 | L1: 0.927449 | L2: 0.917970 | L3: 0.917600 | lrm: 0.91 | dt: 2620.61ms | tok/sec: 200,063 | mfu: 43.99 | epoch: 1 | total time: 104.88m
step 02407 (54.62%) | K: 3 | loss: 1.828658 | L1: 0.919143 | L2: 0.909689 | L3: 0.909341 | lrm: 0.91 | dt: 2621.72ms | tok/sec: 199,978 | mfu: 43.97 | epoch: 1 | total time: 104.93m
step 02408 (54.64%) | K: 3 | loss: 1.820712 | L1: 0.915126 | L2: 0.905759 | L3: 0.905414 | lrm: 0.91 | dt: 2624.09ms | tok/sec: 199,798 | mfu: 43.93 | epoch: 1 | total time: 104.97m
step 02409 (54.66%) | K: 3 | loss: 1.822211 | L1: 0.915854 | L2: 0.906524 | L3: 0.906190 | lrm: 0.91 | dt: 2624.47ms | tok/sec: 199,768 | mfu: 43.92 | epoch: 1 | total time: 105.01m
step 02410 (54.69%) | K: 3 | loss: 1.816145 | L1: 0.912768 | L2: 0.903550 | L3: 0.903204 | lrm: 0.91 | dt: 2622.58ms | tok/sec: 199,912 | mfu: 43.95 | epoch: 1 | total time: 105.06m
step 02411 (54.71%) | K: 3 | loss: 1.830505 | L1: 0.919980 | L2: 0.910694 | L3: 0.910355 | lrm: 0.91 | dt: 2621.75ms | tok/sec: 199,976 | mfu: 43.97 | epoch: 1 | total time: 105.10m
step 02412 (54.73%) | K: 3 | loss: 1.822998 | L1: 0.916232 | L2: 0.906939 | L3: 0.906593 | lrm: 0.91 | dt: 2621.45ms | tok/sec: 199,999 | mfu: 43.97 | epoch: 1 | total time: 105.14m
step 02413 (54.75%) | K: 3 | loss: 1.825048 | L1: 0.917297 | L2: 0.907918 | L3: 0.907584 | lrm: 0.90 | dt: 2623.09ms | tok/sec: 199,874 | mfu: 43.95 | epoch: 1 | total time: 105.19m
step 02414 (54.78%) | K: 3 | loss: 1.826085 | L1: 0.917844 | L2: 0.908405 | L3: 0.908077 | lrm: 0.90 | dt: 2631.14ms | tok/sec: 199,263 | mfu: 43.81 | epoch: 1 | total time: 105.23m
step 02415 (54.80%) | K: 3 | loss: 1.822158 | L1: 0.915913 | L2: 0.906411 | L3: 0.906080 | lrm: 0.90 | dt: 2623.33ms | tok/sec: 199,855 | mfu: 43.94 | epoch: 1 | total time: 105.27m
step 02416 (54.82%) | K: 3 | loss: 1.816095 | L1: 0.912851 | L2: 0.903408 | L3: 0.903080 | lrm: 0.90 | dt: 2624.64ms | tok/sec: 199,755 | mfu: 43.92 | epoch: 1 | total time: 105.32m
step 02417 (54.84%) | K: 3 | loss: 1.806736 | L1: 0.908101 | L2: 0.898792 | L3: 0.898477 | lrm: 0.90 | dt: 2628.16ms | tok/sec: 199,488 | mfu: 43.86 | epoch: 1 | total time: 105.36m
step 02418 (54.87%) | K: 3 | loss: 1.806082 | L1: 0.907781 | L2: 0.898464 | L3: 0.898139 | lrm: 0.90 | dt: 2623.44ms | tok/sec: 199,847 | mfu: 43.94 | epoch: 1 | total time: 105.41m
step 02419 (54.89%) | K: 3 | loss: 1.804973 | L1: 0.907205 | L2: 0.897922 | L3: 0.897612 | lrm: 0.90 | dt: 2622.05ms | tok/sec: 199,953 | mfu: 43.96 | epoch: 1 | total time: 105.45m
step 02420 (54.91%) | K: 3 | loss: 1.810852 | L1: 0.910175 | L2: 0.900828 | L3: 0.900525 | lrm: 0.90 | dt: 2621.75ms | tok/sec: 199,976 | mfu: 43.97 | epoch: 1 | total time: 105.49m
step 02421 (54.94%) | K: 3 | loss: 1.811853 | L1: 0.910677 | L2: 0.901319 | L3: 0.901032 | lrm: 0.90 | dt: 2627.08ms | tok/sec: 199,570 | mfu: 43.88 | epoch: 1 | total time: 105.54m
step 02422 (54.96%) | K: 3 | loss: 1.817927 | L1: 0.913746 | L2: 0.904333 | L3: 0.904029 | lrm: 0.90 | dt: 2630.10ms | tok/sec: 199,341 | mfu: 43.83 | epoch: 1 | total time: 105.58m
step 02423 (54.98%) | K: 3 | loss: 1.817864 | L1: 0.913670 | L2: 0.904333 | L3: 0.904054 | lrm: 0.90 | dt: 2624.59ms | tok/sec: 199,760 | mfu: 43.92 | epoch: 1 | total time: 105.62m
step 02424 (55.00%) | K: 3 | loss: 1.817465 | L1: 0.913520 | L2: 0.904077 | L3: 0.903813 | lrm: 0.90 | dt: 2626.83ms | tok/sec: 199,589 | mfu: 43.88 | epoch: 1 | total time: 105.67m
step 02425 (55.03%) | K: 3 | loss: 1.820817 | L1: 0.915178 | L2: 0.905761 | L3: 0.905517 | lrm: 0.90 | dt: 2624.72ms | tok/sec: 199,749 | mfu: 43.92 | epoch: 1 | total time: 105.71m
step 02426 (55.05%) | K: 3 | loss: 1.831266 | L1: 0.920444 | L2: 0.910944 | L3: 0.910700 | lrm: 0.90 | dt: 2618.94ms | tok/sec: 200,190 | mfu: 44.02 | epoch: 1 | total time: 105.76m
step 02427 (55.07%) | K: 3 | loss: 1.830988 | L1: 0.920359 | L2: 0.910753 | L3: 0.910503 | lrm: 0.90 | dt: 2622.51ms | tok/sec: 199,918 | mfu: 43.96 | epoch: 1 | total time: 105.80m
step 02428 (55.09%) | K: 3 | loss: 1.825700 | L1: 0.917738 | L2: 0.908091 | L3: 0.907833 | lrm: 0.90 | dt: 2623.09ms | tok/sec: 199,874 | mfu: 43.95 | epoch: 1 | total time: 105.84m
step 02429 (55.12%) | K: 3 | loss: 1.819016 | L1: 0.914322 | L2: 0.904823 | L3: 0.904566 | lrm: 0.90 | dt: 2629.24ms | tok/sec: 199,406 | mfu: 43.84 | epoch: 1 | total time: 105.89m
step 02430 (55.14%) | K: 3 | loss: 1.829136 | L1: 0.919429 | L2: 0.909826 | L3: 0.909587 | lrm: 0.90 | dt: 2620.72ms | tok/sec: 200,055 | mfu: 43.99 | epoch: 1 | total time: 105.93m
step 02431 (55.16%) | K: 3 | loss: 1.833223 | L1: 0.921418 | L2: 0.911922 | L3: 0.911687 | lrm: 0.90 | dt: 2828.06ms | tok/sec: 185,387 | mfu: 40.76 | epoch: 1 | total time: 105.98m
step 02432 (55.18%) | K: 3 | loss: 1.822445 | L1: 0.915980 | L2: 0.906581 | L3: 0.906349 | lrm: 0.90 | dt: 2628.99ms | tok/sec: 199,425 | mfu: 43.85 | epoch: 1 | total time: 106.02m
step 02433 (55.21%) | K: 3 | loss: 1.810096 | L1: 0.909897 | L2: 0.900313 | L3: 0.900086 | lrm: 0.90 | dt: 2618.89ms | tok/sec: 200,194 | mfu: 44.02 | epoch: 1 | total time: 106.07m
step 02434 (55.23%) | K: 3 | loss: 1.814868 | L1: 0.912295 | L2: 0.902693 | L3: 0.902455 | lrm: 0.90 | dt: 2621.44ms | tok/sec: 199,999 | mfu: 43.97 | epoch: 1 | total time: 106.11m
step 02435 (55.25%) | K: 3 | loss: 1.817259 | L1: 0.913485 | L2: 0.903894 | L3: 0.903654 | lrm: 0.89 | dt: 2621.85ms | tok/sec: 199,968 | mfu: 43.97 | epoch: 1 | total time: 106.15m
step 02436 (55.28%) | K: 3 | loss: 1.830875 | L1: 0.920313 | L2: 0.910690 | L3: 0.910434 | lrm: 0.89 | dt: 2620.94ms | tok/sec: 200,038 | mfu: 43.98 | epoch: 1 | total time: 106.20m
step 02437 (55.30%) | K: 3 | loss: 1.825121 | L1: 0.917457 | L2: 0.907797 | L3: 0.907530 | lrm: 0.89 | dt: 2625.04ms | tok/sec: 199,725 | mfu: 43.91 | epoch: 1 | total time: 106.24m
step 02438 (55.32%) | K: 3 | loss: 1.829572 | L1: 0.919638 | L2: 0.910068 | L3: 0.909800 | lrm: 0.89 | dt: 2623.89ms | tok/sec: 199,813 | mfu: 43.93 | epoch: 1 | total time: 106.28m
step 02439 (55.34%) | K: 3 | loss: 1.826970 | L1: 0.918267 | L2: 0.908834 | L3: 0.908572 | lrm: 0.89 | dt: 2625.09ms | tok/sec: 199,721 | mfu: 43.91 | epoch: 1 | total time: 106.33m
step 02440 (55.37%) | K: 3 | loss: 1.815945 | L1: 0.912729 | L2: 0.903352 | L3: 0.903079 | lrm: 0.89 | dt: 2624.43ms | tok/sec: 199,771 | mfu: 43.92 | epoch: 1 | total time: 106.37m
step 02441 (55.39%) | K: 3 | loss: 1.819321 | L1: 0.914438 | L2: 0.905034 | L3: 0.904731 | lrm: 0.89 | dt: 2627.60ms | tok/sec: 199,531 | mfu: 43.87 | epoch: 1 | total time: 106.42m
step 02442 (55.41%) | K: 3 | loss: 1.818659 | L1: 0.914157 | L2: 0.904655 | L3: 0.904350 | lrm: 0.89 | dt: 2626.31ms | tok/sec: 199,629 | mfu: 43.89 | epoch: 1 | total time: 106.46m
step 02443 (55.43%) | K: 3 | loss: 1.816868 | L1: 0.913228 | L2: 0.903795 | L3: 0.903485 | lrm: 0.89 | dt: 2622.68ms | tok/sec: 199,905 | mfu: 43.95 | epoch: 1 | total time: 106.50m
step 02444 (55.46%) | K: 3 | loss: 1.818276 | L1: 0.914002 | L2: 0.904434 | L3: 0.904114 | lrm: 0.89 | dt: 2627.94ms | tok/sec: 199,505 | mfu: 43.86 | epoch: 1 | total time: 106.55m
step 02445 (55.48%) | K: 3 | loss: 1.812926 | L1: 0.911327 | L2: 0.901750 | L3: 0.901446 | lrm: 0.89 | dt: 2627.44ms | tok/sec: 199,543 | mfu: 43.87 | epoch: 1 | total time: 106.59m
step 02446 (55.50%) | K: 3 | loss: 1.815597 | L1: 0.912651 | L2: 0.903089 | L3: 0.902804 | lrm: 0.89 | dt: 2619.28ms | tok/sec: 200,164 | mfu: 44.01 | epoch: 1 | total time: 106.63m
step 02447 (55.53%) | K: 3 | loss: 1.813879 | L1: 0.911802 | L2: 0.902217 | L3: 0.901938 | lrm: 0.89 | dt: 2629.24ms | tok/sec: 199,406 | mfu: 43.84 | epoch: 1 | total time: 106.68m
step 02448 (55.55%) | K: 3 | loss: 1.808791 | L1: 0.909215 | L2: 0.899720 | L3: 0.899432 | lrm: 0.89 | dt: 2624.12ms | tok/sec: 199,796 | mfu: 43.93 | epoch: 1 | total time: 106.72m
step 02449 (55.57%) | K: 3 | loss: 1.803286 | L1: 0.906452 | L2: 0.896981 | L3: 0.896687 | lrm: 0.89 | dt: 2624.84ms | tok/sec: 199,740 | mfu: 43.92 | epoch: 1 | total time: 106.77m
step 02450 (55.59%) | K: 3 | loss: 1.799493 | L1: 0.904570 | L2: 0.895074 | L3: 0.894771 | lrm: 0.89 | dt: 2627.87ms | tok/sec: 199,510 | mfu: 43.87 | epoch: 1 | total time: 106.81m
step 02451 (55.62%) | K: 3 | loss: 1.797493 | L1: 0.903581 | L2: 0.894065 | L3: 0.893759 | lrm: 0.89 | dt: 2624.33ms | tok/sec: 199,779 | mfu: 43.93 | epoch: 1 | total time: 106.85m
step 02452 (55.64%) | K: 3 | loss: 1.792725 | L1: 0.901202 | L2: 0.891682 | L3: 0.891364 | lrm: 0.89 | dt: 3283.79ms | tok/sec: 159,659 | mfu: 35.10 | epoch: 1 | total time: 106.91m
step 02453 (55.66%) | K: 3 | loss: 1.804072 | L1: 0.906927 | L2: 0.897305 | L3: 0.896984 | lrm: 0.89 | dt: 2613.02ms | tok/sec: 200,644 | mfu: 44.12 | epoch: 1 | total time: 106.95m
step 02454 (55.68%) | K: 3 | loss: 1.814833 | L1: 0.912316 | L2: 0.902670 | L3: 0.902364 | lrm: 0.89 | dt: 2626.44ms | tok/sec: 199,619 | mfu: 43.89 | epoch: 1 | total time: 107.00m
step 02455 (55.71%) | K: 3 | loss: 1.814728 | L1: 0.912258 | L2: 0.902621 | L3: 0.902318 | lrm: 0.89 | dt: 2620.49ms | tok/sec: 200,072 | mfu: 43.99 | epoch: 1 | total time: 107.04m
step 02456 (55.73%) | K: 3 | loss: 1.820813 | L1: 0.915322 | L2: 0.905636 | L3: 0.905347 | lrm: 0.89 | dt: 2625.18ms | tok/sec: 199,714 | mfu: 43.91 | epoch: 1 | total time: 107.08m
step 02457 (55.75%) | K: 3 | loss: 1.823281 | L1: 0.916535 | L2: 0.906888 | L3: 0.906605 | lrm: 0.88 | dt: 2623.75ms | tok/sec: 199,823 | mfu: 43.93 | epoch: 1 | total time: 107.13m
step 02458 (55.77%) | K: 3 | loss: 1.816382 | L1: 0.913058 | L2: 0.903466 | L3: 0.903183 | lrm: 0.88 | dt: 2622.59ms | tok/sec: 199,912 | mfu: 43.95 | epoch: 1 | total time: 107.17m
step 02459 (55.80%) | K: 3 | loss: 1.813102 | L1: 0.911372 | L2: 0.901865 | L3: 0.901595 | lrm: 0.88 | dt: 2622.95ms | tok/sec: 199,884 | mfu: 43.95 | epoch: 1 | total time: 107.21m
step 02460 (55.82%) | K: 3 | loss: 1.814038 | L1: 0.911871 | L2: 0.902302 | L3: 0.902032 | lrm: 0.88 | dt: 2620.61ms | tok/sec: 200,063 | mfu: 43.99 | epoch: 1 | total time: 107.26m
step 02461 (55.84%) | K: 3 | loss: 1.807185 | L1: 0.908411 | L2: 0.898901 | L3: 0.898647 | lrm: 0.88 | dt: 2627.94ms | tok/sec: 199,505 | mfu: 43.86 | epoch: 1 | total time: 107.30m
step 02462 (55.87%) | K: 3 | loss: 1.794905 | L1: 0.902247 | L2: 0.892788 | L3: 0.892526 | lrm: 0.88 | dt: 2629.34ms | tok/sec: 199,399 | mfu: 43.84 | epoch: 1 | total time: 107.35m
step 02463 (55.89%) | K: 3 | loss: 1.807726 | L1: 0.908635 | L2: 0.899238 | L3: 0.898946 | lrm: 0.88 | dt: 2622.11ms | tok/sec: 199,949 | mfu: 43.96 | epoch: 1 | total time: 107.39m
step 02464 (55.91%) | K: 3 | loss: 1.804324 | L1: 0.907001 | L2: 0.897463 | L3: 0.897183 | lrm: 0.88 | dt: 2626.03ms | tok/sec: 199,650 | mfu: 43.90 | epoch: 1 | total time: 107.43m
step 02465 (55.93%) | K: 3 | loss: 1.799669 | L1: 0.904678 | L2: 0.895132 | L3: 0.894852 | lrm: 0.88 | dt: 2622.28ms | tok/sec: 199,936 | mfu: 43.96 | epoch: 1 | total time: 107.48m
step 02466 (55.96%) | K: 3 | loss: 1.802049 | L1: 0.905842 | L2: 0.896348 | L3: 0.896067 | lrm: 0.88 | dt: 2622.48ms | tok/sec: 199,920 | mfu: 43.96 | epoch: 1 | total time: 107.52m
step 02467 (55.98%) | K: 3 | loss: 1.798959 | L1: 0.904238 | L2: 0.894866 | L3: 0.894575 | lrm: 0.88 | dt: 2623.40ms | tok/sec: 199,850 | mfu: 43.94 | epoch: 1 | total time: 107.56m
step 02468 (56.00%) | K: 3 | loss: 1.795670 | L1: 0.902566 | L2: 0.893250 | L3: 0.892959 | lrm: 0.88 | dt: 2622.08ms | tok/sec: 199,951 | mfu: 43.96 | epoch: 1 | total time: 107.61m
step 02469 (56.02%) | K: 3 | loss: 1.794136 | L1: 0.901795 | L2: 0.892479 | L3: 0.892204 | lrm: 0.88 | dt: 2624.07ms | tok/sec: 199,799 | mfu: 43.93 | epoch: 1 | total time: 107.65m
step 02470 (56.05%) | K: 3 | loss: 1.790617 | L1: 0.900028 | L2: 0.890719 | L3: 0.890461 | lrm: 0.88 | dt: 2623.05ms | tok/sec: 199,877 | mfu: 43.95 | epoch: 1 | total time: 107.69m
step 02471 (56.07%) | K: 3 | loss: 1.788037 | L1: 0.898779 | L2: 0.889399 | L3: 0.889117 | lrm: 0.88 | dt: 2623.69ms | tok/sec: 199,828 | mfu: 43.94 | epoch: 1 | total time: 107.74m
step 02472 (56.09%) | K: 3 | loss: 1.783088 | L1: 0.896293 | L2: 0.886935 | L3: 0.886655 | lrm: 0.88 | dt: 2623.35ms | tok/sec: 199,854 | mfu: 43.94 | epoch: 1 | total time: 107.78m
step 02473 (56.12%) | K: 3 | loss: 1.778834 | L1: 0.894158 | L2: 0.884818 | L3: 0.884535 | lrm: 0.88 | dt: 2625.98ms | tok/sec: 199,654 | mfu: 43.90 | epoch: 1 | total time: 107.83m
step 02474 (56.14%) | K: 3 | loss: 1.783950 | L1: 0.896730 | L2: 0.887365 | L3: 0.887076 | lrm: 0.88 | dt: 2621.32ms | tok/sec: 200,008 | mfu: 43.98 | epoch: 1 | total time: 107.87m
step 02475 (56.16%) | K: 3 | loss: 1.786760 | L1: 0.898132 | L2: 0.888768 | L3: 0.888487 | lrm: 0.88 | dt: 2625.26ms | tok/sec: 199,709 | mfu: 43.91 | epoch: 1 | total time: 107.91m
step 02476 (56.18%) | K: 3 | loss: 1.790892 | L1: 0.900211 | L2: 0.890823 | L3: 0.890540 | lrm: 0.88 | dt: 2621.11ms | tok/sec: 200,025 | mfu: 43.98 | epoch: 1 | total time: 107.96m
step 02477 (56.21%) | K: 3 | loss: 1.788063 | L1: 0.898806 | L2: 0.889401 | L3: 0.889112 | lrm: 0.88 | dt: 2622.77ms | tok/sec: 199,898 | mfu: 43.95 | epoch: 1 | total time: 108.00m
step 02478 (56.23%) | K: 3 | loss: 1.790284 | L1: 0.899919 | L2: 0.890515 | L3: 0.890215 | lrm: 0.88 | dt: 2619.79ms | tok/sec: 200,126 | mfu: 44.00 | epoch: 1 | total time: 108.04m
step 02479 (56.25%) | K: 3 | loss: 1.799469 | L1: 0.904500 | L2: 0.895114 | L3: 0.894824 | lrm: 0.87 | dt: 2626.16ms | tok/sec: 199,640 | mfu: 43.89 | epoch: 1 | total time: 108.09m
step 02480 (56.27%) | K: 3 | loss: 1.792190 | L1: 0.900852 | L2: 0.891470 | L3: 0.891206 | lrm: 0.87 | dt: 2624.36ms | tok/sec: 199,777 | mfu: 43.92 | epoch: 1 | total time: 108.13m
step 02481 (56.30%) | K: 3 | loss: 1.790559 | L1: 0.899985 | L2: 0.890705 | L3: 0.890441 | lrm: 0.87 | dt: 2622.84ms | tok/sec: 199,892 | mfu: 43.95 | epoch: 1 | total time: 108.18m
step 02482 (56.32%) | K: 3 | loss: 1.792864 | L1: 0.901236 | L2: 0.891768 | L3: 0.891489 | lrm: 0.87 | dt: 2622.72ms | tok/sec: 199,902 | mfu: 43.95 | epoch: 1 | total time: 108.22m
step 02483 (56.34%) | K: 3 | loss: 1.796583 | L1: 0.903122 | L2: 0.893604 | L3: 0.893318 | lrm: 0.87 | dt: 2626.90ms | tok/sec: 199,584 | mfu: 43.88 | epoch: 1 | total time: 108.26m
step 02484 (56.36%) | K: 3 | loss: 1.810610 | L1: 0.910125 | L2: 0.900638 | L3: 0.900333 | lrm: 0.87 | dt: 2627.01ms | tok/sec: 199,575 | mfu: 43.88 | epoch: 1 | total time: 108.31m
step 02485 (56.39%) | K: 3 | loss: 1.808380 | L1: 0.908995 | L2: 0.899540 | L3: 0.899231 | lrm: 0.87 | dt: 2622.98ms | tok/sec: 199,882 | mfu: 43.95 | epoch: 1 | total time: 108.35m
step 02486 (56.41%) | K: 3 | loss: 1.815602 | L1: 0.912589 | L2: 0.903169 | L3: 0.902859 | lrm: 0.87 | dt: 2624.95ms | tok/sec: 199,732 | mfu: 43.91 | epoch: 1 | total time: 108.39m
step 02487 (56.43%) | K: 3 | loss: 1.811577 | L1: 0.910559 | L2: 0.901166 | L3: 0.900870 | lrm: 0.87 | dt: 2625.55ms | tok/sec: 199,686 | mfu: 43.90 | epoch: 1 | total time: 108.44m
step 02488 (56.46%) | K: 3 | loss: 1.810603 | L1: 0.910039 | L2: 0.900696 | L3: 0.900432 | lrm: 0.87 | dt: 2626.93ms | tok/sec: 199,582 | mfu: 43.88 | epoch: 1 | total time: 108.48m
step 02489 (56.48%) | K: 3 | loss: 1.809615 | L1: 0.909477 | L2: 0.900256 | L3: 0.900022 | lrm: 0.87 | dt: 2624.02ms | tok/sec: 199,803 | mfu: 43.93 | epoch: 1 | total time: 108.53m
step 02490 (56.50%) | K: 3 | loss: 1.803784 | L1: 0.906543 | L2: 0.897357 | L3: 0.897126 | lrm: 0.87 | dt: 2626.22ms | tok/sec: 199,635 | mfu: 43.89 | epoch: 1 | total time: 108.57m
step 02491 (56.52%) | K: 3 | loss: 1.804234 | L1: 0.906742 | L2: 0.897602 | L3: 0.897382 | lrm: 0.87 | dt: 2623.23ms | tok/sec: 199,863 | mfu: 43.94 | epoch: 1 | total time: 108.61m
step 02492 (56.55%) | K: 3 | loss: 1.799394 | L1: 0.904378 | L2: 0.895137 | L3: 0.894894 | lrm: 0.87 | dt: 2623.34ms | tok/sec: 199,855 | mfu: 43.94 | epoch: 1 | total time: 108.66m
step 02493 (56.57%) | K: 3 | loss: 1.801876 | L1: 0.905623 | L2: 0.896383 | L3: 0.896123 | lrm: 0.87 | dt: 2627.68ms | tok/sec: 199,525 | mfu: 43.87 | epoch: 1 | total time: 108.70m
step 02494 (56.59%) | K: 3 | loss: 1.798859 | L1: 0.904135 | L2: 0.894858 | L3: 0.894590 | lrm: 0.87 | dt: 2626.25ms | tok/sec: 199,633 | mfu: 43.89 | epoch: 1 | total time: 108.74m
step 02495 (56.61%) | K: 3 | loss: 1.803047 | L1: 0.906269 | L2: 0.896915 | L3: 0.896641 | lrm: 0.87 | dt: 2622.13ms | tok/sec: 199,947 | mfu: 43.96 | epoch: 1 | total time: 108.79m
step 02496 (56.64%) | K: 3 | loss: 1.807045 | L1: 0.908268 | L2: 0.898910 | L3: 0.898645 | lrm: 0.87 | dt: 2622.10ms | tok/sec: 199,949 | mfu: 43.96 | epoch: 1 | total time: 108.83m
step 02497 (56.66%) | K: 3 | loss: 1.806264 | L1: 0.907861 | L2: 0.898545 | L3: 0.898261 | lrm: 0.87 | dt: 2627.04ms | tok/sec: 199,573 | mfu: 43.88 | epoch: 1 | total time: 108.88m
step 02498 (56.68%) | K: 3 | loss: 1.808543 | L1: 0.909034 | L2: 0.899652 | L3: 0.899365 | lrm: 0.87 | dt: 2625.04ms | tok/sec: 199,726 | mfu: 43.91 | epoch: 1 | total time: 108.92m
step 02499 (56.71%) | K: 3 | loss: 1.817827 | L1: 0.913691 | L2: 0.904279 | L3: 0.903992 | lrm: 0.87 | dt: 2624.99ms | tok/sec: 199,729 | mfu: 43.91 | epoch: 1 | total time: 108.96m
step 02500 (56.73%) | K: 3 | loss: 1.824434 | L1: 0.917024 | L2: 0.907562 | L3: 0.907257 | lrm: 0.87 | dt: 2622.15ms | tok/sec: 199,946 | mfu: 43.96 | epoch: 1 | total time: 109.01m
Step 02500 | Validation L1 bpb: 0.4839 | L2 bpb: 0.4790 | L3 bpb: 0.4788
2026-08-28 21:39:32,550 - nanochat.checkpoint_manager - [32m[1mINFO[0m - Saved optimizer state to: /home/jhu/xwang457/work/nanochat_cache/chatsft_checkpoints/d20-lf-k3-stackedu-python-budget/optim_002500_rank2.pt
2026-08-28 21:39:32,599 - nanochat.checkpoint_manager - [32m[1mINFO[0m - Saved optimizer state to: /home/jhu/xwang457/work/nanochat_cache/chatsft_checkpoints/d20-lf-k3-stackedu-python-budget/optim_002500_rank3.pt
2026-08-28 21:39:32,698 - nanochat.checkpoint_manager - [32m[1mINFO[0m - Saved optimizer state to: /home/jhu/xwang457/work/nanochat_cache/chatsft_checkpoints/d20-lf-k3-stackedu-python-budget/optim_002500_rank1.pt
2026-08-28 21:39:34,082 - nanochat.checkpoint_manager - [32m[1mINFO[0m - Saved model parameters to: /home/jhu/xwang457/work/nanochat_cache/chatsft_checkpoints/d20-lf-k3-stackedu-python-budget/model_002500.pt
2026-08-28 21:39:34,085 - nanochat.checkpoint_manager - [32m[1mINFO[0m - Saved metadata to: /home/jhu/xwang457/work/nanochat_cache/chatsft_checkpoints/d20-lf-k3-stackedu-python-budget/meta_002500.json
2026-08-28 21:39:34,743 - nanochat.checkpoint_manager - [32m[1mINFO[0m - Saved optimizer state to: /home/jhu/xwang457/work/nanochat_cache/chatsft_checkpoints/d20-lf-k3-stackedu-python-budget/optim_002500_rank0.pt
step 02501 (56.75%) | K: 3 | loss: 1.827955 | L1: 0.918753 | L2: 0.909347 | L3: 0.909057 | lrm: 0.86 | dt: 2616.47ms | tok/sec: 200,379 | mfu: 44.06 | epoch: 1 | total time: 109.05m
step 02502 (56.77%) | K: 3 | loss: 1.829249 | L1: 0.919442 | L2: 0.909958 | L3: 0.909657 | lrm: 0.86 | dt: 2621.63ms | tok/sec: 199,985 | mfu: 43.97 | epoch: 1 | total time: 109.09m
step 02503 (56.80%) | K: 3 | loss: 1.832413 | L1: 0.921013 | L2: 0.911555 | L3: 0.911247 | lrm: 0.86 | dt: 2620.52ms | tok/sec: 200,070 | mfu: 43.99 | epoch: 1 | total time: 109.14m
step 02504 (56.82%) | K: 3 | loss: 1.831318 | L1: 0.920486 | L2: 0.910990 | L3: 0.910674 | lrm: 0.86 | dt: 2621.14ms | tok/sec: 200,022 | mfu: 43.98 | epoch: 1 | total time: 109.18m
step 02505 (56.84%) | K: 3 | loss: 1.834120 | L1: 0.921828 | L2: 0.912449 | L3: 0.912135 | lrm: 0.86 | dt: 2621.41ms | tok/sec: 200,001 | mfu: 43.97 | epoch: 1 | total time: 109.23m
step 02506 (56.86%) | K: 3 | loss: 1.833906 | L1: 0.921749 | L2: 0.912320 | L3: 0.911993 | lrm: 0.86 | dt: 2621.06ms | tok/sec: 200,028 | mfu: 43.98 | epoch: 1 | total time: 109.27m
step 02507 (56.89%) | K: 3 | loss: 1.827559 | L1: 0.918551 | L2: 0.909174 | L3: 0.908842 | lrm: 0.86 | dt: 2618.97ms | tok/sec: 200,188 | mfu: 44.01 | epoch: 1 | total time: 109.31m
step 02508 (56.91%) | K: 3 | loss: 1.816578 | L1: 0.913006 | L2: 0.903741 | L3: 0.903403 | lrm: 0.86 | dt: 2620.96ms | tok/sec: 200,036 | mfu: 43.98 | epoch: 1 | total time: 109.36m
step 02509 (56.93%) | K: 3 | loss: 1.811222 | L1: 0.910322 | L2: 0.901064 | L3: 0.900736 | lrm: 0.86 | dt: 2622.31ms | tok/sec: 199,933 | mfu: 43.96 | epoch: 1 | total time: 109.40m
step 02510 (56.95%) | K: 3 | loss: 1.802407 | L1: 0.905941 | L2: 0.896619 | L3: 0.896313 | lrm: 0.86 | dt: 2623.08ms | tok/sec: 199,875 | mfu: 43.95 | epoch: 1 | total time: 109.44m
step 02511 (56.98%) | K: 3 | loss: 1.826934 | L1: 0.918246 | L2: 0.908822 | L3: 0.908553 | lrm: 0.86 | dt: 2620.50ms | tok/sec: 200,072 | mfu: 43.99 | epoch: 1 | total time: 109.49m
step 02512 (57.00%) | K: 3 | loss: 1.829224 | L1: 0.919423 | L2: 0.909906 | L3: 0.909694 | lrm: 0.86 | dt: 2623.45ms | tok/sec: 199,846 | mfu: 43.94 | epoch: 1 | total time: 109.53m
step 02513 (57.02%) | K: 3 | loss: 1.830654 | L1: 0.920142 | L2: 0.910631 | L3: 0.910393 | lrm: 0.86 | dt: 2621.43ms | tok/sec: 200,001 | mfu: 43.97 | epoch: 1 | total time: 109.57m
step 02514 (57.05%) | K: 3 | loss: 1.820107 | L1: 0.914836 | L2: 0.905394 | L3: 0.905149 | lrm: 0.86 | dt: 2621.12ms | tok/sec: 200,024 | mfu: 43.98 | epoch: 1 | total time: 109.62m
step 02515 (57.07%) | K: 3 | loss: 1.819309 | L1: 0.914441 | L2: 0.904985 | L3: 0.904749 | lrm: 0.86 | dt: 2620.57ms | tok/sec: 200,066 | mfu: 43.99 | epoch: 1 | total time: 109.66m
step 02516 (57.09%) | K: 3 | loss: 1.819929 | L1: 0.914703 | L2: 0.905352 | L3: 0.905100 | lrm: 0.86 | dt: 2621.34ms | tok/sec: 200,007 | mfu: 43.98 | epoch: 1 | total time: 109.71m
step 02517 (57.11%) | K: 3 | loss: 1.820349 | L1: 0.914891 | L2: 0.905595 | L3: 0.905321 | lrm: 0.86 | dt: 2620.40ms | tok/sec: 200,079 | mfu: 43.99 | epoch: 1 | total time: 109.75m
step 02518 (57.14%) | K: 3 | loss: 1.817236 | L1: 0.913379 | L2: 0.903992 | L3: 0.903721 | lrm: 0.86 | dt: 2626.44ms | tok/sec: 199,619 | mfu: 43.89 | epoch: 1 | total time: 109.79m
step 02519 (57.16%) | K: 3 | loss: 1.818242 | L1: 0.913878 | L2: 0.904492 | L3: 0.904237 | lrm: 0.86 | dt: 2622.74ms | tok/sec: 199,901 | mfu: 43.95 | epoch: 1 | total time: 109.84m
step 02520 (57.18%) | K: 3 | loss: 1.805743 | L1: 0.907585 | L2: 0.898282 | L3: 0.898035 | lrm: 0.86 | dt: 2618.69ms | tok/sec: 200,210 | mfu: 44.02 | epoch: 1 | total time: 109.88m
step 02521 (57.20%) | K: 3 | loss: 1.803735 | L1: 0.906596 | L2: 0.897258 | L3: 0.897020 | lrm: 0.86 | dt: 2622.23ms | tok/sec: 199,939 | mfu: 43.96 | epoch: 1 | total time: 109.92m
step 02522 (57.23%) | K: 3 | loss: 1.813824 | L1: 0.911671 | L2: 0.902273 | L3: 0.902032 | lrm: 0.86 | dt: 2621.13ms | tok/sec: 200,023 | mfu: 43.98 | epoch: 1 | total time: 109.97m
step 02523 (57.25%) | K: 3 | loss: 1.813611 | L1: 0.911580 | L2: 0.902162 | L3: 0.901900 | lrm: 0.86 | dt: 2627.68ms | tok/sec: 199,525 | mfu: 43.87 | epoch: 1 | total time: 110.01m
step 02524 (57.27%) | K: 3 | loss: 1.831080 | L1: 0.920340 | L2: 0.910869 | L3: 0.910612 | lrm: 0.85 | dt: 2620.99ms | tok/sec: 200,034 | mfu: 43.98 | epoch: 1 | total time: 110.06m
step 02525 (57.30%) | K: 3 | loss: 1.829735 | L1: 0.919698 | L2: 0.910174 | L3: 0.909901 | lrm: 0.85 | dt: 2625.00ms | tok/sec: 199,728 | mfu: 43.91 | epoch: 1 | total time: 110.10m
step 02526 (57.32%) | K: 3 | loss: 1.831772 | L1: 0.920724 | L2: 0.911187 | L3: 0.910910 | lrm: 0.85 | dt: 2625.15ms | tok/sec: 199,717 | mfu: 43.91 | epoch: 1 | total time: 110.14m
step 02527 (57.34%) | K: 3 | loss: 1.822556 | L1: 0.916062 | L2: 0.906639 | L3: 0.906350 | lrm: 0.85 | dt: 2621.75ms | tok/sec: 199,976 | mfu: 43.97 | epoch: 1 | total time: 110.19m
step 02528 (57.36%) | K: 3 | loss: 1.817179 | L1: 0.913379 | L2: 0.903934 | L3: 0.903666 | lrm: 0.85 | dt: 2625.62ms | tok/sec: 199,681 | mfu: 43.90 | epoch: 1 | total time: 110.23m
step 02529 (57.39%) | K: 3 | loss: 1.824829 | L1: 0.917166 | L2: 0.907797 | L3: 0.907530 | lrm: 0.85 | dt: 2619.67ms | tok/sec: 200,134 | mfu: 44.00 | epoch: 1 | total time: 110.27m
step 02530 (57.41%) | K: 3 | loss: 1.821597 | L1: 0.915563 | L2: 0.906170 | L3: 0.905898 | lrm: 0.85 | dt: 2623.77ms | tok/sec: 199,822 | mfu: 43.93 | epoch: 1 | total time: 110.32m
step 02531 (57.43%) | K: 3 | loss: 1.818014 | L1: 0.913788 | L2: 0.904366 | L3: 0.904085 | lrm: 0.85 | dt: 2623.02ms | tok/sec: 199,879 | mfu: 43.95 | epoch: 1 | total time: 110.36m
step 02532 (57.45%) | K: 3 | loss: 1.817318 | L1: 0.913430 | L2: 0.904032 | L3: 0.903743 | lrm: 0.85 | dt: 2623.64ms | tok/sec: 199,832 | mfu: 43.94 | epoch: 1 | total time: 110.41m
step 02533 (57.48%) | K: 3 | loss: 1.811544 | L1: 0.910547 | L2: 0.901145 | L3: 0.900850 | lrm: 0.85 | dt: 2625.15ms | tok/sec: 199,717 | mfu: 43.91 | epoch: 1 | total time: 110.45m
step 02534 (57.50%) | K: 3 | loss: 1.821210 | L1: 0.915365 | L2: 0.906007 | L3: 0.905683 | lrm: 0.85 | dt: 2621.31ms | tok/sec: 200,010 | mfu: 43.98 | epoch: 1 | total time: 110.49m
step 02535 (57.52%) | K: 3 | loss: 1.813999 | L1: 0.911731 | L2: 0.902424 | L3: 0.902112 | lrm: 0.85 | dt: 2627.74ms | tok/sec: 199,520 | mfu: 43.87 | epoch: 1 | total time: 110.54m
step 02536 (57.54%) | K: 3 | loss: 1.807050 | L1: 0.908230 | L2: 0.898974 | L3: 0.898665 | lrm: 0.85 | dt: 2620.79ms | tok/sec: 200,049 | mfu: 43.98 | epoch: 1 | total time: 110.58m
step 02537 (57.57%) | K: 3 | loss: 1.809399 | L1: 0.909378 | L2: 0.900184 | L3: 0.899858 | lrm: 0.85 | dt: 2620.26ms | tok/sec: 200,089 | mfu: 43.99 | epoch: 1 | total time: 110.62m
step 02538 (57.59%) | K: 3 | loss: 1.810315 | L1: 0.909849 | L2: 0.900618 | L3: 0.900314 | lrm: 0.85 | dt: 2627.37ms | tok/sec: 199,548 | mfu: 43.87 | epoch: 1 | total time: 110.67m
step 02539 (57.61%) | K: 3 | loss: 1.816179 | L1: 0.912802 | L2: 0.903527 | L3: 0.903226 | lrm: 0.85 | dt: 2625.45ms | tok/sec: 199,694 | mfu: 43.91 | epoch: 1 | total time: 110.71m
step 02540 (57.64%) | K: 3 | loss: 1.817387 | L1: 0.913367 | L2: 0.904168 | L3: 0.903870 | lrm: 0.85 | dt: 2623.54ms | tok/sec: 199,840 | mfu: 43.94 | epoch: 1 | total time: 110.76m
step 02541 (57.66%) | K: 3 | loss: 1.824813 | L1: 0.917101 | L2: 0.907860 | L3: 0.907564 | lrm: 0.85 | dt: 2620.62ms | tok/sec: 200,062 | mfu: 43.99 | epoch: 1 | total time: 110.80m
step 02542 (57.68%) | K: 3 | loss: 1.831706 | L1: 0.920619 | L2: 0.911241 | L3: 0.910933 | lrm: 0.85 | dt: 2624.62ms | tok/sec: 199,757 | mfu: 43.92 | epoch: 1 | total time: 110.84m
step 02543 (57.70%) | K: 3 | loss: 1.828149 | L1: 0.918928 | L2: 0.909374 | L3: 0.909069 | lrm: 0.85 | dt: 2623.33ms | tok/sec: 199,856 | mfu: 43.94 | epoch: 1 | total time: 110.89m
step 02544 (57.73%) | K: 3 | loss: 1.826517 | L1: 0.918113 | L2: 0.908557 | L3: 0.908251 | lrm: 0.85 | dt: 2619.64ms | tok/sec: 200,137 | mfu: 44.00 | epoch: 1 | total time: 110.93m
step 02545 (57.75%) | K: 3 | loss: 1.846418 | L1: 0.928061 | L2: 0.918514 | L3: 0.918200 | lrm: 0.85 | dt: 2622.51ms | tok/sec: 199,918 | mfu: 43.96 | epoch: 1 | total time: 110.97m
step 02546 (57.77%) | K: 3 | loss: 1.843654 | L1: 0.926641 | L2: 0.917175 | L3: 0.916851 | lrm: 0.84 | dt: 2623.79ms | tok/sec: 199,821 | mfu: 43.93 | epoch: 1 | total time: 111.02m
step 02547 (57.79%) | K: 3 | loss: 1.847571 | L1: 0.928572 | L2: 0.919149 | L3: 0.918847 | lrm: 0.84 | dt: 2623.42ms | tok/sec: 199,849 | mfu: 43.94 | epoch: 1 | total time: 111.06m
step 02548 (57.82%) | K: 3 | loss: 1.840531 | L1: 0.925032 | L2: 0.915648 | L3: 0.915350 | lrm: 0.84 | dt: 2626.45ms | tok/sec: 199,618 | mfu: 43.89 | epoch: 1 | total time: 111.10m
step 02549 (57.84%) | K: 3 | loss: 1.843330 | L1: 0.926440 | L2: 0.917031 | L3: 0.916750 | lrm: 0.84 | dt: 2621.58ms | tok/sec: 199,989 | mfu: 43.97 | epoch: 1 | total time: 111.15m
step 02550 (57.86%) | K: 3 | loss: 1.827181 | L1: 0.918311 | L2: 0.909004 | L3: 0.908736 | lrm: 0.84 | dt: 2619.17ms | tok/sec: 200,173 | mfu: 44.01 | epoch: 1 | total time: 111.19m
step 02551 (57.89%) | K: 3 | loss: 1.817240 | L1: 0.913355 | L2: 0.904022 | L3: 0.903747 | lrm: 0.84 | dt: 2623.12ms | tok/sec: 199,871 | mfu: 43.95 | epoch: 1 | total time: 111.24m
step 02552 (57.91%) | K: 3 | loss: 1.803895 | L1: 0.906732 | L2: 0.897308 | L3: 0.897018 | lrm: 0.84 | dt: 2621.04ms | tok/sec: 200,030 | mfu: 43.98 | epoch: 1 | total time: 111.28m
step 02553 (57.93%) | K: 3 | loss: 1.807612 | L1: 0.908636 | L2: 0.899112 | L3: 0.898838 | lrm: 0.84 | dt: 2621.30ms | tok/sec: 200,010 | mfu: 43.98 | epoch: 1 | total time: 111.32m
step 02554 (57.95%) | K: 3 | loss: 1.814319 | L1: 0.912033 | L2: 0.902419 | L3: 0.902151 | lrm: 0.84 | dt: 2624.12ms | tok/sec: 199,795 | mfu: 43.93 | epoch: 1 | total time: 111.37m
step 02555 (57.98%) | K: 3 | loss: 1.815275 | L1: 0.912488 | L2: 0.902928 | L3: 0.902648 | lrm: 0.84 | dt: 2624.29ms | tok/sec: 199,783 | mfu: 43.93 | epoch: 1 | total time: 111.41m
step 02556 (58.00%) | K: 3 | loss: 1.822621 | L1: 0.916124 | L2: 0.906624 | L3: 0.906371 | lrm: 0.84 | dt: 2625.05ms | tok/sec: 199,725 | mfu: 43.91 | epoch: 1 | total time: 111.45m
step 02557 (58.02%) | K: 3 | loss: 1.815947 | L1: 0.912826 | L2: 0.903259 | L3: 0.902984 | lrm: 0.84 | dt: 2627.40ms | tok/sec: 199,546 | mfu: 43.87 | epoch: 1 | total time: 111.50m
step 02558 (58.04%) | K: 3 | loss: 1.822087 | L1: 0.915911 | L2: 0.906307 | L3: 0.906045 | lrm: 0.84 | dt: 2627.31ms | tok/sec: 199,553 | mfu: 43.88 | epoch: 1 | total time: 111.54m
step 02559 (58.07%) | K: 3 | loss: 1.829800 | L1: 0.919727 | L2: 0.910204 | L3: 0.909941 | lrm: 0.84 | dt: 2619.30ms | tok/sec: 200,163 | mfu: 44.01 | epoch: 1 | total time: 111.59m
step 02560 (58.09%) | K: 3 | loss: 1.830985 | L1: 0.920270 | L2: 0.910853 | L3: 0.910578 | lrm: 0.84 | dt: 2622.00ms | tok/sec: 199,957 | mfu: 43.96 | epoch: 1 | total time: 111.63m
step 02561 (58.11%) | K: 3 | loss: 1.829009 | L1: 0.919273 | L2: 0.909884 | L3: 0.909588 | lrm: 0.84 | dt: 2624.97ms | tok/sec: 199,730 | mfu: 43.91 | epoch: 1 | total time: 111.67m
step 02562 (58.13%) | K: 3 | loss: 1.830754 | L1: 0.920161 | L2: 0.910745 | L3: 0.910442 | lrm: 0.84 | dt: 2625.13ms | tok/sec: 199,718 | mfu: 43.91 | epoch: 1 | total time: 111.72m
step 02563 (58.16%) | K: 3 | loss: 1.837859 | L1: 0.923713 | L2: 0.914284 | L3: 0.914009 | lrm: 0.84 | dt: 2627.38ms | tok/sec: 199,547 | mfu: 43.87 | epoch: 1 | total time: 111.76m
step 02564 (58.18%) | K: 3 | loss: 1.838998 | L1: 0.924324 | L2: 0.914809 | L3: 0.914538 | lrm: 0.84 | dt: 2623.82ms | tok/sec: 199,818 | mfu: 43.93 | epoch: 1 | total time: 111.80m
step 02565 (58.20%) | K: 3 | loss: 1.856111 | L1: 0.932858 | L2: 0.923395 | L3: 0.923112 | lrm: 0.84 | dt: 2702.08ms | tok/sec: 194,031 | mfu: 42.66 | epoch: 1 | total time: 111.85m
step 02566 (58.23%) | K: 3 | loss: 1.836425 | L1: 0.922967 | L2: 0.913596 | L3: 0.913321 | lrm: 0.84 | dt: 2626.44ms | tok/sec: 199,619 | mfu: 43.89 | epoch: 1 | total time: 111.89m
step 02567 (58.25%) | K: 3 | loss: 1.833096 | L1: 0.921270 | L2: 0.911959 | L3: 0.911693 | lrm: 0.84 | dt: 2622.35ms | tok/sec: 199,930 | mfu: 43.96 | epoch: 1 | total time: 111.94m
step 02568 (58.27%) | K: 3 | loss: 1.828727 | L1: 0.919105 | L2: 0.909760 | L3: 0.909485 | lrm: 0.83 | dt: 2628.98ms | tok/sec: 199,426 | mfu: 43.85 | epoch: 1 | total time: 111.98m
step 02569 (58.29%) | K: 3 | loss: 1.829373 | L1: 0.919470 | L2: 0.910040 | L3: 0.909767 | lrm: 0.83 | dt: 2625.11ms | tok/sec: 199,720 | mfu: 43.91 | epoch: 1 | total time: 112.02m
step 02570 (58.32%) | K: 3 | loss: 1.832377 | L1: 0.920938 | L2: 0.911562 | L3: 0.911316 | lrm: 0.83 | dt: 2624.77ms | tok/sec: 199,746 | mfu: 43.92 | epoch: 1 | total time: 112.07m
step 02571 (58.34%) | K: 3 | loss: 1.835563 | L1: 0.922526 | L2: 0.913161 | L3: 0.912914 | lrm: 0.83 | dt: 2622.10ms | tok/sec: 199,949 | mfu: 43.96 | epoch: 1 | total time: 112.11m
step 02572 (58.36%) | K: 3 | loss: 1.835250 | L1: 0.922373 | L2: 0.913011 | L3: 0.912745 | lrm: 0.83 | dt: 2625.90ms | tok/sec: 199,660 | mfu: 43.90 | epoch: 1 | total time: 112.16m
step 02573 (58.38%) | K: 3 | loss: 1.837210 | L1: 0.923378 | L2: 0.913957 | L3: 0.913707 | lrm: 0.83 | dt: 2628.09ms | tok/sec: 199,494 | mfu: 43.86 | epoch: 1 | total time: 112.20m
step 02574 (58.41%) | K: 3 | loss: 1.834121 | L1: 0.921863 | L2: 0.912386 | L3: 0.912130 | lrm: 0.83 | dt: 2620.71ms | tok/sec: 200,055 | mfu: 43.99 | epoch: 1 | total time: 112.24m
step 02575 (58.43%) | K: 3 | loss: 1.828664 | L1: 0.919133 | L2: 0.909657 | L3: 0.909406 | lrm: 0.83 | dt: 2622.08ms | tok/sec: 199,951 | mfu: 43.96 | epoch: 1 | total time: 112.29m
step 02576 (58.45%) | K: 3 | loss: 1.828803 | L1: 0.919227 | L2: 0.909717 | L3: 0.909435 | lrm: 0.83 | dt: 2623.69ms | tok/sec: 199,828 | mfu: 43.94 | epoch: 1 | total time: 112.33m
step 02577 (58.48%) | K: 3 | loss: 1.831004 | L1: 0.920330 | L2: 0.910812 | L3: 0.910536 | lrm: 0.83 | dt: 2626.41ms | tok/sec: 199,621 | mfu: 43.89 | epoch: 1 | total time: 112.37m
step 02578 (58.50%) | K: 3 | loss: 1.835013 | L1: 0.922358 | L2: 0.912796 | L3: 0.912515 | lrm: 0.83 | dt: 2623.39ms | tok/sec: 199,850 | mfu: 43.94 | epoch: 1 | total time: 112.42m
step 02579 (58.52%) | K: 3 | loss: 1.828683 | L1: 0.919176 | L2: 0.909649 | L3: 0.909365 | lrm: 0.83 | dt: 2621.86ms | tok/sec: 199,968 | mfu: 43.97 | epoch: 1 | total time: 112.46m
step 02580 (58.54%) | K: 3 | loss: 1.823733 | L1: 0.916688 | L2: 0.907189 | L3: 0.906901 | lrm: 0.83 | dt: 2622.52ms | tok/sec: 199,917 | mfu: 43.96 | epoch: 1 | total time: 112.51m
step 02581 (58.57%) | K: 3 | loss: 1.831085 | L1: 0.920322 | L2: 0.910914 | L3: 0.910613 | lrm: 0.83 | dt: 2624.95ms | tok/sec: 199,732 | mfu: 43.91 | epoch: 1 | total time: 112.55m
step 02582 (58.59%) | K: 3 | loss: 1.826680 | L1: 0.918142 | L2: 0.908692 | L3: 0.908385 | lrm: 0.83 | dt: 2625.93ms | tok/sec: 199,658 | mfu: 43.90 | epoch: 1 | total time: 112.59m
step 02583 (58.61%) | K: 3 | loss: 1.836137 | L1: 0.922863 | L2: 0.913423 | L3: 0.913126 | lrm: 0.83 | dt: 2623.15ms | tok/sec: 199,869 | mfu: 43.94 | epoch: 1 | total time: 112.64m
step 02584 (58.63%) | K: 3 | loss: 1.827826 | L1: 0.918690 | L2: 0.909287 | L3: 0.908985 | lrm: 0.83 | dt: 2624.66ms | tok/sec: 199,754 | mfu: 43.92 | epoch: 1 | total time: 112.68m
step 02585 (58.66%) | K: 3 | loss: 1.830718 | L1: 0.920129 | L2: 0.910738 | L3: 0.910440 | lrm: 0.83 | dt: 2622.17ms | tok/sec: 199,943 | mfu: 43.96 | epoch: 1 | total time: 112.72m
step 02586 (58.68%) | K: 3 | loss: 1.830266 | L1: 0.919941 | L2: 0.910471 | L3: 0.910178 | lrm: 0.83 | dt: 2624.27ms | tok/sec: 199,784 | mfu: 43.93 | epoch: 1 | total time: 112.77m
step 02587 (58.70%) | K: 3 | loss: 1.825208 | L1: 0.917372 | L2: 0.907977 | L3: 0.907695 | lrm: 0.83 | dt: 2626.11ms | tok/sec: 199,644 | mfu: 43.90 | epoch: 1 | total time: 112.81m
step 02588 (58.72%) | K: 3 | loss: 1.826157 | L1: 0.917817 | L2: 0.908480 | L3: 0.908200 | lrm: 0.83 | dt: 2640.51ms | tok/sec: 198,555 | mfu: 43.66 | epoch: 1 | total time: 112.86m
step 02589 (58.75%) | K: 3 | loss: 1.822163 | L1: 0.915805 | L2: 0.906502 | L3: 0.906216 | lrm: 0.83 | dt: 2626.91ms | tok/sec: 199,583 | mfu: 43.88 | epoch: 1 | total time: 112.90m
step 02590 (58.77%) | K: 3 | loss: 1.813101 | L1: 0.911301 | L2: 0.901943 | L3: 0.901657 | lrm: 0.82 | dt: 2620.96ms | tok/sec: 200,036 | mfu: 43.98 | epoch: 1 | total time: 112.94m
step 02591 (58.79%) | K: 3 | loss: 1.815180 | L1: 0.912405 | L2: 0.902928 | L3: 0.902623 | lrm: 0.82 | dt: 2624.79ms | tok/sec: 199,745 | mfu: 43.92 | epoch: 1 | total time: 112.99m
step 02592 (58.82%) | K: 3 | loss: 1.813672 | L1: 0.911630 | L2: 0.902192 | L3: 0.901890 | lrm: 0.82 | dt: 2623.20ms | tok/sec: 199,865 | mfu: 43.94 | epoch: 1 | total time: 113.03m
step 02593 (58.84%) | K: 3 | loss: 1.813333 | L1: 0.911420 | L2: 0.902064 | L3: 0.901763 | lrm: 0.82 | dt: 2626.94ms | tok/sec: 199,581 | mfu: 43.88 | epoch: 1 | total time: 113.07m
step 02594 (58.86%) | K: 3 | loss: 1.814114 | L1: 0.911764 | L2: 0.902502 | L3: 0.902198 | lrm: 0.82 | dt: 2626.38ms | tok/sec: 199,624 | mfu: 43.89 | epoch: 1 | total time: 113.12m
step 02595 (58.88%) | K: 3 | loss: 1.808897 | L1: 0.909144 | L2: 0.899896 | L3: 0.899609 | lrm: 0.82 | dt: 2623.40ms | tok/sec: 199,850 | mfu: 43.94 | epoch: 1 | total time: 113.16m
step 02596 (58.91%) | K: 3 | loss: 1.815082 | L1: 0.912284 | L2: 0.902942 | L3: 0.902655 | lrm: 0.82 | dt: 2625.75ms | tok/sec: 199,671 | mfu: 43.90 | epoch: 1 | total time: 113.21m
step 02597 (58.93%) | K: 3 | loss: 1.803665 | L1: 0.906534 | L2: 0.897279 | L3: 0.896983 | lrm: 0.82 | dt: 2626.33ms | tok/sec: 199,627 | mfu: 43.89 | epoch: 1 | total time: 113.25m
step 02598 (58.95%) | K: 3 | loss: 1.803835 | L1: 0.906579 | L2: 0.897399 | L3: 0.897114 | lrm: 0.82 | dt: 2623.94ms | tok/sec: 199,809 | mfu: 43.93 | epoch: 1 | total time: 113.29m
step 02599 (58.97%) | K: 3 | loss: 1.796305 | L1: 0.902761 | L2: 0.893678 | L3: 0.893409 | lrm: 0.82 | dt: 2622.03ms | tok/sec: 199,955 | mfu: 43.96 | epoch: 1 | total time: 113.34m
step 02600 (59.00%) | K: 3 | loss: 1.812187 | L1: 0.910737 | L2: 0.901589 | L3: 0.901312 | lrm: 0.82 | dt: 2622.64ms | tok/sec: 199,908 | mfu: 43.95 | epoch: 1 | total time: 113.38m
step 02601 (59.02%) | K: 3 | loss: 1.806061 | L1: 0.907679 | L2: 0.898514 | L3: 0.898250 | lrm: 0.82 | dt: 2625.92ms | tok/sec: 199,658 | mfu: 43.90 | epoch: 1 | total time: 113.42m
step 02602 (59.04%) | K: 3 | loss: 1.805976 | L1: 0.907657 | L2: 0.898448 | L3: 0.898190 | lrm: 0.82 | dt: 2620.44ms | tok/sec: 200,076 | mfu: 43.99 | epoch: 1 | total time: 113.47m
step 02603 (59.07%) | K: 3 | loss: 1.796042 | L1: 0.902686 | L2: 0.893477 | L3: 0.893235 | lrm: 0.82 | dt: 2623.23ms | tok/sec: 199,863 | mfu: 43.94 | epoch: 1 | total time: 113.51m
step 02604 (59.09%) | K: 3 | loss: 1.793949 | L1: 0.901621 | L2: 0.892452 | L3: 0.892204 | lrm: 0.82 | dt: 2624.80ms | tok/sec: 199,744 | mfu: 43.92 | epoch: 1 | total time: 113.56m
step 02605 (59.11%) | K: 3 | loss: 1.790176 | L1: 0.899733 | L2: 0.890568 | L3: 0.890318 | lrm: 0.82 | dt: 2625.70ms | tok/sec: 199,675 | mfu: 43.90 | epoch: 1 | total time: 113.60m
step 02606 (59.13%) | K: 3 | loss: 1.790712 | L1: 0.900061 | L2: 0.890778 | L3: 0.890523 | lrm: 0.82 | dt: 2623.17ms | tok/sec: 199,868 | mfu: 43.94 | epoch: 1 | total time: 113.64m
step 02607 (59.16%) | K: 3 | loss: 1.791724 | L1: 0.900565 | L2: 0.891284 | L3: 0.891034 | lrm: 0.82 | dt: 2626.24ms | tok/sec: 199,634 | mfu: 43.89 | epoch: 1 | total time: 113.69m
step 02608 (59.18%) | K: 3 | loss: 1.803879 | L1: 0.906652 | L2: 0.897372 | L3: 0.897083 | lrm: 0.82 | dt: 2621.79ms | tok/sec: 199,973 | mfu: 43.97 | epoch: 1 | total time: 113.73m
step 02609 (59.20%) | K: 3 | loss: 1.801579 | L1: 0.905480 | L2: 0.896234 | L3: 0.895964 | lrm: 0.82 | dt: 2626.14ms | tok/sec: 199,642 | mfu: 43.89 | epoch: 1 | total time: 113.77m
step 02610 (59.22%) | K: 3 | loss: 1.790617 | L1: 0.899977 | L2: 0.890776 | L3: 0.890505 | lrm: 0.82 | dt: 2623.58ms | tok/sec: 199,836 | mfu: 43.94 | epoch: 1 | total time: 113.82m
step 02611 (59.25%) | K: 3 | loss: 1.788843 | L1: 0.899067 | L2: 0.889919 | L3: 0.889634 | lrm: 0.82 | dt: 2622.99ms | tok/sec: 199,881 | mfu: 43.95 | epoch: 1 | total time: 113.86m
step 02612 (59.27%) | K: 3 | loss: 1.791274 | L1: 0.900335 | L2: 0.891077 | L3: 0.890802 | lrm: 0.81 | dt: 2623.63ms | tok/sec: 199,833 | mfu: 43.94 | epoch: 1 | total time: 113.91m
step 02613 (59.29%) | K: 3 | loss: 1.788841 | L1: 0.899104 | L2: 0.889874 | L3: 0.889600 | lrm: 0.81 | dt: 2623.10ms | tok/sec: 199,873 | mfu: 43.95 | epoch: 1 | total time: 113.95m
step 02614 (59.31%) | K: 3 | loss: 1.796873 | L1: 0.903126 | L2: 0.893884 | L3: 0.893609 | lrm: 0.81 | dt: 2628.22ms | tok/sec: 199,484 | mfu: 43.86 | epoch: 1 | total time: 113.99m
step 02615 (59.34%) | K: 3 | loss: 1.791790 | L1: 0.900590 | L2: 0.891344 | L3: 0.891055 | lrm: 0.81 | dt: 2623.97ms | tok/sec: 199,807 | mfu: 43.93 | epoch: 1 | total time: 114.04m
step 02616 (59.36%) | K: 3 | loss: 1.788711 | L1: 0.899021 | L2: 0.889837 | L3: 0.889543 | lrm: 0.81 | dt: 2623.65ms | tok/sec: 199,831 | mfu: 43.94 | epoch: 1 | total time: 114.08m
step 02617 (59.38%) | K: 3 | loss: 1.791238 | L1: 0.900280 | L2: 0.891112 | L3: 0.890804 | lrm: 0.81 | dt: 2624.24ms | tok/sec: 199,786 | mfu: 43.93 | epoch: 1 | total time: 114.12m
step 02618 (59.41%) | K: 3 | loss: 1.787148 | L1: 0.898319 | L2: 0.888986 | L3: 0.888673 | lrm: 0.81 | dt: 2623.56ms | tok/sec: 199,838 | mfu: 43.94 | epoch: 1 | total time: 114.17m
step 02619 (59.43%) | K: 3 | loss: 1.787120 | L1: 0.898299 | L2: 0.888970 | L3: 0.888671 | lrm: 0.81 | dt: 2623.76ms | tok/sec: 199,822 | mfu: 43.93 | epoch: 1 | total time: 114.21m
step 02620 (59.45%) | K: 3 | loss: 1.790843 | L1: 0.900216 | L2: 0.890782 | L3: 0.890471 | lrm: 0.81 | dt: 2622.96ms | tok/sec: 199,884 | mfu: 43.95 | epoch: 1 | total time: 114.26m
step 02621 (59.47%) | K: 3 | loss: 1.787316 | L1: 0.898414 | L2: 0.889061 | L3: 0.888743 | lrm: 0.81 | dt: 2623.69ms | tok/sec: 199,828 | mfu: 43.94 | epoch: 1 | total time: 114.30m
step 02622 (59.50%) | K: 3 | loss: 1.783081 | L1: 0.896272 | L2: 0.886974 | L3: 0.886644 | lrm: 0.81 | dt: 2623.99ms | tok/sec: 199,805 | mfu: 43.93 | epoch: 1 | total time: 114.34m
step 02623 (59.52%) | K: 3 | loss: 1.791804 | L1: 0.900635 | L2: 0.891329 | L3: 0.891009 | lrm: 0.81 | dt: 2623.90ms | tok/sec: 199,812 | mfu: 43.93 | epoch: 1 | total time: 114.39m
step 02624 (59.54%) | K: 3 | loss: 1.783994 | L1: 0.896721 | L2: 0.887434 | L3: 0.887112 | lrm: 0.81 | dt: 2625.38ms | tok/sec: 199,699 | mfu: 43.91 | epoch: 1 | total time: 114.43m
step 02625 (59.56%) | K: 3 | loss: 1.799764 | L1: 0.904616 | L2: 0.895342 | L3: 0.894954 | lrm: 0.81 | dt: 2623.14ms | tok/sec: 199,870 | mfu: 43.95 | epoch: 1 | total time: 114.47m
step 02626 (59.59%) | K: 3 | loss: 1.812257 | L1: 0.910874 | L2: 0.901576 | L3: 0.901190 | lrm: 0.81 | dt: 2626.74ms | tok/sec: 199,596 | mfu: 43.88 | epoch: 1 | total time: 114.52m
step 02627 (59.61%) | K: 3 | loss: 1.814684 | L1: 0.912127 | L2: 0.902745 | L3: 0.902369 | lrm: 0.81 | dt: 2622.47ms | tok/sec: 199,921 | mfu: 43.96 | epoch: 1 | total time: 114.56m
step 02628 (59.63%) | K: 3 | loss: 1.819939 | L1: 0.914715 | L2: 0.905403 | L3: 0.905045 | lrm: 0.81 | dt: 2620.52ms | tok/sec: 200,069 | mfu: 43.99 | epoch: 1 | total time: 114.61m
step 02629 (59.66%) | K: 3 | loss: 1.826987 | L1: 0.918258 | L2: 0.908897 | L3: 0.908560 | lrm: 0.81 | dt: 2622.11ms | tok/sec: 199,948 | mfu: 43.96 | epoch: 1 | total time: 114.65m
step 02630 (59.68%) | K: 3 | loss: 1.828494 | L1: 0.919006 | L2: 0.909654 | L3: 0.909322 | lrm: 0.81 | dt: 2622.56ms | tok/sec: 199,914 | mfu: 43.95 | epoch: 1 | total time: 114.69m
step 02631 (59.70%) | K: 3 | loss: 1.820762 | L1: 0.915132 | L2: 0.905794 | L3: 0.905466 | lrm: 0.81 | dt: 2623.68ms | tok/sec: 199,829 | mfu: 43.94 | epoch: 1 | total time: 114.74m
step 02632 (59.72%) | K: 3 | loss: 1.817534 | L1: 0.913570 | L2: 0.904125 | L3: 0.903802 | lrm: 0.81 | dt: 2624.08ms | tok/sec: 199,798 | mfu: 43.93 | epoch: 1 | total time: 114.78m
step 02633 (59.75%) | K: 3 | loss: 1.808500 | L1: 0.909081 | L2: 0.899583 | L3: 0.899257 | lrm: 0.81 | dt: 2621.93ms | tok/sec: 199,962 | mfu: 43.97 | epoch: 1 | total time: 114.82m
step 02634 (59.77%) | K: 3 | loss: 1.815381 | L1: 0.912468 | L2: 0.903076 | L3: 0.902749 | lrm: 0.80 | dt: 2620.87ms | tok/sec: 200,043 | mfu: 43.98 | epoch: 1 | total time: 114.87m
step 02635 (59.79%) | K: 3 | loss: 1.818802 | L1: 0.914198 | L2: 0.904775 | L3: 0.904433 | lrm: 0.80 | dt: 2620.16ms | tok/sec: 200,097 | mfu: 44.00 | epoch: 1 | total time: 114.91m
step 02636 (59.81%) | K: 3 | loss: 1.816016 | L1: 0.912834 | L2: 0.903361 | L3: 0.903002 | lrm: 0.80 | dt: 2621.70ms | tok/sec: 199,980 | mfu: 43.97 | epoch: 1 | total time: 114.95m
step 02637 (59.84%) | K: 3 | loss: 1.813023 | L1: 0.911285 | L2: 0.901919 | L3: 0.901556 | lrm: 0.80 | dt: 2627.27ms | tok/sec: 199,556 | mfu: 43.88 | epoch: 1 | total time: 115.00m
step 02638 (59.86%) | K: 3 | loss: 1.816815 | L1: 0.913229 | L2: 0.903762 | L3: 0.903411 | lrm: 0.80 | dt: 2622.43ms | tok/sec: 199,924 | mfu: 43.96 | epoch: 1 | total time: 115.04m
step 02639 (59.88%) | K: 3 | loss: 1.811024 | L1: 0.910299 | L2: 0.900908 | L3: 0.900542 | lrm: 0.80 | dt: 2617.92ms | tok/sec: 200,268 | mfu: 44.03 | epoch: 1 | total time: 115.09m
step 02640 (59.90%) | K: 3 | loss: 1.813623 | L1: 0.911582 | L2: 0.902222 | L3: 0.901861 | lrm: 0.80 | dt: 2627.58ms | tok/sec: 199,532 | mfu: 43.87 | epoch: 1 | total time: 115.13m
step 02641 (59.93%) | K: 3 | loss: 1.806726 | L1: 0.908083 | L2: 0.898818 | L3: 0.898470 | lrm: 0.80 | dt: 2620.49ms | tok/sec: 200,072 | mfu: 43.99 | epoch: 1 | total time: 115.17m
step 02642 (59.95%) | K: 3 | loss: 1.820619 | L1: 0.915027 | L2: 0.905768 | L3: 0.905415 | lrm: 0.80 | dt: 2622.49ms | tok/sec: 199,920 | mfu: 43.96 | epoch: 1 | total time: 115.22m
step 02643 (59.97%) | K: 3 | loss: 1.826625 | L1: 0.917968 | L2: 0.908830 | L3: 0.908485 | lrm: 0.80 | dt: 2622.02ms | tok/sec: 199,955 | mfu: 43.96 | epoch: 1 | total time: 115.26m
step 02644 (60.00%) | K: 3 | loss: 1.813468 | L1: 0.911277 | L2: 0.902368 | L3: 0.902013 | lrm: 0.80 | dt: 2625.60ms | tok/sec: 199,683 | mfu: 43.90 | epoch: 1 | total time: 115.30m
step 02645 (60.02%) | K: 3 | loss: 1.814182 | L1: 0.911650 | L2: 0.902707 | L3: 0.902355 | lrm: 0.80 | dt: 2625.02ms | tok/sec: 199,727 | mfu: 43.91 | epoch: 1 | total time: 115.35m
step 02646 (60.04%) | K: 3 | loss: 1.814503 | L1: 0.911813 | L2: 0.902864 | L3: 0.902514 | lrm: 0.80 | dt: 2623.48ms | tok/sec: 199,844 | mfu: 43.94 | epoch: 1 | total time: 115.39m
step 02647 (60.06%) | K: 3 | loss: 1.810269 | L1: 0.909710 | L2: 0.900735 | L3: 0.900385 | lrm: 0.80 | dt: 2626.47ms | tok/sec: 199,617 | mfu: 43.89 | epoch: 1 | total time: 115.44m
step 02648 (60.09%) | K: 3 | loss: 1.806900 | L1: 0.908083 | L2: 0.898991 | L3: 0.898643 | lrm: 0.80 | dt: 2625.46ms | tok/sec: 199,693 | mfu: 43.91 | epoch: 1 | total time: 115.48m
step 02649 (60.11%) | K: 3 | loss: 1.809822 | L1: 0.909565 | L2: 0.900425 | L3: 0.900089 | lrm: 0.80 | dt: 2624.44ms | tok/sec: 199,771 | mfu: 43.92 | epoch: 1 | total time: 115.52m
step 02650 (60.13%) | K: 3 | loss: 1.802606 | L1: 0.905929 | L2: 0.896841 | L3: 0.896513 | lrm: 0.80 | dt: 2623.06ms | tok/sec: 199,876 | mfu: 43.95 | epoch: 1 | total time: 115.57m
step 02651 (60.15%) | K: 3 | loss: 1.796409 | L1: 0.902845 | L2: 0.893731 | L3: 0.893396 | lrm: 0.80 | dt: 2628.28ms | tok/sec: 199,479 | mfu: 43.86 | epoch: 1 | total time: 115.61m
step 02652 (60.18%) | K: 3 | loss: 1.801725 | L1: 0.905494 | L2: 0.896391 | L3: 0.896071 | lrm: 0.80 | dt: 2623.88ms | tok/sec: 199,814 | mfu: 43.93 | epoch: 1 | total time: 115.65m
step 02653 (60.20%) | K: 3 | loss: 1.811372 | L1: 0.910374 | L2: 0.901153 | L3: 0.900844 | lrm: 0.80 | dt: 2622.65ms | tok/sec: 199,908 | mfu: 43.95 | epoch: 1 | total time: 115.70m
step 02654 (60.22%) | K: 3 | loss: 1.812066 | L1: 0.910756 | L2: 0.901462 | L3: 0.901159 | lrm: 0.80 | dt: 2622.10ms | tok/sec: 199,949 | mfu: 43.96 | epoch: 1 | total time: 115.74m
step 02655 (60.25%) | K: 3 | loss: 1.814329 | L1: 0.911835 | L2: 0.902639 | L3: 0.902349 | lrm: 0.80 | dt: 2627.00ms | tok/sec: 199,576 | mfu: 43.88 | epoch: 1 | total time: 115.79m
step 02656 (60.27%) | K: 3 | loss: 1.826591 | L1: 0.918113 | L2: 0.908628 | L3: 0.908328 | lrm: 0.79 | dt: 2624.36ms | tok/sec: 199,777 | mfu: 43.92 | epoch: 1 | total time: 115.83m
step 02657 (60.29%) | K: 3 | loss: 1.822699 | L1: 0.916127 | L2: 0.906728 | L3: 0.906417 | lrm: 0.79 | dt: 2623.09ms | tok/sec: 199,873 | mfu: 43.95 | epoch: 1 | total time: 115.87m
step 02658 (60.31%) | K: 3 | loss: 1.820135 | L1: 0.914854 | L2: 0.905437 | L3: 0.905125 | lrm: 0.79 | dt: 2621.82ms | tok/sec: 199,970 | mfu: 43.97 | epoch: 1 | total time: 115.92m
step 02659 (60.34%) | K: 3 | loss: 1.823007 | L1: 0.916308 | L2: 0.906851 | L3: 0.906545 | lrm: 0.79 | dt: 2626.62ms | tok/sec: 199,605 | mfu: 43.89 | epoch: 1 | total time: 115.96m
step 02660 (60.36%) | K: 3 | loss: 1.818748 | L1: 0.914182 | L2: 0.904710 | L3: 0.904422 | lrm: 0.79 | dt: 2623.93ms | tok/sec: 199,810 | mfu: 43.93 | epoch: 1 | total time: 116.00m
step 02661 (60.38%) | K: 3 | loss: 1.817475 | L1: 0.913552 | L2: 0.904081 | L3: 0.903765 | lrm: 0.79 | dt: 2620.66ms | tok/sec: 200,059 | mfu: 43.99 | epoch: 1 | total time: 116.05m
step 02662 (60.40%) | K: 3 | loss: 1.819115 | L1: 0.914365 | L2: 0.904902 | L3: 0.904598 | lrm: 0.79 | dt: 2623.34ms | tok/sec: 199,855 | mfu: 43.94 | epoch: 1 | total time: 116.09m
step 02663 (60.43%) | K: 3 | loss: 1.818487 | L1: 0.914026 | L2: 0.904618 | L3: 0.904305 | lrm: 0.79 | dt: 2627.78ms | tok/sec: 199,517 | mfu: 43.87 | epoch: 1 | total time: 116.14m
step 02664 (60.45%) | K: 3 | loss: 1.816419 | L1: 0.912977 | L2: 0.903590 | L3: 0.903295 | lrm: 0.79 | dt: 2626.05ms | tok/sec: 199,648 | mfu: 43.90 | epoch: 1 | total time: 116.18m
step 02665 (60.47%) | K: 3 | loss: 1.810076 | L1: 0.909817 | L2: 0.900409 | L3: 0.900109 | lrm: 0.79 | dt: 2625.49ms | tok/sec: 199,691 | mfu: 43.91 | epoch: 1 | total time: 116.22m
step 02666 (60.49%) | K: 3 | loss: 1.819026 | L1: 0.914397 | L2: 0.904785 | L3: 0.904474 | lrm: 0.79 | dt: 2622.27ms | tok/sec: 199,936 | mfu: 43.96 | epoch: 1 | total time: 116.27m
step 02667 (60.52%) | K: 3 | loss: 1.829724 | L1: 0.919725 | L2: 0.910147 | L3: 0.909852 | lrm: 0.79 | dt: 2624.70ms | tok/sec: 199,751 | mfu: 43.92 | epoch: 1 | total time: 116.31m
step 02668 (60.54%) | K: 3 | loss: 1.832269 | L1: 0.920960 | L2: 0.911454 | L3: 0.911165 | lrm: 0.79 | dt: 2624.24ms | tok/sec: 199,786 | mfu: 43.93 | epoch: 1 | total time: 116.35m
step 02669 (60.56%) | K: 3 | loss: 1.827849 | L1: 0.918775 | L2: 0.909216 | L3: 0.908932 | lrm: 0.79 | dt: 2621.79ms | tok/sec: 199,973 | mfu: 43.97 | epoch: 1 | total time: 116.40m
step 02670 (60.59%) | K: 3 | loss: 1.825752 | L1: 0.917727 | L2: 0.908167 | L3: 0.907884 | lrm: 0.79 | dt: 2626.03ms | tok/sec: 199,650 | mfu: 43.90 | epoch: 1 | total time: 116.44m
step 02671 (60.61%) | K: 3 | loss: 1.819443 | L1: 0.914546 | L2: 0.905046 | L3: 0.904747 | lrm: 0.79 | dt: 2622.92ms | tok/sec: 199,886 | mfu: 43.95 | epoch: 1 | total time: 116.49m
step 02672 (60.63%) | K: 3 | loss: 1.830773 | L1: 0.920267 | L2: 0.910650 | L3: 0.910361 | lrm: 0.79 | dt: 2625.56ms | tok/sec: 199,686 | mfu: 43.90 | epoch: 1 | total time: 116.53m
step 02673 (60.65%) | K: 3 | loss: 1.842925 | L1: 0.926375 | L2: 0.916701 | L3: 0.916398 | lrm: 0.79 | dt: 2622.26ms | tok/sec: 199,937 | mfu: 43.96 | epoch: 1 | total time: 116.57m
step 02674 (60.68%) | K: 3 | loss: 1.844308 | L1: 0.927095 | L2: 0.917365 | L3: 0.917060 | lrm: 0.79 | dt: 2629.89ms | tok/sec: 199,357 | mfu: 43.83 | epoch: 1 | total time: 116.62m
step 02675 (60.70%) | K: 3 | loss: 1.838543 | L1: 0.924164 | L2: 0.914528 | L3: 0.914231 | lrm: 0.79 | dt: 2623.18ms | tok/sec: 199,867 | mfu: 43.94 | epoch: 1 | total time: 116.66m
step 02676 (60.72%) | K: 3 | loss: 1.829411 | L1: 0.919590 | L2: 0.909961 | L3: 0.909681 | lrm: 0.79 | dt: 2620.73ms | tok/sec: 200,054 | mfu: 43.99 | epoch: 1 | total time: 116.70m
step 02677 (60.74%) | K: 3 | loss: 1.829160 | L1: 0.919484 | L2: 0.909825 | L3: 0.909527 | lrm: 0.79 | dt: 2625.76ms | tok/sec: 199,671 | mfu: 43.90 | epoch: 1 | total time: 116.75m
step 02678 (60.77%) | K: 3 | loss: 1.829659 | L1: 0.919755 | L2: 0.910056 | L3: 0.909751 | lrm: 0.78 | dt: 2628.13ms | tok/sec: 199,490 | mfu: 43.86 | epoch: 1 | total time: 116.79m
step 02679 (60.79%) | K: 3 | loss: 1.846404 | L1: 0.928143 | L2: 0.918412 | L3: 0.918110 | lrm: 0.78 | dt: 2624.45ms | tok/sec: 199,770 | mfu: 43.92 | epoch: 1 | total time: 116.84m
step 02680 (60.81%) | K: 3 | loss: 1.850460 | L1: 0.930187 | L2: 0.920424 | L3: 0.920120 | lrm: 0.78 | dt: 2624.80ms | tok/sec: 199,743 | mfu: 43.92 | epoch: 1 | total time: 116.88m
step 02681 (60.84%) | K: 3 | loss: 1.855114 | L1: 0.932548 | L2: 0.922708 | L3: 0.922423 | lrm: 0.78 | dt: 2624.36ms | tok/sec: 199,777 | mfu: 43.92 | epoch: 1 | total time: 116.92m
step 02682 (60.86%) | K: 3 | loss: 1.845240 | L1: 0.927616 | L2: 0.917760 | L3: 0.917488 | lrm: 0.78 | dt: 2626.71ms | tok/sec: 199,599 | mfu: 43.89 | epoch: 1 | total time: 116.97m
step 02683 (60.88%) | K: 3 | loss: 1.840950 | L1: 0.925471 | L2: 0.915623 | L3: 0.915336 | lrm: 0.78 | dt: 2625.28ms | tok/sec: 199,707 | mfu: 43.91 | epoch: 1 | total time: 117.01m
step 02684 (60.90%) | K: 3 | loss: 1.828756 | L1: 0.919312 | L2: 0.909589 | L3: 0.909299 | lrm: 0.78 | dt: 2621.63ms | tok/sec: 199,985 | mfu: 43.97 | epoch: 1 | total time: 117.05m
step 02685 (60.93%) | K: 3 | loss: 1.821637 | L1: 0.915771 | L2: 0.906019 | L3: 0.905712 | lrm: 0.78 | dt: 2629.05ms | tok/sec: 199,420 | mfu: 43.85 | epoch: 1 | total time: 117.10m
step 02686 (60.95%) | K: 3 | loss: 1.814062 | L1: 0.912026 | L2: 0.902174 | L3: 0.901899 | lrm: 0.78 | dt: 2619.66ms | tok/sec: 200,135 | mfu: 44.00 | epoch: 1 | total time: 117.14m
step 02687 (60.97%) | K: 3 | loss: 1.807073 | L1: 0.908564 | L2: 0.898649 | L3: 0.898370 | lrm: 0.78 | dt: 2624.22ms | tok/sec: 199,788 | mfu: 43.93 | epoch: 1 | total time: 117.19m
step 02688 (60.99%) | K: 3 | loss: 1.799971 | L1: 0.904983 | L2: 0.895128 | L3: 0.894848 | lrm: 0.78 | dt: 2626.89ms | tok/sec: 199,585 | mfu: 43.88 | epoch: 1 | total time: 117.23m
step 02689 (61.02%) | K: 3 | loss: 1.809338 | L1: 0.909675 | L2: 0.899805 | L3: 0.899520 | lrm: 0.78 | dt: 2630.16ms | tok/sec: 199,336 | mfu: 43.83 | epoch: 1 | total time: 117.27m
step 02690 (61.04%) | K: 3 | loss: 1.811006 | L1: 0.910445 | L2: 0.900700 | L3: 0.900422 | lrm: 0.78 | dt: 2623.20ms | tok/sec: 199,865 | mfu: 43.94 | epoch: 1 | total time: 117.32m
step 02691 (61.06%) | K: 3 | loss: 1.823325 | L1: 0.916602 | L2: 0.906856 | L3: 0.906590 | lrm: 0.78 | dt: 2625.11ms | tok/sec: 199,720 | mfu: 43.91 | epoch: 1 | total time: 117.36m
step 02692 (61.08%) | K: 3 | loss: 1.819517 | L1: 0.914669 | L2: 0.904983 | L3: 0.904711 | lrm: 0.78 | dt: 2625.49ms | tok/sec: 199,691 | mfu: 43.91 | epoch: 1 | total time: 117.40m
step 02693 (61.11%) | K: 3 | loss: 1.815479 | L1: 0.912653 | L2: 0.902963 | L3: 0.902689 | lrm: 0.78 | dt: 2624.72ms | tok/sec: 199,749 | mfu: 43.92 | epoch: 1 | total time: 117.45m
step 02694 (61.13%) | K: 3 | loss: 1.801433 | L1: 0.905590 | L2: 0.895983 | L3: 0.895702 | lrm: 0.78 | dt: 2621.89ms | tok/sec: 199,965 | mfu: 43.97 | epoch: 1 | total time: 117.49m
step 02695 (61.15%) | K: 3 | loss: 1.802770 | L1: 0.906276 | L2: 0.896626 | L3: 0.896361 | lrm: 0.78 | dt: 2631.69ms | tok/sec: 199,220 | mfu: 43.80 | epoch: 1 | total time: 117.54m
step 02696 (61.18%) | K: 3 | loss: 1.797993 | L1: 0.903843 | L2: 0.894275 | L3: 0.894025 | lrm: 0.78 | dt: 2625.96ms | tok/sec: 199,655 | mfu: 43.90 | epoch: 1 | total time: 117.58m
step 02697 (61.20%) | K: 3 | loss: 1.801058 | L1: 0.905342 | L2: 0.895840 | L3: 0.895591 | lrm: 0.78 | dt: 2622.11ms | tok/sec: 199,948 | mfu: 43.96 | epoch: 1 | total time: 117.62m
step 02698 (61.22%) | K: 3 | loss: 1.798177 | L1: 0.903850 | L2: 0.894464 | L3: 0.894191 | lrm: 0.78 | dt: 2625.77ms | tok/sec: 199,669 | mfu: 43.90 | epoch: 1 | total time: 117.67m
step 02699 (61.24%) | K: 3 | loss: 1.804790 | L1: 0.907191 | L2: 0.897741 | L3: 0.897457 | lrm: 0.78 | dt: 2629.57ms | tok/sec: 199,381 | mfu: 43.84 | epoch: 1 | total time: 117.71m
step 02700 (61.27%) | K: 3 | loss: 1.799392 | L1: 0.904441 | L2: 0.895089 | L3: 0.894813 | lrm: 0.77 | dt: 2623.32ms | tok/sec: 199,856 | mfu: 43.94 | epoch: 1 | total time: 117.75m
step 02701 (61.29%) | K: 3 | loss: 1.797563 | L1: 0.903534 | L2: 0.894171 | L3: 0.893885 | lrm: 0.77 | dt: 2630.34ms | tok/sec: 199,323 | mfu: 43.82 | epoch: 1 | total time: 117.80m
step 02702 (61.31%) | K: 3 | loss: 1.798121 | L1: 0.903856 | L2: 0.894415 | L3: 0.894115 | lrm: 0.77 | dt: 2622.96ms | tok/sec: 199,884 | mfu: 43.95 | epoch: 1 | total time: 117.84m
step 02703 (61.33%) | K: 3 | loss: 1.794941 | L1: 0.902248 | L2: 0.892842 | L3: 0.892544 | lrm: 0.77 | dt: 2622.65ms | tok/sec: 199,908 | mfu: 43.95 | epoch: 1 | total time: 117.89m
step 02704 (61.36%) | K: 3 | loss: 1.791698 | L1: 0.900593 | L2: 0.891261 | L3: 0.890948 | lrm: 0.77 | dt: 2627.42ms | tok/sec: 199,545 | mfu: 43.87 | epoch: 1 | total time: 117.93m
step 02705 (61.38%) | K: 3 | loss: 1.795798 | L1: 0.902695 | L2: 0.893265 | L3: 0.892941 | lrm: 0.77 | dt: 2631.27ms | tok/sec: 199,253 | mfu: 43.81 | epoch: 1 | total time: 117.97m
step 02706 (61.40%) | K: 3 | loss: 1.795863 | L1: 0.902719 | L2: 0.893299 | L3: 0.892989 | lrm: 0.77 | dt: 2626.91ms | tok/sec: 199,583 | mfu: 43.88 | epoch: 1 | total time: 118.02m
step 02707 (61.43%) | K: 3 | loss: 1.802402 | L1: 0.906011 | L2: 0.896538 | L3: 0.896243 | lrm: 0.77 | dt: 2626.79ms | tok/sec: 199,592 | mfu: 43.88 | epoch: 1 | total time: 118.06m
step 02708 (61.45%) | K: 3 | loss: 1.802360 | L1: 0.905955 | L2: 0.896553 | L3: 0.896258 | lrm: 0.77 | dt: 2621.22ms | tok/sec: 200,017 | mfu: 43.98 | epoch: 1 | total time: 118.10m
step 02709 (61.47%) | K: 3 | loss: 1.806756 | L1: 0.908202 | L2: 0.898707 | L3: 0.898401 | lrm: 0.77 | dt: 2621.65ms | tok/sec: 199,984 | mfu: 43.97 | epoch: 1 | total time: 118.15m
step 02710 (61.49%) | K: 3 | loss: 1.806566 | L1: 0.908119 | L2: 0.898613 | L3: 0.898280 | lrm: 0.77 | dt: 2622.68ms | tok/sec: 199,905 | mfu: 43.95 | epoch: 1 | total time: 118.19m
step 02711 (61.52%) | K: 3 | loss: 1.811425 | L1: 0.910620 | L2: 0.900985 | L3: 0.900626 | lrm: 0.77 | dt: 2626.97ms | tok/sec: 199,578 | mfu: 43.88 | epoch: 1 | total time: 118.24m
step 02712 (61.54%) | K: 3 | loss: 1.810719 | L1: 0.910282 | L2: 0.900623 | L3: 0.900249 | lrm: 0.77 | dt: 2678.54ms | tok/sec: 195,736 | mfu: 43.04 | epoch: 1 | total time: 118.28m
step 02713 (61.56%) | K: 3 | loss: 1.810902 | L1: 0.910387 | L2: 0.900705 | L3: 0.900323 | lrm: 0.77 | dt: 2621.67ms | tok/sec: 199,982 | mfu: 43.97 | epoch: 1 | total time: 118.32m
step 02714 (61.58%) | K: 3 | loss: 1.808720 | L1: 0.909241 | L2: 0.899659 | L3: 0.899299 | lrm: 0.77 | dt: 2631.02ms | tok/sec: 199,272 | mfu: 43.81 | epoch: 1 | total time: 118.37m
step 02715 (61.61%) | K: 3 | loss: 1.798621 | L1: 0.904166 | L2: 0.894635 | L3: 0.894275 | lrm: 0.77 | dt: 2631.54ms | tok/sec: 199,232 | mfu: 43.80 | epoch: 1 | total time: 118.41m
step 02716 (61.63%) | K: 3 | loss: 1.806292 | L1: 0.907995 | L2: 0.898468 | L3: 0.898125 | lrm: 0.77 | dt: 2623.20ms | tok/sec: 199,866 | mfu: 43.94 | epoch: 1 | total time: 118.46m
step 02717 (61.65%) | K: 3 | loss: 1.807708 | L1: 0.908721 | L2: 0.899161 | L3: 0.898814 | lrm: 0.77 | dt: 2627.21ms | tok/sec: 199,561 | mfu: 43.88 | epoch: 1 | total time: 118.50m
step 02718 (61.67%) | K: 3 | loss: 1.812518 | L1: 0.911184 | L2: 0.901519 | L3: 0.901147 | lrm: 0.77 | dt: 2624.88ms | tok/sec: 199,738 | mfu: 43.92 | epoch: 1 | total time: 118.54m
step 02719 (61.70%) | K: 3 | loss: 1.818272 | L1: 0.914086 | L2: 0.904374 | L3: 0.903998 | lrm: 0.77 | dt: 2621.27ms | tok/sec: 200,012 | mfu: 43.98 | epoch: 1 | total time: 118.59m
step 02720 (61.72%) | K: 3 | loss: 1.815424 | L1: 0.912617 | L2: 0.903000 | L3: 0.902615 | lrm: 0.77 | dt: 2622.65ms | tok/sec: 199,907 | mfu: 43.95 | epoch: 1 | total time: 118.63m
step 02721 (61.74%) | K: 3 | loss: 1.816281 | L1: 0.913056 | L2: 0.903412 | L3: 0.903038 | lrm: 0.77 | dt: 2626.81ms | tok/sec: 199,591 | mfu: 43.88 | epoch: 1 | total time: 118.67m
step 02722 (61.77%) | K: 3 | loss: 1.821070 | L1: 0.915380 | L2: 0.905862 | L3: 0.905517 | lrm: 0.76 | dt: 2627.77ms | tok/sec: 199,518 | mfu: 43.87 | epoch: 1 | total time: 118.72m
step 02723 (61.79%) | K: 3 | loss: 1.819626 | L1: 0.914648 | L2: 0.905147 | L3: 0.904808 | lrm: 0.76 | dt: 2622.73ms | tok/sec: 199,901 | mfu: 43.95 | epoch: 1 | total time: 118.76m
step 02724 (61.81%) | K: 3 | loss: 1.816866 | L1: 0.913227 | L2: 0.903803 | L3: 0.903475 | lrm: 0.76 | dt: 2624.42ms | tok/sec: 199,772 | mfu: 43.92 | epoch: 1 | total time: 118.81m
step 02725 (61.83%) | K: 3 | loss: 1.815110 | L1: 0.912284 | L2: 0.902984 | L3: 0.902668 | lrm: 0.76 | dt: 2624.50ms | tok/sec: 199,766 | mfu: 43.92 | epoch: 1 | total time: 118.85m
step 02726 (61.86%) | K: 3 | loss: 1.812502 | L1: 0.911030 | L2: 0.901634 | L3: 0.901310 | lrm: 0.76 | dt: 2625.20ms | tok/sec: 199,713 | mfu: 43.91 | epoch: 1 | total time: 118.89m
step 02727 (61.88%) | K: 3 | loss: 1.807134 | L1: 0.908268 | L2: 0.899026 | L3: 0.898706 | lrm: 0.76 | dt: 2622.58ms | tok/sec: 199,912 | mfu: 43.95 | epoch: 1 | total time: 118.94m
step 02728 (61.90%) | K: 3 | loss: 1.804878 | L1: 0.907112 | L2: 0.897918 | L3: 0.897614 | lrm: 0.76 | dt: 2625.50ms | tok/sec: 199,690 | mfu: 43.91 | epoch: 1 | total time: 118.98m
step 02729 (61.92%) | K: 3 | loss: 1.807837 | L1: 0.908717 | L2: 0.899269 | L3: 0.898971 | lrm: 0.76 | dt: 2627.21ms | tok/sec: 199,560 | mfu: 43.88 | epoch: 1 | total time: 119.02m
step 02730 (61.95%) | K: 3 | loss: 1.804234 | L1: 0.906872 | L2: 0.897502 | L3: 0.897223 | lrm: 0.76 | dt: 2626.08ms | tok/sec: 199,646 | mfu: 43.90 | epoch: 1 | total time: 119.07m
step 02731 (61.97%) | K: 3 | loss: 1.798236 | L1: 0.903897 | L2: 0.894482 | L3: 0.894196 | lrm: 0.76 | dt: 2623.79ms | tok/sec: 199,820 | mfu: 43.93 | epoch: 1 | total time: 119.11m
step 02732 (61.99%) | K: 3 | loss: 1.786885 | L1: 0.898234 | L2: 0.888810 | L3: 0.888491 | lrm: 0.76 | dt: 2631.72ms | tok/sec: 199,219 | mfu: 43.80 | epoch: 1 | total time: 119.16m
step 02733 (62.01%) | K: 3 | loss: 1.784672 | L1: 0.897060 | L2: 0.887766 | L3: 0.887457 | lrm: 0.76 | dt: 2623.30ms | tok/sec: 199,858 | mfu: 43.94 | epoch: 1 | total time: 119.20m
step 02734 (62.04%) | K: 3 | loss: 1.777331 | L1: 0.893344 | L2: 0.884148 | L3: 0.883826 | lrm: 0.76 | dt: 2621.60ms | tok/sec: 199,987 | mfu: 43.97 | epoch: 1 | total time: 119.24m
step 02735 (62.06%) | K: 3 | loss: 1.783844 | L1: 0.896607 | L2: 0.887405 | L3: 0.887069 | lrm: 0.76 | dt: 2620.72ms | tok/sec: 200,055 | mfu: 43.99 | epoch: 1 | total time: 119.29m
step 02736 (62.08%) | K: 3 | loss: 1.782320 | L1: 0.895879 | L2: 0.886615 | L3: 0.886267 | lrm: 0.76 | dt: 2625.00ms | tok/sec: 199,729 | mfu: 43.91 | epoch: 1 | total time: 119.33m
step 02737 (62.11%) | K: 3 | loss: 1.770800 | L1: 0.890105 | L2: 0.880867 | L3: 0.880522 | lrm: 0.76 | dt: 2620.38ms | tok/sec: 200,081 | mfu: 43.99 | epoch: 1 | total time: 119.37m
step 02738 (62.13%) | K: 3 | loss: 1.772164 | L1: 0.890851 | L2: 0.881479 | L3: 0.881147 | lrm: 0.76 | dt: 2624.95ms | tok/sec: 199,732 | mfu: 43.91 | epoch: 1 | total time: 119.42m
step 02739 (62.15%) | K: 3 | loss: 1.773300 | L1: 0.891442 | L2: 0.882035 | L3: 0.881679 | lrm: 0.76 | dt: 2624.07ms | tok/sec: 199,799 | mfu: 43.93 | epoch: 1 | total time: 119.46m
step 02740 (62.17%) | K: 3 | loss: 1.770445 | L1: 0.889972 | L2: 0.880653 | L3: 0.880294 | lrm: 0.76 | dt: 2629.44ms | tok/sec: 199,391 | mfu: 43.84 | epoch: 1 | total time: 119.51m
step 02741 (62.20%) | K: 3 | loss: 1.770177 | L1: 0.889877 | L2: 0.880477 | L3: 0.880122 | lrm: 0.76 | dt: 2626.31ms | tok/sec: 199,628 | mfu: 43.89 | epoch: 1 | total time: 119.55m
step 02742 (62.22%) | K: 3 | loss: 1.772553 | L1: 0.891052 | L2: 0.881679 | L3: 0.881324 | lrm: 0.76 | dt: 2624.24ms | tok/sec: 199,786 | mfu: 43.93 | epoch: 1 | total time: 119.59m
step 02743 (62.24%) | K: 3 | loss: 1.781032 | L1: 0.895282 | L2: 0.885922 | L3: 0.885579 | lrm: 0.76 | dt: 2622.53ms | tok/sec: 199,916 | mfu: 43.96 | epoch: 1 | total time: 119.64m
step 02744 (62.26%) | K: 3 | loss: 1.778203 | L1: 0.893874 | L2: 0.884506 | L3: 0.884153 | lrm: 0.75 | dt: 2627.02ms | tok/sec: 199,575 | mfu: 43.88 | epoch: 1 | total time: 119.68m
step 02745 (62.29%) | K: 3 | loss: 1.777522 | L1: 0.893482 | L2: 0.884216 | L3: 0.883863 | lrm: 0.75 | dt: 2623.36ms | tok/sec: 199,853 | mfu: 43.94 | epoch: 1 | total time: 119.72m
step 02746 (62.31%) | K: 3 | loss: 1.789301 | L1: 0.899402 | L2: 0.890061 | L3: 0.889738 | lrm: 0.75 | dt: 2624.27ms | tok/sec: 199,784 | mfu: 43.93 | epoch: 1 | total time: 119.77m
step 02747 (62.33%) | K: 3 | loss: 1.802215 | L1: 0.905875 | L2: 0.896499 | L3: 0.896180 | lrm: 0.75 | dt: 2629.58ms | tok/sec: 199,381 | mfu: 43.84 | epoch: 1 | total time: 119.81m
step 02748 (62.36%) | K: 3 | loss: 1.805145 | L1: 0.907368 | L2: 0.897943 | L3: 0.897612 | lrm: 0.75 | dt: 2623.94ms | tok/sec: 199,809 | mfu: 43.93 | epoch: 1 | total time: 119.86m
step 02749 (62.38%) | K: 3 | loss: 1.810929 | L1: 0.910274 | L2: 0.900812 | L3: 0.900497 | lrm: 0.75 | dt: 2625.19ms | tok/sec: 199,714 | mfu: 43.91 | epoch: 1 | total time: 119.90m
step 02750 (62.40%) | K: 3 | loss: 1.801137 | L1: 0.905404 | L2: 0.895894 | L3: 0.895572 | lrm: 0.75 | dt: 2624.87ms | tok/sec: 199,738 | mfu: 43.92 | epoch: 1 | total time: 119.94m
Step 02750 | Validation L1 bpb: 0.4794 | L2 bpb: 0.4744 | L3 bpb: 0.4743
step 02751 (62.42%) | K: 3 | loss: 1.790535 | L1: 0.900096 | L2: 0.890606 | L3: 0.890273 | lrm: 0.75 | dt: 2618.10ms | tok/sec: 200,255 | mfu: 44.03 | epoch: 1 | total time: 119.99m
step 02752 (62.45%) | K: 3 | loss: 1.791812 | L1: 0.900752 | L2: 0.891236 | L3: 0.890885 | lrm: 0.75 | dt: 2631.06ms | tok/sec: 199,268 | mfu: 43.81 | epoch: 1 | total time: 120.03m
step 02753 (62.47%) | K: 3 | loss: 1.806232 | L1: 0.907951 | L2: 0.898460 | L3: 0.898101 | lrm: 0.75 | dt: 2622.97ms | tok/sec: 199,883 | mfu: 43.95 | epoch: 1 | total time: 120.07m
step 02754 (62.49%) | K: 3 | loss: 1.806540 | L1: 0.908097 | L2: 0.898636 | L3: 0.898248 | lrm: 0.75 | dt: 2621.25ms | tok/sec: 200,014 | mfu: 43.98 | epoch: 1 | total time: 120.12m
step 02755 (62.51%) | K: 3 | loss: 1.814265 | L1: 0.911991 | L2: 0.902468 | L3: 0.902079 | lrm: 0.75 | dt: 2625.72ms | tok/sec: 199,673 | mfu: 43.90 | epoch: 1 | total time: 120.16m
step 02756 (62.54%) | K: 3 | loss: 1.805820 | L1: 0.907732 | L2: 0.898288 | L3: 0.897887 | lrm: 0.75 | dt: 2624.88ms | tok/sec: 199,737 | mfu: 43.92 | epoch: 1 | total time: 120.21m
step 02757 (62.56%) | K: 3 | loss: 1.803964 | L1: 0.906739 | L2: 0.897403 | L3: 0.897048 | lrm: 0.75 | dt: 2623.47ms | tok/sec: 199,845 | mfu: 43.94 | epoch: 1 | total time: 120.25m
step 02758 (62.58%) | K: 3 | loss: 1.801791 | L1: 0.905667 | L2: 0.896295 | L3: 0.895953 | lrm: 0.75 | dt: 2621.45ms | tok/sec: 199,999 | mfu: 43.97 | epoch: 1 | total time: 120.29m
step 02759 (62.60%) | K: 3 | loss: 1.791464 | L1: 0.900458 | L2: 0.891174 | L3: 0.890838 | lrm: 0.75 | dt: 2622.66ms | tok/sec: 199,907 | mfu: 43.95 | epoch: 1 | total time: 120.34m
step 02760 (62.63%) | K: 3 | loss: 1.789299 | L1: 0.899292 | L2: 0.890170 | L3: 0.889843 | lrm: 0.75 | dt: 2622.55ms | tok/sec: 199,915 | mfu: 43.95 | epoch: 1 | total time: 120.38m
step 02761 (62.65%) | K: 3 | loss: 1.789252 | L1: 0.899300 | L2: 0.890131 | L3: 0.889774 | lrm: 0.75 | dt: 2627.53ms | tok/sec: 199,536 | mfu: 43.87 | epoch: 1 | total time: 120.42m
step 02762 (62.67%) | K: 3 | loss: 1.804378 | L1: 0.906923 | L2: 0.897630 | L3: 0.897281 | lrm: 0.75 | dt: 2623.13ms | tok/sec: 199,871 | mfu: 43.95 | epoch: 1 | total time: 120.47m
step 02763 (62.70%) | K: 3 | loss: 1.803410 | L1: 0.906423 | L2: 0.897155 | L3: 0.896819 | lrm: 0.75 | dt: 2620.33ms | tok/sec: 200,084 | mfu: 43.99 | epoch: 1 | total time: 120.51m
step 02764 (62.72%) | K: 3 | loss: 1.803490 | L1: 0.906464 | L2: 0.897184 | L3: 0.896869 | lrm: 0.75 | dt: 2624.51ms | tok/sec: 199,765 | mfu: 43.92 | epoch: 1 | total time: 120.56m
step 02765 (62.74%) | K: 3 | loss: 1.811460 | L1: 0.910426 | L2: 0.901180 | L3: 0.900889 | lrm: 0.75 | dt: 2624.06ms | tok/sec: 199,800 | mfu: 43.93 | epoch: 1 | total time: 120.60m
step 02766 (62.76%) | K: 3 | loss: 1.809756 | L1: 0.909626 | L2: 0.900280 | L3: 0.899979 | lrm: 0.74 | dt: 2624.70ms | tok/sec: 199,751 | mfu: 43.92 | epoch: 1 | total time: 120.64m
step 02767 (62.79%) | K: 3 | loss: 1.819117 | L1: 0.914275 | L2: 0.904979 | L3: 0.904707 | lrm: 0.74 | dt: 2622.04ms | tok/sec: 199,954 | mfu: 43.96 | epoch: 1 | total time: 120.69m
step 02768 (62.81%) | K: 3 | loss: 1.822147 | L1: 0.915810 | L2: 0.906475 | L3: 0.906198 | lrm: 0.74 | dt: 2624.80ms | tok/sec: 199,743 | mfu: 43.92 | epoch: 1 | total time: 120.73m
step 02769 (62.83%) | K: 3 | loss: 1.821163 | L1: 0.915337 | L2: 0.905965 | L3: 0.905688 | lrm: 0.74 | dt: 2628.75ms | tok/sec: 199,443 | mfu: 43.85 | epoch: 1 | total time: 120.77m
step 02770 (62.85%) | K: 3 | loss: 1.817329 | L1: 0.913420 | L2: 0.904062 | L3: 0.903756 | lrm: 0.74 | dt: 2619.65ms | tok/sec: 200,136 | mfu: 44.00 | epoch: 1 | total time: 120.82m
step 02771 (62.88%) | K: 3 | loss: 1.819003 | L1: 0.914292 | L2: 0.904872 | L3: 0.904551 | lrm: 0.74 | dt: 2639.11ms | tok/sec: 198,660 | mfu: 43.68 | epoch: 1 | total time: 120.86m
step 02772 (62.90%) | K: 3 | loss: 1.824308 | L1: 0.916976 | L2: 0.907497 | L3: 0.907165 | lrm: 0.74 | dt: 2623.31ms | tok/sec: 199,857 | mfu: 43.94 | epoch: 1 | total time: 120.91m
step 02773 (62.92%) | K: 3 | loss: 1.815367 | L1: 0.912516 | L2: 0.902999 | L3: 0.902702 | lrm: 0.74 | dt: 2624.90ms | tok/sec: 199,736 | mfu: 43.92 | epoch: 1 | total time: 120.95m
step 02774 (62.95%) | K: 3 | loss: 1.810717 | L1: 0.910129 | L2: 0.900741 | L3: 0.900434 | lrm: 0.74 | dt: 2630.93ms | tok/sec: 199,278 | mfu: 43.81 | epoch: 1 | total time: 120.99m
step 02775 (62.97%) | K: 3 | loss: 1.808422 | L1: 0.908978 | L2: 0.899592 | L3: 0.899296 | lrm: 0.74 | dt: 2620.32ms | tok/sec: 200,085 | mfu: 43.99 | epoch: 1 | total time: 121.04m
step 02776 (62.99%) | K: 3 | loss: 1.801290 | L1: 0.905422 | L2: 0.896000 | L3: 0.895736 | lrm: 0.74 | dt: 2623.84ms | tok/sec: 199,816 | mfu: 43.93 | epoch: 1 | total time: 121.08m
step 02777 (63.01%) | K: 3 | loss: 1.797773 | L1: 0.903655 | L2: 0.894244 | L3: 0.893993 | lrm: 0.74 | dt: 2622.49ms | tok/sec: 199,919 | mfu: 43.96 | epoch: 1 | total time: 121.12m
step 02778 (63.04%) | K: 3 | loss: 1.802064 | L1: 0.905759 | L2: 0.896432 | L3: 0.896178 | lrm: 0.74 | dt: 2628.50ms | tok/sec: 199,462 | mfu: 43.86 | epoch: 1 | total time: 121.17m
step 02779 (63.06%) | K: 3 | loss: 1.795270 | L1: 0.902346 | L2: 0.893055 | L3: 0.892794 | lrm: 0.74 | dt: 2625.77ms | tok/sec: 199,670 | mfu: 43.90 | epoch: 1 | total time: 121.21m
step 02780 (63.08%) | K: 3 | loss: 1.788400 | L1: 0.898909 | L2: 0.889623 | L3: 0.889359 | lrm: 0.74 | dt: 2622.07ms | tok/sec: 199,951 | mfu: 43.96 | epoch: 1 | total time: 121.26m
step 02781 (63.10%) | K: 3 | loss: 1.795061 | L1: 0.902281 | L2: 0.892921 | L3: 0.892639 | lrm: 0.74 | dt: 2629.27ms | tok/sec: 199,404 | mfu: 43.84 | epoch: 1 | total time: 121.30m
step 02782 (63.13%) | K: 3 | loss: 1.791982 | L1: 0.900802 | L2: 0.891333 | L3: 0.891028 | lrm: 0.74 | dt: 2622.76ms | tok/sec: 199,899 | mfu: 43.95 | epoch: 1 | total time: 121.34m
step 02783 (63.15%) | K: 3 | loss: 1.796676 | L1: 0.903088 | L2: 0.893741 | L3: 0.893435 | lrm: 0.74 | dt: 2619.48ms | tok/sec: 200,149 | mfu: 44.01 | epoch: 1 | total time: 121.39m
step 02784 (63.17%) | K: 3 | loss: 1.794398 | L1: 0.901938 | L2: 0.892609 | L3: 0.892311 | lrm: 0.74 | dt: 2623.76ms | tok/sec: 199,823 | mfu: 43.93 | epoch: 1 | total time: 121.43m
step 02785 (63.19%) | K: 3 | loss: 1.807556 | L1: 0.908588 | L2: 0.899132 | L3: 0.898805 | lrm: 0.74 | dt: 2623.11ms | tok/sec: 199,873 | mfu: 43.95 | epoch: 1 | total time: 121.47m
step 02786 (63.22%) | K: 3 | loss: 1.810011 | L1: 0.909764 | L2: 0.900410 | L3: 0.900084 | lrm: 0.74 | dt: 2625.68ms | tok/sec: 199,677 | mfu: 43.90 | epoch: 1 | total time: 121.52m
step 02787 (63.24%) | K: 3 | loss: 1.807334 | L1: 0.908407 | L2: 0.899081 | L3: 0.898773 | lrm: 0.74 | dt: 2625.46ms | tok/sec: 199,693 | mfu: 43.91 | epoch: 1 | total time: 121.56m
step 02788 (63.26%) | K: 3 | loss: 1.811113 | L1: 0.910340 | L2: 0.900936 | L3: 0.900610 | lrm: 0.73 | dt: 2623.52ms | tok/sec: 199,841 | mfu: 43.94 | epoch: 1 | total time: 121.61m
step 02789 (63.29%) | K: 3 | loss: 1.803768 | L1: 0.906587 | L2: 0.897345 | L3: 0.897016 | lrm: 0.73 | dt: 2624.32ms | tok/sec: 199,780 | mfu: 43.93 | epoch: 1 | total time: 121.65m
step 02790 (63.31%) | K: 3 | loss: 1.792618 | L1: 0.901060 | L2: 0.891728 | L3: 0.891387 | lrm: 0.73 | dt: 2624.38ms | tok/sec: 199,775 | mfu: 43.92 | epoch: 1 | total time: 121.69m
step 02791 (63.33%) | K: 3 | loss: 1.794215 | L1: 0.901897 | L2: 0.892492 | L3: 0.892145 | lrm: 0.73 | dt: 2619.73ms | tok/sec: 200,130 | mfu: 44.00 | epoch: 1 | total time: 121.74m
step 02792 (63.35%) | K: 3 | loss: 1.788506 | L1: 0.899027 | L2: 0.889656 | L3: 0.889302 | lrm: 0.73 | dt: 2626.92ms | tok/sec: 199,582 | mfu: 43.88 | epoch: 1 | total time: 121.78m
step 02793 (63.38%) | K: 3 | loss: 1.784969 | L1: 0.897249 | L2: 0.887892 | L3: 0.887549 | lrm: 0.73 | dt: 2625.67ms | tok/sec: 199,678 | mfu: 43.90 | epoch: 1 | total time: 121.82m
step 02794 (63.40%) | K: 3 | loss: 1.783697 | L1: 0.896648 | L2: 0.887212 | L3: 0.886886 | lrm: 0.73 | dt: 2625.87ms | tok/sec: 199,662 | mfu: 43.90 | epoch: 1 | total time: 121.87m
step 02795 (63.42%) | K: 3 | loss: 1.784964 | L1: 0.897302 | L2: 0.887826 | L3: 0.887499 | lrm: 0.73 | dt: 2624.79ms | tok/sec: 199,744 | mfu: 43.92 | epoch: 1 | total time: 121.91m
step 02796 (63.44%) | K: 3 | loss: 1.794293 | L1: 0.901978 | L2: 0.892477 | L3: 0.892154 | lrm: 0.73 | dt: 2623.87ms | tok/sec: 199,815 | mfu: 43.93 | epoch: 1 | total time: 121.95m
step 02797 (63.47%) | K: 3 | loss: 1.787108 | L1: 0.898399 | L2: 0.888866 | L3: 0.888552 | lrm: 0.73 | dt: 2627.19ms | tok/sec: 199,562 | mfu: 43.88 | epoch: 1 | total time: 122.00m
step 02798 (63.49%) | K: 3 | loss: 1.784298 | L1: 0.896937 | L2: 0.887513 | L3: 0.887208 | lrm: 0.73 | dt: 2623.44ms | tok/sec: 199,847 | mfu: 43.94 | epoch: 1 | total time: 122.04m
step 02799 (63.51%) | K: 3 | loss: 1.781493 | L1: 0.895540 | L2: 0.886100 | L3: 0.885805 | lrm: 0.73 | dt: 2622.13ms | tok/sec: 199,947 | mfu: 43.96 | epoch: 1 | total time: 122.09m
step 02800 (63.54%) | K: 3 | loss: 1.789317 | L1: 0.899419 | L2: 0.890043 | L3: 0.889752 | lrm: 0.73 | dt: 2621.89ms | tok/sec: 199,965 | mfu: 43.97 | epoch: 1 | total time: 122.13m
step 02801 (63.56%) | K: 3 | loss: 1.790334 | L1: 0.899918 | L2: 0.890559 | L3: 0.890273 | lrm: 0.73 | dt: 2624.81ms | tok/sec: 199,743 | mfu: 43.92 | epoch: 1 | total time: 122.17m
step 02802 (63.58%) | K: 3 | loss: 1.795960 | L1: 0.902738 | L2: 0.893369 | L3: 0.893075 | lrm: 0.73 | dt: 2625.17ms | tok/sec: 199,715 | mfu: 43.91 | epoch: 1 | total time: 122.22m
step 02803 (63.60%) | K: 3 | loss: 1.801951 | L1: 0.905780 | L2: 0.896303 | L3: 0.896038 | lrm: 0.73 | dt: 2623.36ms | tok/sec: 199,853 | mfu: 43.94 | epoch: 1 | total time: 122.26m
step 02804 (63.63%) | K: 3 | loss: 1.806570 | L1: 0.908089 | L2: 0.898616 | L3: 0.898346 | lrm: 0.73 | dt: 2626.96ms | tok/sec: 199,579 | mfu: 43.88 | epoch: 1 | total time: 122.30m
step 02805 (63.65%) | K: 3 | loss: 1.797335 | L1: 0.903441 | L2: 0.894029 | L3: 0.893759 | lrm: 0.73 | dt: 2625.69ms | tok/sec: 199,676 | mfu: 43.90 | epoch: 1 | total time: 122.35m
step 02806 (63.67%) | K: 3 | loss: 1.791795 | L1: 0.900626 | L2: 0.891286 | L3: 0.891052 | lrm: 0.73 | dt: 2622.15ms | tok/sec: 199,945 | mfu: 43.96 | epoch: 1 | total time: 122.39m
step 02807 (63.69%) | K: 3 | loss: 1.785845 | L1: 0.897668 | L2: 0.888309 | L3: 0.888046 | lrm: 0.73 | dt: 2623.57ms | tok/sec: 199,837 | mfu: 43.94 | epoch: 1 | total time: 122.44m
step 02808 (63.72%) | K: 3 | loss: 1.779443 | L1: 0.894496 | L2: 0.885092 | L3: 0.884802 | lrm: 0.73 | dt: 2624.55ms | tok/sec: 199,763 | mfu: 43.92 | epoch: 1 | total time: 122.48m
step 02809 (63.74%) | K: 3 | loss: 1.779259 | L1: 0.894417 | L2: 0.884991 | L3: 0.884693 | lrm: 0.73 | dt: 2624.94ms | tok/sec: 199,733 | mfu: 43.91 | epoch: 1 | total time: 122.52m
step 02810 (63.76%) | K: 3 | loss: 1.774187 | L1: 0.891881 | L2: 0.882449 | L3: 0.882163 | lrm: 0.72 | dt: 2624.80ms | tok/sec: 199,743 | mfu: 43.92 | epoch: 1 | total time: 122.57m
step 02811 (63.78%) | K: 3 | loss: 1.768588 | L1: 0.889077 | L2: 0.879646 | L3: 0.879376 | lrm: 0.72 | dt: 2624.30ms | tok/sec: 199,781 | mfu: 43.93 | epoch: 1 | total time: 122.61m
step 02812 (63.81%) | K: 3 | loss: 1.756512 | L1: 0.883008 | L2: 0.873637 | L3: 0.873370 | lrm: 0.72 | dt: 2624.84ms | tok/sec: 199,741 | mfu: 43.92 | epoch: 1 | total time: 122.65m
step 02813 (63.83%) | K: 3 | loss: 1.765239 | L1: 0.887388 | L2: 0.877971 | L3: 0.877732 | lrm: 0.72 | dt: 2627.40ms | tok/sec: 199,546 | mfu: 43.87 | epoch: 1 | total time: 122.70m
step 02814 (63.85%) | K: 3 | loss: 1.777570 | L1: 0.893503 | L2: 0.884182 | L3: 0.883951 | lrm: 0.72 | dt: 2622.96ms | tok/sec: 199,884 | mfu: 43.95 | epoch: 1 | total time: 122.74m
step 02815 (63.88%) | K: 3 | loss: 1.772262 | L1: 0.890886 | L2: 0.881496 | L3: 0.881257 | lrm: 0.72 | dt: 2622.89ms | tok/sec: 199,889 | mfu: 43.95 | epoch: 1 | total time: 122.79m
step 02816 (63.90%) | K: 3 | loss: 1.786834 | L1: 0.898180 | L2: 0.888782 | L3: 0.888527 | lrm: 0.72 | dt: 2623.16ms | tok/sec: 199,868 | mfu: 43.94 | epoch: 1 | total time: 122.83m
step 02817 (63.92%) | K: 3 | loss: 1.779234 | L1: 0.894386 | L2: 0.884981 | L3: 0.884714 | lrm: 0.72 | dt: 2624.92ms | tok/sec: 199,735 | mfu: 43.92 | epoch: 1 | total time: 122.87m
step 02818 (63.94%) | K: 3 | loss: 1.776898 | L1: 0.893199 | L2: 0.883831 | L3: 0.883566 | lrm: 0.72 | dt: 2624.67ms | tok/sec: 199,754 | mfu: 43.92 | epoch: 1 | total time: 122.92m
step 02819 (63.97%) | K: 3 | loss: 1.786554 | L1: 0.898015 | L2: 0.888655 | L3: 0.888422 | lrm: 0.72 | dt: 2623.61ms | tok/sec: 199,834 | mfu: 43.94 | epoch: 1 | total time: 122.96m
step 02820 (63.99%) | K: 3 | loss: 1.803944 | L1: 0.906721 | L2: 0.897349 | L3: 0.897096 | lrm: 0.72 | dt: 2627.88ms | tok/sec: 199,509 | mfu: 43.87 | epoch: 1 | total time: 123.00m
step 02821 (64.01%) | K: 3 | loss: 1.807482 | L1: 0.908444 | L2: 0.899156 | L3: 0.898919 | lrm: 0.72 | dt: 2625.68ms | tok/sec: 199,676 | mfu: 43.90 | epoch: 1 | total time: 123.05m
step 02822 (64.03%) | K: 3 | loss: 1.797141 | L1: 0.903245 | L2: 0.894013 | L3: 0.893778 | lrm: 0.72 | dt: 2990.10ms | tok/sec: 175,341 | mfu: 38.55 | epoch: 1 | total time: 123.10m
step 02823 (64.06%) | K: 3 | loss: 1.794920 | L1: 0.902164 | L2: 0.892889 | L3: 0.892624 | lrm: 0.72 | dt: 2623.40ms | tok/sec: 199,850 | mfu: 43.94 | epoch: 1 | total time: 123.14m
step 02824 (64.08%) | K: 3 | loss: 1.793240 | L1: 0.901327 | L2: 0.892035 | L3: 0.891790 | lrm: 0.72 | dt: 2626.04ms | tok/sec: 199,649 | mfu: 43.90 | epoch: 1 | total time: 123.19m
step 02825 (64.10%) | K: 3 | loss: 1.790469 | L1: 0.899904 | L2: 0.890677 | L3: 0.890454 | lrm: 0.72 | dt: 2620.35ms | tok/sec: 200,083 | mfu: 43.99 | epoch: 1 | total time: 123.23m
step 02826 (64.13%) | K: 3 | loss: 1.790533 | L1: 0.900039 | L2: 0.890608 | L3: 0.890380 | lrm: 0.72 | dt: 2626.96ms | tok/sec: 199,580 | mfu: 43.88 | epoch: 1 | total time: 123.27m
step 02827 (64.15%) | K: 3 | loss: 1.799060 | L1: 0.904338 | L2: 0.894836 | L3: 0.894609 | lrm: 0.72 | dt: 2622.28ms | tok/sec: 199,936 | mfu: 43.96 | epoch: 1 | total time: 123.32m
step 02828 (64.17%) | K: 3 | loss: 1.797243 | L1: 0.903407 | L2: 0.893953 | L3: 0.893719 | lrm: 0.72 | dt: 2623.47ms | tok/sec: 199,844 | mfu: 43.94 | epoch: 1 | total time: 123.36m
step 02829 (64.19%) | K: 3 | loss: 1.791207 | L1: 0.900433 | L2: 0.890899 | L3: 0.890649 | lrm: 0.72 | dt: 2625.50ms | tok/sec: 199,690 | mfu: 43.91 | epoch: 1 | total time: 123.40m
step 02830 (64.22%) | K: 3 | loss: 1.787839 | L1: 0.898750 | L2: 0.889218 | L3: 0.888959 | lrm: 0.72 | dt: 2624.48ms | tok/sec: 199,768 | mfu: 43.92 | epoch: 1 | total time: 123.45m
step 02831 (64.24%) | K: 3 | loss: 1.786478 | L1: 0.898064 | L2: 0.888544 | L3: 0.888283 | lrm: 0.72 | dt: 2621.96ms | tok/sec: 199,960 | mfu: 43.96 | epoch: 1 | total time: 123.49m
step 02832 (64.26%) | K: 3 | loss: 1.783731 | L1: 0.896723 | L2: 0.887148 | L3: 0.886867 | lrm: 0.71 | dt: 2623.03ms | tok/sec: 199,878 | mfu: 43.95 | epoch: 1 | total time: 123.54m
step 02833 (64.28%) | K: 3 | loss: 1.782656 | L1: 0.896151 | L2: 0.886659 | L3: 0.886352 | lrm: 0.71 | dt: 2622.37ms | tok/sec: 199,928 | mfu: 43.96 | epoch: 1 | total time: 123.58m
step 02834 (64.31%) | K: 3 | loss: 1.784641 | L1: 0.897139 | L2: 0.887650 | L3: 0.887355 | lrm: 0.71 | dt: 2626.60ms | tok/sec: 199,607 | mfu: 43.89 | epoch: 1 | total time: 123.62m
step 02835 (64.33%) | K: 3 | loss: 1.785114 | L1: 0.897426 | L2: 0.887840 | L3: 0.887536 | lrm: 0.71 | dt: 2624.93ms | tok/sec: 199,734 | mfu: 43.92 | epoch: 1 | total time: 123.67m
step 02836 (64.35%) | K: 3 | loss: 1.795257 | L1: 0.902486 | L2: 0.892927 | L3: 0.892615 | lrm: 0.71 | dt: 2624.61ms | tok/sec: 199,758 | mfu: 43.92 | epoch: 1 | total time: 123.71m
step 02837 (64.37%) | K: 3 | loss: 1.796960 | L1: 0.903304 | L2: 0.893804 | L3: 0.893510 | lrm: 0.71 | dt: 2623.23ms | tok/sec: 199,863 | mfu: 43.94 | epoch: 1 | total time: 123.75m
step 02838 (64.40%) | K: 3 | loss: 1.804041 | L1: 0.906898 | L2: 0.897295 | L3: 0.896991 | lrm: 0.71 | dt: 2625.42ms | tok/sec: 199,696 | mfu: 43.91 | epoch: 1 | total time: 123.80m
step 02839 (64.42%) | K: 3 | loss: 1.804531 | L1: 0.907106 | L2: 0.897579 | L3: 0.897273 | lrm: 0.71 | dt: 2624.83ms | tok/sec: 199,741 | mfu: 43.92 | epoch: 1 | total time: 123.84m
step 02840 (64.44%) | K: 3 | loss: 1.807208 | L1: 0.908517 | L2: 0.898852 | L3: 0.898529 | lrm: 0.71 | dt: 2626.86ms | tok/sec: 199,587 | mfu: 43.88 | epoch: 1 | total time: 123.89m
step 02841 (64.47%) | K: 3 | loss: 1.802200 | L1: 0.906040 | L2: 0.896327 | L3: 0.895994 | lrm: 0.71 | dt: 2623.36ms | tok/sec: 199,853 | mfu: 43.94 | epoch: 1 | total time: 123.93m
step 02842 (64.49%) | K: 3 | loss: 1.799342 | L1: 0.904515 | L2: 0.894980 | L3: 0.894674 | lrm: 0.71 | dt: 2623.57ms | tok/sec: 199,837 | mfu: 43.94 | epoch: 1 | total time: 123.97m
step 02843 (64.51%) | K: 3 | loss: 1.803885 | L1: 0.906745 | L2: 0.897292 | L3: 0.896987 | lrm: 0.71 | dt: 2627.18ms | tok/sec: 199,563 | mfu: 43.88 | epoch: 1 | total time: 124.02m
step 02844 (64.53%) | K: 3 | loss: 1.806330 | L1: 0.907985 | L2: 0.898482 | L3: 0.898209 | lrm: 0.71 | dt: 2622.69ms | tok/sec: 199,904 | mfu: 43.95 | epoch: 1 | total time: 124.06m
step 02845 (64.56%) | K: 3 | loss: 1.804919 | L1: 0.907280 | L2: 0.897783 | L3: 0.897496 | lrm: 0.71 | dt: 2626.45ms | tok/sec: 199,618 | mfu: 43.89 | epoch: 1 | total time: 124.10m
step 02846 (64.58%) | K: 3 | loss: 1.796404 | L1: 0.903046 | L2: 0.893500 | L3: 0.893215 | lrm: 0.71 | dt: 2626.46ms | tok/sec: 199,618 | mfu: 43.89 | epoch: 1 | total time: 124.15m
step 02847 (64.60%) | K: 3 | loss: 1.800840 | L1: 0.905278 | L2: 0.895709 | L3: 0.895414 | lrm: 0.71 | dt: 2624.21ms | tok/sec: 199,788 | mfu: 43.93 | epoch: 1 | total time: 124.19m
step 02848 (64.62%) | K: 3 | loss: 1.792866 | L1: 0.901264 | L2: 0.891736 | L3: 0.891469 | lrm: 0.71 | dt: 2626.39ms | tok/sec: 199,622 | mfu: 43.89 | epoch: 1 | total time: 124.24m
step 02849 (64.65%) | K: 3 | loss: 1.789913 | L1: 0.899730 | L2: 0.890315 | L3: 0.890050 | lrm: 0.71 | dt: 2624.60ms | tok/sec: 199,759 | mfu: 43.92 | epoch: 1 | total time: 124.28m
step 02850 (64.67%) | K: 3 | loss: 1.792692 | L1: 0.901166 | L2: 0.891665 | L3: 0.891387 | lrm: 0.71 | dt: 2621.03ms | tok/sec: 200,031 | mfu: 43.98 | epoch: 1 | total time: 124.32m
step 02851 (64.69%) | K: 3 | loss: 1.789049 | L1: 0.899315 | L2: 0.889876 | L3: 0.889592 | lrm: 0.71 | dt: 2620.88ms | tok/sec: 200,043 | mfu: 43.98 | epoch: 1 | total time: 124.37m
step 02852 (64.72%) | K: 3 | loss: 1.790333 | L1: 0.899974 | L2: 0.890483 | L3: 0.890235 | lrm: 0.71 | dt: 2624.08ms | tok/sec: 199,798 | mfu: 43.93 | epoch: 1 | total time: 124.41m
step 02853 (64.74%) | K: 3 | loss: 1.796186 | L1: 0.902936 | L2: 0.893379 | L3: 0.893121 | lrm: 0.71 | dt: 2622.30ms | tok/sec: 199,934 | mfu: 43.96 | epoch: 1 | total time: 124.45m
step 02854 (64.76%) | K: 3 | loss: 1.798526 | L1: 0.904138 | L2: 0.894517 | L3: 0.894259 | lrm: 0.70 | dt: 2622.86ms | tok/sec: 199,892 | mfu: 43.95 | epoch: 1 | total time: 124.50m
step 02855 (64.78%) | K: 3 | loss: 1.805172 | L1: 0.907493 | L2: 0.897819 | L3: 0.897538 | lrm: 0.70 | dt: 2626.49ms | tok/sec: 199,615 | mfu: 43.89 | epoch: 1 | total time: 124.54m
step 02856 (64.81%) | K: 3 | loss: 1.805253 | L1: 0.907522 | L2: 0.897871 | L3: 0.897591 | lrm: 0.70 | dt: 2623.49ms | tok/sec: 199,843 | mfu: 43.94 | epoch: 1 | total time: 124.59m
step 02857 (64.83%) | K: 3 | loss: 1.803688 | L1: 0.906723 | L2: 0.897100 | L3: 0.896829 | lrm: 0.70 | dt: 2621.88ms | tok/sec: 199,966 | mfu: 43.97 | epoch: 1 | total time: 124.63m
step 02858 (64.85%) | K: 3 | loss: 1.811827 | L1: 0.910757 | L2: 0.901206 | L3: 0.900935 | lrm: 0.70 | dt: 2627.61ms | tok/sec: 199,530 | mfu: 43.87 | epoch: 1 | total time: 124.67m
step 02859 (64.87%) | K: 3 | loss: 1.814543 | L1: 0.912163 | L2: 0.902514 | L3: 0.902245 | lrm: 0.70 | dt: 2625.52ms | tok/sec: 199,689 | mfu: 43.91 | epoch: 1 | total time: 124.72m
step 02860 (64.90%) | K: 3 | loss: 1.802295 | L1: 0.905955 | L2: 0.896469 | L3: 0.896211 | lrm: 0.70 | dt: 2949.81ms | tok/sec: 177,736 | mfu: 39.08 | epoch: 1 | total time: 124.77m
step 02861 (64.92%) | K: 3 | loss: 1.799793 | L1: 0.904729 | L2: 0.895191 | L3: 0.894937 | lrm: 0.70 | dt: 2619.69ms | tok/sec: 200,133 | mfu: 44.00 | epoch: 1 | total time: 124.81m
step 02862 (64.94%) | K: 3 | loss: 1.796252 | L1: 0.902936 | L2: 0.893447 | L3: 0.893186 | lrm: 0.70 | dt: 2623.98ms | tok/sec: 199,806 | mfu: 43.93 | epoch: 1 | total time: 124.85m
step 02863 (64.96%) | K: 3 | loss: 1.800154 | L1: 0.904832 | L2: 0.895455 | L3: 0.895190 | lrm: 0.70 | dt: 2618.79ms | tok/sec: 200,202 | mfu: 44.02 | epoch: 1 | total time: 124.90m
step 02864 (64.99%) | K: 3 | loss: 1.805035 | L1: 0.907260 | L2: 0.897908 | L3: 0.897642 | lrm: 0.70 | dt: 2626.91ms | tok/sec: 199,583 | mfu: 43.88 | epoch: 1 | total time: 124.94m
step 02865 (65.01%) | K: 3 | loss: 1.801732 | L1: 0.905638 | L2: 0.896234 | L3: 0.895955 | lrm: 0.70 | dt: 2624.79ms | tok/sec: 199,744 | mfu: 43.92 | epoch: 1 | total time: 124.98m
step 02866 (65.03%) | K: 3 | loss: 1.798320 | L1: 0.903914 | L2: 0.894543 | L3: 0.894269 | lrm: 0.70 | dt: 2624.40ms | tok/sec: 199,774 | mfu: 43.92 | epoch: 1 | total time: 125.03m
step 02867 (65.06%) | K: 3 | loss: 1.806915 | L1: 0.908287 | L2: 0.898761 | L3: 0.898495 | lrm: 0.70 | dt: 2623.32ms | tok/sec: 199,856 | mfu: 43.94 | epoch: 1 | total time: 125.07m
step 02868 (65.08%) | K: 3 | loss: 1.800045 | L1: 0.904851 | L2: 0.895319 | L3: 0.895069 | lrm: 0.70 | dt: 2620.84ms | tok/sec: 200,045 | mfu: 43.98 | epoch: 1 | total time: 125.12m
step 02869 (65.10%) | K: 3 | loss: 1.796968 | L1: 0.903305 | L2: 0.893801 | L3: 0.893525 | lrm: 0.70 | dt: 2624.91ms | tok/sec: 199,735 | mfu: 43.92 | epoch: 1 | total time: 125.16m
step 02870 (65.12%) | K: 3 | loss: 1.792964 | L1: 0.901295 | L2: 0.891806 | L3: 0.891532 | lrm: 0.70 | dt: 2625.29ms | tok/sec: 199,706 | mfu: 43.91 | epoch: 1 | total time: 125.20m
step 02871 (65.15%) | K: 3 | loss: 1.784002 | L1: 0.896741 | L2: 0.887401 | L3: 0.887121 | lrm: 0.70 | dt: 2623.02ms | tok/sec: 199,879 | mfu: 43.95 | epoch: 1 | total time: 125.25m
step 02872 (65.17%) | K: 3 | loss: 1.788309 | L1: 0.898893 | L2: 0.889555 | L3: 0.889278 | lrm: 0.70 | dt: 2625.70ms | tok/sec: 199,675 | mfu: 43.90 | epoch: 1 | total time: 125.29m
step 02873 (65.19%) | K: 3 | loss: 1.788243 | L1: 0.898802 | L2: 0.889583 | L3: 0.889300 | lrm: 0.70 | dt: 2620.76ms | tok/sec: 200,052 | mfu: 43.98 | epoch: 1 | total time: 125.33m
step 02874 (65.21%) | K: 3 | loss: 1.785992 | L1: 0.897639 | L2: 0.888505 | L3: 0.888202 | lrm: 0.70 | dt: 2628.71ms | tok/sec: 199,447 | mfu: 43.85 | epoch: 1 | total time: 125.38m
step 02875 (65.24%) | K: 3 | loss: 1.786117 | L1: 0.897718 | L2: 0.888557 | L3: 0.888241 | lrm: 0.70 | dt: 2624.94ms | tok/sec: 199,733 | mfu: 43.91 | epoch: 1 | total time: 125.42m
step 02876 (65.26%) | K: 3 | loss: 1.799347 | L1: 0.904370 | L2: 0.895138 | L3: 0.894817 | lrm: 0.69 | dt: 2621.63ms | tok/sec: 199,985 | mfu: 43.97 | epoch: 1 | total time: 125.47m
step 02877 (65.28%) | K: 3 | loss: 1.798361 | L1: 0.903834 | L2: 0.894684 | L3: 0.894370 | lrm: 0.69 | dt: 2625.93ms | tok/sec: 199,657 | mfu: 43.90 | epoch: 1 | total time: 125.51m
step 02878 (65.31%) | K: 3 | loss: 1.807157 | L1: 0.908270 | L2: 0.899040 | L3: 0.898735 | lrm: 0.69 | dt: 2624.97ms | tok/sec: 199,730 | mfu: 43.91 | epoch: 1 | total time: 125.55m
step 02879 (65.33%) | K: 3 | loss: 1.811694 | L1: 0.910497 | L2: 0.901334 | L3: 0.901059 | lrm: 0.69 | dt: 2626.47ms | tok/sec: 199,617 | mfu: 43.89 | epoch: 1 | total time: 125.60m
step 02880 (65.35%) | K: 3 | loss: 1.813966 | L1: 0.911695 | L2: 0.902428 | L3: 0.902115 | lrm: 0.69 | dt: 2619.70ms | tok/sec: 200,132 | mfu: 44.00 | epoch: 1 | total time: 125.64m
step 02881 (65.37%) | K: 3 | loss: 1.800046 | L1: 0.904770 | L2: 0.895422 | L3: 0.895130 | lrm: 0.69 | dt: 2625.78ms | tok/sec: 199,669 | mfu: 43.90 | epoch: 1 | total time: 125.68m
step 02882 (65.40%) | K: 3 | loss: 1.802586 | L1: 0.906077 | L2: 0.896649 | L3: 0.896369 | lrm: 0.69 | dt: 2629.11ms | tok/sec: 199,416 | mfu: 43.85 | epoch: 1 | total time: 125.73m
step 02883 (65.42%) | K: 3 | loss: 1.808336 | L1: 0.908984 | L2: 0.899492 | L3: 0.899211 | lrm: 0.69 | dt: 2624.72ms | tok/sec: 199,750 | mfu: 43.92 | epoch: 1 | total time: 125.77m
step 02884 (65.44%) | K: 3 | loss: 1.805514 | L1: 0.907627 | L2: 0.898037 | L3: 0.897736 | lrm: 0.69 | dt: 2622.97ms | tok/sec: 199,883 | mfu: 43.95 | epoch: 1 | total time: 125.82m
step 02885 (65.46%) | K: 3 | loss: 1.800903 | L1: 0.905282 | L2: 0.895773 | L3: 0.895469 | lrm: 0.69 | dt: 2628.24ms | tok/sec: 199,482 | mfu: 43.86 | epoch: 1 | total time: 125.86m
step 02886 (65.49%) | K: 3 | loss: 1.804369 | L1: 0.907035 | L2: 0.897487 | L3: 0.897179 | lrm: 0.69 | dt: 2621.51ms | tok/sec: 199,994 | mfu: 43.97 | epoch: 1 | total time: 125.90m
step 02887 (65.51%) | K: 3 | loss: 1.796786 | L1: 0.903294 | L2: 0.893642 | L3: 0.893342 | lrm: 0.69 | dt: 2621.84ms | tok/sec: 199,969 | mfu: 43.97 | epoch: 1 | total time: 125.95m
step 02888 (65.53%) | K: 3 | loss: 1.797741 | L1: 0.903761 | L2: 0.894137 | L3: 0.893825 | lrm: 0.69 | dt: 2618.43ms | tok/sec: 200,229 | mfu: 44.02 | epoch: 1 | total time: 125.99m
step 02889 (65.55%) | K: 3 | loss: 1.798622 | L1: 0.904194 | L2: 0.894580 | L3: 0.894277 | lrm: 0.69 | dt: 2628.42ms | tok/sec: 199,469 | mfu: 43.86 | epoch: 1 | total time: 126.03m
step 02890 (65.58%) | K: 3 | loss: 1.794733 | L1: 0.902211 | L2: 0.892668 | L3: 0.892375 | lrm: 0.69 | dt: 2627.94ms | tok/sec: 199,505 | mfu: 43.86 | epoch: 1 | total time: 126.08m
step 02891 (65.60%) | K: 3 | loss: 1.794673 | L1: 0.902139 | L2: 0.892679 | L3: 0.892389 | lrm: 0.69 | dt: 2623.83ms | tok/sec: 199,817 | mfu: 43.93 | epoch: 1 | total time: 126.12m
step 02892 (65.62%) | K: 3 | loss: 1.792344 | L1: 0.900929 | L2: 0.891554 | L3: 0.891276 | lrm: 0.69 | dt: 2622.62ms | tok/sec: 199,909 | mfu: 43.95 | epoch: 1 | total time: 126.17m
step 02893 (65.65%) | K: 3 | loss: 1.799842 | L1: 0.904710 | L2: 0.895276 | L3: 0.894988 | lrm: 0.69 | dt: 2627.07ms | tok/sec: 199,571 | mfu: 43.88 | epoch: 1 | total time: 126.21m
step 02894 (65.67%) | K: 3 | loss: 1.800562 | L1: 0.905103 | L2: 0.895604 | L3: 0.895314 | lrm: 0.69 | dt: 2624.69ms | tok/sec: 199,752 | mfu: 43.92 | epoch: 1 | total time: 126.25m
step 02895 (65.69%) | K: 3 | loss: 1.804061 | L1: 0.906827 | L2: 0.897379 | L3: 0.897090 | lrm: 0.69 | dt: 2621.03ms | tok/sec: 200,031 | mfu: 43.98 | epoch: 1 | total time: 126.30m
step 02896 (65.71%) | K: 3 | loss: 1.800332 | L1: 0.904907 | L2: 0.895569 | L3: 0.895282 | lrm: 0.69 | dt: 2624.62ms | tok/sec: 199,757 | mfu: 43.92 | epoch: 1 | total time: 126.34m
step 02897 (65.74%) | K: 3 | loss: 1.807042 | L1: 0.908310 | L2: 0.898877 | L3: 0.898587 | lrm: 0.69 | dt: 2625.78ms | tok/sec: 199,669 | mfu: 43.90 | epoch: 1 | total time: 126.38m
step 02898 (65.76%) | K: 3 | loss: 1.797195 | L1: 0.903285 | L2: 0.894051 | L3: 0.893768 | lrm: 0.68 | dt: 2629.16ms | tok/sec: 199,412 | mfu: 43.84 | epoch: 1 | total time: 126.43m
step 02899 (65.78%) | K: 3 | loss: 1.788815 | L1: 0.899064 | L2: 0.889897 | L3: 0.889607 | lrm: 0.68 | dt: 2621.43ms | tok/sec: 200,001 | mfu: 43.97 | epoch: 1 | total time: 126.47m
step 02900 (65.80%) | K: 3 | loss: 1.795116 | L1: 0.902283 | L2: 0.892978 | L3: 0.892690 | lrm: 0.68 | dt: 2631.82ms | tok/sec: 199,210 | mfu: 43.80 | epoch: 1 | total time: 126.52m
step 02901 (65.83%) | K: 3 | loss: 1.807083 | L1: 0.908311 | L2: 0.898914 | L3: 0.898629 | lrm: 0.68 | dt: 2621.36ms | tok/sec: 200,006 | mfu: 43.97 | epoch: 1 | total time: 126.56m
step 02902 (65.85%) | K: 3 | loss: 1.796917 | L1: 0.903309 | L2: 0.893745 | L3: 0.893471 | lrm: 0.68 | dt: 2623.75ms | tok/sec: 199,824 | mfu: 43.93 | epoch: 1 | total time: 126.60m
step 02903 (65.87%) | K: 3 | loss: 1.798235 | L1: 0.903944 | L2: 0.894423 | L3: 0.894160 | lrm: 0.68 | dt: 2624.16ms | tok/sec: 199,792 | mfu: 43.93 | epoch: 1 | total time: 126.65m
step 02904 (65.90%) | K: 3 | loss: 1.788136 | L1: 0.898853 | L2: 0.889431 | L3: 0.889135 | lrm: 0.68 | dt: 2629.36ms | tok/sec: 199,397 | mfu: 43.84 | epoch: 1 | total time: 126.69m
step 02905 (65.92%) | K: 3 | loss: 1.785347 | L1: 0.897464 | L2: 0.888021 | L3: 0.887744 | lrm: 0.68 | dt: 2623.19ms | tok/sec: 199,866 | mfu: 43.94 | epoch: 1 | total time: 126.73m
step 02906 (65.94%) | K: 3 | loss: 1.793560 | L1: 0.901612 | L2: 0.892089 | L3: 0.891808 | lrm: 0.68 | dt: 2628.87ms | tok/sec: 199,434 | mfu: 43.85 | epoch: 1 | total time: 126.78m
step 02907 (65.96%) | K: 3 | loss: 1.795112 | L1: 0.902393 | L2: 0.892852 | L3: 0.892585 | lrm: 0.68 | dt: 2630.09ms | tok/sec: 199,342 | mfu: 43.83 | epoch: 1 | total time: 126.82m
step 02908 (65.99%) | K: 3 | loss: 1.804144 | L1: 0.906947 | L2: 0.897339 | L3: 0.897055 | lrm: 0.68 | dt: 2622.99ms | tok/sec: 199,881 | mfu: 43.95 | epoch: 1 | total time: 126.87m
step 02909 (66.01%) | K: 3 | loss: 1.803829 | L1: 0.906734 | L2: 0.897235 | L3: 0.896956 | lrm: 0.68 | dt: 2628.50ms | tok/sec: 199,462 | mfu: 43.86 | epoch: 1 | total time: 126.91m
step 02910 (66.03%) | K: 3 | loss: 1.806499 | L1: 0.908049 | L2: 0.898591 | L3: 0.898310 | lrm: 0.68 | dt: 2624.29ms | tok/sec: 199,782 | mfu: 43.93 | epoch: 1 | total time: 126.95m
step 02911 (66.05%) | K: 3 | loss: 1.819703 | L1: 0.914625 | L2: 0.905216 | L3: 0.904940 | lrm: 0.68 | dt: 2620.16ms | tok/sec: 200,097 | mfu: 44.00 | epoch: 1 | total time: 127.00m
step 02912 (66.08%) | K: 3 | loss: 1.819444 | L1: 0.914510 | L2: 0.905081 | L3: 0.904785 | lrm: 0.68 | dt: 2626.60ms | tok/sec: 199,607 | mfu: 43.89 | epoch: 1 | total time: 127.04m
step 02913 (66.10%) | K: 3 | loss: 1.817350 | L1: 0.913496 | L2: 0.904006 | L3: 0.903701 | lrm: 0.68 | dt: 2628.39ms | tok/sec: 199,471 | mfu: 43.86 | epoch: 1 | total time: 127.08m
step 02914 (66.12%) | K: 3 | loss: 1.803868 | L1: 0.906806 | L2: 0.897212 | L3: 0.896912 | lrm: 0.68 | dt: 2621.91ms | tok/sec: 199,964 | mfu: 43.97 | epoch: 1 | total time: 127.13m
step 02915 (66.14%) | K: 3 | loss: 1.819111 | L1: 0.914504 | L2: 0.904762 | L3: 0.904451 | lrm: 0.68 | dt: 2626.04ms | tok/sec: 199,649 | mfu: 43.90 | epoch: 1 | total time: 127.17m
step 02916 (66.17%) | K: 3 | loss: 1.808001 | L1: 0.908940 | L2: 0.899219 | L3: 0.898902 | lrm: 0.68 | dt: 2628.95ms | tok/sec: 199,428 | mfu: 43.85 | epoch: 1 | total time: 127.22m
step 02917 (66.19%) | K: 3 | loss: 1.814148 | L1: 0.912019 | L2: 0.902286 | L3: 0.901973 | lrm: 0.68 | dt: 2623.04ms | tok/sec: 199,878 | mfu: 43.95 | epoch: 1 | total time: 127.26m
step 02918 (66.21%) | K: 3 | loss: 1.811888 | L1: 0.910930 | L2: 0.901114 | L3: 0.900803 | lrm: 0.68 | dt: 2625.86ms | tok/sec: 199,663 | mfu: 43.90 | epoch: 1 | total time: 127.30m
step 02919 (66.24%) | K: 3 | loss: 1.805730 | L1: 0.907794 | L2: 0.898096 | L3: 0.897776 | lrm: 0.68 | dt: 2624.79ms | tok/sec: 199,744 | mfu: 43.92 | epoch: 1 | total time: 127.35m
step 02920 (66.26%) | K: 3 | loss: 1.797430 | L1: 0.903617 | L2: 0.893968 | L3: 0.893656 | lrm: 0.67 | dt: 2623.40ms | tok/sec: 199,850 | mfu: 43.94 | epoch: 1 | total time: 127.39m
step 02921 (66.28%) | K: 3 | loss: 1.795017 | L1: 0.902389 | L2: 0.892793 | L3: 0.892464 | lrm: 0.67 | dt: 2623.69ms | tok/sec: 199,828 | mfu: 43.94 | epoch: 1 | total time: 127.43m
step 02922 (66.30%) | K: 3 | loss: 1.784793 | L1: 0.897249 | L2: 0.887713 | L3: 0.887374 | lrm: 0.67 | dt: 2621.54ms | tok/sec: 199,992 | mfu: 43.97 | epoch: 1 | total time: 127.48m
step 02923 (66.33%) | K: 3 | loss: 1.782841 | L1: 0.896281 | L2: 0.886716 | L3: 0.886405 | lrm: 0.67 | dt: 2626.38ms | tok/sec: 199,623 | mfu: 43.89 | epoch: 1 | total time: 127.52m
step 02924 (66.35%) | K: 3 | loss: 1.779636 | L1: 0.894716 | L2: 0.885062 | L3: 0.884779 | lrm: 0.67 | dt: 2626.01ms | tok/sec: 199,652 | mfu: 43.90 | epoch: 1 | total time: 127.57m
step 02925 (66.37%) | K: 3 | loss: 1.791573 | L1: 0.900668 | L2: 0.891040 | L3: 0.890771 | lrm: 0.67 | dt: 2623.62ms | tok/sec: 199,833 | mfu: 43.94 | epoch: 1 | total time: 127.61m
step 02926 (66.39%) | K: 3 | loss: 1.787837 | L1: 0.898787 | L2: 0.889166 | L3: 0.888934 | lrm: 0.67 | dt: 2626.15ms | tok/sec: 199,641 | mfu: 43.89 | epoch: 1 | total time: 127.65m
step 02927 (66.42%) | K: 3 | loss: 1.807572 | L1: 0.908624 | L2: 0.899055 | L3: 0.898842 | lrm: 0.67 | dt: 2621.84ms | tok/sec: 199,969 | mfu: 43.97 | epoch: 1 | total time: 127.70m
step 02928 (66.44%) | K: 3 | loss: 1.801530 | L1: 0.905608 | L2: 0.896033 | L3: 0.895812 | lrm: 0.67 | dt: 2623.72ms | tok/sec: 199,826 | mfu: 43.94 | epoch: 1 | total time: 127.74m
step 02929 (66.46%) | K: 3 | loss: 1.795062 | L1: 0.902389 | L2: 0.892794 | L3: 0.892553 | lrm: 0.67 | dt: 2622.75ms | tok/sec: 199,900 | mfu: 43.95 | epoch: 1 | total time: 127.78m
step 02930 (66.49%) | K: 3 | loss: 1.801016 | L1: 0.905347 | L2: 0.895785 | L3: 0.895553 | lrm: 0.67 | dt: 2627.14ms | tok/sec: 199,565 | mfu: 43.88 | epoch: 1 | total time: 127.83m
step 02931 (66.51%) | K: 3 | loss: 1.793906 | L1: 0.901747 | L2: 0.892278 | L3: 0.892039 | lrm: 0.67 | dt: 2627.51ms | tok/sec: 199,537 | mfu: 43.87 | epoch: 1 | total time: 127.87m
step 02932 (66.53%) | K: 3 | loss: 1.774361 | L1: 0.891952 | L2: 0.882530 | L3: 0.882288 | lrm: 0.67 | dt: 2620.77ms | tok/sec: 200,050 | mfu: 43.98 | epoch: 1 | total time: 127.92m
step 02933 (66.55%) | K: 3 | loss: 1.781649 | L1: 0.895563 | L2: 0.886198 | L3: 0.885975 | lrm: 0.67 | dt: 2626.88ms | tok/sec: 199,585 | mfu: 43.88 | epoch: 1 | total time: 127.96m
step 02934 (66.58%) | K: 3 | loss: 1.784133 | L1: 0.896795 | L2: 0.887451 | L3: 0.887225 | lrm: 0.67 | dt: 2628.90ms | tok/sec: 199,432 | mfu: 43.85 | epoch: 1 | total time: 128.00m
step 02935 (66.60%) | K: 3 | loss: 1.791354 | L1: 0.900418 | L2: 0.891061 | L3: 0.890810 | lrm: 0.67 | dt: 2620.86ms | tok/sec: 200,044 | mfu: 43.98 | epoch: 1 | total time: 128.05m
step 02936 (66.62%) | K: 3 | loss: 1.790326 | L1: 0.899879 | L2: 0.890583 | L3: 0.890311 | lrm: 0.67 | dt: 2626.64ms | tok/sec: 199,603 | mfu: 43.89 | epoch: 1 | total time: 128.09m
step 02937 (66.64%) | K: 3 | loss: 1.790486 | L1: 0.899972 | L2: 0.890646 | L3: 0.890382 | lrm: 0.67 | dt: 2623.10ms | tok/sec: 199,873 | mfu: 43.95 | epoch: 1 | total time: 128.13m
step 02938 (66.67%) | K: 3 | loss: 1.793655 | L1: 0.901600 | L2: 0.892186 | L3: 0.891924 | lrm: 0.67 | dt: 2622.54ms | tok/sec: 199,916 | mfu: 43.96 | epoch: 1 | total time: 128.18m
step 02939 (66.69%) | K: 3 | loss: 1.798183 | L1: 0.903863 | L2: 0.894441 | L3: 0.894200 | lrm: 0.67 | dt: 2620.12ms | tok/sec: 200,100 | mfu: 44.00 | epoch: 1 | total time: 128.22m
step 02940 (66.71%) | K: 3 | loss: 1.799571 | L1: 0.904596 | L2: 0.895098 | L3: 0.894851 | lrm: 0.67 | dt: 2624.35ms | tok/sec: 199,778 | mfu: 43.92 | epoch: 1 | total time: 128.27m
step 02941 (66.73%) | K: 3 | loss: 1.810274 | L1: 0.909976 | L2: 0.900428 | L3: 0.900168 | lrm: 0.67 | dt: 2623.67ms | tok/sec: 199,830 | mfu: 43.94 | epoch: 1 | total time: 128.31m
step 02942 (66.76%) | K: 3 | loss: 1.799172 | L1: 0.904399 | L2: 0.894902 | L3: 0.894643 | lrm: 0.66 | dt: 2626.53ms | tok/sec: 199,612 | mfu: 43.89 | epoch: 1 | total time: 128.35m
step 02943 (66.78%) | K: 3 | loss: 1.798923 | L1: 0.904283 | L2: 0.894780 | L3: 0.894501 | lrm: 0.66 | dt: 2622.46ms | tok/sec: 199,921 | mfu: 43.96 | epoch: 1 | total time: 128.40m
step 02944 (66.80%) | K: 3 | loss: 1.798042 | L1: 0.903835 | L2: 0.894348 | L3: 0.894065 | lrm: 0.66 | dt: 2624.79ms | tok/sec: 199,744 | mfu: 43.92 | epoch: 1 | total time: 128.44m
step 02945 (66.83%) | K: 3 | loss: 1.798759 | L1: 0.904175 | L2: 0.894729 | L3: 0.894438 | lrm: 0.66 | dt: 2621.62ms | tok/sec: 199,986 | mfu: 43.97 | epoch: 1 | total time: 128.48m
step 02946 (66.85%) | K: 3 | loss: 1.797033 | L1: 0.903293 | L2: 0.893881 | L3: 0.893599 | lrm: 0.66 | dt: 2624.31ms | tok/sec: 199,781 | mfu: 43.93 | epoch: 1 | total time: 128.53m
step 02947 (66.87%) | K: 3 | loss: 1.801526 | L1: 0.905583 | L2: 0.896093 | L3: 0.895793 | lrm: 0.66 | dt: 2625.92ms | tok/sec: 199,659 | mfu: 43.90 | epoch: 1 | total time: 128.57m
step 02948 (66.89%) | K: 3 | loss: 1.803730 | L1: 0.906682 | L2: 0.897196 | L3: 0.896901 | lrm: 0.66 | dt: 2625.49ms | tok/sec: 199,691 | mfu: 43.91 | epoch: 1 | total time: 128.62m
step 02949 (66.92%) | K: 3 | loss: 1.802094 | L1: 0.905878 | L2: 0.896370 | L3: 0.896062 | lrm: 0.66 | dt: 2625.92ms | tok/sec: 199,659 | mfu: 43.90 | epoch: 1 | total time: 128.66m
step 02950 (66.94%) | K: 3 | loss: 1.784392 | L1: 0.896987 | L2: 0.887561 | L3: 0.887250 | lrm: 0.66 | dt: 2627.05ms | tok/sec: 199,572 | mfu: 43.88 | epoch: 1 | total time: 128.70m
step 02951 (66.96%) | K: 3 | loss: 1.785139 | L1: 0.897370 | L2: 0.887931 | L3: 0.887607 | lrm: 0.66 | dt: 2621.46ms | tok/sec: 199,998 | mfu: 43.97 | epoch: 1 | total time: 128.75m
step 02952 (66.98%) | K: 3 | loss: 1.787186 | L1: 0.898372 | L2: 0.888976 | L3: 0.888653 | lrm: 0.66 | dt: 2623.66ms | tok/sec: 199,831 | mfu: 43.94 | epoch: 1 | total time: 128.79m
step 02953 (67.01%) | K: 3 | loss: 1.801616 | L1: 0.905611 | L2: 0.896164 | L3: 0.895846 | lrm: 0.66 | dt: 2625.57ms | tok/sec: 199,685 | mfu: 43.90 | epoch: 1 | total time: 128.83m
step 02954 (67.03%) | K: 3 | loss: 1.789270 | L1: 0.899422 | L2: 0.890010 | L3: 0.889684 | lrm: 0.66 | dt: 2622.58ms | tok/sec: 199,912 | mfu: 43.95 | epoch: 1 | total time: 128.88m
step 02955 (67.05%) | K: 3 | loss: 1.784581 | L1: 0.897037 | L2: 0.887714 | L3: 0.887374 | lrm: 0.66 | dt: 2622.52ms | tok/sec: 199,917 | mfu: 43.96 | epoch: 1 | total time: 128.92m
step 02956 (67.08%) | K: 3 | loss: 1.786459 | L1: 0.898020 | L2: 0.888618 | L3: 0.888260 | lrm: 0.66 | dt: 2621.55ms | tok/sec: 199,991 | mfu: 43.97 | epoch: 1 | total time: 128.97m
step 02957 (67.10%) | K: 3 | loss: 1.781670 | L1: 0.895659 | L2: 0.886175 | L3: 0.885848 | lrm: 0.66 | dt: 2625.14ms | tok/sec: 199,718 | mfu: 43.91 | epoch: 1 | total time: 129.01m
step 02958 (67.12%) | K: 3 | loss: 1.776468 | L1: 0.893038 | L2: 0.883599 | L3: 0.883261 | lrm: 0.66 | dt: 2622.54ms | tok/sec: 199,916 | mfu: 43.96 | epoch: 1 | total time: 129.05m
step 02959 (67.14%) | K: 3 | loss: 1.770270 | L1: 0.889923 | L2: 0.880516 | L3: 0.880177 | lrm: 0.66 | dt: 2625.75ms | tok/sec: 199,671 | mfu: 43.90 | epoch: 1 | total time: 129.10m
step 02960 (67.17%) | K: 3 | loss: 1.768559 | L1: 0.889042 | L2: 0.879685 | L3: 0.879348 | lrm: 0.66 | dt: 2625.76ms | tok/sec: 199,670 | mfu: 43.90 | epoch: 1 | total time: 129.14m
step 02961 (67.19%) | K: 3 | loss: 1.765037 | L1: 0.887239 | L2: 0.877957 | L3: 0.877641 | lrm: 0.66 | dt: 2623.37ms | tok/sec: 199,852 | mfu: 43.94 | epoch: 1 | total time: 129.18m
step 02962 (67.21%) | K: 3 | loss: 1.765044 | L1: 0.887182 | L2: 0.878011 | L3: 0.877713 | lrm: 0.66 | dt: 2629.24ms | tok/sec: 199,406 | mfu: 43.84 | epoch: 1 | total time: 129.23m
step 02963 (67.23%) | K: 3 | loss: 1.766066 | L1: 0.887805 | L2: 0.878397 | L3: 0.878123 | lrm: 0.66 | dt: 2622.53ms | tok/sec: 199,916 | mfu: 43.96 | epoch: 1 | total time: 129.27m
step 02964 (67.26%) | K: 3 | loss: 1.768098 | L1: 0.888833 | L2: 0.879405 | L3: 0.879125 | lrm: 0.65 | dt: 2623.08ms | tok/sec: 199,875 | mfu: 43.95 | epoch: 1 | total time: 129.31m
step 02965 (67.28%) | K: 3 | loss: 1.772504 | L1: 0.891068 | L2: 0.881597 | L3: 0.881276 | lrm: 0.65 | dt: 2624.69ms | tok/sec: 199,752 | mfu: 43.92 | epoch: 1 | total time: 129.36m
step 02966 (67.30%) | K: 3 | loss: 1.777588 | L1: 0.893668 | L2: 0.884072 | L3: 0.883768 | lrm: 0.65 | dt: 2624.29ms | tok/sec: 199,782 | mfu: 43.93 | epoch: 1 | total time: 129.40m
step 02967 (67.32%) | K: 3 | loss: 1.769812 | L1: 0.889814 | L2: 0.880158 | L3: 0.879840 | lrm: 0.65 | dt: 2622.96ms | tok/sec: 199,884 | mfu: 43.95 | epoch: 1 | total time: 129.45m
step 02968 (67.35%) | K: 3 | loss: 1.756631 | L1: 0.883183 | L2: 0.873610 | L3: 0.873285 | lrm: 0.65 | dt: 2620.74ms | tok/sec: 200,053 | mfu: 43.99 | epoch: 1 | total time: 129.49m
step 02969 (67.37%) | K: 3 | loss: 1.759424 | L1: 0.884566 | L2: 0.875020 | L3: 0.874698 | lrm: 0.65 | dt: 2622.10ms | tok/sec: 199,949 | mfu: 43.96 | epoch: 1 | total time: 129.53m
step 02970 (67.39%) | K: 3 | loss: 1.767622 | L1: 0.888694 | L2: 0.879090 | L3: 0.878767 | lrm: 0.65 | dt: 2623.39ms | tok/sec: 199,851 | mfu: 43.94 | epoch: 1 | total time: 129.58m
step 02971 (67.42%) | K: 3 | loss: 1.777783 | L1: 0.893842 | L2: 0.884100 | L3: 0.883780 | lrm: 0.65 | dt: 2622.22ms | tok/sec: 199,940 | mfu: 43.96 | epoch: 1 | total time: 129.62m
step 02972 (67.44%) | K: 3 | loss: 1.786828 | L1: 0.898311 | L2: 0.888680 | L3: 0.888354 | lrm: 0.65 | dt: 2624.85ms | tok/sec: 199,739 | mfu: 43.92 | epoch: 1 | total time: 129.66m
step 02973 (67.46%) | K: 3 | loss: 1.795574 | L1: 0.902701 | L2: 0.893035 | L3: 0.892712 | lrm: 0.65 | dt: 2628.25ms | tok/sec: 199,481 | mfu: 43.86 | epoch: 1 | total time: 129.71m
step 02974 (67.48%) | K: 3 | loss: 1.789712 | L1: 0.899718 | L2: 0.890157 | L3: 0.889831 | lrm: 0.65 | dt: 2620.32ms | tok/sec: 200,085 | mfu: 43.99 | epoch: 1 | total time: 129.75m
step 02975 (67.51%) | K: 3 | loss: 1.784352 | L1: 0.897036 | L2: 0.887482 | L3: 0.887151 | lrm: 0.65 | dt: 2622.33ms | tok/sec: 199,932 | mfu: 43.96 | epoch: 1 | total time: 129.80m
step 02976 (67.53%) | K: 3 | loss: 1.770124 | L1: 0.889885 | L2: 0.880402 | L3: 0.880077 | lrm: 0.65 | dt: 2624.51ms | tok/sec: 199,766 | mfu: 43.92 | epoch: 1 | total time: 129.84m
step 02977 (67.55%) | K: 3 | loss: 1.778340 | L1: 0.893970 | L2: 0.884523 | L3: 0.884217 | lrm: 0.65 | dt: 2622.35ms | tok/sec: 199,930 | mfu: 43.96 | epoch: 1 | total time: 129.88m
step 02978 (67.57%) | K: 3 | loss: 1.787437 | L1: 0.898540 | L2: 0.889058 | L3: 0.888737 | lrm: 0.65 | dt: 2622.21ms | tok/sec: 199,941 | mfu: 43.96 | epoch: 1 | total time: 129.93m
step 02979 (67.60%) | K: 3 | loss: 1.783930 | L1: 0.896780 | L2: 0.887317 | L3: 0.886981 | lrm: 0.65 | dt: 2625.18ms | tok/sec: 199,715 | mfu: 43.91 | epoch: 1 | total time: 129.97m
step 02980 (67.62%) | K: 3 | loss: 1.777131 | L1: 0.893405 | L2: 0.883886 | L3: 0.883566 | lrm: 0.65 | dt: 2620.79ms | tok/sec: 200,049 | mfu: 43.98 | epoch: 1 | total time: 130.01m
step 02981 (67.64%) | K: 3 | loss: 1.774982 | L1: 0.892338 | L2: 0.882799 | L3: 0.882488 | lrm: 0.65 | dt: 2624.61ms | tok/sec: 199,758 | mfu: 43.92 | epoch: 1 | total time: 130.06m
step 02982 (67.67%) | K: 3 | loss: 1.778011 | L1: 0.893814 | L2: 0.884352 | L3: 0.884041 | lrm: 0.65 | dt: 2622.68ms | tok/sec: 199,905 | mfu: 43.95 | epoch: 1 | total time: 130.10m
step 02983 (67.69%) | K: 3 | loss: 1.773268 | L1: 0.891381 | L2: 0.882035 | L3: 0.881740 | lrm: 0.65 | dt: 2622.95ms | tok/sec: 199,884 | mfu: 43.95 | epoch: 1 | total time: 130.15m
step 02984 (67.71%) | K: 3 | loss: 1.770596 | L1: 0.889997 | L2: 0.880739 | L3: 0.880460 | lrm: 0.65 | dt: 2622.32ms | tok/sec: 199,932 | mfu: 43.96 | epoch: 1 | total time: 130.19m
step 02985 (67.73%) | K: 3 | loss: 1.771338 | L1: 0.890348 | L2: 0.881130 | L3: 0.880851 | lrm: 0.65 | dt: 2625.54ms | tok/sec: 199,687 | mfu: 43.90 | epoch: 1 | total time: 130.23m
step 02986 (67.76%) | K: 3 | loss: 1.770651 | L1: 0.890009 | L2: 0.880776 | L3: 0.880508 | lrm: 0.64 | dt: 2622.40ms | tok/sec: 199,926 | mfu: 43.96 | epoch: 1 | total time: 130.28m
step 02987 (67.78%) | K: 3 | loss: 1.778023 | L1: 0.893695 | L2: 0.884461 | L3: 0.884194 | lrm: 0.64 | dt: 2622.79ms | tok/sec: 199,896 | mfu: 43.95 | epoch: 1 | total time: 130.32m
step 02988 (67.80%) | K: 3 | loss: 1.779761 | L1: 0.894554 | L2: 0.885341 | L3: 0.885073 | lrm: 0.64 | dt: 2623.36ms | tok/sec: 199,853 | mfu: 43.94 | epoch: 1 | total time: 130.36m
step 02989 (67.82%) | K: 3 | loss: 1.782016 | L1: 0.895687 | L2: 0.886467 | L3: 0.886191 | lrm: 0.64 | dt: 2624.88ms | tok/sec: 199,737 | mfu: 43.92 | epoch: 1 | total time: 130.41m
step 02990 (67.85%) | K: 3 | loss: 1.783691 | L1: 0.896650 | L2: 0.887178 | L3: 0.886904 | lrm: 0.64 | dt: 2624.28ms | tok/sec: 199,783 | mfu: 43.93 | epoch: 1 | total time: 130.45m
step 02991 (67.87%) | K: 3 | loss: 1.787283 | L1: 0.898488 | L2: 0.888933 | L3: 0.888657 | lrm: 0.64 | dt: 2625.52ms | tok/sec: 199,689 | mfu: 43.91 | epoch: 1 | total time: 130.50m
step 02992 (67.89%) | K: 3 | loss: 1.787922 | L1: 0.898861 | L2: 0.889202 | L3: 0.888921 | lrm: 0.64 | dt: 2624.38ms | tok/sec: 199,775 | mfu: 43.92 | epoch: 1 | total time: 130.54m
step 02993 (67.91%) | K: 3 | loss: 1.786648 | L1: 0.898222 | L2: 0.888574 | L3: 0.888279 | lrm: 0.64 | dt: 2621.47ms | tok/sec: 199,997 | mfu: 43.97 | epoch: 1 | total time: 130.58m
step 02994 (67.94%) | K: 3 | loss: 1.797421 | L1: 0.903575 | L2: 0.893983 | L3: 0.893709 | lrm: 0.64 | dt: 2627.92ms | tok/sec: 199,506 | mfu: 43.87 | epoch: 1 | total time: 130.63m
step 02995 (67.96%) | K: 3 | loss: 1.792006 | L1: 0.900850 | L2: 0.891294 | L3: 0.891020 | lrm: 0.64 | dt: 2622.72ms | tok/sec: 199,902 | mfu: 43.95 | epoch: 1 | total time: 130.67m
step 02996 (67.98%) | K: 3 | loss: 1.805976 | L1: 0.907928 | L2: 0.898172 | L3: 0.897925 | lrm: 0.64 | dt: 2624.46ms | tok/sec: 199,770 | mfu: 43.92 | epoch: 1 | total time: 130.71m
step 02997 (68.01%) | K: 3 | loss: 1.809706 | L1: 0.909797 | L2: 0.900031 | L3: 0.899787 | lrm: 0.64 | dt: 2627.37ms | tok/sec: 199,548 | mfu: 43.87 | epoch: 1 | total time: 130.76m
step 02998 (68.03%) | K: 3 | loss: 1.795500 | L1: 0.902739 | L2: 0.892897 | L3: 0.892625 | lrm: 0.64 | dt: 2625.72ms | tok/sec: 199,674 | mfu: 43.90 | epoch: 1 | total time: 130.80m
step 02999 (68.05%) | K: 3 | loss: 1.800669 | L1: 0.905327 | L2: 0.895491 | L3: 0.895193 | lrm: 0.64 | dt: 2630.48ms | tok/sec: 199,312 | mfu: 43.82 | epoch: 1 | total time: 130.85m
step 03000 (68.07%) | K: 3 | loss: 1.802022 | L1: 0.905960 | L2: 0.896215 | L3: 0.895907 | lrm: 0.64 | dt: 2627.13ms | tok/sec: 199,567 | mfu: 43.88 | epoch: 1 | total time: 130.89m
Step 03000 | Validation L1 bpb: 0.4750 | L2 bpb: 0.4701 | L3 bpb: 0.4699
2026-08-28 22:01:32,586 - nanochat.checkpoint_manager - [32m[1mINFO[0m - Saved optimizer state to: /home/jhu/xwang457/work/nanochat_cache/chatsft_checkpoints/d20-lf-k3-stackedu-python-budget/optim_003000_rank2.pt
2026-08-28 22:01:32,596 - nanochat.checkpoint_manager - [32m[1mINFO[0m - Saved optimizer state to: /home/jhu/xwang457/work/nanochat_cache/chatsft_checkpoints/d20-lf-k3-stackedu-python-budget/optim_003000_rank3.pt
2026-08-28 22:01:32,658 - nanochat.checkpoint_manager - [32m[1mINFO[0m - Saved optimizer state to: /home/jhu/xwang457/work/nanochat_cache/chatsft_checkpoints/d20-lf-k3-stackedu-python-budget/optim_003000_rank1.pt
2026-08-28 22:01:33,839 - nanochat.checkpoint_manager - [32m[1mINFO[0m - Saved model parameters to: /home/jhu/xwang457/work/nanochat_cache/chatsft_checkpoints/d20-lf-k3-stackedu-python-budget/model_003000.pt
2026-08-28 22:01:33,843 - nanochat.checkpoint_manager - [32m[1mINFO[0m - Saved metadata to: /home/jhu/xwang457/work/nanochat_cache/chatsft_checkpoints/d20-lf-k3-stackedu-python-budget/meta_003000.json
2026-08-28 22:01:34,384 - nanochat.checkpoint_manager - [32m[1mINFO[0m - Saved optimizer state to: /home/jhu/xwang457/work/nanochat_cache/chatsft_checkpoints/d20-lf-k3-stackedu-python-budget/optim_003000_rank0.pt
step 03001 (68.10%) | K: 3 | loss: 1.804355 | L1: 0.907130 | L2: 0.897372 | L3: 0.897078 | lrm: 0.64 | dt: 2619.21ms | tok/sec: 200,170 | mfu: 44.01 | epoch: 1 | total time: 130.93m
step 03002 (68.12%) | K: 3 | loss: 1.822060 | L1: 0.915968 | L2: 0.906247 | L3: 0.905936 | lrm: 0.64 | dt: 2936.92ms | tok/sec: 178,516 | mfu: 39.25 | epoch: 1 | total time: 130.98m
step 03003 (68.14%) | K: 3 | loss: 1.816310 | L1: 0.913103 | L2: 0.903357 | L3: 0.903057 | lrm: 0.64 | dt: 2621.81ms | tok/sec: 199,971 | mfu: 43.97 | epoch: 1 | total time: 131.03m
step 03004 (68.16%) | K: 3 | loss: 1.812494 | L1: 0.911178 | L2: 0.901472 | L3: 0.901160 | lrm: 0.64 | dt: 2623.77ms | tok/sec: 199,822 | mfu: 43.93 | epoch: 1 | total time: 131.07m
step 03005 (68.19%) | K: 3 | loss: 1.811961 | L1: 0.910938 | L2: 0.901187 | L3: 0.900858 | lrm: 0.64 | dt: 2618.96ms | tok/sec: 200,189 | mfu: 44.02 | epoch: 1 | total time: 131.11m
step 03006 (68.21%) | K: 3 | loss: 1.801818 | L1: 0.905765 | L2: 0.896213 | L3: 0.895894 | lrm: 0.64 | dt: 2620.92ms | tok/sec: 200,039 | mfu: 43.98 | epoch: 1 | total time: 131.16m
step 03007 (68.23%) | K: 3 | loss: 1.791584 | L1: 0.900585 | L2: 0.891156 | L3: 0.890842 | lrm: 0.64 | dt: 2620.77ms | tok/sec: 200,051 | mfu: 43.98 | epoch: 1 | total time: 131.20m
step 03008 (68.26%) | K: 3 | loss: 1.786232 | L1: 0.897948 | L2: 0.888449 | L3: 0.888119 | lrm: 0.63 | dt: 2621.85ms | tok/sec: 199,968 | mfu: 43.97 | epoch: 1 | total time: 131.24m
step 03009 (68.28%) | K: 3 | loss: 1.803088 | L1: 0.906425 | L2: 0.896827 | L3: 0.896499 | lrm: 0.63 | dt: 2625.20ms | tok/sec: 199,713 | mfu: 43.91 | epoch: 1 | total time: 131.29m
step 03010 (68.30%) | K: 3 | loss: 1.813868 | L1: 0.911880 | L2: 0.902167 | L3: 0.901810 | lrm: 0.63 | dt: 2619.77ms | tok/sec: 200,127 | mfu: 44.00 | epoch: 1 | total time: 131.33m
step 03011 (68.32%) | K: 3 | loss: 1.812366 | L1: 0.911140 | L2: 0.901396 | L3: 0.901057 | lrm: 0.63 | dt: 2625.28ms | tok/sec: 199,707 | mfu: 43.91 | epoch: 1 | total time: 131.38m
step 03012 (68.35%) | K: 3 | loss: 1.817578 | L1: 0.913752 | L2: 0.903998 | L3: 0.903653 | lrm: 0.63 | dt: 2625.23ms | tok/sec: 199,711 | mfu: 43.91 | epoch: 1 | total time: 131.42m
step 03013 (68.37%) | K: 3 | loss: 1.825017 | L1: 0.917459 | L2: 0.907727 | L3: 0.907389 | lrm: 0.63 | dt: 2623.95ms | tok/sec: 199,808 | mfu: 43.93 | epoch: 1 | total time: 131.46m
step 03014 (68.39%) | K: 3 | loss: 1.822425 | L1: 0.916176 | L2: 0.906408 | L3: 0.906090 | lrm: 0.63 | dt: 2625.31ms | tok/sec: 199,705 | mfu: 43.91 | epoch: 1 | total time: 131.51m
step 03015 (68.41%) | K: 3 | loss: 1.816296 | L1: 0.913071 | L2: 0.903377 | L3: 0.903074 | lrm: 0.63 | dt: 2626.34ms | tok/sec: 199,627 | mfu: 43.89 | epoch: 1 | total time: 131.55m
step 03016 (68.44%) | K: 3 | loss: 1.800168 | L1: 0.904996 | L2: 0.895337 | L3: 0.895008 | lrm: 0.63 | dt: 2624.14ms | tok/sec: 199,794 | mfu: 43.93 | epoch: 1 | total time: 131.59m
step 03017 (68.46%) | K: 3 | loss: 1.793877 | L1: 0.901855 | L2: 0.892191 | L3: 0.891853 | lrm: 0.63 | dt: 2625.03ms | tok/sec: 199,726 | mfu: 43.91 | epoch: 1 | total time: 131.64m
step 03018 (68.48%) | K: 3 | loss: 1.802700 | L1: 0.906252 | L2: 0.896610 | L3: 0.896286 | lrm: 0.63 | dt: 2624.65ms | tok/sec: 199,755 | mfu: 43.92 | epoch: 1 | total time: 131.68m
step 03019 (68.50%) | K: 3 | loss: 1.784140 | L1: 0.896906 | L2: 0.887396 | L3: 0.887071 | lrm: 0.63 | dt: 2625.27ms | tok/sec: 199,708 | mfu: 43.91 | epoch: 1 | total time: 131.73m
step 03020 (68.53%) | K: 3 | loss: 1.779725 | L1: 0.894712 | L2: 0.885178 | L3: 0.884846 | lrm: 0.63 | dt: 2621.98ms | tok/sec: 199,958 | mfu: 43.96 | epoch: 1 | total time: 131.77m
step 03021 (68.55%) | K: 3 | loss: 1.784997 | L1: 0.897343 | L2: 0.887818 | L3: 0.887490 | lrm: 0.63 | dt: 2619.81ms | tok/sec: 200,124 | mfu: 44.00 | epoch: 1 | total time: 131.81m
step 03022 (68.57%) | K: 3 | loss: 1.786395 | L1: 0.898027 | L2: 0.888527 | L3: 0.888208 | lrm: 0.63 | dt: 2623.81ms | tok/sec: 199,818 | mfu: 43.93 | epoch: 1 | total time: 131.86m
step 03023 (68.60%) | K: 3 | loss: 1.789089 | L1: 0.899354 | L2: 0.889909 | L3: 0.889561 | lrm: 0.63 | dt: 2625.47ms | tok/sec: 199,692 | mfu: 43.91 | epoch: 1 | total time: 131.90m
step 03024 (68.62%) | K: 3 | loss: 1.782226 | L1: 0.895897 | L2: 0.886509 | L3: 0.886150 | lrm: 0.63 | dt: 2620.85ms | tok/sec: 200,044 | mfu: 43.98 | epoch: 1 | total time: 131.94m
step 03025 (68.64%) | K: 3 | loss: 1.778910 | L1: 0.894227 | L2: 0.884861 | L3: 0.884504 | lrm: 0.63 | dt: 2622.19ms | tok/sec: 199,942 | mfu: 43.96 | epoch: 1 | total time: 131.99m
step 03026 (68.66%) | K: 3 | loss: 1.774594 | L1: 0.892027 | L2: 0.882737 | L3: 0.882395 | lrm: 0.63 | dt: 2625.86ms | tok/sec: 199,663 | mfu: 43.90 | epoch: 1 | total time: 132.03m
step 03027 (68.69%) | K: 3 | loss: 1.778131 | L1: 0.893810 | L2: 0.884491 | L3: 0.884151 | lrm: 0.63 | dt: 2622.32ms | tok/sec: 199,932 | mfu: 43.96 | epoch: 1 | total time: 132.07m
step 03028 (68.71%) | K: 3 | loss: 1.786112 | L1: 0.897801 | L2: 0.888485 | L3: 0.888137 | lrm: 0.63 | dt: 2628.73ms | tok/sec: 199,445 | mfu: 43.85 | epoch: 1 | total time: 132.12m
step 03029 (68.73%) | K: 3 | loss: 1.784896 | L1: 0.897176 | L2: 0.887892 | L3: 0.887548 | lrm: 0.63 | dt: 2619.93ms | tok/sec: 200,115 | mfu: 44.00 | epoch: 1 | total time: 132.16m
step 03030 (68.75%) | K: 3 | loss: 1.791627 | L1: 0.900515 | L2: 0.891291 | L3: 0.890933 | lrm: 0.62 | dt: 2623.91ms | tok/sec: 199,811 | mfu: 43.93 | epoch: 1 | total time: 132.21m
step 03031 (68.78%) | K: 3 | loss: 1.798834 | L1: 0.904125 | L2: 0.894893 | L3: 0.894525 | lrm: 0.62 | dt: 2628.61ms | tok/sec: 199,454 | mfu: 43.85 | epoch: 1 | total time: 132.25m
step 03032 (68.80%) | K: 3 | loss: 1.791904 | L1: 0.900736 | L2: 0.891343 | L3: 0.890992 | lrm: 0.62 | dt: 2619.75ms | tok/sec: 200,128 | mfu: 44.00 | epoch: 1 | total time: 132.29m
step 03033 (68.82%) | K: 3 | loss: 1.783240 | L1: 0.896390 | L2: 0.887027 | L3: 0.886671 | lrm: 0.62 | dt: 2623.60ms | tok/sec: 199,835 | mfu: 43.94 | epoch: 1 | total time: 132.34m
step 03034 (68.85%) | K: 3 | loss: 1.776712 | L1: 0.893130 | L2: 0.883755 | L3: 0.883409 | lrm: 0.62 | dt: 2621.89ms | tok/sec: 199,965 | mfu: 43.97 | epoch: 1 | total time: 132.38m
step 03035 (68.87%) | K: 3 | loss: 1.785071 | L1: 0.897310 | L2: 0.887922 | L3: 0.887599 | lrm: 0.62 | dt: 2624.80ms | tok/sec: 199,743 | mfu: 43.92 | epoch: 1 | total time: 132.42m
step 03036 (68.89%) | K: 3 | loss: 1.776453 | L1: 0.893018 | L2: 0.883588 | L3: 0.883281 | lrm: 0.62 | dt: 2628.39ms | tok/sec: 199,470 | mfu: 43.86 | epoch: 1 | total time: 132.47m
step 03037 (68.91%) | K: 3 | loss: 1.772044 | L1: 0.890824 | L2: 0.881366 | L3: 0.881075 | lrm: 0.62 | dt: 2622.55ms | tok/sec: 199,915 | mfu: 43.95 | epoch: 1 | total time: 132.51m
step 03038 (68.94%) | K: 3 | loss: 1.776899 | L1: 0.893252 | L2: 0.883791 | L3: 0.883502 | lrm: 0.62 | dt: 2625.42ms | tok/sec: 199,696 | mfu: 43.91 | epoch: 1 | total time: 132.56m
step 03039 (68.96%) | K: 3 | loss: 1.777863 | L1: 0.893729 | L2: 0.884284 | L3: 0.883986 | lrm: 0.62 | dt: 2627.27ms | tok/sec: 199,556 | mfu: 43.88 | epoch: 1 | total time: 132.60m
step 03040 (68.98%) | K: 3 | loss: 1.770785 | L1: 0.890158 | L2: 0.880775 | L3: 0.880477 | lrm: 0.62 | dt: 2624.30ms | tok/sec: 199,781 | mfu: 43.93 | epoch: 1 | total time: 132.64m
step 03041 (69.00%) | K: 3 | loss: 1.772385 | L1: 0.890959 | L2: 0.881575 | L3: 0.881277 | lrm: 0.62 | dt: 2622.06ms | tok/sec: 199,952 | mfu: 43.96 | epoch: 1 | total time: 132.69m
step 03042 (69.03%) | K: 3 | loss: 1.767671 | L1: 0.888582 | L2: 0.879240 | L3: 0.878939 | lrm: 0.62 | dt: 2627.09ms | tok/sec: 199,570 | mfu: 43.88 | epoch: 1 | total time: 132.73m
step 03043 (69.05%) | K: 3 | loss: 1.763779 | L1: 0.886687 | L2: 0.877244 | L3: 0.876939 | lrm: 0.62 | dt: 2626.82ms | tok/sec: 199,590 | mfu: 43.88 | epoch: 1 | total time: 132.77m
step 03044 (69.07%) | K: 3 | loss: 1.773163 | L1: 0.891428 | L2: 0.881902 | L3: 0.881567 | lrm: 0.62 | dt: 2621.58ms | tok/sec: 199,989 | mfu: 43.97 | epoch: 1 | total time: 132.82m
step 03045 (69.09%) | K: 3 | loss: 1.777697 | L1: 0.893727 | L2: 0.884133 | L3: 0.883807 | lrm: 0.62 | dt: 2625.12ms | tok/sec: 199,719 | mfu: 43.91 | epoch: 1 | total time: 132.86m
step 03046 (69.12%) | K: 3 | loss: 1.791615 | L1: 0.900710 | L2: 0.891072 | L3: 0.890738 | lrm: 0.62 | dt: 2624.40ms | tok/sec: 199,774 | mfu: 43.92 | epoch: 1 | total time: 132.91m
step 03047 (69.14%) | K: 3 | loss: 1.788264 | L1: 0.899076 | L2: 0.889344 | L3: 0.889032 | lrm: 0.62 | dt: 2624.31ms | tok/sec: 199,781 | mfu: 43.93 | epoch: 1 | total time: 132.95m
step 03048 (69.16%) | K: 3 | loss: 1.779037 | L1: 0.894426 | L2: 0.884770 | L3: 0.884451 | lrm: 0.62 | dt: 2622.52ms | tok/sec: 199,917 | mfu: 43.96 | epoch: 1 | total time: 132.99m
step 03049 (69.19%) | K: 3 | loss: 1.777070 | L1: 0.893400 | L2: 0.883822 | L3: 0.883517 | lrm: 0.62 | dt: 2624.45ms | tok/sec: 199,770 | mfu: 43.92 | epoch: 1 | total time: 133.04m
step 03050 (69.21%) | K: 3 | loss: 1.776898 | L1: 0.893324 | L2: 0.883736 | L3: 0.883411 | lrm: 0.62 | dt: 2627.06ms | tok/sec: 199,571 | mfu: 43.88 | epoch: 1 | total time: 133.08m
step 03051 (69.23%) | K: 3 | loss: 1.766268 | L1: 0.887985 | L2: 0.878449 | L3: 0.878118 | lrm: 0.62 | dt: 2625.54ms | tok/sec: 199,687 | mfu: 43.90 | epoch: 1 | total time: 133.12m
step 03052 (69.25%) | K: 3 | loss: 1.768844 | L1: 0.889313 | L2: 0.879684 | L3: 0.879377 | lrm: 0.61 | dt: 2621.28ms | tok/sec: 200,012 | mfu: 43.98 | epoch: 1 | total time: 133.17m
step 03053 (69.28%) | K: 3 | loss: 1.773776 | L1: 0.891731 | L2: 0.882197 | L3: 0.881894 | lrm: 0.61 | dt: 2623.07ms | tok/sec: 199,875 | mfu: 43.95 | epoch: 1 | total time: 133.21m
step 03054 (69.30%) | K: 3 | loss: 1.785416 | L1: 0.897563 | L2: 0.888001 | L3: 0.887706 | lrm: 0.61 | dt: 2629.06ms | tok/sec: 199,420 | mfu: 43.85 | epoch: 1 | total time: 133.26m
step 03055 (69.32%) | K: 3 | loss: 1.797037 | L1: 0.903345 | L2: 0.893836 | L3: 0.893547 | lrm: 0.61 | dt: 2623.36ms | tok/sec: 199,853 | mfu: 43.94 | epoch: 1 | total time: 133.30m
step 03056 (69.34%) | K: 3 | loss: 1.801029 | L1: 0.905338 | L2: 0.895842 | L3: 0.895540 | lrm: 0.61 | dt: 2621.68ms | tok/sec: 199,981 | mfu: 43.97 | epoch: 1 | total time: 133.34m
step 03057 (69.37%) | K: 3 | loss: 1.796279 | L1: 0.902976 | L2: 0.893451 | L3: 0.893156 | lrm: 0.61 | dt: 2624.93ms | tok/sec: 199,733 | mfu: 43.92 | epoch: 1 | total time: 133.39m
step 03058 (69.39%) | K: 3 | loss: 1.804777 | L1: 0.907303 | L2: 0.897625 | L3: 0.897324 | lrm: 0.61 | dt: 2630.94ms | tok/sec: 199,278 | mfu: 43.81 | epoch: 1 | total time: 133.43m
step 03059 (69.41%) | K: 3 | loss: 1.795799 | L1: 0.902813 | L2: 0.893142 | L3: 0.892830 | lrm: 0.61 | dt: 2622.06ms | tok/sec: 199,952 | mfu: 43.96 | epoch: 1 | total time: 133.47m
step 03060 (69.43%) | K: 3 | loss: 1.800191 | L1: 0.905013 | L2: 0.895344 | L3: 0.895012 | lrm: 0.61 | dt: 2625.93ms | tok/sec: 199,658 | mfu: 43.90 | epoch: 1 | total time: 133.52m
step 03061 (69.46%) | K: 3 | loss: 1.795375 | L1: 0.902558 | L2: 0.892990 | L3: 0.892645 | lrm: 0.61 | dt: 2620.03ms | tok/sec: 200,107 | mfu: 44.00 | epoch: 1 | total time: 133.56m
step 03062 (69.48%) | K: 3 | loss: 1.787723 | L1: 0.898695 | L2: 0.889190 | L3: 0.888865 | lrm: 0.61 | dt: 2622.45ms | tok/sec: 199,923 | mfu: 43.96 | epoch: 1 | total time: 133.61m
step 03063 (69.50%) | K: 3 | loss: 1.778339 | L1: 0.893995 | L2: 0.884507 | L3: 0.884181 | lrm: 0.61 | dt: 2623.50ms | tok/sec: 199,843 | mfu: 43.94 | epoch: 1 | total time: 133.65m
step 03064 (69.53%) | K: 3 | loss: 1.786608 | L1: 0.898154 | L2: 0.888629 | L3: 0.888279 | lrm: 0.61 | dt: 2624.36ms | tok/sec: 199,777 | mfu: 43.92 | epoch: 1 | total time: 133.69m
step 03065 (69.55%) | K: 3 | loss: 1.783479 | L1: 0.896565 | L2: 0.887074 | L3: 0.886753 | lrm: 0.61 | dt: 2623.33ms | tok/sec: 199,856 | mfu: 43.94 | epoch: 1 | total time: 133.74m
step 03066 (69.57%) | K: 3 | loss: 1.778600 | L1: 0.894144 | L2: 0.884623 | L3: 0.884288 | lrm: 0.61 | dt: 2625.36ms | tok/sec: 199,701 | mfu: 43.91 | epoch: 1 | total time: 133.78m
step 03067 (69.59%) | K: 3 | loss: 1.768187 | L1: 0.888896 | L2: 0.879456 | L3: 0.879126 | lrm: 0.61 | dt: 2623.05ms | tok/sec: 199,877 | mfu: 43.95 | epoch: 1 | total time: 133.82m
step 03068 (69.62%) | K: 3 | loss: 1.771014 | L1: 0.890281 | L2: 0.880897 | L3: 0.880569 | lrm: 0.61 | dt: 2623.02ms | tok/sec: 199,879 | mfu: 43.95 | epoch: 1 | total time: 133.87m
step 03069 (69.64%) | K: 3 | loss: 1.772028 | L1: 0.890796 | L2: 0.881393 | L3: 0.881071 | lrm: 0.61 | dt: 2621.88ms | tok/sec: 199,966 | mfu: 43.97 | epoch: 1 | total time: 133.91m
step 03070 (69.66%) | K: 3 | loss: 1.765073 | L1: 0.887393 | L2: 0.877828 | L3: 0.877532 | lrm: 0.61 | dt: 2624.51ms | tok/sec: 199,765 | mfu: 43.92 | epoch: 1 | total time: 133.96m
step 03071 (69.68%) | K: 3 | loss: 1.763675 | L1: 0.886680 | L2: 0.877145 | L3: 0.876845 | lrm: 0.61 | dt: 2627.42ms | tok/sec: 199,545 | mfu: 43.87 | epoch: 1 | total time: 134.00m
step 03072 (69.71%) | K: 3 | loss: 1.760448 | L1: 0.885064 | L2: 0.875536 | L3: 0.875233 | lrm: 0.61 | dt: 2623.36ms | tok/sec: 199,853 | mfu: 43.94 | epoch: 1 | total time: 134.04m
step 03073 (69.73%) | K: 3 | loss: 1.764257 | L1: 0.886955 | L2: 0.877459 | L3: 0.877146 | lrm: 0.61 | dt: 2627.36ms | tok/sec: 199,549 | mfu: 43.87 | epoch: 1 | total time: 134.09m
step 03074 (69.75%) | K: 3 | loss: 1.773977 | L1: 0.891785 | L2: 0.882354 | L3: 0.882030 | lrm: 0.60 | dt: 2623.44ms | tok/sec: 199,847 | mfu: 43.94 | epoch: 1 | total time: 134.13m
step 03075 (69.78%) | K: 3 | loss: 1.776986 | L1: 0.893307 | L2: 0.883840 | L3: 0.883517 | lrm: 0.60 | dt: 2624.94ms | tok/sec: 199,733 | mfu: 43.91 | epoch: 1 | total time: 134.17m
step 03076 (69.80%) | K: 3 | loss: 1.778180 | L1: 0.893889 | L2: 0.884454 | L3: 0.884129 | lrm: 0.60 | dt: 2621.47ms | tok/sec: 199,997 | mfu: 43.97 | epoch: 1 | total time: 134.22m
step 03077 (69.82%) | K: 3 | loss: 1.789563 | L1: 0.899619 | L2: 0.890114 | L3: 0.889774 | lrm: 0.60 | dt: 2623.43ms | tok/sec: 199,847 | mfu: 43.94 | epoch: 1 | total time: 134.26m
step 03078 (69.84%) | K: 3 | loss: 1.788615 | L1: 0.899157 | L2: 0.889623 | L3: 0.889292 | lrm: 0.60 | dt: 2621.20ms | tok/sec: 200,017 | mfu: 43.98 | epoch: 1 | total time: 134.31m
step 03079 (69.87%) | K: 3 | loss: 1.789049 | L1: 0.899367 | L2: 0.889835 | L3: 0.889528 | lrm: 0.60 | dt: 2625.76ms | tok/sec: 199,671 | mfu: 43.90 | epoch: 1 | total time: 134.35m
step 03080 (69.89%) | K: 3 | loss: 1.780686 | L1: 0.895198 | L2: 0.885645 | L3: 0.885333 | lrm: 0.60 | dt: 2622.68ms | tok/sec: 199,905 | mfu: 43.95 | epoch: 1 | total time: 134.39m
step 03081 (69.91%) | K: 3 | loss: 1.776068 | L1: 0.892837 | L2: 0.883386 | L3: 0.883075 | lrm: 0.60 | dt: 2625.70ms | tok/sec: 199,675 | mfu: 43.90 | epoch: 1 | total time: 134.44m
step 03082 (69.93%) | K: 3 | loss: 1.771809 | L1: 0.890696 | L2: 0.881263 | L3: 0.880962 | lrm: 0.60 | dt: 2624.41ms | tok/sec: 199,773 | mfu: 43.92 | epoch: 1 | total time: 134.48m
step 03083 (69.96%) | K: 3 | loss: 1.768340 | L1: 0.888940 | L2: 0.879538 | L3: 0.879261 | lrm: 0.60 | dt: 2622.00ms | tok/sec: 199,957 | mfu: 43.96 | epoch: 1 | total time: 134.52m
step 03084 (69.98%) | K: 3 | loss: 1.775841 | L1: 0.892743 | L2: 0.883243 | L3: 0.882953 | lrm: 0.60 | dt: 2623.78ms | tok/sec: 199,821 | mfu: 43.93 | epoch: 1 | total time: 134.57m
step 03085 (70.00%) | K: 3 | loss: 1.767021 | L1: 0.888329 | L2: 0.878831 | L3: 0.878552 | lrm: 0.60 | dt: 2624.65ms | tok/sec: 199,755 | mfu: 43.92 | epoch: 1 | total time: 134.61m
step 03086 (70.02%) | K: 3 | loss: 1.790206 | L1: 0.899889 | L2: 0.890448 | L3: 0.890186 | lrm: 0.60 | dt: 2628.86ms | tok/sec: 199,435 | mfu: 43.85 | epoch: 1 | total time: 134.66m
step 03087 (70.05%) | K: 3 | loss: 1.792552 | L1: 0.900981 | L2: 0.891699 | L3: 0.891444 | lrm: 0.60 | dt: 2619.58ms | tok/sec: 200,142 | mfu: 44.00 | epoch: 1 | total time: 134.70m
step 03088 (70.07%) | K: 3 | loss: 1.794724 | L1: 0.902080 | L2: 0.892771 | L3: 0.892518 | lrm: 0.60 | dt: 2624.21ms | tok/sec: 199,789 | mfu: 43.93 | epoch: 1 | total time: 134.74m
step 03089 (70.09%) | K: 3 | loss: 1.799488 | L1: 0.904522 | L2: 0.895089 | L3: 0.894844 | lrm: 0.60 | dt: 2622.81ms | tok/sec: 199,895 | mfu: 43.95 | epoch: 1 | total time: 134.79m
step 03090 (70.12%) | K: 3 | loss: 1.791603 | L1: 0.900541 | L2: 0.891188 | L3: 0.890938 | lrm: 0.60 | dt: 2621.56ms | tok/sec: 199,990 | mfu: 43.97 | epoch: 1 | total time: 134.83m
step 03091 (70.14%) | K: 3 | loss: 1.790301 | L1: 0.899912 | L2: 0.890506 | L3: 0.890273 | lrm: 0.60 | dt: 2623.64ms | tok/sec: 199,832 | mfu: 43.94 | epoch: 1 | total time: 134.87m
step 03092 (70.16%) | K: 3 | loss: 1.802175 | L1: 0.905866 | L2: 0.896418 | L3: 0.896198 | lrm: 0.60 | dt: 2624.04ms | tok/sec: 199,802 | mfu: 43.93 | epoch: 1 | total time: 134.92m
step 03093 (70.18%) | K: 3 | loss: 1.795928 | L1: 0.902707 | L2: 0.893337 | L3: 0.893105 | lrm: 0.60 | dt: 2626.92ms | tok/sec: 199,582 | mfu: 43.88 | epoch: 1 | total time: 134.96m
step 03094 (70.21%) | K: 3 | loss: 1.792266 | L1: 0.900889 | L2: 0.891497 | L3: 0.891256 | lrm: 0.60 | dt: 2622.88ms | tok/sec: 199,890 | mfu: 43.95 | epoch: 1 | total time: 135.01m
step 03095 (70.23%) | K: 3 | loss: 1.785981 | L1: 0.897713 | L2: 0.888397 | L3: 0.888140 | lrm: 0.60 | dt: 2631.24ms | tok/sec: 199,255 | mfu: 43.81 | epoch: 1 | total time: 135.05m
step 03096 (70.25%) | K: 3 | loss: 1.780879 | L1: 0.895157 | L2: 0.885854 | L3: 0.885589 | lrm: 0.59 | dt: 2624.44ms | tok/sec: 199,771 | mfu: 43.92 | epoch: 1 | total time: 135.09m
step 03097 (70.27%) | K: 3 | loss: 1.777334 | L1: 0.893353 | L2: 0.884116 | L3: 0.883846 | lrm: 0.59 | dt: 2621.41ms | tok/sec: 200,002 | mfu: 43.97 | epoch: 1 | total time: 135.14m
step 03098 (70.30%) | K: 3 | loss: 1.779165 | L1: 0.894282 | L2: 0.885022 | L3: 0.884743 | lrm: 0.59 | dt: 2627.43ms | tok/sec: 199,544 | mfu: 43.87 | epoch: 1 | total time: 135.18m
step 03099 (70.32%) | K: 3 | loss: 1.784819 | L1: 0.897095 | L2: 0.887854 | L3: 0.887596 | lrm: 0.59 | dt: 2622.55ms | tok/sec: 199,915 | mfu: 43.95 | epoch: 1 | total time: 135.22m
step 03100 (70.34%) | K: 3 | loss: 1.789482 | L1: 0.899448 | L2: 0.890176 | L3: 0.889890 | lrm: 0.59 | dt: 2624.40ms | tok/sec: 199,774 | mfu: 43.92 | epoch: 1 | total time: 135.27m
step 03101 (70.37%) | K: 3 | loss: 1.790009 | L1: 0.899712 | L2: 0.890443 | L3: 0.890151 | lrm: 0.59 | dt: 2622.69ms | tok/sec: 199,904 | mfu: 43.95 | epoch: 1 | total time: 135.31m
step 03102 (70.39%) | K: 3 | loss: 1.784398 | L1: 0.896918 | L2: 0.887629 | L3: 0.887331 | lrm: 0.59 | dt: 2622.08ms | tok/sec: 199,951 | mfu: 43.96 | epoch: 1 | total time: 135.36m
step 03103 (70.41%) | K: 3 | loss: 1.778148 | L1: 0.893780 | L2: 0.884515 | L3: 0.884222 | lrm: 0.59 | dt: 2625.03ms | tok/sec: 199,726 | mfu: 43.91 | epoch: 1 | total time: 135.40m
step 03104 (70.43%) | K: 3 | loss: 1.793798 | L1: 0.901605 | L2: 0.892339 | L3: 0.892048 | lrm: 0.59 | dt: 2624.84ms | tok/sec: 199,741 | mfu: 43.92 | epoch: 1 | total time: 135.44m
step 03105 (70.46%) | K: 3 | loss: 1.798105 | L1: 0.903790 | L2: 0.894466 | L3: 0.894166 | lrm: 0.59 | dt: 2622.46ms | tok/sec: 199,922 | mfu: 43.96 | epoch: 1 | total time: 135.49m
step 03106 (70.48%) | K: 3 | loss: 1.797360 | L1: 0.903390 | L2: 0.894119 | L3: 0.893821 | lrm: 0.59 | dt: 2628.25ms | tok/sec: 199,482 | mfu: 43.86 | epoch: 1 | total time: 135.53m
step 03107 (70.50%) | K: 3 | loss: 1.793432 | L1: 0.901400 | L2: 0.892177 | L3: 0.891889 | lrm: 0.59 | dt: 2627.89ms | tok/sec: 199,508 | mfu: 43.87 | epoch: 1 | total time: 135.57m
step 03108 (70.52%) | K: 3 | loss: 1.787602 | L1: 0.898508 | L2: 0.889236 | L3: 0.888953 | lrm: 0.59 | dt: 2620.86ms | tok/sec: 200,044 | mfu: 43.98 | epoch: 1 | total time: 135.62m
step 03109 (70.55%) | K: 3 | loss: 1.786000 | L1: 0.897724 | L2: 0.888412 | L3: 0.888141 | lrm: 0.59 | dt: 2623.22ms | tok/sec: 199,864 | mfu: 43.94 | epoch: 1 | total time: 135.66m
step 03110 (70.57%) | K: 3 | loss: 1.777772 | L1: 0.893603 | L2: 0.884306 | L3: 0.884031 | lrm: 0.59 | dt: 2623.00ms | tok/sec: 199,880 | mfu: 43.95 | epoch: 1 | total time: 135.71m
step 03111 (70.59%) | K: 3 | loss: 1.775544 | L1: 0.892516 | L2: 0.883169 | L3: 0.882887 | lrm: 0.59 | dt: 2626.26ms | tok/sec: 199,632 | mfu: 43.89 | epoch: 1 | total time: 135.75m
step 03112 (70.61%) | K: 3 | loss: 1.779478 | L1: 0.894470 | L2: 0.885152 | L3: 0.884865 | lrm: 0.59 | dt: 2623.21ms | tok/sec: 199,864 | mfu: 43.94 | epoch: 1 | total time: 135.79m
step 03113 (70.64%) | K: 3 | loss: 1.774547 | L1: 0.891998 | L2: 0.882689 | L3: 0.882410 | lrm: 0.59 | dt: 2625.34ms | tok/sec: 199,702 | mfu: 43.91 | epoch: 1 | total time: 135.84m
step 03114 (70.66%) | K: 3 | loss: 1.775202 | L1: 0.892324 | L2: 0.883013 | L3: 0.882744 | lrm: 0.59 | dt: 2628.32ms | tok/sec: 199,476 | mfu: 43.86 | epoch: 1 | total time: 135.88m
step 03115 (70.68%) | K: 3 | loss: 1.764955 | L1: 0.887161 | L2: 0.877923 | L3: 0.877665 | lrm: 0.59 | dt: 2626.88ms | tok/sec: 199,585 | mfu: 43.88 | epoch: 1 | total time: 135.92m
step 03116 (70.71%) | K: 3 | loss: 1.777214 | L1: 0.893320 | L2: 0.884033 | L3: 0.883755 | lrm: 0.59 | dt: 2624.33ms | tok/sec: 199,779 | mfu: 43.93 | epoch: 1 | total time: 135.97m
step 03117 (70.73%) | K: 3 | loss: 1.769144 | L1: 0.889260 | L2: 0.880010 | L3: 0.879757 | lrm: 0.59 | dt: 2625.77ms | tok/sec: 199,670 | mfu: 43.90 | epoch: 1 | total time: 136.01m
step 03118 (70.75%) | K: 3 | loss: 1.765552 | L1: 0.887450 | L2: 0.878224 | L3: 0.877979 | lrm: 0.58 | dt: 2627.16ms | tok/sec: 199,564 | mfu: 43.88 | epoch: 1 | total time: 136.06m
step 03119 (70.77%) | K: 3 | loss: 1.753242 | L1: 0.881286 | L2: 0.872074 | L3: 0.871837 | lrm: 0.58 | dt: 2625.54ms | tok/sec: 199,687 | mfu: 43.90 | epoch: 1 | total time: 136.10m
step 03120 (70.80%) | K: 3 | loss: 1.757379 | L1: 0.883403 | L2: 0.874105 | L3: 0.873848 | lrm: 0.58 | dt: 2626.34ms | tok/sec: 199,627 | mfu: 43.89 | epoch: 1 | total time: 136.14m
step 03121 (70.82%) | K: 3 | loss: 1.763087 | L1: 0.886276 | L2: 0.876935 | L3: 0.876688 | lrm: 0.58 | dt: 2624.19ms | tok/sec: 199,790 | mfu: 43.93 | epoch: 1 | total time: 136.19m
step 03122 (70.84%) | K: 3 | loss: 1.773274 | L1: 0.891380 | L2: 0.882022 | L3: 0.881766 | lrm: 0.58 | dt: 2626.87ms | tok/sec: 199,586 | mfu: 43.88 | epoch: 1 | total time: 136.23m
step 03123 (70.86%) | K: 3 | loss: 1.781682 | L1: 0.895613 | L2: 0.886205 | L3: 0.885933 | lrm: 0.58 | dt: 2629.31ms | tok/sec: 199,401 | mfu: 43.84 | epoch: 1 | total time: 136.27m
step 03124 (70.89%) | K: 3 | loss: 1.777439 | L1: 0.893457 | L2: 0.884117 | L3: 0.883846 | lrm: 0.58 | dt: 2623.44ms | tok/sec: 199,847 | mfu: 43.94 | epoch: 1 | total time: 136.32m
step 03125 (70.91%) | K: 3 | loss: 1.772175 | L1: 0.890840 | L2: 0.881459 | L3: 0.881210 | lrm: 0.58 | dt: 2622.63ms | tok/sec: 199,908 | mfu: 43.95 | epoch: 1 | total time: 136.36m
step 03126 (70.93%) | K: 3 | loss: 1.765288 | L1: 0.887433 | L2: 0.877984 | L3: 0.877726 | lrm: 0.58 | dt: 2627.31ms | tok/sec: 199,552 | mfu: 43.88 | epoch: 1 | total time: 136.41m
step 03127 (70.96%) | K: 3 | loss: 1.762717 | L1: 0.886099 | L2: 0.876734 | L3: 0.876502 | lrm: 0.58 | dt: 2625.74ms | tok/sec: 199,672 | mfu: 43.90 | epoch: 1 | total time: 136.45m
step 03128 (70.98%) | K: 3 | loss: 1.761487 | L1: 0.885475 | L2: 0.876130 | L3: 0.875896 | lrm: 0.58 | dt: 2622.27ms | tok/sec: 199,936 | mfu: 43.96 | epoch: 1 | total time: 136.49m
step 03129 (71.00%) | K: 3 | loss: 1.750572 | L1: 0.879974 | L2: 0.870714 | L3: 0.870481 | lrm: 0.58 | dt: 2624.74ms | tok/sec: 199,748 | mfu: 43.92 | epoch: 1 | total time: 136.54m
step 03130 (71.02%) | K: 3 | loss: 1.761282 | L1: 0.885420 | L2: 0.875971 | L3: 0.875752 | lrm: 0.58 | dt: 2627.03ms | tok/sec: 199,574 | mfu: 43.88 | epoch: 1 | total time: 136.58m
step 03131 (71.05%) | K: 3 | loss: 1.763145 | L1: 0.886301 | L2: 0.876945 | L3: 0.876742 | lrm: 0.58 | dt: 2624.79ms | tok/sec: 199,744 | mfu: 43.92 | epoch: 1 | total time: 136.62m
step 03132 (71.07%) | K: 3 | loss: 1.759838 | L1: 0.884689 | L2: 0.875261 | L3: 0.875038 | lrm: 0.58 | dt: 2627.09ms | tok/sec: 199,569 | mfu: 43.88 | epoch: 1 | total time: 136.67m
step 03133 (71.09%) | K: 3 | loss: 1.756344 | L1: 0.882957 | L2: 0.873496 | L3: 0.873278 | lrm: 0.58 | dt: 2627.77ms | tok/sec: 199,518 | mfu: 43.87 | epoch: 1 | total time: 136.71m
step 03134 (71.11%) | K: 3 | loss: 1.770246 | L1: 0.889889 | L2: 0.880472 | L3: 0.880242 | lrm: 0.58 | dt: 2624.78ms | tok/sec: 199,745 | mfu: 43.92 | epoch: 1 | total time: 136.76m
step 03135 (71.14%) | K: 3 | loss: 1.762435 | L1: 0.886025 | L2: 0.876524 | L3: 0.876297 | lrm: 0.58 | dt: 2628.68ms | tok/sec: 199,449 | mfu: 43.85 | epoch: 1 | total time: 136.80m
step 03136 (71.16%) | K: 3 | loss: 1.760595 | L1: 0.885109 | L2: 0.875597 | L3: 0.875376 | lrm: 0.58 | dt: 2626.29ms | tok/sec: 199,630 | mfu: 43.89 | epoch: 1 | total time: 136.84m
step 03137 (71.18%) | K: 3 | loss: 1.756477 | L1: 0.883011 | L2: 0.873574 | L3: 0.873358 | lrm: 0.58 | dt: 2628.74ms | tok/sec: 199,444 | mfu: 43.85 | epoch: 1 | total time: 136.89m
step 03138 (71.20%) | K: 3 | loss: 1.746516 | L1: 0.878013 | L2: 0.868610 | L3: 0.868397 | lrm: 0.58 | dt: 2627.35ms | tok/sec: 199,550 | mfu: 43.87 | epoch: 1 | total time: 136.93m
step 03139 (71.23%) | K: 3 | loss: 1.752249 | L1: 0.880876 | L2: 0.871483 | L3: 0.871263 | lrm: 0.58 | dt: 2625.58ms | tok/sec: 199,684 | mfu: 43.90 | epoch: 1 | total time: 136.97m
step 03140 (71.25%) | K: 3 | loss: 1.753183 | L1: 0.881342 | L2: 0.871953 | L3: 0.871727 | lrm: 0.57 | dt: 2622.55ms | tok/sec: 199,915 | mfu: 43.95 | epoch: 1 | total time: 137.02m
step 03141 (71.27%) | K: 3 | loss: 1.754883 | L1: 0.882181 | L2: 0.872808 | L3: 0.872596 | lrm: 0.57 | dt: 2627.87ms | tok/sec: 199,510 | mfu: 43.87 | epoch: 1 | total time: 137.06m
step 03142 (71.30%) | K: 3 | loss: 1.765022 | L1: 0.887215 | L2: 0.877911 | L3: 0.877702 | lrm: 0.57 | dt: 2625.05ms | tok/sec: 199,725 | mfu: 43.91 | epoch: 1 | total time: 137.11m
step 03143 (71.32%) | K: 3 | loss: 1.762483 | L1: 0.885989 | L2: 0.876611 | L3: 0.876379 | lrm: 0.57 | dt: 2626.58ms | tok/sec: 199,608 | mfu: 43.89 | epoch: 1 | total time: 137.15m
step 03144 (71.34%) | K: 3 | loss: 1.756607 | L1: 0.883028 | L2: 0.873688 | L3: 0.873470 | lrm: 0.57 | dt: 2630.49ms | tok/sec: 199,311 | mfu: 43.82 | epoch: 1 | total time: 137.19m
step 03145 (71.36%) | K: 3 | loss: 1.771054 | L1: 0.890260 | L2: 0.880907 | L3: 0.880682 | lrm: 0.57 | dt: 2621.65ms | tok/sec: 199,984 | mfu: 43.97 | epoch: 1 | total time: 137.24m
step 03146 (71.39%) | K: 3 | loss: 1.771332 | L1: 0.890390 | L2: 0.881055 | L3: 0.880830 | lrm: 0.57 | dt: 2621.65ms | tok/sec: 199,983 | mfu: 43.97 | epoch: 1 | total time: 137.28m
step 03147 (71.41%) | K: 3 | loss: 1.789412 | L1: 0.899458 | L2: 0.890082 | L3: 0.889827 | lrm: 0.57 | dt: 2625.30ms | tok/sec: 199,706 | mfu: 43.91 | epoch: 1 | total time: 137.32m
step 03148 (71.43%) | K: 3 | loss: 1.791674 | L1: 0.900625 | L2: 0.891178 | L3: 0.890921 | lrm: 0.57 | dt: 2628.09ms | tok/sec: 199,494 | mfu: 43.86 | epoch: 1 | total time: 137.37m
step 03149 (71.45%) | K: 3 | loss: 1.785500 | L1: 0.897508 | L2: 0.888126 | L3: 0.887858 | lrm: 0.57 | dt: 2626.00ms | tok/sec: 199,652 | mfu: 43.90 | epoch: 1 | total time: 137.41m
step 03150 (71.48%) | K: 3 | loss: 1.778029 | L1: 0.893773 | L2: 0.884394 | L3: 0.884118 | lrm: 0.57 | dt: 2627.15ms | tok/sec: 199,565 | mfu: 43.88 | epoch: 1 | total time: 137.46m
step 03151 (71.50%) | K: 3 | loss: 1.777913 | L1: 0.893786 | L2: 0.884266 | L3: 0.883988 | lrm: 0.57 | dt: 2623.56ms | tok/sec: 199,838 | mfu: 43.94 | epoch: 1 | total time: 137.50m
step 03152 (71.52%) | K: 3 | loss: 1.766108 | L1: 0.887871 | L2: 0.878378 | L3: 0.878096 | lrm: 0.57 | dt: 2628.22ms | tok/sec: 199,484 | mfu: 43.86 | epoch: 1 | total time: 137.54m
step 03153 (71.55%) | K: 3 | loss: 1.777304 | L1: 0.893480 | L2: 0.883971 | L3: 0.883678 | lrm: 0.57 | dt: 2624.37ms | tok/sec: 199,776 | mfu: 43.92 | epoch: 1 | total time: 137.59m
step 03154 (71.57%) | K: 3 | loss: 1.781386 | L1: 0.895503 | L2: 0.886027 | L3: 0.885740 | lrm: 0.57 | dt: 2628.28ms | tok/sec: 199,479 | mfu: 43.86 | epoch: 1 | total time: 137.63m
step 03155 (71.59%) | K: 3 | loss: 1.771025 | L1: 0.890338 | L2: 0.880831 | L3: 0.880541 | lrm: 0.57 | dt: 2628.86ms | tok/sec: 199,435 | mfu: 43.85 | epoch: 1 | total time: 137.67m
step 03156 (71.61%) | K: 3 | loss: 1.767359 | L1: 0.888484 | L2: 0.879029 | L3: 0.878721 | lrm: 0.57 | dt: 2623.20ms | tok/sec: 199,866 | mfu: 43.94 | epoch: 1 | total time: 137.72m
step 03157 (71.64%) | K: 3 | loss: 1.769976 | L1: 0.889832 | L2: 0.880306 | L3: 0.879983 | lrm: 0.57 | dt: 2622.77ms | tok/sec: 199,898 | mfu: 43.95 | epoch: 1 | total time: 137.76m
step 03158 (71.66%) | K: 3 | loss: 1.785077 | L1: 0.897398 | L2: 0.887841 | L3: 0.887516 | lrm: 0.57 | dt: 2624.44ms | tok/sec: 199,771 | mfu: 43.92 | epoch: 1 | total time: 137.81m
step 03159 (71.68%) | K: 3 | loss: 1.783571 | L1: 0.896590 | L2: 0.887145 | L3: 0.886818 | lrm: 0.57 | dt: 2628.90ms | tok/sec: 199,432 | mfu: 43.85 | epoch: 1 | total time: 137.85m
step 03160 (71.70%) | K: 3 | loss: 1.777230 | L1: 0.893402 | L2: 0.883982 | L3: 0.883673 | lrm: 0.57 | dt: 2625.20ms | tok/sec: 199,713 | mfu: 43.91 | epoch: 1 | total time: 137.89m
step 03161 (71.73%) | K: 3 | loss: 1.785236 | L1: 0.897443 | L2: 0.887955 | L3: 0.887633 | lrm: 0.57 | dt: 2622.31ms | tok/sec: 199,933 | mfu: 43.96 | epoch: 1 | total time: 137.94m
step 03162 (71.75%) | K: 3 | loss: 1.785302 | L1: 0.897501 | L2: 0.887959 | L3: 0.887643 | lrm: 0.57 | dt: 2628.90ms | tok/sec: 199,432 | mfu: 43.85 | epoch: 1 | total time: 137.98m
step 03163 (71.77%) | K: 3 | loss: 1.797068 | L1: 0.903425 | L2: 0.893810 | L3: 0.893477 | lrm: 0.56 | dt: 2623.65ms | tok/sec: 199,831 | mfu: 43.94 | epoch: 1 | total time: 138.02m
step 03164 (71.79%) | K: 3 | loss: 1.800722 | L1: 0.905272 | L2: 0.895630 | L3: 0.895271 | lrm: 0.56 | dt: 2622.71ms | tok/sec: 199,903 | mfu: 43.95 | epoch: 1 | total time: 138.07m
step 03165 (71.82%) | K: 3 | loss: 1.807766 | L1: 0.908788 | L2: 0.899143 | L3: 0.898814 | lrm: 0.56 | dt: 2626.00ms | tok/sec: 199,652 | mfu: 43.90 | epoch: 1 | total time: 138.11m
step 03166 (71.84%) | K: 3 | loss: 1.800215 | L1: 0.904977 | L2: 0.895412 | L3: 0.895063 | lrm: 0.56 | dt: 2630.69ms | tok/sec: 199,296 | mfu: 43.82 | epoch: 1 | total time: 138.16m
step 03167 (71.86%) | K: 3 | loss: 1.806079 | L1: 0.907958 | L2: 0.898306 | L3: 0.897936 | lrm: 0.56 | dt: 2625.65ms | tok/sec: 199,679 | mfu: 43.90 | epoch: 1 | total time: 138.20m
step 03168 (71.89%) | K: 3 | loss: 1.806274 | L1: 0.908116 | L2: 0.898333 | L3: 0.897984 | lrm: 0.56 | dt: 2626.91ms | tok/sec: 199,583 | mfu: 43.88 | epoch: 1 | total time: 138.24m
step 03169 (71.91%) | K: 3 | loss: 1.805138 | L1: 0.907568 | L2: 0.897737 | L3: 0.897403 | lrm: 0.56 | dt: 2625.39ms | tok/sec: 199,698 | mfu: 43.91 | epoch: 1 | total time: 138.29m
step 03170 (71.93%) | K: 3 | loss: 1.799632 | L1: 0.904807 | L2: 0.894992 | L3: 0.894659 | lrm: 0.56 | dt: 2626.94ms | tok/sec: 199,581 | mfu: 43.88 | epoch: 1 | total time: 138.33m
step 03171 (71.95%) | K: 3 | loss: 1.791818 | L1: 0.900946 | L2: 0.891037 | L3: 0.890708 | lrm: 0.56 | dt: 2625.41ms | tok/sec: 199,697 | mfu: 43.91 | epoch: 1 | total time: 138.37m
step 03172 (71.98%) | K: 3 | loss: 1.789513 | L1: 0.899733 | L2: 0.889941 | L3: 0.889619 | lrm: 0.56 | dt: 2627.54ms | tok/sec: 199,535 | mfu: 43.87 | epoch: 1 | total time: 138.42m
step 03173 (72.00%) | K: 3 | loss: 1.787903 | L1: 0.898930 | L2: 0.889125 | L3: 0.888821 | lrm: 0.56 | dt: 2623.48ms | tok/sec: 199,844 | mfu: 43.94 | epoch: 1 | total time: 138.46m
step 03174 (72.02%) | K: 3 | loss: 1.781341 | L1: 0.895611 | L2: 0.885892 | L3: 0.885568 | lrm: 0.56 | dt: 2631.14ms | tok/sec: 199,262 | mfu: 43.81 | epoch: 1 | total time: 138.51m
step 03175 (72.04%) | K: 3 | loss: 1.793683 | L1: 0.901736 | L2: 0.892095 | L3: 0.891800 | lrm: 0.56 | dt: 2621.37ms | tok/sec: 200,005 | mfu: 43.97 | epoch: 1 | total time: 138.55m
step 03176 (72.07%) | K: 3 | loss: 1.793311 | L1: 0.901556 | L2: 0.891906 | L3: 0.891605 | lrm: 0.56 | dt: 2623.93ms | tok/sec: 199,810 | mfu: 43.93 | epoch: 1 | total time: 138.59m
step 03177 (72.09%) | K: 3 | loss: 1.786006 | L1: 0.897907 | L2: 0.888248 | L3: 0.887949 | lrm: 0.56 | dt: 2629.39ms | tok/sec: 199,394 | mfu: 43.84 | epoch: 1 | total time: 138.64m
step 03178 (72.11%) | K: 3 | loss: 1.798665 | L1: 0.904283 | L2: 0.894535 | L3: 0.894229 | lrm: 0.56 | dt: 2626.86ms | tok/sec: 199,587 | mfu: 43.88 | epoch: 1 | total time: 138.68m
step 03179 (72.14%) | K: 3 | loss: 1.784475 | L1: 0.897163 | L2: 0.887466 | L3: 0.887158 | lrm: 0.56 | dt: 2625.16ms | tok/sec: 199,716 | mfu: 43.91 | epoch: 1 | total time: 138.72m
step 03180 (72.16%) | K: 3 | loss: 1.788683 | L1: 0.899227 | L2: 0.889607 | L3: 0.889305 | lrm: 0.56 | dt: 2627.81ms | tok/sec: 199,515 | mfu: 43.87 | epoch: 1 | total time: 138.77m
step 03181 (72.18%) | K: 3 | loss: 1.795300 | L1: 0.902587 | L2: 0.892864 | L3: 0.892562 | lrm: 0.56 | dt: 2622.74ms | tok/sec: 199,900 | mfu: 43.95 | epoch: 1 | total time: 138.81m
step 03182 (72.20%) | K: 3 | loss: 1.789247 | L1: 0.899511 | L2: 0.889883 | L3: 0.889589 | lrm: 0.56 | dt: 2628.77ms | tok/sec: 199,442 | mfu: 43.85 | epoch: 1 | total time: 138.86m
step 03183 (72.23%) | K: 3 | loss: 1.789133 | L1: 0.899398 | L2: 0.889881 | L3: 0.889589 | lrm: 0.56 | dt: 2627.97ms | tok/sec: 199,502 | mfu: 43.86 | epoch: 1 | total time: 138.90m
step 03184 (72.25%) | K: 3 | loss: 1.790954 | L1: 0.900342 | L2: 0.890753 | L3: 0.890469 | lrm: 0.56 | dt: 2621.03ms | tok/sec: 200,031 | mfu: 43.98 | epoch: 1 | total time: 138.94m
step 03185 (72.27%) | K: 3 | loss: 1.793604 | L1: 0.901660 | L2: 0.892080 | L3: 0.891809 | lrm: 0.55 | dt: 2630.76ms | tok/sec: 199,291 | mfu: 43.82 | epoch: 1 | total time: 138.99m
step 03186 (72.29%) | K: 3 | loss: 1.792587 | L1: 0.901165 | L2: 0.891573 | L3: 0.891271 | lrm: 0.55 | dt: 2623.12ms | tok/sec: 199,872 | mfu: 43.95 | epoch: 1 | total time: 139.03m
step 03187 (72.32%) | K: 3 | loss: 1.780823 | L1: 0.895238 | L2: 0.885732 | L3: 0.885437 | lrm: 0.55 | dt: 2622.96ms | tok/sec: 199,883 | mfu: 43.95 | epoch: 1 | total time: 139.08m
step 03188 (72.34%) | K: 3 | loss: 1.773443 | L1: 0.891509 | L2: 0.882093 | L3: 0.881774 | lrm: 0.55 | dt: 2622.02ms | tok/sec: 199,955 | mfu: 43.96 | epoch: 1 | total time: 139.12m
step 03189 (72.36%) | K: 3 | loss: 1.768587 | L1: 0.889123 | L2: 0.879627 | L3: 0.879300 | lrm: 0.55 | dt: 2624.14ms | tok/sec: 199,794 | mfu: 43.93 | epoch: 1 | total time: 139.16m
step 03190 (72.38%) | K: 3 | loss: 1.766198 | L1: 0.887892 | L2: 0.878464 | L3: 0.878148 | lrm: 0.55 | dt: 2623.84ms | tok/sec: 199,817 | mfu: 43.93 | epoch: 1 | total time: 139.21m
step 03191 (72.41%) | K: 3 | loss: 1.766391 | L1: 0.888041 | L2: 0.878503 | L3: 0.878195 | lrm: 0.55 | dt: 2625.98ms | tok/sec: 199,654 | mfu: 43.90 | epoch: 1 | total time: 139.25m
step 03192 (72.43%) | K: 3 | loss: 1.770065 | L1: 0.889850 | L2: 0.880357 | L3: 0.880072 | lrm: 0.55 | dt: 2622.43ms | tok/sec: 199,924 | mfu: 43.96 | epoch: 1 | total time: 139.29m
step 03193 (72.45%) | K: 3 | loss: 1.776660 | L1: 0.893159 | L2: 0.883645 | L3: 0.883356 | lrm: 0.55 | dt: 2622.99ms | tok/sec: 199,881 | mfu: 43.95 | epoch: 1 | total time: 139.34m
step 03194 (72.48%) | K: 3 | loss: 1.787964 | L1: 0.898812 | L2: 0.889288 | L3: 0.889015 | lrm: 0.55 | dt: 2628.95ms | tok/sec: 199,428 | mfu: 43.85 | epoch: 1 | total time: 139.38m
step 03195 (72.50%) | K: 3 | loss: 1.783070 | L1: 0.896393 | L2: 0.886801 | L3: 0.886553 | lrm: 0.55 | dt: 2623.45ms | tok/sec: 199,846 | mfu: 43.94 | epoch: 1 | total time: 139.42m
step 03196 (72.52%) | K: 3 | loss: 1.777535 | L1: 0.893632 | L2: 0.884021 | L3: 0.883785 | lrm: 0.55 | dt: 2624.71ms | tok/sec: 199,750 | mfu: 43.92 | epoch: 1 | total time: 139.47m
step 03197 (72.54%) | K: 3 | loss: 1.759000 | L1: 0.884368 | L2: 0.874757 | L3: 0.874506 | lrm: 0.55 | dt: 2626.35ms | tok/sec: 199,626 | mfu: 43.89 | epoch: 1 | total time: 139.51m
step 03198 (72.57%) | K: 3 | loss: 1.767994 | L1: 0.888891 | L2: 0.879228 | L3: 0.878980 | lrm: 0.55 | dt: 2627.45ms | tok/sec: 199,542 | mfu: 43.87 | epoch: 1 | total time: 139.56m
step 03199 (72.59%) | K: 3 | loss: 1.758772 | L1: 0.884225 | L2: 0.874665 | L3: 0.874430 | lrm: 0.55 | dt: 2625.04ms | tok/sec: 199,725 | mfu: 43.91 | epoch: 1 | total time: 139.60m
step 03200 (72.61%) | K: 3 | loss: 1.763112 | L1: 0.886410 | L2: 0.876827 | L3: 0.876576 | lrm: 0.55 | dt: 2628.83ms | tok/sec: 199,437 | mfu: 43.85 | epoch: 1 | total time: 139.64m
step 03201 (72.63%) | K: 3 | loss: 1.769033 | L1: 0.889360 | L2: 0.879795 | L3: 0.879551 | lrm: 0.55 | dt: 2623.00ms | tok/sec: 199,881 | mfu: 43.95 | epoch: 1 | total time: 139.69m
step 03202 (72.66%) | K: 3 | loss: 1.761696 | L1: 0.885679 | L2: 0.876148 | L3: 0.875887 | lrm: 0.55 | dt: 2625.25ms | tok/sec: 199,709 | mfu: 43.91 | epoch: 1 | total time: 139.73m
step 03203 (72.68%) | K: 3 | loss: 1.758877 | L1: 0.884273 | L2: 0.874736 | L3: 0.874472 | lrm: 0.55 | dt: 2625.81ms | tok/sec: 199,667 | mfu: 43.90 | epoch: 1 | total time: 139.78m
step 03204 (72.70%) | K: 3 | loss: 1.763722 | L1: 0.886641 | L2: 0.877231 | L3: 0.876931 | lrm: 0.55 | dt: 2622.04ms | tok/sec: 199,953 | mfu: 43.96 | epoch: 1 | total time: 139.82m
step 03205 (72.73%) | K: 3 | loss: 1.769246 | L1: 0.889466 | L2: 0.879923 | L3: 0.879637 | lrm: 0.55 | dt: 2625.03ms | tok/sec: 199,726 | mfu: 43.91 | epoch: 1 | total time: 139.86m
step 03206 (72.75%) | K: 3 | loss: 1.772241 | L1: 0.890994 | L2: 0.881396 | L3: 0.881099 | lrm: 0.55 | dt: 2622.59ms | tok/sec: 199,912 | mfu: 43.95 | epoch: 1 | total time: 139.91m
step 03207 (72.77%) | K: 3 | loss: 1.774038 | L1: 0.891860 | L2: 0.882326 | L3: 0.882030 | lrm: 0.54 | dt: 2627.06ms | tok/sec: 199,572 | mfu: 43.88 | epoch: 1 | total time: 139.95m
step 03208 (72.79%) | K: 3 | loss: 1.779224 | L1: 0.894472 | L2: 0.884907 | L3: 0.884598 | lrm: 0.54 | dt: 2629.00ms | tok/sec: 199,425 | mfu: 43.85 | epoch: 1 | total time: 139.99m
step 03209 (72.82%) | K: 3 | loss: 1.773677 | L1: 0.891762 | L2: 0.882071 | L3: 0.881757 | lrm: 0.54 | dt: 2628.03ms | tok/sec: 199,498 | mfu: 43.86 | epoch: 1 | total time: 140.04m
step 03210 (72.84%) | K: 3 | loss: 1.779376 | L1: 0.894557 | L2: 0.884978 | L3: 0.884660 | lrm: 0.54 | dt: 2623.73ms | tok/sec: 199,825 | mfu: 43.94 | epoch: 1 | total time: 140.08m
step 03211 (72.86%) | K: 3 | loss: 1.794186 | L1: 0.902014 | L2: 0.892322 | L3: 0.892021 | lrm: 0.54 | dt: 2625.39ms | tok/sec: 199,699 | mfu: 43.91 | epoch: 1 | total time: 140.13m
step 03212 (72.88%) | K: 3 | loss: 1.794746 | L1: 0.902325 | L2: 0.892577 | L3: 0.892266 | lrm: 0.54 | dt: 2628.36ms | tok/sec: 199,473 | mfu: 43.86 | epoch: 1 | total time: 140.17m
step 03213 (72.91%) | K: 3 | loss: 1.792499 | L1: 0.901166 | L2: 0.891494 | L3: 0.891172 | lrm: 0.54 | dt: 2623.83ms | tok/sec: 199,817 | mfu: 43.93 | epoch: 1 | total time: 140.21m
step 03214 (72.93%) | K: 3 | loss: 1.780410 | L1: 0.895092 | L2: 0.885478 | L3: 0.885156 | lrm: 0.54 | dt: 2622.75ms | tok/sec: 199,899 | mfu: 43.95 | epoch: 1 | total time: 140.26m
step 03215 (72.95%) | K: 3 | loss: 1.783793 | L1: 0.896777 | L2: 0.887165 | L3: 0.886868 | lrm: 0.54 | dt: 2629.23ms | tok/sec: 199,407 | mfu: 43.84 | epoch: 1 | total time: 140.30m
step 03216 (72.97%) | K: 3 | loss: 1.785619 | L1: 0.897682 | L2: 0.888090 | L3: 0.887785 | lrm: 0.54 | dt: 2625.49ms | tok/sec: 199,691 | mfu: 43.91 | epoch: 1 | total time: 140.34m
step 03217 (73.00%) | K: 3 | loss: 1.786633 | L1: 0.898153 | L2: 0.888626 | L3: 0.888333 | lrm: 0.54 | dt: 2627.34ms | tok/sec: 199,550 | mfu: 43.87 | epoch: 1 | total time: 140.39m
step 03218 (73.02%) | K: 3 | loss: 1.792573 | L1: 0.901140 | L2: 0.891586 | L3: 0.891280 | lrm: 0.54 | dt: 2626.94ms | tok/sec: 199,581 | mfu: 43.88 | epoch: 1 | total time: 140.43m
step 03219 (73.04%) | K: 3 | loss: 1.789221 | L1: 0.899428 | L2: 0.889940 | L3: 0.889646 | lrm: 0.54 | dt: 2620.74ms | tok/sec: 200,053 | mfu: 43.99 | epoch: 1 | total time: 140.48m
step 03220 (73.07%) | K: 3 | loss: 1.780430 | L1: 0.895056 | L2: 0.885518 | L3: 0.885229 | lrm: 0.54 | dt: 2625.93ms | tok/sec: 199,658 | mfu: 43.90 | epoch: 1 | total time: 140.52m
step 03221 (73.09%) | K: 3 | loss: 1.785163 | L1: 0.897512 | L2: 0.887799 | L3: 0.887504 | lrm: 0.54 | dt: 2625.98ms | tok/sec: 199,654 | mfu: 43.90 | epoch: 1 | total time: 140.56m
step 03222 (73.11%) | K: 3 | loss: 1.771554 | L1: 0.890707 | L2: 0.881002 | L3: 0.880694 | lrm: 0.54 | dt: 2627.48ms | tok/sec: 199,540 | mfu: 43.87 | epoch: 1 | total time: 140.61m
step 03223 (73.13%) | K: 3 | loss: 1.768665 | L1: 0.889258 | L2: 0.879568 | L3: 0.879246 | lrm: 0.54 | dt: 2623.84ms | tok/sec: 199,816 | mfu: 43.93 | epoch: 1 | total time: 140.65m
step 03224 (73.16%) | K: 3 | loss: 1.765857 | L1: 0.887795 | L2: 0.878217 | L3: 0.877906 | lrm: 0.54 | dt: 2626.42ms | tok/sec: 199,620 | mfu: 43.89 | epoch: 1 | total time: 140.69m
step 03225 (73.18%) | K: 3 | loss: 1.762989 | L1: 0.886291 | L2: 0.876854 | L3: 0.876541 | lrm: 0.54 | dt: 2629.00ms | tok/sec: 199,424 | mfu: 43.85 | epoch: 1 | total time: 140.74m
step 03226 (73.20%) | K: 3 | loss: 1.754628 | L1: 0.882137 | L2: 0.872658 | L3: 0.872324 | lrm: 0.54 | dt: 2620.17ms | tok/sec: 200,097 | mfu: 43.99 | epoch: 1 | total time: 140.78m
step 03227 (73.22%) | K: 3 | loss: 1.754873 | L1: 0.882261 | L2: 0.872767 | L3: 0.872457 | lrm: 0.54 | dt: 2622.26ms | tok/sec: 199,937 | mfu: 43.96 | epoch: 1 | total time: 140.83m
step 03228 (73.25%) | K: 3 | loss: 1.767250 | L1: 0.888485 | L2: 0.878927 | L3: 0.878603 | lrm: 0.54 | dt: 2625.48ms | tok/sec: 199,691 | mfu: 43.91 | epoch: 1 | total time: 140.87m
step 03229 (73.27%) | K: 3 | loss: 1.756746 | L1: 0.883245 | L2: 0.873666 | L3: 0.873335 | lrm: 0.53 | dt: 2625.34ms | tok/sec: 199,702 | mfu: 43.91 | epoch: 1 | total time: 140.91m
step 03230 (73.29%) | K: 3 | loss: 1.757819 | L1: 0.883807 | L2: 0.874178 | L3: 0.873847 | lrm: 0.53 | dt: 2621.81ms | tok/sec: 199,971 | mfu: 43.97 | epoch: 1 | total time: 140.96m
step 03231 (73.32%) | K: 3 | loss: 1.754425 | L1: 0.882083 | L2: 0.872510 | L3: 0.872173 | lrm: 0.53 | dt: 2624.25ms | tok/sec: 199,785 | mfu: 43.93 | epoch: 1 | total time: 141.00m
step 03232 (73.34%) | K: 3 | loss: 1.761744 | L1: 0.885783 | L2: 0.876136 | L3: 0.875787 | lrm: 0.53 | dt: 2628.45ms | tok/sec: 199,466 | mfu: 43.86 | epoch: 1 | total time: 141.04m
step 03233 (73.36%) | K: 3 | loss: 1.763691 | L1: 0.886742 | L2: 0.877127 | L3: 0.876771 | lrm: 0.53 | dt: 2624.81ms | tok/sec: 199,743 | mfu: 43.92 | epoch: 1 | total time: 141.09m
step 03234 (73.38%) | K: 3 | loss: 1.771777 | L1: 0.890738 | L2: 0.881220 | L3: 0.880858 | lrm: 0.53 | dt: 2623.70ms | tok/sec: 199,827 | mfu: 43.94 | epoch: 1 | total time: 141.13m
step 03235 (73.41%) | K: 3 | loss: 1.772122 | L1: 0.890907 | L2: 0.881390 | L3: 0.881041 | lrm: 0.53 | dt: 2624.66ms | tok/sec: 199,754 | mfu: 43.92 | epoch: 1 | total time: 141.18m
step 03236 (73.43%) | K: 3 | loss: 1.765855 | L1: 0.887771 | L2: 0.878256 | L3: 0.877912 | lrm: 0.53 | dt: 2622.08ms | tok/sec: 199,951 | mfu: 43.96 | epoch: 1 | total time: 141.22m
step 03237 (73.45%) | K: 3 | loss: 1.751329 | L1: 0.880516 | L2: 0.870998 | L3: 0.870628 | lrm: 0.53 | dt: 2626.00ms | tok/sec: 199,652 | mfu: 43.90 | epoch: 1 | total time: 141.26m
step 03238 (73.47%) | K: 3 | loss: 1.745609 | L1: 0.877636 | L2: 0.868149 | L3: 0.867796 | lrm: 0.53 | dt: 2622.17ms | tok/sec: 199,944 | mfu: 43.96 | epoch: 1 | total time: 141.31m
step 03239 (73.50%) | K: 3 | loss: 1.747361 | L1: 0.878520 | L2: 0.869020 | L3: 0.868661 | lrm: 0.53 | dt: 2623.12ms | tok/sec: 199,872 | mfu: 43.95 | epoch: 1 | total time: 141.35m
step 03240 (73.52%) | K: 3 | loss: 1.753971 | L1: 0.881818 | L2: 0.872334 | L3: 0.871974 | lrm: 0.53 | dt: 2628.26ms | tok/sec: 199,480 | mfu: 43.86 | epoch: 1 | total time: 141.39m
step 03241 (73.54%) | K: 3 | loss: 1.756249 | L1: 0.882900 | L2: 0.873531 | L3: 0.873167 | lrm: 0.53 | dt: 2631.10ms | tok/sec: 199,265 | mfu: 43.81 | epoch: 1 | total time: 141.44m
step 03242 (73.56%) | K: 3 | loss: 1.761503 | L1: 0.885513 | L2: 0.876173 | L3: 0.875808 | lrm: 0.53 | dt: 2625.21ms | tok/sec: 199,712 | mfu: 43.91 | epoch: 1 | total time: 141.48m
step 03243 (73.59%) | K: 3 | loss: 1.759770 | L1: 0.884736 | L2: 0.875212 | L3: 0.874854 | lrm: 0.53 | dt: 2627.16ms | tok/sec: 199,564 | mfu: 43.88 | epoch: 1 | total time: 141.53m
step 03244 (73.61%) | K: 3 | loss: 1.753494 | L1: 0.881555 | L2: 0.872110 | L3: 0.871768 | lrm: 0.53 | dt: 2623.45ms | tok/sec: 199,846 | mfu: 43.94 | epoch: 1 | total time: 141.57m
step 03245 (73.63%) | K: 3 | loss: 1.761419 | L1: 0.885494 | L2: 0.876082 | L3: 0.875767 | lrm: 0.53 | dt: 2625.55ms | tok/sec: 199,687 | mfu: 43.90 | epoch: 1 | total time: 141.61m
step 03246 (73.66%) | K: 3 | loss: 1.767456 | L1: 0.888514 | L2: 0.879095 | L3: 0.878789 | lrm: 0.53 | dt: 2625.01ms | tok/sec: 199,728 | mfu: 43.91 | epoch: 1 | total time: 141.66m
step 03247 (73.68%) | K: 3 | loss: 1.754087 | L1: 0.881782 | L2: 0.872463 | L3: 0.872146 | lrm: 0.53 | dt: 2619.78ms | tok/sec: 200,126 | mfu: 44.00 | epoch: 1 | total time: 141.70m
step 03248 (73.70%) | K: 3 | loss: 1.753541 | L1: 0.881527 | L2: 0.872167 | L3: 0.871862 | lrm: 0.53 | dt: 2624.19ms | tok/sec: 199,790 | mfu: 43.93 | epoch: 1 | total time: 141.74m
step 03249 (73.72%) | K: 3 | loss: 1.748372 | L1: 0.878985 | L2: 0.869537 | L3: 0.869237 | lrm: 0.53 | dt: 2624.43ms | tok/sec: 199,771 | mfu: 43.92 | epoch: 1 | total time: 141.79m
step 03250 (73.75%) | K: 3 | loss: 1.750241 | L1: 0.879924 | L2: 0.870483 | L3: 0.870150 | lrm: 0.53 | dt: 2625.85ms | tok/sec: 199,663 | mfu: 43.90 | epoch: 1 | total time: 141.83m
Step 03250 | Validation L1 bpb: 0.4710 | L2 bpb: 0.4660 | L3 bpb: 0.4658
step 03251 (73.77%) | K: 3 | loss: 1.744040 | L1: 0.876847 | L2: 0.867342 | L3: 0.867042 | lrm: 0.52 | dt: 2631.68ms | tok/sec: 199,221 | mfu: 43.80 | epoch: 1 | total time: 141.88m
step 03252 (73.79%) | K: 3 | loss: 1.741067 | L1: 0.875366 | L2: 0.865855 | L3: 0.865546 | lrm: 0.52 | dt: 2622.68ms | tok/sec: 199,905 | mfu: 43.95 | epoch: 1 | total time: 141.92m
step 03253 (73.81%) | K: 3 | loss: 1.740884 | L1: 0.875244 | L2: 0.865792 | L3: 0.865487 | lrm: 0.52 | dt: 2626.77ms | tok/sec: 199,593 | mfu: 43.88 | epoch: 1 | total time: 141.96m
step 03254 (73.84%) | K: 3 | loss: 1.746382 | L1: 0.878052 | L2: 0.868480 | L3: 0.868179 | lrm: 0.52 | dt: 2625.68ms | tok/sec: 199,677 | mfu: 43.90 | epoch: 1 | total time: 142.01m
step 03255 (73.86%) | K: 3 | loss: 1.739969 | L1: 0.874805 | L2: 0.865311 | L3: 0.865018 | lrm: 0.52 | dt: 2624.62ms | tok/sec: 199,758 | mfu: 43.92 | epoch: 1 | total time: 142.05m
step 03256 (73.88%) | K: 3 | loss: 1.756381 | L1: 0.883081 | L2: 0.873447 | L3: 0.873152 | lrm: 0.52 | dt: 2838.23ms | tok/sec: 184,723 | mfu: 40.61 | epoch: 1 | total time: 142.10m
step 03257 (73.91%) | K: 3 | loss: 1.761931 | L1: 0.885866 | L2: 0.876218 | L3: 0.875911 | lrm: 0.52 | dt: 2617.51ms | tok/sec: 200,300 | mfu: 44.04 | epoch: 1 | total time: 142.14m
step 03258 (73.93%) | K: 3 | loss: 1.759118 | L1: 0.884452 | L2: 0.874821 | L3: 0.874510 | lrm: 0.52 | dt: 2626.48ms | tok/sec: 199,616 | mfu: 43.89 | epoch: 1 | total time: 142.18m
step 03259 (73.95%) | K: 3 | loss: 1.752246 | L1: 0.881053 | L2: 0.871334 | L3: 0.871051 | lrm: 0.52 | dt: 2626.09ms | tok/sec: 199,645 | mfu: 43.90 | epoch: 1 | total time: 142.23m
step 03260 (73.97%) | K: 3 | loss: 1.767949 | L1: 0.888952 | L2: 0.879143 | L3: 0.878851 | lrm: 0.52 | dt: 2621.83ms | tok/sec: 199,970 | mfu: 43.97 | epoch: 1 | total time: 142.27m
step 03261 (74.00%) | K: 3 | loss: 1.762314 | L1: 0.886141 | L2: 0.876322 | L3: 0.876024 | lrm: 0.52 | dt: 2624.34ms | tok/sec: 199,779 | mfu: 43.92 | epoch: 1 | total time: 142.32m
step 03262 (74.02%) | K: 3 | loss: 1.762706 | L1: 0.886366 | L2: 0.876480 | L3: 0.876200 | lrm: 0.52 | dt: 2629.41ms | tok/sec: 199,393 | mfu: 43.84 | epoch: 1 | total time: 142.36m
step 03263 (74.04%) | K: 3 | loss: 1.759596 | L1: 0.884777 | L2: 0.874959 | L3: 0.874678 | lrm: 0.52 | dt: 2625.21ms | tok/sec: 199,712 | mfu: 43.91 | epoch: 1 | total time: 142.40m
step 03264 (74.06%) | K: 3 | loss: 1.760874 | L1: 0.885385 | L2: 0.875631 | L3: 0.875346 | lrm: 0.52 | dt: 2621.01ms | tok/sec: 200,032 | mfu: 43.98 | epoch: 1 | total time: 142.45m
step 03265 (74.09%) | K: 3 | loss: 1.756848 | L1: 0.883393 | L2: 0.873600 | L3: 0.873309 | lrm: 0.52 | dt: 2624.93ms | tok/sec: 199,734 | mfu: 43.92 | epoch: 1 | total time: 142.49m
step 03266 (74.11%) | K: 3 | loss: 1.759121 | L1: 0.884501 | L2: 0.874757 | L3: 0.874484 | lrm: 0.52 | dt: 2624.92ms | tok/sec: 199,734 | mfu: 43.92 | epoch: 1 | total time: 142.53m
step 03267 (74.13%) | K: 3 | loss: 1.745586 | L1: 0.877686 | L2: 0.868041 | L3: 0.867759 | lrm: 0.52 | dt: 2627.29ms | tok/sec: 199,554 | mfu: 43.88 | epoch: 1 | total time: 142.58m
step 03268 (74.15%) | K: 3 | loss: 1.750361 | L1: 0.880053 | L2: 0.870447 | L3: 0.870169 | lrm: 0.52 | dt: 2621.47ms | tok/sec: 199,998 | mfu: 43.97 | epoch: 1 | total time: 142.62m
step 03269 (74.18%) | K: 3 | loss: 1.753728 | L1: 0.881737 | L2: 0.872141 | L3: 0.871842 | lrm: 0.52 | dt: 2625.53ms | tok/sec: 199,688 | mfu: 43.91 | epoch: 1 | total time: 142.67m
step 03270 (74.20%) | K: 3 | loss: 1.757027 | L1: 0.883385 | L2: 0.873795 | L3: 0.873488 | lrm: 0.52 | dt: 2627.21ms | tok/sec: 199,560 | mfu: 43.88 | epoch: 1 | total time: 142.71m
step 03271 (74.22%) | K: 3 | loss: 1.757228 | L1: 0.883525 | L2: 0.873874 | L3: 0.873531 | lrm: 0.52 | dt: 2625.01ms | tok/sec: 199,728 | mfu: 43.91 | epoch: 1 | total time: 142.75m
step 03272 (74.25%) | K: 3 | loss: 1.759799 | L1: 0.884819 | L2: 0.875156 | L3: 0.874804 | lrm: 0.52 | dt: 2623.95ms | tok/sec: 199,808 | mfu: 43.93 | epoch: 1 | total time: 142.80m
step 03273 (74.27%) | K: 3 | loss: 1.755658 | L1: 0.882718 | L2: 0.873111 | L3: 0.872767 | lrm: 0.51 | dt: 2620.29ms | tok/sec: 200,087 | mfu: 43.99 | epoch: 1 | total time: 142.84m
step 03274 (74.29%) | K: 3 | loss: 1.757902 | L1: 0.883789 | L2: 0.874274 | L3: 0.873952 | lrm: 0.51 | dt: 2624.13ms | tok/sec: 199,794 | mfu: 43.93 | epoch: 1 | total time: 142.88m
step 03275 (74.31%) | K: 3 | loss: 1.755096 | L1: 0.882387 | L2: 0.872869 | L3: 0.872551 | lrm: 0.51 | dt: 2627.00ms | tok/sec: 199,577 | mfu: 43.88 | epoch: 1 | total time: 142.93m
step 03276 (74.34%) | K: 3 | loss: 1.760178 | L1: 0.884914 | L2: 0.875414 | L3: 0.875114 | lrm: 0.51 | dt: 2624.75ms | tok/sec: 199,747 | mfu: 43.92 | epoch: 1 | total time: 142.97m
step 03277 (74.36%) | K: 3 | loss: 1.762565 | L1: 0.886101 | L2: 0.876617 | L3: 0.876312 | lrm: 0.51 | dt: 2627.25ms | tok/sec: 199,557 | mfu: 43.88 | epoch: 1 | total time: 143.02m
step 03278 (74.38%) | K: 3 | loss: 1.765553 | L1: 0.887599 | L2: 0.878096 | L3: 0.877812 | lrm: 0.51 | dt: 2626.31ms | tok/sec: 199,628 | mfu: 43.89 | epoch: 1 | total time: 143.06m
step 03279 (74.40%) | K: 3 | loss: 1.760513 | L1: 0.885040 | L2: 0.875626 | L3: 0.875319 | lrm: 0.51 | dt: 2617.67ms | tok/sec: 200,287 | mfu: 44.04 | epoch: 1 | total time: 143.10m
step 03280 (74.43%) | K: 3 | loss: 1.766802 | L1: 0.888177 | L2: 0.878787 | L3: 0.878462 | lrm: 0.51 | dt: 2624.27ms | tok/sec: 199,784 | mfu: 43.93 | epoch: 1 | total time: 143.15m
step 03281 (74.45%) | K: 3 | loss: 1.769681 | L1: 0.889599 | L2: 0.880239 | L3: 0.879924 | lrm: 0.51 | dt: 2629.65ms | tok/sec: 199,375 | mfu: 43.84 | epoch: 1 | total time: 143.19m
step 03282 (74.47%) | K: 3 | loss: 1.750609 | L1: 0.879995 | L2: 0.870763 | L3: 0.870466 | lrm: 0.51 | dt: 2623.97ms | tok/sec: 199,807 | mfu: 43.93 | epoch: 1 | total time: 143.23m
step 03283 (74.50%) | K: 3 | loss: 1.757809 | L1: 0.883585 | L2: 0.874366 | L3: 0.874082 | lrm: 0.51 | dt: 2623.00ms | tok/sec: 199,880 | mfu: 43.95 | epoch: 1 | total time: 143.28m
step 03284 (74.52%) | K: 3 | loss: 1.753987 | L1: 0.881697 | L2: 0.872423 | L3: 0.872157 | lrm: 0.51 | dt: 2622.90ms | tok/sec: 199,888 | mfu: 43.95 | epoch: 1 | total time: 143.32m
step 03285 (74.54%) | K: 3 | loss: 1.752787 | L1: 0.881101 | L2: 0.871812 | L3: 0.871560 | lrm: 0.51 | dt: 2630.07ms | tok/sec: 199,343 | mfu: 43.83 | epoch: 1 | total time: 143.37m
step 03286 (74.56%) | K: 3 | loss: 1.753421 | L1: 0.881421 | L2: 0.872125 | L3: 0.871875 | lrm: 0.51 | dt: 2625.13ms | tok/sec: 199,718 | mfu: 43.91 | epoch: 1 | total time: 143.41m
step 03287 (74.59%) | K: 3 | loss: 1.746992 | L1: 0.878200 | L2: 0.868921 | L3: 0.868662 | lrm: 0.51 | dt: 2626.25ms | tok/sec: 199,633 | mfu: 43.89 | epoch: 1 | total time: 143.45m
step 03288 (74.61%) | K: 3 | loss: 1.745877 | L1: 0.877691 | L2: 0.868309 | L3: 0.868063 | lrm: 0.51 | dt: 2626.03ms | tok/sec: 199,650 | mfu: 43.90 | epoch: 1 | total time: 143.50m
step 03289 (74.63%) | K: 3 | loss: 1.755005 | L1: 0.882240 | L2: 0.872880 | L3: 0.872648 | lrm: 0.51 | dt: 2626.64ms | tok/sec: 199,604 | mfu: 43.89 | epoch: 1 | total time: 143.54m
step 03290 (74.65%) | K: 3 | loss: 1.753097 | L1: 0.881258 | L2: 0.871960 | L3: 0.871718 | lrm: 0.51 | dt: 2625.82ms | tok/sec: 199,666 | mfu: 43.90 | epoch: 1 | total time: 143.58m
step 03291 (74.68%) | K: 3 | loss: 1.754060 | L1: 0.881746 | L2: 0.872441 | L3: 0.872187 | lrm: 0.51 | dt: 2626.32ms | tok/sec: 199,628 | mfu: 43.89 | epoch: 1 | total time: 143.63m
step 03292 (74.70%) | K: 3 | loss: 1.742460 | L1: 0.875949 | L2: 0.866641 | L3: 0.866381 | lrm: 0.51 | dt: 2624.66ms | tok/sec: 199,755 | mfu: 43.92 | epoch: 1 | total time: 143.67m
step 03293 (74.72%) | K: 3 | loss: 1.741006 | L1: 0.875273 | L2: 0.865872 | L3: 0.865594 | lrm: 0.51 | dt: 2624.89ms | tok/sec: 199,737 | mfu: 43.92 | epoch: 1 | total time: 143.72m
step 03294 (74.74%) | K: 3 | loss: 1.741354 | L1: 0.875486 | L2: 0.866006 | L3: 0.865729 | lrm: 0.51 | dt: 2626.58ms | tok/sec: 199,608 | mfu: 43.89 | epoch: 1 | total time: 143.76m
step 03295 (74.77%) | K: 3 | loss: 1.736386 | L1: 0.872963 | L2: 0.863554 | L3: 0.863291 | lrm: 0.50 | dt: 2622.97ms | tok/sec: 199,883 | mfu: 43.95 | epoch: 1 | total time: 143.80m
step 03296 (74.79%) | K: 3 | loss: 1.734313 | L1: 0.871915 | L2: 0.862543 | L3: 0.862252 | lrm: 0.50 | dt: 2623.36ms | tok/sec: 199,853 | mfu: 43.94 | epoch: 1 | total time: 143.85m
step 03297 (74.81%) | K: 3 | loss: 1.734673 | L1: 0.872080 | L2: 0.862739 | L3: 0.862447 | lrm: 0.50 | dt: 2624.40ms | tok/sec: 199,774 | mfu: 43.92 | epoch: 1 | total time: 143.89m
step 03298 (74.84%) | K: 3 | loss: 1.740415 | L1: 0.874942 | L2: 0.865617 | L3: 0.865329 | lrm: 0.50 | dt: 2626.91ms | tok/sec: 199,583 | mfu: 43.88 | epoch: 1 | total time: 143.93m
step 03299 (74.86%) | K: 3 | loss: 1.746681 | L1: 0.878124 | L2: 0.868695 | L3: 0.868418 | lrm: 0.50 | dt: 2621.46ms | tok/sec: 199,998 | mfu: 43.97 | epoch: 1 | total time: 143.98m
step 03300 (74.88%) | K: 3 | loss: 1.744248 | L1: 0.876929 | L2: 0.867465 | L3: 0.867174 | lrm: 0.50 | dt: 2623.17ms | tok/sec: 199,867 | mfu: 43.94 | epoch: 1 | total time: 144.02m
step 03301 (74.90%) | K: 3 | loss: 1.747374 | L1: 0.878449 | L2: 0.869068 | L3: 0.868782 | lrm: 0.50 | dt: 2626.17ms | tok/sec: 199,639 | mfu: 43.89 | epoch: 1 | total time: 144.07m
step 03302 (74.93%) | K: 3 | loss: 1.743871 | L1: 0.876715 | L2: 0.867318 | L3: 0.866995 | lrm: 0.50 | dt: 2623.56ms | tok/sec: 199,838 | mfu: 43.94 | epoch: 1 | total time: 144.11m
step 03303 (74.95%) | K: 3 | loss: 1.743305 | L1: 0.876484 | L2: 0.866977 | L3: 0.866666 | lrm: 0.50 | dt: 2622.19ms | tok/sec: 199,942 | mfu: 43.96 | epoch: 1 | total time: 144.15m
step 03304 (74.97%) | K: 3 | loss: 1.746725 | L1: 0.878163 | L2: 0.868711 | L3: 0.868413 | lrm: 0.50 | dt: 2624.01ms | tok/sec: 199,803 | mfu: 43.93 | epoch: 1 | total time: 144.20m
step 03305 (74.99%) | K: 3 | loss: 1.739763 | L1: 0.874694 | L2: 0.865206 | L3: 0.864932 | lrm: 0.50 | dt: 2624.23ms | tok/sec: 199,787 | mfu: 43.93 | epoch: 1 | total time: 144.24m
step 03306 (75.02%) | K: 3 | loss: 1.742553 | L1: 0.876120 | L2: 0.866571 | L3: 0.866295 | lrm: 0.50 | dt: 2627.51ms | tok/sec: 199,538 | mfu: 43.87 | epoch: 1 | total time: 144.28m
step 03307 (75.04%) | K: 3 | loss: 1.747801 | L1: 0.878734 | L2: 0.869213 | L3: 0.868921 | lrm: 0.50 | dt: 2624.46ms | tok/sec: 199,770 | mfu: 43.92 | epoch: 1 | total time: 144.33m
step 03308 (75.06%) | K: 3 | loss: 1.750960 | L1: 0.880318 | L2: 0.870788 | L3: 0.870496 | lrm: 0.50 | dt: 2625.85ms | tok/sec: 199,664 | mfu: 43.90 | epoch: 1 | total time: 144.37m
step 03309 (75.09%) | K: 3 | loss: 1.750671 | L1: 0.880198 | L2: 0.870623 | L3: 0.870323 | lrm: 0.50 | dt: 2622.48ms | tok/sec: 199,920 | mfu: 43.96 | epoch: 1 | total time: 144.42m
step 03310 (75.11%) | K: 3 | loss: 1.753729 | L1: 0.881726 | L2: 0.872153 | L3: 0.871852 | lrm: 0.50 | dt: 2624.96ms | tok/sec: 199,731 | mfu: 43.91 | epoch: 1 | total time: 144.46m
step 03311 (75.13%) | K: 3 | loss: 1.755011 | L1: 0.882348 | L2: 0.872810 | L3: 0.872515 | lrm: 0.50 | dt: 2627.10ms | tok/sec: 199,569 | mfu: 43.88 | epoch: 1 | total time: 144.50m
step 03312 (75.15%) | K: 3 | loss: 1.750588 | L1: 0.880055 | L2: 0.870674 | L3: 0.870392 | lrm: 0.50 | dt: 2624.06ms | tok/sec: 199,799 | mfu: 43.93 | epoch: 1 | total time: 144.55m
step 03313 (75.18%) | K: 3 | loss: 1.757978 | L1: 0.883789 | L2: 0.874335 | L3: 0.874043 | lrm: 0.50 | dt: 2623.52ms | tok/sec: 199,841 | mfu: 43.94 | epoch: 1 | total time: 144.59m
step 03314 (75.20%) | K: 3 | loss: 1.753920 | L1: 0.881727 | L2: 0.872346 | L3: 0.872041 | lrm: 0.50 | dt: 2625.73ms | tok/sec: 199,672 | mfu: 43.90 | epoch: 1 | total time: 144.63m
step 03315 (75.22%) | K: 3 | loss: 1.754384 | L1: 0.881968 | L2: 0.872566 | L3: 0.872266 | lrm: 0.50 | dt: 2620.01ms | tok/sec: 200,109 | mfu: 44.00 | epoch: 1 | total time: 144.68m
step 03316 (75.24%) | K: 3 | loss: 1.760672 | L1: 0.885125 | L2: 0.875718 | L3: 0.875377 | lrm: 0.50 | dt: 2628.97ms | tok/sec: 199,426 | mfu: 43.85 | epoch: 1 | total time: 144.72m
step 03317 (75.27%) | K: 3 | loss: 1.765485 | L1: 0.887524 | L2: 0.878120 | L3: 0.877802 | lrm: 0.49 | dt: 2623.69ms | tok/sec: 199,828 | mfu: 43.94 | epoch: 1 | total time: 144.77m
step 03318 (75.29%) | K: 3 | loss: 1.767259 | L1: 0.888421 | L2: 0.879001 | L3: 0.878675 | lrm: 0.49 | dt: 2625.58ms | tok/sec: 199,684 | mfu: 43.90 | epoch: 1 | total time: 144.81m
step 03319 (75.31%) | K: 3 | loss: 1.766197 | L1: 0.887958 | L2: 0.878397 | L3: 0.878080 | lrm: 0.49 | dt: 3037.76ms | tok/sec: 172,590 | mfu: 37.95 | epoch: 1 | total time: 144.86m
step 03320 (75.33%) | K: 3 | loss: 1.769296 | L1: 0.889477 | L2: 0.879965 | L3: 0.879675 | lrm: 0.49 | dt: 2616.47ms | tok/sec: 200,379 | mfu: 44.06 | epoch: 1 | total time: 144.90m
step 03321 (75.36%) | K: 3 | loss: 1.773250 | L1: 0.891456 | L2: 0.881935 | L3: 0.881653 | lrm: 0.49 | dt: 2623.66ms | tok/sec: 199,831 | mfu: 43.94 | epoch: 1 | total time: 144.95m
step 03322 (75.38%) | K: 3 | loss: 1.775141 | L1: 0.892454 | L2: 0.882838 | L3: 0.882537 | lrm: 0.49 | dt: 2622.24ms | tok/sec: 199,938 | mfu: 43.96 | epoch: 1 | total time: 144.99m
step 03323 (75.40%) | K: 3 | loss: 1.776600 | L1: 0.893213 | L2: 0.883537 | L3: 0.883237 | lrm: 0.49 | dt: 2622.12ms | tok/sec: 199,947 | mfu: 43.96 | epoch: 1 | total time: 145.04m
step 03324 (75.43%) | K: 3 | loss: 1.781160 | L1: 0.895485 | L2: 0.885807 | L3: 0.885542 | lrm: 0.49 | dt: 2622.14ms | tok/sec: 199,946 | mfu: 43.96 | epoch: 1 | total time: 145.08m
step 03325 (75.45%) | K: 3 | loss: 1.770294 | L1: 0.890027 | L2: 0.880405 | L3: 0.880128 | lrm: 0.49 | dt: 2622.78ms | tok/sec: 199,897 | mfu: 43.95 | epoch: 1 | total time: 145.12m
step 03326 (75.47%) | K: 3 | loss: 1.762614 | L1: 0.886201 | L2: 0.876550 | L3: 0.876275 | lrm: 0.49 | dt: 2623.42ms | tok/sec: 199,849 | mfu: 43.94 | epoch: 1 | total time: 145.17m
step 03327 (75.49%) | K: 3 | loss: 1.761840 | L1: 0.885836 | L2: 0.876137 | L3: 0.875871 | lrm: 0.49 | dt: 2621.29ms | tok/sec: 200,011 | mfu: 43.98 | epoch: 1 | total time: 145.21m
step 03328 (75.52%) | K: 3 | loss: 1.774943 | L1: 0.892392 | L2: 0.882686 | L3: 0.882416 | lrm: 0.49 | dt: 2620.79ms | tok/sec: 200,049 | mfu: 43.98 | epoch: 1 | total time: 145.25m
step 03329 (75.54%) | K: 3 | loss: 1.774036 | L1: 0.891975 | L2: 0.882188 | L3: 0.881934 | lrm: 0.49 | dt: 2620.79ms | tok/sec: 200,049 | mfu: 43.98 | epoch: 1 | total time: 145.30m
step 03330 (75.56%) | K: 3 | loss: 1.762866 | L1: 0.886326 | L2: 0.876660 | L3: 0.876421 | lrm: 0.49 | dt: 2628.91ms | tok/sec: 199,431 | mfu: 43.85 | epoch: 1 | total time: 145.34m
step 03331 (75.58%) | K: 3 | loss: 1.762740 | L1: 0.886260 | L2: 0.876606 | L3: 0.876353 | lrm: 0.49 | dt: 2626.14ms | tok/sec: 199,641 | mfu: 43.89 | epoch: 1 | total time: 145.38m
step 03332 (75.61%) | K: 3 | loss: 1.768963 | L1: 0.889416 | L2: 0.879688 | L3: 0.879406 | lrm: 0.49 | dt: 3397.92ms | tok/sec: 154,296 | mfu: 33.92 | epoch: 1 | total time: 145.44m
step 03333 (75.63%) | K: 3 | loss: 1.760037 | L1: 0.884948 | L2: 0.875235 | L3: 0.874943 | lrm: 0.49 | dt: 2617.14ms | tok/sec: 200,328 | mfu: 44.05 | epoch: 1 | total time: 145.49m
step 03334 (75.65%) | K: 3 | loss: 1.758907 | L1: 0.884340 | L2: 0.874714 | L3: 0.874420 | lrm: 0.49 | dt: 2625.63ms | tok/sec: 199,681 | mfu: 43.90 | epoch: 1 | total time: 145.53m
step 03335 (75.68%) | K: 3 | loss: 1.762729 | L1: 0.886204 | L2: 0.876675 | L3: 0.876374 | lrm: 0.49 | dt: 2619.70ms | tok/sec: 200,132 | mfu: 44.00 | epoch: 1 | total time: 145.57m
step 03336 (75.70%) | K: 3 | loss: 1.758355 | L1: 0.884030 | L2: 0.874477 | L3: 0.874172 | lrm: 0.49 | dt: 2625.85ms | tok/sec: 199,663 | mfu: 43.90 | epoch: 1 | total time: 145.62m
step 03337 (75.72%) | K: 3 | loss: 1.752841 | L1: 0.881261 | L2: 0.871734 | L3: 0.871426 | lrm: 0.49 | dt: 2623.45ms | tok/sec: 199,846 | mfu: 43.94 | epoch: 1 | total time: 145.66m
step 03338 (75.74%) | K: 3 | loss: 1.749379 | L1: 0.879509 | L2: 0.870034 | L3: 0.869705 | lrm: 0.49 | dt: 2620.28ms | tok/sec: 200,088 | mfu: 43.99 | epoch: 1 | total time: 145.70m
step 03339 (75.77%) | K: 3 | loss: 1.762183 | L1: 0.885870 | L2: 0.876471 | L3: 0.876155 | lrm: 0.48 | dt: 2623.61ms | tok/sec: 199,834 | mfu: 43.94 | epoch: 1 | total time: 145.75m
step 03340 (75.79%) | K: 3 | loss: 1.761160 | L1: 0.885305 | L2: 0.876009 | L3: 0.875702 | lrm: 0.48 | dt: 2622.09ms | tok/sec: 199,950 | mfu: 43.96 | epoch: 1 | total time: 145.79m
step 03341 (75.81%) | K: 3 | loss: 1.758468 | L1: 0.883992 | L2: 0.874626 | L3: 0.874326 | lrm: 0.48 | dt: 2622.32ms | tok/sec: 199,933 | mfu: 43.96 | epoch: 1 | total time: 145.83m
step 03342 (75.83%) | K: 3 | loss: 1.765077 | L1: 0.887317 | L2: 0.877910 | L3: 0.877611 | lrm: 0.48 | dt: 2621.04ms | tok/sec: 200,030 | mfu: 43.98 | epoch: 1 | total time: 145.88m
step 03343 (75.86%) | K: 3 | loss: 1.760161 | L1: 0.884839 | L2: 0.875466 | L3: 0.875177 | lrm: 0.48 | dt: 2621.95ms | tok/sec: 199,960 | mfu: 43.96 | epoch: 1 | total time: 145.92m
step 03344 (75.88%) | K: 3 | loss: 1.772307 | L1: 0.890965 | L2: 0.881481 | L3: 0.881202 | lrm: 0.48 | dt: 2627.28ms | tok/sec: 199,555 | mfu: 43.88 | epoch: 1 | total time: 145.97m
step 03345 (75.90%) | K: 3 | loss: 1.771830 | L1: 0.890753 | L2: 0.881219 | L3: 0.880936 | lrm: 0.48 | dt: 2623.67ms | tok/sec: 199,830 | mfu: 43.94 | epoch: 1 | total time: 146.01m
step 03346 (75.92%) | K: 3 | loss: 1.771194 | L1: 0.890444 | L2: 0.880896 | L3: 0.880604 | lrm: 0.48 | dt: 2624.09ms | tok/sec: 199,797 | mfu: 43.93 | epoch: 1 | total time: 146.05m
step 03347 (75.95%) | K: 3 | loss: 1.773246 | L1: 0.891492 | L2: 0.881908 | L3: 0.881599 | lrm: 0.48 | dt: 2626.05ms | tok/sec: 199,648 | mfu: 43.90 | epoch: 1 | total time: 146.10m
step 03348 (75.97%) | K: 3 | loss: 1.776785 | L1: 0.893237 | L2: 0.883713 | L3: 0.883383 | lrm: 0.48 | dt: 2622.35ms | tok/sec: 199,930 | mfu: 43.96 | epoch: 1 | total time: 146.14m
step 03349 (75.99%) | K: 3 | loss: 1.772186 | L1: 0.890947 | L2: 0.881396 | L3: 0.881081 | lrm: 0.48 | dt: 2624.34ms | tok/sec: 199,778 | mfu: 43.92 | epoch: 1 | total time: 146.18m
step 03350 (76.02%) | K: 3 | loss: 1.762510 | L1: 0.886033 | L2: 0.876640 | L3: 0.876315 | lrm: 0.48 | dt: 2628.30ms | tok/sec: 199,478 | mfu: 43.86 | epoch: 1 | total time: 146.23m
step 03351 (76.04%) | K: 3 | loss: 1.762119 | L1: 0.885830 | L2: 0.876442 | L3: 0.876136 | lrm: 0.48 | dt: 2624.09ms | tok/sec: 199,797 | mfu: 43.93 | epoch: 1 | total time: 146.27m
step 03352 (76.06%) | K: 3 | loss: 1.762935 | L1: 0.886191 | L2: 0.876899 | L3: 0.876588 | lrm: 0.48 | dt: 2620.86ms | tok/sec: 200,044 | mfu: 43.98 | epoch: 1 | total time: 146.32m
step 03353 (76.08%) | K: 3 | loss: 1.768955 | L1: 0.889251 | L2: 0.879856 | L3: 0.879552 | lrm: 0.48 | dt: 2621.15ms | tok/sec: 200,022 | mfu: 43.98 | epoch: 1 | total time: 146.36m
step 03354 (76.11%) | K: 3 | loss: 1.763756 | L1: 0.886643 | L2: 0.877273 | L3: 0.876954 | lrm: 0.48 | dt: 2629.28ms | tok/sec: 199,404 | mfu: 43.84 | epoch: 1 | total time: 146.40m
step 03355 (76.13%) | K: 3 | loss: 1.759964 | L1: 0.884724 | L2: 0.875403 | L3: 0.875077 | lrm: 0.48 | dt: 2626.14ms | tok/sec: 199,642 | mfu: 43.89 | epoch: 1 | total time: 146.45m
step 03356 (76.15%) | K: 3 | loss: 1.755928 | L1: 0.882732 | L2: 0.873369 | L3: 0.873023 | lrm: 0.48 | dt: 2620.42ms | tok/sec: 200,078 | mfu: 43.99 | epoch: 1 | total time: 146.49m
step 03357 (76.17%) | K: 3 | loss: 1.755350 | L1: 0.882400 | L2: 0.873115 | L3: 0.872785 | lrm: 0.48 | dt: 2622.32ms | tok/sec: 199,932 | mfu: 43.96 | epoch: 1 | total time: 146.53m
step 03358 (76.20%) | K: 3 | loss: 1.752197 | L1: 0.880854 | L2: 0.871511 | L3: 0.871175 | lrm: 0.48 | dt: 2630.52ms | tok/sec: 199,309 | mfu: 43.82 | epoch: 1 | total time: 146.58m
step 03359 (76.22%) | K: 3 | loss: 1.748555 | L1: 0.879069 | L2: 0.869646 | L3: 0.869325 | lrm: 0.48 | dt: 2623.26ms | tok/sec: 199,860 | mfu: 43.94 | epoch: 1 | total time: 146.62m
step 03360 (76.24%) | K: 3 | loss: 1.744996 | L1: 0.877319 | L2: 0.867835 | L3: 0.867519 | lrm: 0.48 | dt: 2621.93ms | tok/sec: 199,962 | mfu: 43.97 | epoch: 1 | total time: 146.67m
step 03361 (76.27%) | K: 3 | loss: 1.757283 | L1: 0.883513 | L2: 0.873939 | L3: 0.873601 | lrm: 0.47 | dt: 2621.91ms | tok/sec: 199,964 | mfu: 43.97 | epoch: 1 | total time: 146.71m
step 03362 (76.29%) | K: 3 | loss: 1.756039 | L1: 0.882883 | L2: 0.873316 | L3: 0.872997 | lrm: 0.47 | dt: 2624.60ms | tok/sec: 199,759 | mfu: 43.92 | epoch: 1 | total time: 146.75m
step 03363 (76.31%) | K: 3 | loss: 1.756675 | L1: 0.883206 | L2: 0.873625 | L3: 0.873313 | lrm: 0.47 | dt: 2626.85ms | tok/sec: 199,587 | mfu: 43.88 | epoch: 1 | total time: 146.80m
step 03364 (76.33%) | K: 3 | loss: 1.755074 | L1: 0.882472 | L2: 0.872757 | L3: 0.872447 | lrm: 0.47 | dt: 2625.40ms | tok/sec: 199,698 | mfu: 43.91 | epoch: 1 | total time: 146.84m
step 03365 (76.36%) | K: 3 | loss: 1.748873 | L1: 0.879319 | L2: 0.869711 | L3: 0.869395 | lrm: 0.47 | dt: 2767.81ms | tok/sec: 189,423 | mfu: 41.65 | epoch: 1 | total time: 146.89m
step 03366 (76.38%) | K: 3 | loss: 1.759183 | L1: 0.884452 | L2: 0.874890 | L3: 0.874571 | lrm: 0.47 | dt: 2621.68ms | tok/sec: 199,982 | mfu: 43.97 | epoch: 1 | total time: 146.93m
step 03367 (76.40%) | K: 3 | loss: 1.760622 | L1: 0.885151 | L2: 0.875629 | L3: 0.875312 | lrm: 0.47 | dt: 2629.92ms | tok/sec: 199,354 | mfu: 43.83 | epoch: 1 | total time: 146.97m
step 03368 (76.42%) | K: 3 | loss: 1.760593 | L1: 0.885109 | L2: 0.875635 | L3: 0.875332 | lrm: 0.47 | dt: 2618.48ms | tok/sec: 200,225 | mfu: 44.02 | epoch: 1 | total time: 147.02m
step 03369 (76.45%) | K: 3 | loss: 1.755251 | L1: 0.882426 | L2: 0.872974 | L3: 0.872675 | lrm: 0.47 | dt: 2627.76ms | tok/sec: 199,519 | mfu: 43.87 | epoch: 1 | total time: 147.06m
step 03370 (76.47%) | K: 3 | loss: 1.762594 | L1: 0.886087 | L2: 0.876652 | L3: 0.876361 | lrm: 0.47 | dt: 2626.22ms | tok/sec: 199,636 | mfu: 43.89 | epoch: 1 | total time: 147.11m
step 03371 (76.49%) | K: 3 | loss: 1.763042 | L1: 0.886264 | L2: 0.876921 | L3: 0.876635 | lrm: 0.47 | dt: 2619.50ms | tok/sec: 200,148 | mfu: 44.01 | epoch: 1 | total time: 147.15m
step 03372 (76.51%) | K: 3 | loss: 1.762090 | L1: 0.885722 | L2: 0.876510 | L3: 0.876226 | lrm: 0.47 | dt: 2622.41ms | tok/sec: 199,925 | mfu: 43.96 | epoch: 1 | total time: 147.19m
step 03373 (76.54%) | K: 3 | loss: 1.769891 | L1: 0.889640 | L2: 0.880389 | L3: 0.880114 | lrm: 0.47 | dt: 2627.08ms | tok/sec: 199,570 | mfu: 43.88 | epoch: 1 | total time: 147.24m
step 03374 (76.56%) | K: 3 | loss: 1.769011 | L1: 0.889197 | L2: 0.879957 | L3: 0.879671 | lrm: 0.47 | dt: 2622.85ms | tok/sec: 199,892 | mfu: 43.95 | epoch: 1 | total time: 147.28m
step 03375 (76.58%) | K: 3 | loss: 1.764091 | L1: 0.886680 | L2: 0.877555 | L3: 0.877268 | lrm: 0.47 | dt: 2625.77ms | tok/sec: 199,669 | mfu: 43.90 | epoch: 1 | total time: 147.32m
step 03376 (76.61%) | K: 3 | loss: 1.767422 | L1: 0.888402 | L2: 0.879159 | L3: 0.878882 | lrm: 0.47 | dt: 2625.15ms | tok/sec: 199,716 | mfu: 43.91 | epoch: 1 | total time: 147.37m
step 03377 (76.63%) | K: 3 | loss: 1.768026 | L1: 0.888732 | L2: 0.879439 | L3: 0.879149 | lrm: 0.47 | dt: 2621.09ms | tok/sec: 200,026 | mfu: 43.98 | epoch: 1 | total time: 147.41m
step 03378 (76.65%) | K: 3 | loss: 1.758876 | L1: 0.884129 | L2: 0.874899 | L3: 0.874595 | lrm: 0.47 | dt: 2623.30ms | tok/sec: 199,857 | mfu: 43.94 | epoch: 1 | total time: 147.46m
step 03379 (76.67%) | K: 3 | loss: 1.755639 | L1: 0.882465 | L2: 0.873316 | L3: 0.873033 | lrm: 0.47 | dt: 2623.65ms | tok/sec: 199,831 | mfu: 43.94 | epoch: 1 | total time: 147.50m
step 03380 (76.70%) | K: 3 | loss: 1.750786 | L1: 0.880075 | L2: 0.870860 | L3: 0.870563 | lrm: 0.47 | dt: 2618.25ms | tok/sec: 200,243 | mfu: 44.03 | epoch: 1 | total time: 147.54m
step 03381 (76.72%) | K: 3 | loss: 1.751095 | L1: 0.880241 | L2: 0.870997 | L3: 0.870712 | lrm: 0.47 | dt: 2625.43ms | tok/sec: 199,695 | mfu: 43.91 | epoch: 1 | total time: 147.59m
step 03382 (76.74%) | K: 3 | loss: 1.751183 | L1: 0.880247 | L2: 0.871080 | L3: 0.870791 | lrm: 0.47 | dt: 2630.05ms | tok/sec: 199,345 | mfu: 43.83 | epoch: 1 | total time: 147.63m
step 03383 (76.76%) | K: 3 | loss: 1.742995 | L1: 0.876189 | L2: 0.866958 | L3: 0.866654 | lrm: 0.46 | dt: 2624.01ms | tok/sec: 199,803 | mfu: 43.93 | epoch: 1 | total time: 147.67m
step 03384 (76.79%) | K: 3 | loss: 1.753232 | L1: 0.881277 | L2: 0.872106 | L3: 0.871803 | lrm: 0.46 | dt: 2623.09ms | tok/sec: 199,874 | mfu: 43.95 | epoch: 1 | total time: 147.72m
step 03385 (76.81%) | K: 3 | loss: 1.753492 | L1: 0.881415 | L2: 0.872229 | L3: 0.871925 | lrm: 0.46 | dt: 2627.35ms | tok/sec: 199,550 | mfu: 43.87 | epoch: 1 | total time: 147.76m
step 03386 (76.83%) | K: 3 | loss: 1.756358 | L1: 0.882897 | L2: 0.873607 | L3: 0.873314 | lrm: 0.46 | dt: 2627.78ms | tok/sec: 199,517 | mfu: 43.87 | epoch: 1 | total time: 147.81m
step 03387 (76.86%) | K: 3 | loss: 1.758358 | L1: 0.883904 | L2: 0.874601 | L3: 0.874309 | lrm: 0.46 | dt: 2622.93ms | tok/sec: 199,886 | mfu: 43.95 | epoch: 1 | total time: 147.85m
step 03388 (76.88%) | K: 3 | loss: 1.750842 | L1: 0.880143 | L2: 0.870845 | L3: 0.870555 | lrm: 0.46 | dt: 2629.23ms | tok/sec: 199,407 | mfu: 43.84 | epoch: 1 | total time: 147.89m
step 03389 (76.90%) | K: 3 | loss: 1.749920 | L1: 0.879666 | L2: 0.870406 | L3: 0.870102 | lrm: 0.46 | dt: 2627.53ms | tok/sec: 199,536 | mfu: 43.87 | epoch: 1 | total time: 147.94m
step 03390 (76.92%) | K: 3 | loss: 1.758042 | L1: 0.883755 | L2: 0.874445 | L3: 0.874129 | lrm: 0.46 | dt: 2623.15ms | tok/sec: 199,869 | mfu: 43.94 | epoch: 1 | total time: 147.98m
step 03391 (76.95%) | K: 3 | loss: 1.756598 | L1: 0.883053 | L2: 0.873703 | L3: 0.873388 | lrm: 0.46 | dt: 2629.16ms | tok/sec: 199,412 | mfu: 43.84 | epoch: 1 | total time: 148.02m
step 03392 (76.97%) | K: 3 | loss: 1.754551 | L1: 0.881976 | L2: 0.872720 | L3: 0.872430 | lrm: 0.46 | dt: 2627.19ms | tok/sec: 199,562 | mfu: 43.88 | epoch: 1 | total time: 148.07m
step 03393 (76.99%) | K: 3 | loss: 1.743078 | L1: 0.876266 | L2: 0.866961 | L3: 0.866663 | lrm: 0.46 | dt: 2623.29ms | tok/sec: 199,859 | mfu: 43.94 | epoch: 1 | total time: 148.11m
step 03394 (77.01%) | K: 3 | loss: 1.732854 | L1: 0.871128 | L2: 0.861874 | L3: 0.861577 | lrm: 0.46 | dt: 2627.59ms | tok/sec: 199,531 | mfu: 43.87 | epoch: 1 | total time: 148.16m
step 03395 (77.04%) | K: 3 | loss: 1.737084 | L1: 0.873219 | L2: 0.864001 | L3: 0.863730 | lrm: 0.46 | dt: 2625.01ms | tok/sec: 199,728 | mfu: 43.91 | epoch: 1 | total time: 148.20m
step 03396 (77.06%) | K: 3 | loss: 1.737840 | L1: 0.873632 | L2: 0.864335 | L3: 0.864079 | lrm: 0.46 | dt: 2627.42ms | tok/sec: 199,544 | mfu: 43.87 | epoch: 1 | total time: 148.24m
step 03397 (77.08%) | K: 3 | loss: 1.745709 | L1: 0.877569 | L2: 0.868274 | L3: 0.868005 | lrm: 0.46 | dt: 2626.48ms | tok/sec: 199,616 | mfu: 43.89 | epoch: 1 | total time: 148.29m
step 03398 (77.10%) | K: 3 | loss: 1.742787 | L1: 0.876112 | L2: 0.866824 | L3: 0.866526 | lrm: 0.46 | dt: 2623.40ms | tok/sec: 199,850 | mfu: 43.94 | epoch: 1 | total time: 148.33m
step 03399 (77.13%) | K: 3 | loss: 1.754501 | L1: 0.881928 | L2: 0.872725 | L3: 0.872422 | lrm: 0.46 | dt: 2630.05ms | tok/sec: 199,345 | mfu: 43.83 | epoch: 1 | total time: 148.37m
step 03400 (77.15%) | K: 3 | loss: 1.747964 | L1: 0.878661 | L2: 0.869458 | L3: 0.869148 | lrm: 0.46 | dt: 2627.08ms | tok/sec: 199,570 | mfu: 43.88 | epoch: 1 | total time: 148.42m
step 03401 (77.17%) | K: 3 | loss: 1.744435 | L1: 0.876930 | L2: 0.867656 | L3: 0.867354 | lrm: 0.46 | dt: 2619.94ms | tok/sec: 200,114 | mfu: 44.00 | epoch: 1 | total time: 148.46m
step 03402 (77.20%) | K: 3 | loss: 1.750354 | L1: 0.879931 | L2: 0.870572 | L3: 0.870274 | lrm: 0.46 | dt: 2627.58ms | tok/sec: 199,532 | mfu: 43.87 | epoch: 1 | total time: 148.51m
step 03403 (77.22%) | K: 3 | loss: 1.768628 | L1: 0.889187 | L2: 0.879592 | L3: 0.879290 | lrm: 0.46 | dt: 2625.90ms | tok/sec: 199,660 | mfu: 43.90 | epoch: 1 | total time: 148.55m
step 03404 (77.24%) | K: 3 | loss: 1.759769 | L1: 0.884695 | L2: 0.875222 | L3: 0.874927 | lrm: 0.46 | dt: 2623.28ms | tok/sec: 199,860 | mfu: 43.94 | epoch: 1 | total time: 148.59m
step 03405 (77.26%) | K: 3 | loss: 1.765667 | L1: 0.887673 | L2: 0.878140 | L3: 0.877848 | lrm: 0.45 | dt: 2618.87ms | tok/sec: 200,196 | mfu: 44.02 | epoch: 1 | total time: 148.64m
step 03406 (77.29%) | K: 3 | loss: 1.765759 | L1: 0.887692 | L2: 0.878217 | L3: 0.877917 | lrm: 0.45 | dt: 2624.84ms | tok/sec: 199,741 | mfu: 43.92 | epoch: 1 | total time: 148.68m
step 03407 (77.31%) | K: 3 | loss: 1.771615 | L1: 0.890643 | L2: 0.881131 | L3: 0.880811 | lrm: 0.45 | dt: 2625.36ms | tok/sec: 199,701 | mfu: 43.91 | epoch: 1 | total time: 148.72m
step 03408 (77.33%) | K: 3 | loss: 1.777505 | L1: 0.893656 | L2: 0.884012 | L3: 0.883686 | lrm: 0.45 | dt: 2623.39ms | tok/sec: 199,851 | mfu: 43.94 | epoch: 1 | total time: 148.77m
step 03409 (77.35%) | K: 3 | loss: 1.778642 | L1: 0.894186 | L2: 0.884631 | L3: 0.884280 | lrm: 0.45 | dt: 2625.27ms | tok/sec: 199,708 | mfu: 43.91 | epoch: 1 | total time: 148.81m
step 03410 (77.38%) | K: 3 | loss: 1.764711 | L1: 0.887227 | L2: 0.877649 | L3: 0.877319 | lrm: 0.45 | dt: 2625.56ms | tok/sec: 199,686 | mfu: 43.90 | epoch: 1 | total time: 148.86m
step 03411 (77.40%) | K: 3 | loss: 1.780464 | L1: 0.895068 | L2: 0.885547 | L3: 0.885245 | lrm: 0.45 | dt: 2625.34ms | tok/sec: 199,702 | mfu: 43.91 | epoch: 1 | total time: 148.90m
step 03412 (77.42%) | K: 3 | loss: 1.779903 | L1: 0.894776 | L2: 0.885292 | L3: 0.884961 | lrm: 0.45 | dt: 2625.73ms | tok/sec: 199,673 | mfu: 43.90 | epoch: 1 | total time: 148.94m
step 03413 (77.44%) | K: 3 | loss: 1.778906 | L1: 0.894341 | L2: 0.884742 | L3: 0.884388 | lrm: 0.45 | dt: 2623.36ms | tok/sec: 199,853 | mfu: 43.94 | epoch: 1 | total time: 148.99m
step 03414 (77.47%) | K: 3 | loss: 1.784616 | L1: 0.897175 | L2: 0.887609 | L3: 0.887273 | lrm: 0.45 | dt: 2624.22ms | tok/sec: 199,788 | mfu: 43.93 | epoch: 1 | total time: 149.03m
step 03415 (77.49%) | K: 3 | loss: 1.795344 | L1: 0.902562 | L2: 0.892956 | L3: 0.892608 | lrm: 0.45 | dt: 2623.91ms | tok/sec: 199,811 | mfu: 43.93 | epoch: 1 | total time: 149.07m
step 03416 (77.51%) | K: 3 | loss: 1.795589 | L1: 0.902742 | L2: 0.893020 | L3: 0.892674 | lrm: 0.45 | dt: 2624.45ms | tok/sec: 199,770 | mfu: 43.92 | epoch: 1 | total time: 149.12m
step 03417 (77.54%) | K: 3 | loss: 1.793694 | L1: 0.901813 | L2: 0.892064 | L3: 0.891699 | lrm: 0.45 | dt: 2620.94ms | tok/sec: 200,038 | mfu: 43.98 | epoch: 1 | total time: 149.16m
step 03418 (77.56%) | K: 3 | loss: 1.791561 | L1: 0.900691 | L2: 0.891040 | L3: 0.890699 | lrm: 0.45 | dt: 2624.52ms | tok/sec: 199,765 | mfu: 43.92 | epoch: 1 | total time: 149.21m
step 03419 (77.58%) | K: 3 | loss: 1.781812 | L1: 0.895755 | L2: 0.886227 | L3: 0.885887 | lrm: 0.45 | dt: 2624.98ms | tok/sec: 199,729 | mfu: 43.91 | epoch: 1 | total time: 149.25m
step 03420 (77.60%) | K: 3 | loss: 1.778986 | L1: 0.894318 | L2: 0.884831 | L3: 0.884505 | lrm: 0.45 | dt: 2627.38ms | tok/sec: 199,547 | mfu: 43.87 | epoch: 1 | total time: 149.29m
step 03421 (77.63%) | K: 3 | loss: 1.773197 | L1: 0.891434 | L2: 0.881923 | L3: 0.881603 | lrm: 0.45 | dt: 2622.88ms | tok/sec: 199,890 | mfu: 43.95 | epoch: 1 | total time: 149.34m
step 03422 (77.65%) | K: 3 | loss: 1.778610 | L1: 0.894148 | L2: 0.884617 | L3: 0.884308 | lrm: 0.45 | dt: 2630.19ms | tok/sec: 199,334 | mfu: 43.83 | epoch: 1 | total time: 149.38m
step 03423 (77.67%) | K: 3 | loss: 1.781362 | L1: 0.895527 | L2: 0.885989 | L3: 0.885682 | lrm: 0.45 | dt: 2620.38ms | tok/sec: 200,081 | mfu: 43.99 | epoch: 1 | total time: 149.42m
step 03424 (77.69%) | K: 3 | loss: 1.786529 | L1: 0.898099 | L2: 0.888586 | L3: 0.888274 | lrm: 0.45 | dt: 2622.16ms | tok/sec: 199,944 | mfu: 43.96 | epoch: 1 | total time: 149.47m
step 03425 (77.72%) | K: 3 | loss: 1.790832 | L1: 0.900243 | L2: 0.890752 | L3: 0.890427 | lrm: 0.45 | dt: 2624.82ms | tok/sec: 199,742 | mfu: 43.92 | epoch: 1 | total time: 149.51m
step 03426 (77.74%) | K: 3 | loss: 1.792922 | L1: 0.901320 | L2: 0.891761 | L3: 0.891442 | lrm: 0.45 | dt: 2627.56ms | tok/sec: 199,534 | mfu: 43.87 | epoch: 1 | total time: 149.56m
step 03427 (77.76%) | K: 3 | loss: 1.790382 | L1: 0.900013 | L2: 0.890521 | L3: 0.890216 | lrm: 0.44 | dt: 2625.03ms | tok/sec: 199,726 | mfu: 43.91 | epoch: 1 | total time: 149.60m
step 03428 (77.79%) | K: 3 | loss: 1.788315 | L1: 0.899016 | L2: 0.889455 | L3: 0.889142 | lrm: 0.44 | dt: 2624.03ms | tok/sec: 199,802 | mfu: 43.93 | epoch: 1 | total time: 149.64m
step 03429 (77.81%) | K: 3 | loss: 1.776026 | L1: 0.892877 | L2: 0.883312 | L3: 0.882986 | lrm: 0.44 | dt: 2626.66ms | tok/sec: 199,602 | mfu: 43.89 | epoch: 1 | total time: 149.69m
step 03430 (77.83%) | K: 3 | loss: 1.774398 | L1: 0.892086 | L2: 0.882467 | L3: 0.882158 | lrm: 0.44 | dt: 2626.70ms | tok/sec: 199,599 | mfu: 43.89 | epoch: 1 | total time: 149.73m
step 03431 (77.85%) | K: 3 | loss: 1.774323 | L1: 0.892073 | L2: 0.882414 | L3: 0.882085 | lrm: 0.44 | dt: 2622.23ms | tok/sec: 199,940 | mfu: 43.96 | epoch: 1 | total time: 149.77m
step 03432 (77.88%) | K: 3 | loss: 1.765453 | L1: 0.887680 | L2: 0.877921 | L3: 0.877624 | lrm: 0.44 | dt: 2626.86ms | tok/sec: 199,587 | mfu: 43.88 | epoch: 1 | total time: 149.82m
step 03433 (77.90%) | K: 3 | loss: 1.762928 | L1: 0.886450 | L2: 0.876628 | L3: 0.876329 | lrm: 0.44 | dt: 2627.24ms | tok/sec: 199,558 | mfu: 43.88 | epoch: 1 | total time: 149.86m
step 03434 (77.92%) | K: 3 | loss: 1.774269 | L1: 0.892178 | L2: 0.882241 | L3: 0.881941 | lrm: 0.44 | dt: 2621.74ms | tok/sec: 199,976 | mfu: 43.97 | epoch: 1 | total time: 149.91m
step 03435 (77.94%) | K: 3 | loss: 1.774057 | L1: 0.892016 | L2: 0.882182 | L3: 0.881900 | lrm: 0.44 | dt: 2620.42ms | tok/sec: 200,077 | mfu: 43.99 | epoch: 1 | total time: 149.95m
step 03436 (77.97%) | K: 3 | loss: 1.780820 | L1: 0.895380 | L2: 0.885582 | L3: 0.885297 | lrm: 0.44 | dt: 2621.66ms | tok/sec: 199,983 | mfu: 43.97 | epoch: 1 | total time: 149.99m
step 03437 (77.99%) | K: 3 | loss: 1.787571 | L1: 0.898748 | L2: 0.888962 | L3: 0.888684 | lrm: 0.44 | dt: 2626.02ms | tok/sec: 199,651 | mfu: 43.90 | epoch: 1 | total time: 150.04m
step 03438 (78.01%) | K: 3 | loss: 1.777838 | L1: 0.893794 | L2: 0.884186 | L3: 0.883901 | lrm: 0.44 | dt: 2620.39ms | tok/sec: 200,080 | mfu: 43.99 | epoch: 1 | total time: 150.08m
step 03439 (78.03%) | K: 3 | loss: 1.782306 | L1: 0.896075 | L2: 0.886384 | L3: 0.886078 | lrm: 0.44 | dt: 2622.43ms | tok/sec: 199,924 | mfu: 43.96 | epoch: 1 | total time: 150.12m
step 03440 (78.06%) | K: 3 | loss: 1.775885 | L1: 0.892885 | L2: 0.883152 | L3: 0.882849 | lrm: 0.44 | dt: 2623.75ms | tok/sec: 199,823 | mfu: 43.93 | epoch: 1 | total time: 150.17m
step 03441 (78.08%) | K: 3 | loss: 1.772496 | L1: 0.891336 | L2: 0.881314 | L3: 0.881005 | lrm: 0.44 | dt: 2620.35ms | tok/sec: 200,083 | mfu: 43.99 | epoch: 1 | total time: 150.21m
step 03442 (78.10%) | K: 3 | loss: 1.766965 | L1: 0.888556 | L2: 0.878560 | L3: 0.878258 | lrm: 0.44 | dt: 2628.00ms | tok/sec: 199,500 | mfu: 43.86 | epoch: 1 | total time: 150.26m
step 03443 (78.13%) | K: 3 | loss: 1.771305 | L1: 0.890662 | L2: 0.880787 | L3: 0.880499 | lrm: 0.44 | dt: 2621.41ms | tok/sec: 200,002 | mfu: 43.97 | epoch: 1 | total time: 150.30m
step 03444 (78.15%) | K: 3 | loss: 1.768174 | L1: 0.889091 | L2: 0.879238 | L3: 0.878928 | lrm: 0.44 | dt: 2626.95ms | tok/sec: 199,580 | mfu: 43.88 | epoch: 1 | total time: 150.34m
step 03445 (78.17%) | K: 3 | loss: 1.778404 | L1: 0.894219 | L2: 0.884338 | L3: 0.884032 | lrm: 0.44 | dt: 2624.91ms | tok/sec: 199,735 | mfu: 43.92 | epoch: 1 | total time: 150.39m
step 03446 (78.19%) | K: 3 | loss: 1.776778 | L1: 0.893380 | L2: 0.883553 | L3: 0.883242 | lrm: 0.44 | dt: 2624.63ms | tok/sec: 199,757 | mfu: 43.92 | epoch: 1 | total time: 150.43m
step 03447 (78.22%) | K: 3 | loss: 1.777695 | L1: 0.893880 | L2: 0.883964 | L3: 0.883667 | lrm: 0.44 | dt: 2623.48ms | tok/sec: 199,844 | mfu: 43.94 | epoch: 1 | total time: 150.47m
step 03448 (78.24%) | K: 3 | loss: 1.777647 | L1: 0.893851 | L2: 0.883942 | L3: 0.883650 | lrm: 0.44 | dt: 2625.34ms | tok/sec: 199,703 | mfu: 43.91 | epoch: 1 | total time: 150.52m
step 03449 (78.26%) | K: 3 | loss: 1.776899 | L1: 0.893445 | L2: 0.883598 | L3: 0.883310 | lrm: 0.43 | dt: 2622.19ms | tok/sec: 199,942 | mfu: 43.96 | epoch: 1 | total time: 150.56m
step 03450 (78.28%) | K: 3 | loss: 1.781033 | L1: 0.895445 | L2: 0.885733 | L3: 0.885443 | lrm: 0.43 | dt: 2623.61ms | tok/sec: 199,834 | mfu: 43.94 | epoch: 1 | total time: 150.61m
step 03451 (78.31%) | K: 3 | loss: 1.782587 | L1: 0.896180 | L2: 0.886558 | L3: 0.886256 | lrm: 0.43 | dt: 2625.12ms | tok/sec: 199,719 | mfu: 43.91 | epoch: 1 | total time: 150.65m
step 03452 (78.33%) | K: 3 | loss: 1.778039 | L1: 0.893849 | L2: 0.884349 | L3: 0.884031 | lrm: 0.43 | dt: 2622.70ms | tok/sec: 199,903 | mfu: 43.95 | epoch: 1 | total time: 150.69m
step 03453 (78.35%) | K: 3 | loss: 1.786772 | L1: 0.898208 | L2: 0.888714 | L3: 0.888415 | lrm: 0.43 | dt: 2619.42ms | tok/sec: 200,154 | mfu: 44.01 | epoch: 1 | total time: 150.74m
step 03454 (78.38%) | K: 3 | loss: 1.774291 | L1: 0.891942 | L2: 0.882495 | L3: 0.882204 | lrm: 0.43 | dt: 2625.66ms | tok/sec: 199,678 | mfu: 43.90 | epoch: 1 | total time: 150.78m
step 03455 (78.40%) | K: 3 | loss: 1.762533 | L1: 0.886043 | L2: 0.876636 | L3: 0.876343 | lrm: 0.43 | dt: 2622.43ms | tok/sec: 199,924 | mfu: 43.96 | epoch: 1 | total time: 150.82m
step 03456 (78.42%) | K: 3 | loss: 1.766383 | L1: 0.887956 | L2: 0.878577 | L3: 0.878279 | lrm: 0.43 | dt: 2628.95ms | tok/sec: 199,428 | mfu: 43.85 | epoch: 1 | total time: 150.87m
step 03457 (78.44%) | K: 3 | loss: 1.762684 | L1: 0.886119 | L2: 0.876716 | L3: 0.876412 | lrm: 0.43 | dt: 2621.18ms | tok/sec: 200,020 | mfu: 43.98 | epoch: 1 | total time: 150.91m
step 03458 (78.47%) | K: 3 | loss: 1.764872 | L1: 0.887244 | L2: 0.877780 | L3: 0.877475 | lrm: 0.43 | dt: 2622.64ms | tok/sec: 199,908 | mfu: 43.95 | epoch: 1 | total time: 150.95m
step 03459 (78.49%) | K: 3 | loss: 1.772939 | L1: 0.891291 | L2: 0.881801 | L3: 0.881494 | lrm: 0.43 | dt: 2623.82ms | tok/sec: 199,818 | mfu: 43.93 | epoch: 1 | total time: 151.00m
step 03460 (78.51%) | K: 3 | loss: 1.772866 | L1: 0.891263 | L2: 0.881754 | L3: 0.881451 | lrm: 0.43 | dt: 2620.47ms | tok/sec: 200,073 | mfu: 43.99 | epoch: 1 | total time: 151.04m
step 03461 (78.53%) | K: 3 | loss: 1.769080 | L1: 0.889427 | L2: 0.879815 | L3: 0.879491 | lrm: 0.43 | dt: 2625.90ms | tok/sec: 199,660 | mfu: 43.90 | epoch: 1 | total time: 151.09m
step 03462 (78.56%) | K: 3 | loss: 1.778348 | L1: 0.894084 | L2: 0.884441 | L3: 0.884088 | lrm: 0.43 | dt: 2621.52ms | tok/sec: 199,993 | mfu: 43.97 | epoch: 1 | total time: 151.13m
step 03463 (78.58%) | K: 3 | loss: 1.782335 | L1: 0.896099 | L2: 0.886408 | L3: 0.886063 | lrm: 0.43 | dt: 2622.83ms | tok/sec: 199,894 | mfu: 43.95 | epoch: 1 | total time: 151.17m
step 03464 (78.60%) | K: 3 | loss: 1.777348 | L1: 0.893600 | L2: 0.883918 | L3: 0.883578 | lrm: 0.43 | dt: 2629.88ms | tok/sec: 199,357 | mfu: 43.83 | epoch: 1 | total time: 151.22m
step 03465 (78.62%) | K: 3 | loss: 1.762171 | L1: 0.885966 | L2: 0.876369 | L3: 0.876042 | lrm: 0.43 | dt: 2624.75ms | tok/sec: 199,747 | mfu: 43.92 | epoch: 1 | total time: 151.26m
step 03466 (78.65%) | K: 3 | loss: 1.759768 | L1: 0.884748 | L2: 0.875178 | L3: 0.874862 | lrm: 0.43 | dt: 2626.21ms | tok/sec: 199,636 | mfu: 43.89 | epoch: 1 | total time: 151.30m
step 03467 (78.67%) | K: 3 | loss: 1.767047 | L1: 0.888401 | L2: 0.878805 | L3: 0.878488 | lrm: 0.43 | dt: 2624.63ms | tok/sec: 199,757 | mfu: 43.92 | epoch: 1 | total time: 151.35m
step 03468 (78.69%) | K: 3 | loss: 1.770127 | L1: 0.889964 | L2: 0.880316 | L3: 0.880011 | lrm: 0.43 | dt: 2625.47ms | tok/sec: 199,693 | mfu: 43.91 | epoch: 1 | total time: 151.39m
step 03469 (78.72%) | K: 3 | loss: 1.757458 | L1: 0.883603 | L2: 0.874009 | L3: 0.873701 | lrm: 0.43 | dt: 2622.18ms | tok/sec: 199,943 | mfu: 43.96 | epoch: 1 | total time: 151.44m
step 03470 (78.74%) | K: 3 | loss: 1.761529 | L1: 0.885626 | L2: 0.876048 | L3: 0.875757 | lrm: 0.43 | dt: 2622.95ms | tok/sec: 199,884 | mfu: 43.95 | epoch: 1 | total time: 151.48m
step 03471 (78.76%) | K: 3 | loss: 1.759446 | L1: 0.884560 | L2: 0.875034 | L3: 0.874737 | lrm: 0.42 | dt: 2624.72ms | tok/sec: 199,750 | mfu: 43.92 | epoch: 1 | total time: 151.52m
step 03472 (78.78%) | K: 3 | loss: 1.766921 | L1: 0.888314 | L2: 0.878765 | L3: 0.878449 | lrm: 0.42 | dt: 2626.46ms | tok/sec: 199,618 | mfu: 43.89 | epoch: 1 | total time: 151.57m
step 03473 (78.81%) | K: 3 | loss: 1.758009 | L1: 0.883807 | L2: 0.874362 | L3: 0.874043 | lrm: 0.42 | dt: 2622.53ms | tok/sec: 199,917 | mfu: 43.96 | epoch: 1 | total time: 151.61m
step 03474 (78.83%) | K: 3 | loss: 1.753650 | L1: 0.881647 | L2: 0.872183 | L3: 0.871823 | lrm: 0.42 | dt: 2621.94ms | tok/sec: 199,962 | mfu: 43.97 | epoch: 1 | total time: 151.65m
step 03475 (78.85%) | K: 3 | loss: 1.755660 | L1: 0.882678 | L2: 0.873168 | L3: 0.872796 | lrm: 0.42 | dt: 2845.72ms | tok/sec: 184,237 | mfu: 40.51 | epoch: 1 | total time: 151.70m
step 03476 (78.87%) | K: 3 | loss: 1.755946 | L1: 0.882798 | L2: 0.873342 | L3: 0.872956 | lrm: 0.42 | dt: 2624.63ms | tok/sec: 199,757 | mfu: 43.92 | epoch: 1 | total time: 151.75m
step 03477 (78.90%) | K: 3 | loss: 1.753667 | L1: 0.881712 | L2: 0.872145 | L3: 0.871764 | lrm: 0.42 | dt: 2626.62ms | tok/sec: 199,605 | mfu: 43.89 | epoch: 1 | total time: 151.79m
step 03478 (78.92%) | K: 3 | loss: 1.760485 | L1: 0.885097 | L2: 0.875573 | L3: 0.875204 | lrm: 0.42 | dt: 2623.47ms | tok/sec: 199,845 | mfu: 43.94 | epoch: 1 | total time: 151.83m
step 03479 (78.94%) | K: 3 | loss: 1.761311 | L1: 0.885504 | L2: 0.875969 | L3: 0.875645 | lrm: 0.42 | dt: 2627.68ms | tok/sec: 199,525 | mfu: 43.87 | epoch: 1 | total time: 151.88m
step 03480 (78.97%) | K: 3 | loss: 1.763764 | L1: 0.886803 | L2: 0.877120 | L3: 0.876804 | lrm: 0.42 | dt: 2617.81ms | tok/sec: 200,276 | mfu: 44.03 | epoch: 1 | total time: 151.92m
step 03481 (78.99%) | K: 3 | loss: 1.749913 | L1: 0.879832 | L2: 0.870247 | L3: 0.869914 | lrm: 0.42 | dt: 2626.78ms | tok/sec: 199,593 | mfu: 43.88 | epoch: 1 | total time: 151.96m
step 03482 (79.01%) | K: 3 | loss: 1.742470 | L1: 0.876146 | L2: 0.866494 | L3: 0.866156 | lrm: 0.42 | dt: 2625.89ms | tok/sec: 199,661 | mfu: 43.90 | epoch: 1 | total time: 152.01m
step 03483 (79.03%) | K: 3 | loss: 1.746447 | L1: 0.878152 | L2: 0.868459 | L3: 0.868130 | lrm: 0.42 | dt: 2623.79ms | tok/sec: 199,821 | mfu: 43.93 | epoch: 1 | total time: 152.05m
step 03484 (79.06%) | K: 3 | loss: 1.755606 | L1: 0.882673 | L2: 0.873091 | L3: 0.872773 | lrm: 0.42 | dt: 2630.25ms | tok/sec: 199,330 | mfu: 43.83 | epoch: 1 | total time: 152.10m
step 03485 (79.08%) | K: 3 | loss: 1.763347 | L1: 0.886586 | L2: 0.876920 | L3: 0.876602 | lrm: 0.42 | dt: 2621.85ms | tok/sec: 199,968 | mfu: 43.97 | epoch: 1 | total time: 152.14m
step 03486 (79.10%) | K: 3 | loss: 1.761031 | L1: 0.885407 | L2: 0.875777 | L3: 0.875472 | lrm: 0.42 | dt: 2627.43ms | tok/sec: 199,543 | mfu: 43.87 | epoch: 1 | total time: 152.18m
step 03487 (79.12%) | K: 3 | loss: 1.768786 | L1: 0.889281 | L2: 0.879649 | L3: 0.879362 | lrm: 0.42 | dt: 2621.72ms | tok/sec: 199,978 | mfu: 43.97 | epoch: 1 | total time: 152.23m
step 03488 (79.15%) | K: 3 | loss: 1.771908 | L1: 0.890872 | L2: 0.881172 | L3: 0.880901 | lrm: 0.42 | dt: 2628.15ms | tok/sec: 199,489 | mfu: 43.86 | epoch: 1 | total time: 152.27m
step 03489 (79.17%) | K: 3 | loss: 1.768202 | L1: 0.888966 | L2: 0.879379 | L3: 0.879093 | lrm: 0.42 | dt: 2624.44ms | tok/sec: 199,771 | mfu: 43.92 | epoch: 1 | total time: 152.31m
step 03490 (79.19%) | K: 3 | loss: 1.759293 | L1: 0.884514 | L2: 0.874924 | L3: 0.874635 | lrm: 0.42 | dt: 2621.15ms | tok/sec: 200,022 | mfu: 43.98 | epoch: 1 | total time: 152.36m
step 03491 (79.21%) | K: 3 | loss: 1.755996 | L1: 0.882850 | L2: 0.873293 | L3: 0.872998 | lrm: 0.42 | dt: 2623.61ms | tok/sec: 199,834 | mfu: 43.94 | epoch: 1 | total time: 152.40m
step 03492 (79.24%) | K: 3 | loss: 1.758619 | L1: 0.884150 | L2: 0.874626 | L3: 0.874313 | lrm: 0.42 | dt: 2624.76ms | tok/sec: 199,746 | mfu: 43.92 | epoch: 1 | total time: 152.45m
step 03493 (79.26%) | K: 3 | loss: 1.758379 | L1: 0.884033 | L2: 0.874508 | L3: 0.874183 | lrm: 0.41 | dt: 2625.28ms | tok/sec: 199,707 | mfu: 43.91 | epoch: 1 | total time: 152.49m
step 03494 (79.28%) | K: 3 | loss: 1.758394 | L1: 0.883965 | L2: 0.874599 | L3: 0.874261 | lrm: 0.41 | dt: 2621.08ms | tok/sec: 200,027 | mfu: 43.98 | epoch: 1 | total time: 152.53m
step 03495 (79.31%) | K: 3 | loss: 1.762909 | L1: 0.886199 | L2: 0.876869 | L3: 0.876552 | lrm: 0.41 | dt: 2622.79ms | tok/sec: 199,897 | mfu: 43.95 | epoch: 1 | total time: 152.58m
step 03496 (79.33%) | K: 3 | loss: 1.760094 | L1: 0.884805 | L2: 0.875451 | L3: 0.875128 | lrm: 0.41 | dt: 2630.36ms | tok/sec: 199,321 | mfu: 43.82 | epoch: 1 | total time: 152.62m
step 03497 (79.35%) | K: 3 | loss: 1.761512 | L1: 0.885486 | L2: 0.876179 | L3: 0.875874 | lrm: 0.41 | dt: 2625.40ms | tok/sec: 199,698 | mfu: 43.91 | epoch: 1 | total time: 152.66m
step 03498 (79.37%) | K: 3 | loss: 1.744886 | L1: 0.877164 | L2: 0.867870 | L3: 0.867575 | lrm: 0.41 | dt: 2624.78ms | tok/sec: 199,745 | mfu: 43.92 | epoch: 1 | total time: 152.71m
step 03499 (79.40%) | K: 3 | loss: 1.749080 | L1: 0.879313 | L2: 0.869917 | L3: 0.869617 | lrm: 0.41 | dt: 2627.90ms | tok/sec: 199,508 | mfu: 43.87 | epoch: 1 | total time: 152.75m
step 03500 (79.42%) | K: 3 | loss: 1.754729 | L1: 0.882161 | L2: 0.872713 | L3: 0.872423 | lrm: 0.41 | dt: 2624.50ms | tok/sec: 199,766 | mfu: 43.92 | epoch: 1 | total time: 152.80m
Step 03500 | Validation L1 bpb: 0.4675 | L2 bpb: 0.4624 | L3 bpb: 0.4623
2026-08-28 22:23:33,747 - nanochat.checkpoint_manager - [32m[1mINFO[0m - Saved optimizer state to: /home/jhu/xwang457/work/nanochat_cache/chatsft_checkpoints/d20-lf-k3-stackedu-python-budget/optim_003500_rank1.pt
2026-08-28 22:23:33,834 - nanochat.checkpoint_manager - [32m[1mINFO[0m - Saved optimizer state to: /home/jhu/xwang457/work/nanochat_cache/chatsft_checkpoints/d20-lf-k3-stackedu-python-budget/optim_003500_rank2.pt
2026-08-28 22:23:33,854 - nanochat.checkpoint_manager - [32m[1mINFO[0m - Saved optimizer state to: /home/jhu/xwang457/work/nanochat_cache/chatsft_checkpoints/d20-lf-k3-stackedu-python-budget/optim_003500_rank3.pt
2026-08-28 22:23:34,980 - nanochat.checkpoint_manager - [32m[1mINFO[0m - Saved model parameters to: /home/jhu/xwang457/work/nanochat_cache/chatsft_checkpoints/d20-lf-k3-stackedu-python-budget/model_003500.pt
2026-08-28 22:23:34,983 - nanochat.checkpoint_manager - [32m[1mINFO[0m - Saved metadata to: /home/jhu/xwang457/work/nanochat_cache/chatsft_checkpoints/d20-lf-k3-stackedu-python-budget/meta_003500.json
2026-08-28 22:23:35,599 - nanochat.checkpoint_manager - [32m[1mINFO[0m - Saved optimizer state to: /home/jhu/xwang457/work/nanochat_cache/chatsft_checkpoints/d20-lf-k3-stackedu-python-budget/optim_003500_rank0.pt
step 03501 (79.44%) | K: 3 | loss: 1.755510 | L1: 0.882540 | L2: 0.873105 | L3: 0.872836 | lrm: 0.41 | dt: 2612.61ms | tok/sec: 200,676 | mfu: 44.12 | epoch: 1 | total time: 152.84m
step 03502 (79.46%) | K: 3 | loss: 1.756719 | L1: 0.883120 | L2: 0.873727 | L3: 0.873470 | lrm: 0.41 | dt: 2625.89ms | tok/sec: 199,660 | mfu: 43.90 | epoch: 1 | total time: 152.88m
step 03503 (79.49%) | K: 3 | loss: 1.753878 | L1: 0.881692 | L2: 0.872325 | L3: 0.872047 | lrm: 0.41 | dt: 2620.71ms | tok/sec: 200,055 | mfu: 43.99 | epoch: 1 | total time: 152.93m
step 03504 (79.51%) | K: 3 | loss: 1.760491 | L1: 0.885051 | L2: 0.875581 | L3: 0.875299 | lrm: 0.41 | dt: 2620.90ms | tok/sec: 200,041 | mfu: 43.98 | epoch: 1 | total time: 152.97m
step 03505 (79.53%) | K: 3 | loss: 1.757656 | L1: 0.883621 | L2: 0.874175 | L3: 0.873894 | lrm: 0.41 | dt: 2627.14ms | tok/sec: 199,565 | mfu: 43.88 | epoch: 1 | total time: 153.01m
step 03506 (79.56%) | K: 3 | loss: 1.753236 | L1: 0.881437 | L2: 0.871959 | L3: 0.871640 | lrm: 0.41 | dt: 2622.17ms | tok/sec: 199,944 | mfu: 43.96 | epoch: 1 | total time: 153.06m
step 03507 (79.58%) | K: 3 | loss: 1.749615 | L1: 0.879623 | L2: 0.870162 | L3: 0.869822 | lrm: 0.41 | dt: 2620.32ms | tok/sec: 200,085 | mfu: 43.99 | epoch: 1 | total time: 153.10m
step 03508 (79.60%) | K: 3 | loss: 1.747779 | L1: 0.878681 | L2: 0.869266 | L3: 0.868931 | lrm: 0.41 | dt: 2617.73ms | tok/sec: 200,283 | mfu: 44.04 | epoch: 1 | total time: 153.15m
step 03509 (79.62%) | K: 3 | loss: 1.749876 | L1: 0.879729 | L2: 0.870310 | L3: 0.869983 | lrm: 0.41 | dt: 2625.32ms | tok/sec: 199,704 | mfu: 43.91 | epoch: 1 | total time: 153.19m
step 03510 (79.65%) | K: 3 | loss: 1.746551 | L1: 0.878052 | L2: 0.868656 | L3: 0.868340 | lrm: 0.41 | dt: 2620.68ms | tok/sec: 200,058 | mfu: 43.99 | epoch: 1 | total time: 153.23m
step 03511 (79.67%) | K: 3 | loss: 1.748447 | L1: 0.879054 | L2: 0.869541 | L3: 0.869246 | lrm: 0.41 | dt: 2619.57ms | tok/sec: 200,142 | mfu: 44.00 | epoch: 1 | total time: 153.28m
step 03512 (79.69%) | K: 3 | loss: 1.751105 | L1: 0.880388 | L2: 0.870876 | L3: 0.870558 | lrm: 0.41 | dt: 2622.70ms | tok/sec: 199,904 | mfu: 43.95 | epoch: 1 | total time: 153.32m
step 03513 (79.71%) | K: 3 | loss: 1.740969 | L1: 0.875387 | L2: 0.865745 | L3: 0.865420 | lrm: 0.41 | dt: 2629.21ms | tok/sec: 199,408 | mfu: 43.84 | epoch: 1 | total time: 153.36m
step 03514 (79.74%) | K: 3 | loss: 1.738866 | L1: 0.874351 | L2: 0.864677 | L3: 0.864352 | lrm: 0.41 | dt: 2618.92ms | tok/sec: 200,192 | mfu: 44.02 | epoch: 1 | total time: 153.41m
step 03515 (79.76%) | K: 3 | loss: 1.738755 | L1: 0.874273 | L2: 0.864641 | L3: 0.864323 | lrm: 0.40 | dt: 2625.33ms | tok/sec: 199,704 | mfu: 43.91 | epoch: 1 | total time: 153.45m
step 03516 (79.78%) | K: 3 | loss: 1.727833 | L1: 0.868812 | L2: 0.859188 | L3: 0.858853 | lrm: 0.40 | dt: 2621.59ms | tok/sec: 199,988 | mfu: 43.97 | epoch: 1 | total time: 153.50m
step 03517 (79.80%) | K: 3 | loss: 1.729131 | L1: 0.869459 | L2: 0.859829 | L3: 0.859513 | lrm: 0.40 | dt: 2626.10ms | tok/sec: 199,644 | mfu: 43.90 | epoch: 1 | total time: 153.54m
step 03518 (79.83%) | K: 3 | loss: 1.719902 | L1: 0.864856 | L2: 0.855208 | L3: 0.854883 | lrm: 0.40 | dt: 2622.35ms | tok/sec: 199,930 | mfu: 43.96 | epoch: 1 | total time: 153.58m
step 03519 (79.85%) | K: 3 | loss: 1.712785 | L1: 0.861273 | L2: 0.851654 | L3: 0.851370 | lrm: 0.40 | dt: 2622.74ms | tok/sec: 199,901 | mfu: 43.95 | epoch: 1 | total time: 153.63m
step 03520 (79.87%) | K: 3 | loss: 1.714141 | L1: 0.861939 | L2: 0.852348 | L3: 0.852056 | lrm: 0.40 | dt: 2622.06ms | tok/sec: 199,953 | mfu: 43.96 | epoch: 1 | total time: 153.67m
step 03521 (79.90%) | K: 3 | loss: 1.715610 | L1: 0.862628 | L2: 0.853128 | L3: 0.852837 | lrm: 0.40 | dt: 2622.74ms | tok/sec: 199,901 | mfu: 43.95 | epoch: 1 | total time: 153.71m
step 03522 (79.92%) | K: 3 | loss: 1.717268 | L1: 0.863453 | L2: 0.853965 | L3: 0.853666 | lrm: 0.40 | dt: 2630.39ms | tok/sec: 199,319 | mfu: 43.82 | epoch: 1 | total time: 153.76m
step 03523 (79.94%) | K: 3 | loss: 1.730985 | L1: 0.870325 | L2: 0.860807 | L3: 0.860515 | lrm: 0.40 | dt: 2620.16ms | tok/sec: 200,097 | mfu: 44.00 | epoch: 1 | total time: 153.80m
step 03524 (79.96%) | K: 3 | loss: 1.739343 | L1: 0.874578 | L2: 0.864914 | L3: 0.864617 | lrm: 0.40 | dt: 2626.03ms | tok/sec: 199,650 | mfu: 43.90 | epoch: 1 | total time: 153.84m
step 03525 (79.99%) | K: 3 | loss: 1.740069 | L1: 0.874919 | L2: 0.865303 | L3: 0.864998 | lrm: 0.40 | dt: 2623.45ms | tok/sec: 199,847 | mfu: 43.94 | epoch: 1 | total time: 153.89m
step 03526 (80.01%) | K: 3 | loss: 1.744700 | L1: 0.877258 | L2: 0.867604 | L3: 0.867279 | lrm: 0.40 | dt: 2631.16ms | tok/sec: 199,260 | mfu: 43.81 | epoch: 1 | total time: 153.93m
step 03527 (80.03%) | K: 3 | loss: 1.741648 | L1: 0.875741 | L2: 0.866077 | L3: 0.865738 | lrm: 0.40 | dt: 2626.22ms | tok/sec: 199,635 | mfu: 43.89 | epoch: 1 | total time: 153.98m
step 03528 (80.05%) | K: 3 | loss: 1.736406 | L1: 0.873102 | L2: 0.863474 | L3: 0.863136 | lrm: 0.40 | dt: 2626.10ms | tok/sec: 199,645 | mfu: 43.90 | epoch: 1 | total time: 154.02m
step 03529 (80.08%) | K: 3 | loss: 1.751095 | L1: 0.880438 | L2: 0.870826 | L3: 0.870487 | lrm: 0.40 | dt: 2626.29ms | tok/sec: 199,630 | mfu: 43.89 | epoch: 1 | total time: 154.06m
step 03530 (80.10%) | K: 3 | loss: 1.753814 | L1: 0.881776 | L2: 0.872205 | L3: 0.871872 | lrm: 0.40 | dt: 2625.37ms | tok/sec: 199,700 | mfu: 43.91 | epoch: 1 | total time: 154.11m
step 03531 (80.12%) | K: 3 | loss: 1.750939 | L1: 0.880359 | L2: 0.870760 | L3: 0.870401 | lrm: 0.40 | dt: 2627.29ms | tok/sec: 199,554 | mfu: 43.88 | epoch: 1 | total time: 154.15m
step 03532 (80.15%) | K: 3 | loss: 1.753652 | L1: 0.881729 | L2: 0.872101 | L3: 0.871743 | lrm: 0.40 | dt: 2622.89ms | tok/sec: 199,889 | mfu: 43.95 | epoch: 1 | total time: 154.20m
step 03533 (80.17%) | K: 3 | loss: 1.752683 | L1: 0.881268 | L2: 0.871605 | L3: 0.871225 | lrm: 0.40 | dt: 2623.52ms | tok/sec: 199,841 | mfu: 43.94 | epoch: 1 | total time: 154.24m
step 03534 (80.19%) | K: 3 | loss: 1.759156 | L1: 0.884489 | L2: 0.874860 | L3: 0.874474 | lrm: 0.40 | dt: 2628.47ms | tok/sec: 199,465 | mfu: 43.86 | epoch: 1 | total time: 154.28m
step 03535 (80.21%) | K: 3 | loss: 1.742645 | L1: 0.876149 | L2: 0.866678 | L3: 0.866314 | lrm: 0.40 | dt: 2625.80ms | tok/sec: 199,668 | mfu: 43.90 | epoch: 1 | total time: 154.33m
step 03536 (80.24%) | K: 3 | loss: 1.759023 | L1: 0.884373 | L2: 0.874825 | L3: 0.874475 | lrm: 0.40 | dt: 2627.50ms | tok/sec: 199,538 | mfu: 43.87 | epoch: 1 | total time: 154.37m
step 03537 (80.26%) | K: 3 | loss: 1.758041 | L1: 0.883885 | L2: 0.874323 | L3: 0.873988 | lrm: 0.39 | dt: 2624.39ms | tok/sec: 199,775 | mfu: 43.92 | epoch: 1 | total time: 154.41m
step 03538 (80.28%) | K: 3 | loss: 1.759102 | L1: 0.884453 | L2: 0.874820 | L3: 0.874477 | lrm: 0.39 | dt: 2626.13ms | tok/sec: 199,642 | mfu: 43.89 | epoch: 1 | total time: 154.46m
step 03539 (80.30%) | K: 3 | loss: 1.753778 | L1: 0.881729 | L2: 0.872222 | L3: 0.871875 | lrm: 0.39 | dt: 2626.00ms | tok/sec: 199,653 | mfu: 43.90 | epoch: 1 | total time: 154.50m
step 03540 (80.33%) | K: 3 | loss: 1.750823 | L1: 0.880252 | L2: 0.870734 | L3: 0.870407 | lrm: 0.39 | dt: 2629.70ms | tok/sec: 199,371 | mfu: 43.84 | epoch: 1 | total time: 154.55m
step 03541 (80.35%) | K: 3 | loss: 1.753395 | L1: 0.881562 | L2: 0.871998 | L3: 0.871668 | lrm: 0.39 | dt: 2622.58ms | tok/sec: 199,912 | mfu: 43.95 | epoch: 1 | total time: 154.59m
step 03542 (80.37%) | K: 3 | loss: 1.754602 | L1: 0.882188 | L2: 0.872579 | L3: 0.872249 | lrm: 0.39 | dt: 2624.32ms | tok/sec: 199,780 | mfu: 43.93 | epoch: 1 | total time: 154.63m
step 03543 (80.39%) | K: 3 | loss: 1.760467 | L1: 0.885194 | L2: 0.875450 | L3: 0.875096 | lrm: 0.39 | dt: 2626.84ms | tok/sec: 199,588 | mfu: 43.88 | epoch: 1 | total time: 154.68m
step 03544 (80.42%) | K: 3 | loss: 1.756482 | L1: 0.883203 | L2: 0.873446 | L3: 0.873110 | lrm: 0.39 | dt: 2622.78ms | tok/sec: 199,897 | mfu: 43.95 | epoch: 1 | total time: 154.72m
step 03545 (80.44%) | K: 3 | loss: 1.749922 | L1: 0.879946 | L2: 0.870145 | L3: 0.869807 | lrm: 0.39 | dt: 2620.63ms | tok/sec: 200,061 | mfu: 43.99 | epoch: 1 | total time: 154.76m
step 03546 (80.46%) | K: 3 | loss: 1.745541 | L1: 0.877743 | L2: 0.867961 | L3: 0.867634 | lrm: 0.39 | dt: 2622.92ms | tok/sec: 199,886 | mfu: 43.95 | epoch: 1 | total time: 154.81m
step 03547 (80.49%) | K: 3 | loss: 1.752658 | L1: 0.881296 | L2: 0.871531 | L3: 0.871194 | lrm: 0.39 | dt: 2631.52ms | tok/sec: 199,233 | mfu: 43.81 | epoch: 1 | total time: 154.85m
step 03548 (80.51%) | K: 3 | loss: 1.756454 | L1: 0.883189 | L2: 0.873428 | L3: 0.873103 | lrm: 0.39 | dt: 2624.78ms | tok/sec: 199,745 | mfu: 43.92 | epoch: 1 | total time: 154.90m
step 03549 (80.53%) | K: 3 | loss: 1.749701 | L1: 0.879794 | L2: 0.870065 | L3: 0.869748 | lrm: 0.39 | dt: 2621.27ms | tok/sec: 200,013 | mfu: 43.98 | epoch: 1 | total time: 154.94m
step 03550 (80.55%) | K: 3 | loss: 1.739577 | L1: 0.874650 | L2: 0.865087 | L3: 0.864767 | lrm: 0.39 | dt: 2626.14ms | tok/sec: 199,642 | mfu: 43.89 | epoch: 1 | total time: 154.98m
step 03551 (80.58%) | K: 3 | loss: 1.736846 | L1: 0.873272 | L2: 0.863731 | L3: 0.863418 | lrm: 0.39 | dt: 2628.42ms | tok/sec: 199,468 | mfu: 43.86 | epoch: 1 | total time: 155.03m
step 03552 (80.60%) | K: 3 | loss: 1.731735 | L1: 0.870659 | L2: 0.861228 | L3: 0.860922 | lrm: 0.39 | dt: 2623.84ms | tok/sec: 199,816 | mfu: 43.93 | epoch: 1 | total time: 155.07m
step 03553 (80.62%) | K: 3 | loss: 1.725400 | L1: 0.867520 | L2: 0.858027 | L3: 0.857734 | lrm: 0.39 | dt: 2627.79ms | tok/sec: 199,517 | mfu: 43.87 | epoch: 1 | total time: 155.11m
step 03554 (80.64%) | K: 3 | loss: 1.738298 | L1: 0.873974 | L2: 0.864472 | L3: 0.864176 | lrm: 0.39 | dt: 2625.24ms | tok/sec: 199,710 | mfu: 43.91 | epoch: 1 | total time: 155.16m
step 03555 (80.67%) | K: 3 | loss: 1.733821 | L1: 0.871751 | L2: 0.862227 | L3: 0.861915 | lrm: 0.39 | dt: 2623.36ms | tok/sec: 199,853 | mfu: 43.94 | epoch: 1 | total time: 155.20m
step 03556 (80.69%) | K: 3 | loss: 1.735979 | L1: 0.872833 | L2: 0.863305 | L3: 0.862986 | lrm: 0.39 | dt: 2625.44ms | tok/sec: 199,695 | mfu: 43.91 | epoch: 1 | total time: 155.25m
step 03557 (80.71%) | K: 3 | loss: 1.734840 | L1: 0.872245 | L2: 0.862753 | L3: 0.862436 | lrm: 0.39 | dt: 2629.04ms | tok/sec: 199,422 | mfu: 43.85 | epoch: 1 | total time: 155.29m
step 03558 (80.74%) | K: 3 | loss: 1.733334 | L1: 0.871516 | L2: 0.861969 | L3: 0.861668 | lrm: 0.39 | dt: 2624.09ms | tok/sec: 199,797 | mfu: 43.93 | epoch: 1 | total time: 155.33m
step 03559 (80.76%) | K: 3 | loss: 1.736598 | L1: 0.873190 | L2: 0.863555 | L3: 0.863260 | lrm: 0.38 | dt: 2627.31ms | tok/sec: 199,553 | mfu: 43.88 | epoch: 1 | total time: 155.38m
step 03560 (80.78%) | K: 3 | loss: 1.735637 | L1: 0.872736 | L2: 0.863058 | L3: 0.862743 | lrm: 0.38 | dt: 2628.05ms | tok/sec: 199,497 | mfu: 43.86 | epoch: 1 | total time: 155.42m
step 03561 (80.80%) | K: 3 | loss: 1.736243 | L1: 0.872975 | L2: 0.863420 | L3: 0.863115 | lrm: 0.38 | dt: 2622.72ms | tok/sec: 199,902 | mfu: 43.95 | epoch: 1 | total time: 155.46m
step 03562 (80.83%) | K: 3 | loss: 1.728340 | L1: 0.868960 | L2: 0.859518 | L3: 0.859242 | lrm: 0.38 | dt: 2623.73ms | tok/sec: 199,825 | mfu: 43.94 | epoch: 1 | total time: 155.51m
step 03563 (80.85%) | K: 3 | loss: 1.719146 | L1: 0.864361 | L2: 0.854928 | L3: 0.854642 | lrm: 0.38 | dt: 2625.11ms | tok/sec: 199,720 | mfu: 43.91 | epoch: 1 | total time: 155.55m
step 03564 (80.87%) | K: 3 | loss: 1.721206 | L1: 0.865474 | L2: 0.855882 | L3: 0.855582 | lrm: 0.38 | dt: 2624.29ms | tok/sec: 199,782 | mfu: 43.93 | epoch: 1 | total time: 155.60m
step 03565 (80.89%) | K: 3 | loss: 1.731090 | L1: 0.870372 | L2: 0.860861 | L3: 0.860575 | lrm: 0.38 | dt: 2624.26ms | tok/sec: 199,784 | mfu: 43.93 | epoch: 1 | total time: 155.64m
step 03566 (80.92%) | K: 3 | loss: 1.735078 | L1: 0.872374 | L2: 0.862841 | L3: 0.862567 | lrm: 0.38 | dt: 2629.78ms | tok/sec: 199,365 | mfu: 43.83 | epoch: 1 | total time: 155.68m
step 03567 (80.94%) | K: 3 | loss: 1.737864 | L1: 0.873767 | L2: 0.864238 | L3: 0.863957 | lrm: 0.38 | dt: 2627.84ms | tok/sec: 199,512 | mfu: 43.87 | epoch: 1 | total time: 155.73m
step 03568 (80.96%) | K: 3 | loss: 1.747663 | L1: 0.878671 | L2: 0.869136 | L3: 0.868848 | lrm: 0.38 | dt: 2633.39ms | tok/sec: 199,092 | mfu: 43.77 | epoch: 1 | total time: 155.77m
step 03569 (80.98%) | K: 3 | loss: 1.742578 | L1: 0.876235 | L2: 0.866495 | L3: 0.866192 | lrm: 0.38 | dt: 2625.31ms | tok/sec: 199,705 | mfu: 43.91 | epoch: 1 | total time: 155.81m
step 03570 (81.01%) | K: 3 | loss: 1.748948 | L1: 0.879449 | L2: 0.869658 | L3: 0.869340 | lrm: 0.38 | dt: 2627.39ms | tok/sec: 199,546 | mfu: 43.87 | epoch: 1 | total time: 155.86m
step 03571 (81.03%) | K: 3 | loss: 1.751139 | L1: 0.880492 | L2: 0.870814 | L3: 0.870480 | lrm: 0.38 | dt: 2621.22ms | tok/sec: 200,016 | mfu: 43.98 | epoch: 1 | total time: 155.90m
step 03572 (81.05%) | K: 3 | loss: 1.753247 | L1: 0.881525 | L2: 0.871883 | L3: 0.871561 | lrm: 0.38 | dt: 2629.65ms | tok/sec: 199,375 | mfu: 43.84 | epoch: 1 | total time: 155.95m
step 03573 (81.08%) | K: 3 | loss: 1.755347 | L1: 0.882567 | L2: 0.872935 | L3: 0.872624 | lrm: 0.38 | dt: 2623.67ms | tok/sec: 199,830 | mfu: 43.94 | epoch: 1 | total time: 155.99m
step 03574 (81.10%) | K: 3 | loss: 1.749374 | L1: 0.879561 | L2: 0.869974 | L3: 0.869653 | lrm: 0.38 | dt: 2624.73ms | tok/sec: 199,749 | mfu: 43.92 | epoch: 1 | total time: 156.03m
step 03575 (81.12%) | K: 3 | loss: 1.746692 | L1: 0.878185 | L2: 0.868651 | L3: 0.868361 | lrm: 0.38 | dt: 2625.44ms | tok/sec: 199,695 | mfu: 43.91 | epoch: 1 | total time: 156.08m
step 03576 (81.14%) | K: 3 | loss: 1.747013 | L1: 0.878361 | L2: 0.868791 | L3: 0.868512 | lrm: 0.38 | dt: 2624.75ms | tok/sec: 199,747 | mfu: 43.92 | epoch: 1 | total time: 156.12m
step 03577 (81.17%) | K: 3 | loss: 1.751755 | L1: 0.880717 | L2: 0.871173 | L3: 0.870903 | lrm: 0.38 | dt: 2630.89ms | tok/sec: 199,281 | mfu: 43.82 | epoch: 1 | total time: 156.16m
step 03578 (81.19%) | K: 3 | loss: 1.747616 | L1: 0.878593 | L2: 0.869152 | L3: 0.868894 | lrm: 0.38 | dt: 2624.98ms | tok/sec: 199,730 | mfu: 43.91 | epoch: 1 | total time: 156.21m
step 03579 (81.21%) | K: 3 | loss: 1.755835 | L1: 0.882734 | L2: 0.873237 | L3: 0.872966 | lrm: 0.38 | dt: 2622.73ms | tok/sec: 199,901 | mfu: 43.95 | epoch: 1 | total time: 156.25m
step 03580 (81.23%) | K: 3 | loss: 1.762765 | L1: 0.886197 | L2: 0.876705 | L3: 0.876432 | lrm: 0.38 | dt: 2625.72ms | tok/sec: 199,673 | mfu: 43.90 | epoch: 1 | total time: 156.30m
step 03581 (81.26%) | K: 3 | loss: 1.766017 | L1: 0.887859 | L2: 0.878307 | L3: 0.878009 | lrm: 0.37 | dt: 2629.50ms | tok/sec: 199,387 | mfu: 43.84 | epoch: 1 | total time: 156.34m
step 03582 (81.28%) | K: 3 | loss: 1.766399 | L1: 0.888081 | L2: 0.878484 | L3: 0.878152 | lrm: 0.37 | dt: 2624.31ms | tok/sec: 199,781 | mfu: 43.93 | epoch: 1 | total time: 156.38m
step 03583 (81.30%) | K: 3 | loss: 1.776856 | L1: 0.893363 | L2: 0.883655 | L3: 0.883331 | lrm: 0.37 | dt: 2624.80ms | tok/sec: 199,744 | mfu: 43.92 | epoch: 1 | total time: 156.43m
step 03584 (81.33%) | K: 3 | loss: 1.775993 | L1: 0.892922 | L2: 0.883239 | L3: 0.882904 | lrm: 0.37 | dt: 2627.35ms | tok/sec: 199,550 | mfu: 43.87 | epoch: 1 | total time: 156.47m
step 03585 (81.35%) | K: 3 | loss: 1.785073 | L1: 0.897424 | L2: 0.887821 | L3: 0.887476 | lrm: 0.37 | dt: 2623.51ms | tok/sec: 199,842 | mfu: 43.94 | epoch: 1 | total time: 156.51m
step 03586 (81.37%) | K: 3 | loss: 1.783063 | L1: 0.896449 | L2: 0.886786 | L3: 0.886441 | lrm: 0.37 | dt: 2624.12ms | tok/sec: 199,795 | mfu: 43.93 | epoch: 1 | total time: 156.56m
step 03587 (81.39%) | K: 3 | loss: 1.770083 | L1: 0.890015 | L2: 0.880241 | L3: 0.879896 | lrm: 0.37 | dt: 2626.50ms | tok/sec: 199,614 | mfu: 43.89 | epoch: 1 | total time: 156.60m
step 03588 (81.42%) | K: 3 | loss: 1.770137 | L1: 0.890033 | L2: 0.880289 | L3: 0.879919 | lrm: 0.37 | dt: 2628.01ms | tok/sec: 199,499 | mfu: 43.86 | epoch: 1 | total time: 156.65m
step 03589 (81.44%) | K: 3 | loss: 1.771203 | L1: 0.890485 | L2: 0.880902 | L3: 0.880533 | lrm: 0.37 | dt: 2628.63ms | tok/sec: 199,453 | mfu: 43.85 | epoch: 1 | total time: 156.69m
step 03590 (81.46%) | K: 3 | loss: 1.764841 | L1: 0.887281 | L2: 0.877745 | L3: 0.877376 | lrm: 0.37 | dt: 2623.41ms | tok/sec: 199,849 | mfu: 43.94 | epoch: 1 | total time: 156.73m
step 03591 (81.48%) | K: 3 | loss: 1.755424 | L1: 0.882550 | L2: 0.873051 | L3: 0.872698 | lrm: 0.37 | dt: 2629.56ms | tok/sec: 199,382 | mfu: 43.84 | epoch: 1 | total time: 156.78m
step 03592 (81.51%) | K: 3 | loss: 1.754270 | L1: 0.881955 | L2: 0.872488 | L3: 0.872142 | lrm: 0.37 | dt: 2625.73ms | tok/sec: 199,673 | mfu: 43.90 | epoch: 1 | total time: 156.82m
step 03593 (81.53%) | K: 3 | loss: 1.756858 | L1: 0.883266 | L2: 0.873765 | L3: 0.873420 | lrm: 0.37 | dt: 2624.86ms | tok/sec: 199,739 | mfu: 43.92 | epoch: 1 | total time: 156.86m
step 03594 (81.55%) | K: 3 | loss: 1.751921 | L1: 0.880801 | L2: 0.871289 | L3: 0.870950 | lrm: 0.37 | dt: 2627.60ms | tok/sec: 199,530 | mfu: 43.87 | epoch: 1 | total time: 156.91m
step 03595 (81.57%) | K: 3 | loss: 1.753644 | L1: 0.881637 | L2: 0.872182 | L3: 0.871832 | lrm: 0.37 | dt: 2625.35ms | tok/sec: 199,702 | mfu: 43.91 | epoch: 1 | total time: 156.95m
step 03596 (81.60%) | K: 3 | loss: 1.754580 | L1: 0.882073 | L2: 0.872698 | L3: 0.872317 | lrm: 0.37 | dt: 2625.52ms | tok/sec: 199,688 | mfu: 43.91 | epoch: 1 | total time: 157.00m
step 03597 (81.62%) | K: 3 | loss: 1.736095 | L1: 0.872787 | L2: 0.863498 | L3: 0.863117 | lrm: 0.37 | dt: 2626.94ms | tok/sec: 199,580 | mfu: 43.88 | epoch: 1 | total time: 157.04m
step 03598 (81.64%) | K: 3 | loss: 1.751743 | L1: 0.880688 | L2: 0.871248 | L3: 0.870862 | lrm: 0.37 | dt: 2628.95ms | tok/sec: 199,428 | mfu: 43.85 | epoch: 1 | total time: 157.08m
step 03599 (81.67%) | K: 3 | loss: 1.756760 | L1: 0.883181 | L2: 0.873763 | L3: 0.873395 | lrm: 0.37 | dt: 2623.55ms | tok/sec: 199,839 | mfu: 43.94 | epoch: 1 | total time: 157.13m
step 03600 (81.69%) | K: 3 | loss: 1.748573 | L1: 0.879100 | L2: 0.869672 | L3: 0.869273 | lrm: 0.37 | dt: 2628.49ms | tok/sec: 199,463 | mfu: 43.86 | epoch: 1 | total time: 157.17m
step 03601 (81.71%) | K: 3 | loss: 1.746394 | L1: 0.878056 | L2: 0.868531 | L3: 0.868146 | lrm: 0.37 | dt: 2622.46ms | tok/sec: 199,922 | mfu: 43.96 | epoch: 1 | total time: 157.21m
step 03602 (81.73%) | K: 3 | loss: 1.748344 | L1: 0.879065 | L2: 0.869467 | L3: 0.869091 | lrm: 0.37 | dt: 2626.15ms | tok/sec: 199,640 | mfu: 43.89 | epoch: 1 | total time: 157.26m
step 03603 (81.76%) | K: 3 | loss: 1.755248 | L1: 0.882550 | L2: 0.872890 | L3: 0.872505 | lrm: 0.36 | dt: 2630.38ms | tok/sec: 199,320 | mfu: 43.82 | epoch: 1 | total time: 157.30m
step 03604 (81.78%) | K: 3 | loss: 1.768097 | L1: 0.888966 | L2: 0.879314 | L3: 0.878948 | lrm: 0.36 | dt: 2989.28ms | tok/sec: 175,389 | mfu: 38.56 | epoch: 1 | total time: 157.35m
step 03605 (81.80%) | K: 3 | loss: 1.768270 | L1: 0.889041 | L2: 0.879422 | L3: 0.879038 | lrm: 0.36 | dt: 2631.62ms | tok/sec: 199,226 | mfu: 43.80 | epoch: 1 | total time: 157.40m
step 03606 (81.82%) | K: 3 | loss: 1.760843 | L1: 0.885274 | L2: 0.875760 | L3: 0.875377 | lrm: 0.36 | dt: 2623.89ms | tok/sec: 199,813 | mfu: 43.93 | epoch: 1 | total time: 157.44m
step 03607 (81.85%) | K: 3 | loss: 1.761565 | L1: 0.885597 | L2: 0.876160 | L3: 0.875776 | lrm: 0.36 | dt: 2630.01ms | tok/sec: 199,347 | mfu: 43.83 | epoch: 1 | total time: 157.48m
step 03608 (81.87%) | K: 3 | loss: 1.763783 | L1: 0.886689 | L2: 0.877281 | L3: 0.876906 | lrm: 0.36 | dt: 2625.47ms | tok/sec: 199,693 | mfu: 43.91 | epoch: 1 | total time: 157.53m
step 03609 (81.89%) | K: 3 | loss: 1.752515 | L1: 0.881067 | L2: 0.871636 | L3: 0.871260 | lrm: 0.36 | dt: 2626.19ms | tok/sec: 199,638 | mfu: 43.89 | epoch: 1 | total time: 157.57m
step 03610 (81.92%) | K: 3 | loss: 1.754049 | L1: 0.881854 | L2: 0.872378 | L3: 0.872012 | lrm: 0.36 | dt: 2626.65ms | tok/sec: 199,603 | mfu: 43.89 | epoch: 1 | total time: 157.61m
step 03611 (81.94%) | K: 3 | loss: 1.763713 | L1: 0.886756 | L2: 0.877145 | L3: 0.876769 | lrm: 0.36 | dt: 2624.69ms | tok/sec: 199,752 | mfu: 43.92 | epoch: 1 | total time: 157.66m
step 03612 (81.96%) | K: 3 | loss: 1.757731 | L1: 0.883825 | L2: 0.874091 | L3: 0.873721 | lrm: 0.36 | dt: 2628.17ms | tok/sec: 199,487 | mfu: 43.86 | epoch: 1 | total time: 157.70m
step 03613 (81.98%) | K: 3 | loss: 1.755355 | L1: 0.882594 | L2: 0.872941 | L3: 0.872581 | lrm: 0.36 | dt: 2626.88ms | tok/sec: 199,585 | mfu: 43.88 | epoch: 1 | total time: 157.75m
step 03614 (82.01%) | K: 3 | loss: 1.748934 | L1: 0.879504 | L2: 0.869597 | L3: 0.869262 | lrm: 0.36 | dt: 2623.35ms | tok/sec: 199,854 | mfu: 43.94 | epoch: 1 | total time: 157.79m
step 03615 (82.03%) | K: 3 | loss: 1.740123 | L1: 0.875009 | L2: 0.865282 | L3: 0.864945 | lrm: 0.36 | dt: 2628.10ms | tok/sec: 199,493 | mfu: 43.86 | epoch: 1 | total time: 157.83m
step 03616 (82.05%) | K: 3 | loss: 1.730716 | L1: 0.870294 | L2: 0.860591 | L3: 0.860254 | lrm: 0.36 | dt: 2627.93ms | tok/sec: 199,506 | mfu: 43.86 | epoch: 1 | total time: 157.88m
step 03617 (82.07%) | K: 3 | loss: 1.733270 | L1: 0.871543 | L2: 0.861894 | L3: 0.861559 | lrm: 0.36 | dt: 2622.73ms | tok/sec: 199,901 | mfu: 43.95 | epoch: 1 | total time: 157.92m
step 03618 (82.10%) | K: 3 | loss: 1.726937 | L1: 0.868387 | L2: 0.858716 | L3: 0.858386 | lrm: 0.36 | dt: 2627.33ms | tok/sec: 199,551 | mfu: 43.87 | epoch: 1 | total time: 157.97m
step 03619 (82.12%) | K: 3 | loss: 1.733761 | L1: 0.871797 | L2: 0.862121 | L3: 0.861808 | lrm: 0.36 | dt: 2623.71ms | tok/sec: 199,826 | mfu: 43.94 | epoch: 1 | total time: 158.01m
step 03620 (82.14%) | K: 3 | loss: 1.741022 | L1: 0.875383 | L2: 0.865798 | L3: 0.865481 | lrm: 0.36 | dt: 2627.81ms | tok/sec: 199,515 | mfu: 43.87 | epoch: 1 | total time: 158.05m
step 03621 (82.16%) | K: 3 | loss: 1.746254 | L1: 0.878011 | L2: 0.868401 | L3: 0.868084 | lrm: 0.36 | dt: 2624.40ms | tok/sec: 199,774 | mfu: 43.92 | epoch: 1 | total time: 158.10m
step 03622 (82.19%) | K: 3 | loss: 1.745373 | L1: 0.877550 | L2: 0.867982 | L3: 0.867664 | lrm: 0.36 | dt: 2628.13ms | tok/sec: 199,490 | mfu: 43.86 | epoch: 1 | total time: 158.14m
step 03623 (82.21%) | K: 3 | loss: 1.746072 | L1: 0.877929 | L2: 0.868310 | L3: 0.867976 | lrm: 0.36 | dt: 2622.74ms | tok/sec: 199,900 | mfu: 43.95 | epoch: 1 | total time: 158.18m
step 03624 (82.23%) | K: 3 | loss: 1.742170 | L1: 0.875943 | L2: 0.866399 | L3: 0.866055 | lrm: 0.36 | dt: 2625.59ms | tok/sec: 199,684 | mfu: 43.90 | epoch: 1 | total time: 158.23m
step 03625 (82.26%) | K: 3 | loss: 1.743072 | L1: 0.876447 | L2: 0.866811 | L3: 0.866440 | lrm: 0.35 | dt: 2624.57ms | tok/sec: 199,761 | mfu: 43.92 | epoch: 1 | total time: 158.27m
step 03626 (82.28%) | K: 3 | loss: 1.751571 | L1: 0.880720 | L2: 0.871030 | L3: 0.870673 | lrm: 0.35 | dt: 2625.82ms | tok/sec: 199,666 | mfu: 43.90 | epoch: 1 | total time: 158.32m
step 03627 (82.30%) | K: 3 | loss: 1.743365 | L1: 0.876629 | L2: 0.866908 | L3: 0.866564 | lrm: 0.35 | dt: 2623.16ms | tok/sec: 199,869 | mfu: 43.94 | epoch: 1 | total time: 158.36m
step 03628 (82.32%) | K: 3 | loss: 1.746712 | L1: 0.878263 | L2: 0.868608 | L3: 0.868292 | lrm: 0.35 | dt: 2629.46ms | tok/sec: 199,390 | mfu: 43.84 | epoch: 1 | total time: 158.40m
step 03629 (82.35%) | K: 3 | loss: 1.751040 | L1: 0.880417 | L2: 0.870789 | L3: 0.870456 | lrm: 0.35 | dt: 2624.45ms | tok/sec: 199,770 | mfu: 43.92 | epoch: 1 | total time: 158.45m
step 03630 (82.37%) | K: 3 | loss: 1.747688 | L1: 0.878657 | L2: 0.869187 | L3: 0.868874 | lrm: 0.35 | dt: 2629.60ms | tok/sec: 199,379 | mfu: 43.84 | epoch: 1 | total time: 158.49m
step 03631 (82.39%) | K: 3 | loss: 1.748512 | L1: 0.879077 | L2: 0.869596 | L3: 0.869275 | lrm: 0.35 | dt: 2627.75ms | tok/sec: 199,519 | mfu: 43.87 | epoch: 1 | total time: 158.53m
step 03632 (82.41%) | K: 3 | loss: 1.738976 | L1: 0.874338 | L2: 0.864798 | L3: 0.864477 | lrm: 0.35 | dt: 2622.76ms | tok/sec: 199,899 | mfu: 43.95 | epoch: 1 | total time: 158.58m
step 03633 (82.44%) | K: 3 | loss: 1.749821 | L1: 0.879774 | L2: 0.870211 | L3: 0.869884 | lrm: 0.35 | dt: 2631.26ms | tok/sec: 199,253 | mfu: 43.81 | epoch: 1 | total time: 158.62m
step 03634 (82.46%) | K: 3 | loss: 1.741545 | L1: 0.875603 | L2: 0.866104 | L3: 0.865781 | lrm: 0.35 | dt: 2626.30ms | tok/sec: 199,629 | mfu: 43.89 | epoch: 1 | total time: 158.67m
step 03635 (82.48%) | K: 3 | loss: 1.739654 | L1: 0.874673 | L2: 0.865147 | L3: 0.864816 | lrm: 0.35 | dt: 2627.94ms | tok/sec: 199,505 | mfu: 43.86 | epoch: 1 | total time: 158.71m
step 03636 (82.51%) | K: 3 | loss: 1.732804 | L1: 0.871228 | L2: 0.861754 | L3: 0.861400 | lrm: 0.35 | dt: 2627.01ms | tok/sec: 199,575 | mfu: 43.88 | epoch: 1 | total time: 158.75m
step 03637 (82.53%) | K: 3 | loss: 1.738982 | L1: 0.874336 | L2: 0.864818 | L3: 0.864474 | lrm: 0.35 | dt: 2624.95ms | tok/sec: 199,732 | mfu: 43.91 | epoch: 1 | total time: 158.80m
step 03638 (82.55%) | K: 3 | loss: 1.741466 | L1: 0.875533 | L2: 0.866103 | L3: 0.865763 | lrm: 0.35 | dt: 2625.81ms | tok/sec: 199,667 | mfu: 43.90 | epoch: 1 | total time: 158.84m
step 03639 (82.57%) | K: 3 | loss: 1.744664 | L1: 0.877153 | L2: 0.867682 | L3: 0.867341 | lrm: 0.35 | dt: 2627.08ms | tok/sec: 199,570 | mfu: 43.88 | epoch: 1 | total time: 158.88m
step 03640 (82.60%) | K: 3 | loss: 1.755400 | L1: 0.882571 | L2: 0.872995 | L3: 0.872663 | lrm: 0.35 | dt: 2625.56ms | tok/sec: 199,686 | mfu: 43.90 | epoch: 1 | total time: 158.93m
step 03641 (82.62%) | K: 3 | loss: 1.752620 | L1: 0.881223 | L2: 0.871550 | L3: 0.871243 | lrm: 0.35 | dt: 2627.08ms | tok/sec: 199,570 | mfu: 43.88 | epoch: 1 | total time: 158.97m
step 03642 (82.64%) | K: 3 | loss: 1.766911 | L1: 0.888337 | L2: 0.878734 | L3: 0.878414 | lrm: 0.35 | dt: 2624.40ms | tok/sec: 199,774 | mfu: 43.92 | epoch: 1 | total time: 159.02m
step 03643 (82.66%) | K: 3 | loss: 1.757384 | L1: 0.883544 | L2: 0.874004 | L3: 0.873676 | lrm: 0.35 | dt: 2623.05ms | tok/sec: 199,877 | mfu: 43.95 | epoch: 1 | total time: 159.06m
step 03644 (82.69%) | K: 3 | loss: 1.753340 | L1: 0.881532 | L2: 0.871977 | L3: 0.871638 | lrm: 0.35 | dt: 2631.19ms | tok/sec: 199,258 | mfu: 43.81 | epoch: 1 | total time: 159.10m
step 03645 (82.71%) | K: 3 | loss: 1.754476 | L1: 0.882099 | L2: 0.872547 | L3: 0.872207 | lrm: 0.35 | dt: 2623.50ms | tok/sec: 199,842 | mfu: 43.94 | epoch: 1 | total time: 159.15m
step 03646 (82.73%) | K: 3 | loss: 1.750140 | L1: 0.879915 | L2: 0.870373 | L3: 0.870077 | lrm: 0.35 | dt: 2623.75ms | tok/sec: 199,824 | mfu: 43.93 | epoch: 1 | total time: 159.19m
step 03647 (82.75%) | K: 3 | loss: 1.747909 | L1: 0.878801 | L2: 0.869265 | L3: 0.868952 | lrm: 0.34 | dt: 2623.78ms | tok/sec: 199,821 | mfu: 43.93 | epoch: 1 | total time: 159.23m
step 03648 (82.78%) | K: 3 | loss: 1.746003 | L1: 0.877890 | L2: 0.868266 | L3: 0.867960 | lrm: 0.34 | dt: 2625.18ms | tok/sec: 199,715 | mfu: 43.91 | epoch: 1 | total time: 159.28m
step 03649 (82.80%) | K: 3 | loss: 1.737461 | L1: 0.873553 | L2: 0.864065 | L3: 0.863752 | lrm: 0.34 | dt: 2626.19ms | tok/sec: 199,637 | mfu: 43.89 | epoch: 1 | total time: 159.32m
step 03650 (82.82%) | K: 3 | loss: 1.731015 | L1: 0.870276 | L2: 0.860892 | L3: 0.860587 | lrm: 0.34 | dt: 2624.79ms | tok/sec: 199,744 | mfu: 43.92 | epoch: 1 | total time: 159.37m
step 03651 (82.85%) | K: 3 | loss: 1.733407 | L1: 0.871474 | L2: 0.862082 | L3: 0.861784 | lrm: 0.34 | dt: 2626.06ms | tok/sec: 199,647 | mfu: 43.90 | epoch: 1 | total time: 159.41m
step 03652 (82.87%) | K: 3 | loss: 1.716373 | L1: 0.862964 | L2: 0.853549 | L3: 0.853269 | lrm: 0.34 | dt: 2625.45ms | tok/sec: 199,694 | mfu: 43.91 | epoch: 1 | total time: 159.45m
step 03653 (82.89%) | K: 3 | loss: 1.728781 | L1: 0.869224 | L2: 0.859706 | L3: 0.859406 | lrm: 0.34 | dt: 2626.95ms | tok/sec: 199,580 | mfu: 43.88 | epoch: 1 | total time: 159.50m
step 03654 (82.91%) | K: 3 | loss: 1.723209 | L1: 0.866422 | L2: 0.856941 | L3: 0.856633 | lrm: 0.34 | dt: 2624.37ms | tok/sec: 199,776 | mfu: 43.92 | epoch: 1 | total time: 159.54m
step 03655 (82.94%) | K: 3 | loss: 1.727325 | L1: 0.868489 | L2: 0.858983 | L3: 0.858688 | lrm: 0.34 | dt: 2627.98ms | tok/sec: 199,502 | mfu: 43.86 | epoch: 1 | total time: 159.58m
step 03656 (82.96%) | K: 3 | loss: 1.719814 | L1: 0.864709 | L2: 0.855250 | L3: 0.854961 | lrm: 0.34 | dt: 2625.64ms | tok/sec: 199,680 | mfu: 43.90 | epoch: 1 | total time: 159.63m
step 03657 (82.98%) | K: 3 | loss: 1.719336 | L1: 0.864455 | L2: 0.855036 | L3: 0.854726 | lrm: 0.34 | dt: 2627.59ms | tok/sec: 199,531 | mfu: 43.87 | epoch: 1 | total time: 159.67m
step 03658 (83.00%) | K: 3 | loss: 1.711640 | L1: 0.860654 | L2: 0.851159 | L3: 0.850813 | lrm: 0.34 | dt: 2623.25ms | tok/sec: 199,862 | mfu: 43.94 | epoch: 1 | total time: 159.72m
step 03659 (83.03%) | K: 3 | loss: 1.713773 | L1: 0.861710 | L2: 0.852239 | L3: 0.851888 | lrm: 0.34 | dt: 2623.74ms | tok/sec: 199,824 | mfu: 43.94 | epoch: 1 | total time: 159.76m
step 03660 (83.05%) | K: 3 | loss: 1.712319 | L1: 0.860985 | L2: 0.851506 | L3: 0.851162 | lrm: 0.34 | dt: 2630.74ms | tok/sec: 199,293 | mfu: 43.82 | epoch: 1 | total time: 159.80m
step 03661 (83.07%) | K: 3 | loss: 1.713266 | L1: 0.861501 | L2: 0.851936 | L3: 0.851594 | lrm: 0.34 | dt: 2620.16ms | tok/sec: 200,097 | mfu: 43.99 | epoch: 1 | total time: 159.85m
step 03662 (83.10%) | K: 3 | loss: 1.726021 | L1: 0.867877 | L2: 0.858318 | L3: 0.857969 | lrm: 0.34 | dt: 2624.68ms | tok/sec: 199,752 | mfu: 43.92 | epoch: 1 | total time: 159.89m
step 03663 (83.12%) | K: 3 | loss: 1.738588 | L1: 0.874194 | L2: 0.864549 | L3: 0.864238 | lrm: 0.34 | dt: 2628.61ms | tok/sec: 199,454 | mfu: 43.85 | epoch: 1 | total time: 159.93m
step 03664 (83.14%) | K: 3 | loss: 1.737621 | L1: 0.873766 | L2: 0.864019 | L3: 0.863690 | lrm: 0.34 | dt: 2627.05ms | tok/sec: 199,573 | mfu: 43.88 | epoch: 1 | total time: 159.98m
step 03665 (83.16%) | K: 3 | loss: 1.739099 | L1: 0.874577 | L2: 0.864697 | L3: 0.864348 | lrm: 0.34 | dt: 2622.38ms | tok/sec: 199,928 | mfu: 43.96 | epoch: 1 | total time: 160.02m
step 03666 (83.19%) | K: 3 | loss: 1.742076 | L1: 0.876048 | L2: 0.866202 | L3: 0.865854 | lrm: 0.34 | dt: 2629.96ms | tok/sec: 199,351 | mfu: 43.83 | epoch: 1 | total time: 160.07m
step 03667 (83.21%) | K: 3 | loss: 1.748040 | L1: 0.878960 | L2: 0.869235 | L3: 0.868926 | lrm: 0.34 | dt: 2629.72ms | tok/sec: 199,370 | mfu: 43.84 | epoch: 1 | total time: 160.11m
step 03668 (83.23%) | K: 3 | loss: 1.741625 | L1: 0.875670 | L2: 0.866110 | L3: 0.865800 | lrm: 0.34 | dt: 2627.87ms | tok/sec: 199,510 | mfu: 43.87 | epoch: 1 | total time: 160.15m
step 03669 (83.25%) | K: 3 | loss: 1.741673 | L1: 0.875728 | L2: 0.866108 | L3: 0.865781 | lrm: 0.33 | dt: 2626.76ms | tok/sec: 199,594 | mfu: 43.88 | epoch: 1 | total time: 160.20m
step 03670 (83.28%) | K: 3 | loss: 1.735846 | L1: 0.872816 | L2: 0.863202 | L3: 0.862859 | lrm: 0.33 | dt: 2623.89ms | tok/sec: 199,813 | mfu: 43.93 | epoch: 1 | total time: 160.24m
step 03671 (83.30%) | K: 3 | loss: 1.733485 | L1: 0.871593 | L2: 0.862067 | L3: 0.861718 | lrm: 0.33 | dt: 2631.34ms | tok/sec: 199,247 | mfu: 43.81 | epoch: 1 | total time: 160.28m
step 03672 (83.32%) | K: 3 | loss: 1.732660 | L1: 0.871161 | L2: 0.861674 | L3: 0.861325 | lrm: 0.33 | dt: 2623.96ms | tok/sec: 199,808 | mfu: 43.93 | epoch: 1 | total time: 160.33m
step 03673 (83.34%) | K: 3 | loss: 1.733756 | L1: 0.871693 | L2: 0.862240 | L3: 0.861886 | lrm: 0.33 | dt: 2629.25ms | tok/sec: 199,406 | mfu: 43.84 | epoch: 1 | total time: 160.37m
step 03674 (83.37%) | K: 3 | loss: 1.741035 | L1: 0.875391 | L2: 0.865825 | L3: 0.865463 | lrm: 0.33 | dt: 2626.39ms | tok/sec: 199,622 | mfu: 43.89 | epoch: 1 | total time: 160.42m
step 03675 (83.39%) | K: 3 | loss: 1.732435 | L1: 0.871066 | L2: 0.861539 | L3: 0.861199 | lrm: 0.33 | dt: 2623.91ms | tok/sec: 199,811 | mfu: 43.93 | epoch: 1 | total time: 160.46m
step 03676 (83.41%) | K: 3 | loss: 1.739105 | L1: 0.874426 | L2: 0.864856 | L3: 0.864503 | lrm: 0.33 | dt: 2624.82ms | tok/sec: 199,742 | mfu: 43.92 | epoch: 1 | total time: 160.50m
step 03677 (83.44%) | K: 3 | loss: 1.747224 | L1: 0.878488 | L2: 0.868898 | L3: 0.868572 | lrm: 0.33 | dt: 2625.98ms | tok/sec: 199,654 | mfu: 43.90 | epoch: 1 | total time: 160.55m
step 03678 (83.46%) | K: 3 | loss: 1.755174 | L1: 0.882509 | L2: 0.872824 | L3: 0.872505 | lrm: 0.33 | dt: 2628.27ms | tok/sec: 199,479 | mfu: 43.86 | epoch: 1 | total time: 160.59m
step 03679 (83.48%) | K: 3 | loss: 1.763869 | L1: 0.886874 | L2: 0.877156 | L3: 0.876833 | lrm: 0.33 | dt: 2629.65ms | tok/sec: 199,375 | mfu: 43.84 | epoch: 1 | total time: 160.64m
step 03680 (83.50%) | K: 3 | loss: 1.748201 | L1: 0.879043 | L2: 0.869317 | L3: 0.868999 | lrm: 0.33 | dt: 2622.42ms | tok/sec: 199,925 | mfu: 43.96 | epoch: 1 | total time: 160.68m
step 03681 (83.53%) | K: 3 | loss: 1.747138 | L1: 0.878581 | L2: 0.868717 | L3: 0.868397 | lrm: 0.33 | dt: 2625.89ms | tok/sec: 199,660 | mfu: 43.90 | epoch: 1 | total time: 160.72m
step 03682 (83.55%) | K: 3 | loss: 1.737593 | L1: 0.873807 | L2: 0.863940 | L3: 0.863633 | lrm: 0.33 | dt: 2624.18ms | tok/sec: 199,790 | mfu: 43.93 | epoch: 1 | total time: 160.77m
step 03683 (83.57%) | K: 3 | loss: 1.743477 | L1: 0.876725 | L2: 0.866899 | L3: 0.866605 | lrm: 0.33 | dt: 2628.83ms | tok/sec: 199,437 | mfu: 43.85 | epoch: 1 | total time: 160.81m
step 03684 (83.59%) | K: 3 | loss: 1.748571 | L1: 0.879269 | L2: 0.869453 | L3: 0.869151 | lrm: 0.33 | dt: 2621.86ms | tok/sec: 199,968 | mfu: 43.97 | epoch: 1 | total time: 160.85m
step 03685 (83.62%) | K: 3 | loss: 1.746234 | L1: 0.878157 | L2: 0.868233 | L3: 0.867921 | lrm: 0.33 | dt: 2628.48ms | tok/sec: 199,464 | mfu: 43.86 | epoch: 1 | total time: 160.90m
step 03686 (83.64%) | K: 3 | loss: 1.742476 | L1: 0.876287 | L2: 0.866353 | L3: 0.866024 | lrm: 0.33 | dt: 2624.92ms | tok/sec: 199,735 | mfu: 43.92 | epoch: 1 | total time: 160.94m
step 03687 (83.66%) | K: 3 | loss: 1.748369 | L1: 0.879215 | L2: 0.869311 | L3: 0.868996 | lrm: 0.33 | dt: 2623.51ms | tok/sec: 199,842 | mfu: 43.94 | epoch: 1 | total time: 160.99m
step 03688 (83.69%) | K: 3 | loss: 1.756138 | L1: 0.883098 | L2: 0.873185 | L3: 0.872895 | lrm: 0.33 | dt: 2631.49ms | tok/sec: 199,236 | mfu: 43.81 | epoch: 1 | total time: 161.03m
step 03689 (83.71%) | K: 3 | loss: 1.752383 | L1: 0.881178 | L2: 0.871347 | L3: 0.871061 | lrm: 0.33 | dt: 2628.46ms | tok/sec: 199,465 | mfu: 43.86 | epoch: 1 | total time: 161.07m
step 03690 (83.73%) | K: 3 | loss: 1.746130 | L1: 0.878005 | L2: 0.868261 | L3: 0.867988 | lrm: 0.33 | dt: 2626.67ms | tok/sec: 199,602 | mfu: 43.89 | epoch: 1 | total time: 161.12m
step 03691 (83.75%) | K: 3 | loss: 1.741147 | L1: 0.875506 | L2: 0.865779 | L3: 0.865503 | lrm: 0.32 | dt: 2627.46ms | tok/sec: 199,541 | mfu: 43.87 | epoch: 1 | total time: 161.16m
step 03692 (83.78%) | K: 3 | loss: 1.742783 | L1: 0.876327 | L2: 0.866596 | L3: 0.866316 | lrm: 0.32 | dt: 2623.52ms | tok/sec: 199,841 | mfu: 43.94 | epoch: 1 | total time: 161.20m
step 03693 (83.80%) | K: 3 | loss: 1.732638 | L1: 0.871238 | L2: 0.861545 | L3: 0.861255 | lrm: 0.32 | dt: 2623.34ms | tok/sec: 199,855 | mfu: 43.94 | epoch: 1 | total time: 161.25m
step 03694 (83.82%) | K: 3 | loss: 1.732602 | L1: 0.871229 | L2: 0.861515 | L3: 0.861231 | lrm: 0.32 | dt: 2630.32ms | tok/sec: 199,325 | mfu: 43.83 | epoch: 1 | total time: 161.29m
step 03695 (83.84%) | K: 3 | loss: 1.743239 | L1: 0.876597 | L2: 0.866791 | L3: 0.866493 | lrm: 0.32 | dt: 2622.32ms | tok/sec: 199,932 | mfu: 43.96 | epoch: 1 | total time: 161.34m
step 03696 (83.87%) | K: 3 | loss: 1.743472 | L1: 0.876728 | L2: 0.866897 | L3: 0.866591 | lrm: 0.32 | dt: 2625.37ms | tok/sec: 199,700 | mfu: 43.91 | epoch: 1 | total time: 161.38m
step 03697 (83.89%) | K: 3 | loss: 1.745185 | L1: 0.877607 | L2: 0.867730 | L3: 0.867427 | lrm: 0.32 | dt: 2628.06ms | tok/sec: 199,496 | mfu: 43.86 | epoch: 1 | total time: 161.42m
step 03698 (83.91%) | K: 3 | loss: 1.742466 | L1: 0.876273 | L2: 0.866344 | L3: 0.866042 | lrm: 0.32 | dt: 2626.80ms | tok/sec: 199,591 | mfu: 43.88 | epoch: 1 | total time: 161.47m
step 03699 (83.93%) | K: 3 | loss: 1.743827 | L1: 0.876998 | L2: 0.866990 | L3: 0.866667 | lrm: 0.32 | dt: 2628.68ms | tok/sec: 199,448 | mfu: 43.85 | epoch: 1 | total time: 161.51m
step 03700 (83.96%) | K: 3 | loss: 1.734268 | L1: 0.872184 | L2: 0.862246 | L3: 0.861922 | lrm: 0.32 | dt: 2627.38ms | tok/sec: 199,547 | mfu: 43.87 | epoch: 1 | total time: 161.55m
step 03701 (83.98%) | K: 3 | loss: 1.738948 | L1: 0.874518 | L2: 0.864597 | L3: 0.864261 | lrm: 0.32 | dt: 2621.81ms | tok/sec: 199,972 | mfu: 43.97 | epoch: 1 | total time: 161.60m
step 03702 (84.00%) | K: 3 | loss: 1.744960 | L1: 0.877514 | L2: 0.867608 | L3: 0.867282 | lrm: 0.32 | dt: 2628.51ms | tok/sec: 199,462 | mfu: 43.86 | epoch: 1 | total time: 161.64m
step 03703 (84.03%) | K: 3 | loss: 1.739551 | L1: 0.874822 | L2: 0.864893 | L3: 0.864565 | lrm: 0.32 | dt: 2620.43ms | tok/sec: 200,077 | mfu: 43.99 | epoch: 1 | total time: 161.69m
step 03704 (84.05%) | K: 3 | loss: 1.739266 | L1: 0.874604 | L2: 0.864827 | L3: 0.864498 | lrm: 0.32 | dt: 2627.55ms | tok/sec: 199,535 | mfu: 43.87 | epoch: 1 | total time: 161.73m
step 03705 (84.07%) | K: 3 | loss: 1.743084 | L1: 0.876468 | L2: 0.866775 | L3: 0.866457 | lrm: 0.32 | dt: 2627.47ms | tok/sec: 199,540 | mfu: 43.87 | epoch: 1 | total time: 161.77m
step 03706 (84.09%) | K: 3 | loss: 1.750414 | L1: 0.880123 | L2: 0.870450 | L3: 0.870132 | lrm: 0.32 | dt: 2624.98ms | tok/sec: 199,730 | mfu: 43.91 | epoch: 1 | total time: 161.82m
step 03707 (84.12%) | K: 3 | loss: 1.752213 | L1: 0.881022 | L2: 0.871368 | L3: 0.871014 | lrm: 0.32 | dt: 2625.27ms | tok/sec: 199,707 | mfu: 43.91 | epoch: 1 | total time: 161.86m
step 03708 (84.14%) | K: 3 | loss: 1.750668 | L1: 0.880276 | L2: 0.870558 | L3: 0.870225 | lrm: 0.32 | dt: 2627.35ms | tok/sec: 199,550 | mfu: 43.87 | epoch: 1 | total time: 161.90m
step 03709 (84.16%) | K: 3 | loss: 1.752635 | L1: 0.881238 | L2: 0.871562 | L3: 0.871233 | lrm: 0.32 | dt: 2623.52ms | tok/sec: 199,841 | mfu: 43.94 | epoch: 1 | total time: 161.95m
step 03710 (84.18%) | K: 3 | loss: 1.750129 | L1: 0.879948 | L2: 0.870342 | L3: 0.870019 | lrm: 0.32 | dt: 2623.80ms | tok/sec: 199,820 | mfu: 43.93 | epoch: 1 | total time: 161.99m
step 03711 (84.21%) | K: 3 | loss: 1.749364 | L1: 0.879555 | L2: 0.869968 | L3: 0.869650 | lrm: 0.32 | dt: 2625.14ms | tok/sec: 199,718 | mfu: 43.91 | epoch: 1 | total time: 162.04m
step 03712 (84.23%) | K: 3 | loss: 1.752085 | L1: 0.880885 | L2: 0.871350 | L3: 0.871051 | lrm: 0.32 | dt: 2626.85ms | tok/sec: 199,588 | mfu: 43.88 | epoch: 1 | total time: 162.08m
step 03713 (84.25%) | K: 3 | loss: 1.752144 | L1: 0.880922 | L2: 0.871370 | L3: 0.871072 | lrm: 0.31 | dt: 2622.79ms | tok/sec: 199,897 | mfu: 43.95 | epoch: 1 | total time: 162.12m
step 03714 (84.28%) | K: 3 | loss: 1.758153 | L1: 0.883941 | L2: 0.874362 | L3: 0.874062 | lrm: 0.31 | dt: 2624.27ms | tok/sec: 199,784 | mfu: 43.93 | epoch: 1 | total time: 162.17m
step 03715 (84.30%) | K: 3 | loss: 1.746767 | L1: 0.878187 | L2: 0.868732 | L3: 0.868429 | lrm: 0.31 | dt: 2627.31ms | tok/sec: 199,553 | mfu: 43.88 | epoch: 1 | total time: 162.21m
step 03716 (84.32%) | K: 3 | loss: 1.745870 | L1: 0.877758 | L2: 0.868266 | L3: 0.867958 | lrm: 0.31 | dt: 2621.54ms | tok/sec: 199,992 | mfu: 43.97 | epoch: 1 | total time: 162.25m
step 03717 (84.34%) | K: 3 | loss: 1.751088 | L1: 0.880378 | L2: 0.870874 | L3: 0.870546 | lrm: 0.31 | dt: 2625.92ms | tok/sec: 199,659 | mfu: 43.90 | epoch: 1 | total time: 162.30m
step 03718 (84.37%) | K: 3 | loss: 1.758644 | L1: 0.884152 | L2: 0.874656 | L3: 0.874328 | lrm: 0.31 | dt: 2622.40ms | tok/sec: 199,926 | mfu: 43.96 | epoch: 1 | total time: 162.34m
step 03719 (84.39%) | K: 3 | loss: 1.757521 | L1: 0.883598 | L2: 0.874089 | L3: 0.873756 | lrm: 0.31 | dt: 2630.11ms | tok/sec: 199,340 | mfu: 43.83 | epoch: 1 | total time: 162.39m
step 03720 (84.41%) | K: 3 | loss: 1.749714 | L1: 0.879686 | L2: 0.870199 | L3: 0.869857 | lrm: 0.31 | dt: 2624.90ms | tok/sec: 199,736 | mfu: 43.92 | epoch: 1 | total time: 162.43m
step 03721 (84.43%) | K: 3 | loss: 1.757967 | L1: 0.883844 | L2: 0.874281 | L3: 0.873964 | lrm: 0.31 | dt: 2625.31ms | tok/sec: 199,705 | mfu: 43.91 | epoch: 1 | total time: 162.47m
step 03722 (84.46%) | K: 3 | loss: 1.746213 | L1: 0.878000 | L2: 0.868378 | L3: 0.868048 | lrm: 0.31 | dt: 2632.18ms | tok/sec: 199,184 | mfu: 43.79 | epoch: 1 | total time: 162.52m
step 03723 (84.48%) | K: 3 | loss: 1.746933 | L1: 0.878382 | L2: 0.868712 | L3: 0.868388 | lrm: 0.31 | dt: 2625.02ms | tok/sec: 199,726 | mfu: 43.91 | epoch: 1 | total time: 162.56m
step 03724 (84.50%) | K: 3 | loss: 1.742368 | L1: 0.876072 | L2: 0.866457 | L3: 0.866135 | lrm: 0.31 | dt: 2625.47ms | tok/sec: 199,693 | mfu: 43.91 | epoch: 1 | total time: 162.60m
step 03725 (84.52%) | K: 3 | loss: 1.733644 | L1: 0.871711 | L2: 0.862091 | L3: 0.861777 | lrm: 0.31 | dt: 2624.20ms | tok/sec: 199,789 | mfu: 43.93 | epoch: 1 | total time: 162.65m
step 03726 (84.55%) | K: 3 | loss: 1.734172 | L1: 0.871955 | L2: 0.862369 | L3: 0.862065 | lrm: 0.31 | dt: 2625.60ms | tok/sec: 199,683 | mfu: 43.90 | epoch: 1 | total time: 162.69m
step 03727 (84.57%) | K: 3 | loss: 1.735565 | L1: 0.872650 | L2: 0.863067 | L3: 0.862764 | lrm: 0.31 | dt: 2628.11ms | tok/sec: 199,492 | mfu: 43.86 | epoch: 1 | total time: 162.74m
step 03728 (84.59%) | K: 3 | loss: 1.727139 | L1: 0.868425 | L2: 0.858849 | L3: 0.858578 | lrm: 0.31 | dt: 2626.39ms | tok/sec: 199,623 | mfu: 43.89 | epoch: 1 | total time: 162.78m
step 03729 (84.62%) | K: 3 | loss: 1.733749 | L1: 0.871731 | L2: 0.862153 | L3: 0.861883 | lrm: 0.31 | dt: 2624.94ms | tok/sec: 199,733 | mfu: 43.91 | epoch: 1 | total time: 162.82m
step 03730 (84.64%) | K: 3 | loss: 1.744102 | L1: 0.876967 | L2: 0.867276 | L3: 0.866995 | lrm: 0.31 | dt: 2628.29ms | tok/sec: 199,479 | mfu: 43.86 | epoch: 1 | total time: 162.87m
step 03731 (84.66%) | K: 3 | loss: 1.738019 | L1: 0.873975 | L2: 0.864194 | L3: 0.863893 | lrm: 0.31 | dt: 2624.65ms | tok/sec: 199,755 | mfu: 43.92 | epoch: 1 | total time: 162.91m
step 03732 (84.68%) | K: 3 | loss: 1.731855 | L1: 0.870868 | L2: 0.861136 | L3: 0.860840 | lrm: 0.31 | dt: 2626.05ms | tok/sec: 199,648 | mfu: 43.90 | epoch: 1 | total time: 162.95m
step 03733 (84.71%) | K: 3 | loss: 1.728114 | L1: 0.868943 | L2: 0.859313 | L3: 0.859029 | lrm: 0.31 | dt: 2633.38ms | tok/sec: 199,093 | mfu: 43.77 | epoch: 1 | total time: 163.00m
step 03734 (84.73%) | K: 3 | loss: 1.728744 | L1: 0.869255 | L2: 0.859641 | L3: 0.859336 | lrm: 0.31 | dt: 2625.00ms | tok/sec: 199,729 | mfu: 43.91 | epoch: 1 | total time: 163.04m
step 03735 (84.75%) | K: 3 | loss: 1.726141 | L1: 0.867962 | L2: 0.858322 | L3: 0.858035 | lrm: 0.30 | dt: 2622.68ms | tok/sec: 199,905 | mfu: 43.95 | epoch: 1 | total time: 163.09m
step 03736 (84.77%) | K: 3 | loss: 1.717922 | L1: 0.863838 | L2: 0.854229 | L3: 0.853938 | lrm: 0.30 | dt: 2627.88ms | tok/sec: 199,509 | mfu: 43.87 | epoch: 1 | total time: 163.13m
step 03737 (84.80%) | K: 3 | loss: 1.724445 | L1: 0.867114 | L2: 0.857483 | L3: 0.857180 | lrm: 0.30 | dt: 2628.69ms | tok/sec: 199,448 | mfu: 43.85 | epoch: 1 | total time: 163.17m
step 03738 (84.82%) | K: 3 | loss: 1.721614 | L1: 0.865806 | L2: 0.855982 | L3: 0.855634 | lrm: 0.30 | dt: 2625.57ms | tok/sec: 199,685 | mfu: 43.90 | epoch: 1 | total time: 163.22m
step 03739 (84.84%) | K: 3 | loss: 1.729943 | L1: 0.869911 | L2: 0.860204 | L3: 0.859861 | lrm: 0.30 | dt: 2628.17ms | tok/sec: 199,487 | mfu: 43.86 | epoch: 1 | total time: 163.26m
step 03740 (84.86%) | K: 3 | loss: 1.732197 | L1: 0.871006 | L2: 0.861352 | L3: 0.861031 | lrm: 0.30 | dt: 2625.44ms | tok/sec: 199,695 | mfu: 43.91 | epoch: 1 | total time: 163.30m
step 03741 (84.89%) | K: 3 | loss: 1.722963 | L1: 0.866346 | L2: 0.856772 | L3: 0.856462 | lrm: 0.30 | dt: 2626.73ms | tok/sec: 199,597 | mfu: 43.89 | epoch: 1 | total time: 163.35m
step 03742 (84.91%) | K: 3 | loss: 1.731244 | L1: 0.870526 | L2: 0.860863 | L3: 0.860572 | lrm: 0.30 | dt: 2622.13ms | tok/sec: 199,947 | mfu: 43.96 | epoch: 1 | total time: 163.39m
step 03743 (84.93%) | K: 3 | loss: 1.731699 | L1: 0.870750 | L2: 0.861089 | L3: 0.860809 | lrm: 0.30 | dt: 2624.35ms | tok/sec: 199,778 | mfu: 43.92 | epoch: 1 | total time: 163.44m
step 03744 (84.96%) | K: 3 | loss: 1.727963 | L1: 0.868877 | L2: 0.859234 | L3: 0.858938 | lrm: 0.30 | dt: 2630.33ms | tok/sec: 199,323 | mfu: 43.82 | epoch: 1 | total time: 163.48m
step 03745 (84.98%) | K: 3 | loss: 1.728525 | L1: 0.869130 | L2: 0.859548 | L3: 0.859242 | lrm: 0.30 | dt: 2625.31ms | tok/sec: 199,705 | mfu: 43.91 | epoch: 1 | total time: 163.52m
step 03746 (85.00%) | K: 3 | loss: 1.724571 | L1: 0.867129 | L2: 0.857591 | L3: 0.857294 | lrm: 0.30 | dt: 2626.61ms | tok/sec: 199,606 | mfu: 43.89 | epoch: 1 | total time: 163.57m
step 03747 (85.02%) | K: 3 | loss: 1.734235 | L1: 0.871964 | L2: 0.862428 | L3: 0.862114 | lrm: 0.30 | dt: 2628.69ms | tok/sec: 199,448 | mfu: 43.85 | epoch: 1 | total time: 163.61m
step 03748 (85.05%) | K: 3 | loss: 1.737185 | L1: 0.873490 | L2: 0.863859 | L3: 0.863532 | lrm: 0.30 | dt: 2627.22ms | tok/sec: 199,560 | mfu: 43.88 | epoch: 1 | total time: 163.65m
step 03749 (85.07%) | K: 3 | loss: 1.742107 | L1: 0.875945 | L2: 0.866328 | L3: 0.865994 | lrm: 0.30 | dt: 2629.31ms | tok/sec: 199,401 | mfu: 43.84 | epoch: 1 | total time: 163.70m
step 03750 (85.09%) | K: 3 | loss: 1.740670 | L1: 0.875266 | L2: 0.865573 | L3: 0.865234 | lrm: 0.30 | dt: 2621.89ms | tok/sec: 199,965 | mfu: 43.97 | epoch: 1 | total time: 163.74m
Step 03750 | Validation L1 bpb: 0.4642 | L2 bpb: 0.4591 | L3 bpb: 0.4590
step 03751 (85.11%) | K: 3 | loss: 1.735546 | L1: 0.872663 | L2: 0.863042 | L3: 0.862723 | lrm: 0.30 | dt: 2632.76ms | tok/sec: 199,140 | mfu: 43.78 | epoch: 1 | total time: 163.79m
step 03752 (85.14%) | K: 3 | loss: 1.741616 | L1: 0.875758 | L2: 0.866015 | L3: 0.865702 | lrm: 0.30 | dt: 2626.50ms | tok/sec: 199,614 | mfu: 43.89 | epoch: 1 | total time: 163.83m
step 03753 (85.16%) | K: 3 | loss: 1.746481 | L1: 0.878240 | L2: 0.868405 | L3: 0.868077 | lrm: 0.30 | dt: 2954.72ms | tok/sec: 177,440 | mfu: 39.01 | epoch: 1 | total time: 163.88m
step 03754 (85.18%) | K: 3 | loss: 1.745968 | L1: 0.877976 | L2: 0.868158 | L3: 0.867826 | lrm: 0.30 | dt: 2621.78ms | tok/sec: 199,974 | mfu: 43.97 | epoch: 1 | total time: 163.92m
step 03755 (85.21%) | K: 3 | loss: 1.752713 | L1: 0.881394 | L2: 0.871493 | L3: 0.871146 | lrm: 0.30 | dt: 2630.18ms | tok/sec: 199,335 | mfu: 43.83 | epoch: 1 | total time: 163.97m
step 03756 (85.23%) | K: 3 | loss: 1.752923 | L1: 0.881486 | L2: 0.871616 | L3: 0.871257 | lrm: 0.30 | dt: 2627.67ms | tok/sec: 199,525 | mfu: 43.87 | epoch: 1 | total time: 164.01m
step 03757 (85.25%) | K: 3 | loss: 1.745285 | L1: 0.877590 | L2: 0.867874 | L3: 0.867515 | lrm: 0.29 | dt: 2625.97ms | tok/sec: 199,654 | mfu: 43.90 | epoch: 1 | total time: 164.05m
step 03758 (85.27%) | K: 3 | loss: 1.745833 | L1: 0.877839 | L2: 0.868170 | L3: 0.867818 | lrm: 0.29 | dt: 2628.28ms | tok/sec: 199,479 | mfu: 43.86 | epoch: 1 | total time: 164.10m
step 03759 (85.30%) | K: 3 | loss: 1.744786 | L1: 0.877317 | L2: 0.867651 | L3: 0.867289 | lrm: 0.29 | dt: 2624.72ms | tok/sec: 199,749 | mfu: 43.92 | epoch: 1 | total time: 164.14m
step 03760 (85.32%) | K: 3 | loss: 1.747764 | L1: 0.878806 | L2: 0.869134 | L3: 0.868782 | lrm: 0.29 | dt: 2624.23ms | tok/sec: 199,787 | mfu: 43.93 | epoch: 1 | total time: 164.19m
step 03761 (85.34%) | K: 3 | loss: 1.739505 | L1: 0.874687 | L2: 0.864999 | L3: 0.864637 | lrm: 0.29 | dt: 2624.10ms | tok/sec: 199,797 | mfu: 43.93 | epoch: 1 | total time: 164.23m
step 03762 (85.36%) | K: 3 | loss: 1.736641 | L1: 0.873222 | L2: 0.863601 | L3: 0.863239 | lrm: 0.29 | dt: 2629.49ms | tok/sec: 199,387 | mfu: 43.84 | epoch: 1 | total time: 164.27m
step 03763 (85.39%) | K: 3 | loss: 1.735467 | L1: 0.872610 | L2: 0.863047 | L3: 0.862667 | lrm: 0.29 | dt: 2623.87ms | tok/sec: 199,814 | mfu: 43.93 | epoch: 1 | total time: 164.32m
step 03764 (85.41%) | K: 3 | loss: 1.743162 | L1: 0.876467 | L2: 0.866873 | L3: 0.866516 | lrm: 0.29 | dt: 2623.64ms | tok/sec: 199,832 | mfu: 43.94 | epoch: 1 | total time: 164.36m
step 03765 (85.43%) | K: 3 | loss: 1.749257 | L1: 0.879479 | L2: 0.869950 | L3: 0.869606 | lrm: 0.29 | dt: 2629.69ms | tok/sec: 199,372 | mfu: 43.84 | epoch: 1 | total time: 164.40m
step 03766 (85.45%) | K: 3 | loss: 1.736175 | L1: 0.872931 | L2: 0.863414 | L3: 0.863073 | lrm: 0.29 | dt: 2625.31ms | tok/sec: 199,704 | mfu: 43.91 | epoch: 1 | total time: 164.45m
step 03767 (85.48%) | K: 3 | loss: 1.740559 | L1: 0.875064 | L2: 0.865652 | L3: 0.865338 | lrm: 0.29 | dt: 2622.88ms | tok/sec: 199,890 | mfu: 43.95 | epoch: 1 | total time: 164.49m
step 03768 (85.50%) | K: 3 | loss: 1.746146 | L1: 0.877917 | L2: 0.868408 | L3: 0.868052 | lrm: 0.29 | dt: 2624.56ms | tok/sec: 199,761 | mfu: 43.92 | epoch: 1 | total time: 164.54m
step 03769 (85.52%) | K: 3 | loss: 1.751862 | L1: 0.880739 | L2: 0.871297 | L3: 0.870950 | lrm: 0.29 | dt: 2626.64ms | tok/sec: 199,603 | mfu: 43.89 | epoch: 1 | total time: 164.58m
step 03770 (85.55%) | K: 3 | loss: 1.753572 | L1: 0.881586 | L2: 0.872156 | L3: 0.871816 | lrm: 0.29 | dt: 2626.00ms | tok/sec: 199,652 | mfu: 43.90 | epoch: 1 | total time: 164.62m
step 03771 (85.57%) | K: 3 | loss: 1.749150 | L1: 0.879366 | L2: 0.869946 | L3: 0.869621 | lrm: 0.29 | dt: 2629.13ms | tok/sec: 199,415 | mfu: 43.84 | epoch: 1 | total time: 164.67m
step 03772 (85.59%) | K: 3 | loss: 1.750726 | L1: 0.880171 | L2: 0.870718 | L3: 0.870392 | lrm: 0.29 | dt: 2624.43ms | tok/sec: 199,771 | mfu: 43.92 | epoch: 1 | total time: 164.71m
step 03773 (85.61%) | K: 3 | loss: 1.756467 | L1: 0.883037 | L2: 0.873591 | L3: 0.873269 | lrm: 0.29 | dt: 2624.26ms | tok/sec: 199,784 | mfu: 43.93 | epoch: 1 | total time: 164.75m
step 03774 (85.64%) | K: 3 | loss: 1.749487 | L1: 0.879469 | L2: 0.870193 | L3: 0.869842 | lrm: 0.29 | dt: 2627.29ms | tok/sec: 199,554 | mfu: 43.88 | epoch: 1 | total time: 164.80m
step 03775 (85.66%) | K: 3 | loss: 1.740790 | L1: 0.875040 | L2: 0.865926 | L3: 0.865574 | lrm: 0.29 | dt: 2620.12ms | tok/sec: 200,100 | mfu: 44.00 | epoch: 1 | total time: 164.84m
step 03776 (85.68%) | K: 3 | loss: 1.744228 | L1: 0.876800 | L2: 0.867600 | L3: 0.867255 | lrm: 0.29 | dt: 2626.44ms | tok/sec: 199,619 | mfu: 43.89 | epoch: 1 | total time: 164.89m
step 03777 (85.70%) | K: 3 | loss: 1.748517 | L1: 0.878955 | L2: 0.869733 | L3: 0.869392 | lrm: 0.29 | dt: 2628.74ms | tok/sec: 199,444 | mfu: 43.85 | epoch: 1 | total time: 164.93m
step 03778 (85.73%) | K: 3 | loss: 1.745768 | L1: 0.877648 | L2: 0.868305 | L3: 0.867935 | lrm: 0.29 | dt: 2626.68ms | tok/sec: 199,601 | mfu: 43.89 | epoch: 1 | total time: 164.97m
step 03779 (85.75%) | K: 3 | loss: 1.738862 | L1: 0.874170 | L2: 0.864878 | L3: 0.864506 | lrm: 0.29 | dt: 2623.38ms | tok/sec: 199,852 | mfu: 43.94 | epoch: 1 | total time: 165.02m
step 03780 (85.77%) | K: 3 | loss: 1.739663 | L1: 0.874517 | L2: 0.865327 | L3: 0.864966 | lrm: 0.28 | dt: 2630.85ms | tok/sec: 199,284 | mfu: 43.82 | epoch: 1 | total time: 165.06m
step 03781 (85.80%) | K: 3 | loss: 1.750233 | L1: 0.879847 | L2: 0.870555 | L3: 0.870218 | lrm: 0.28 | dt: 2622.92ms | tok/sec: 199,887 | mfu: 43.95 | epoch: 1 | total time: 165.10m
step 03782 (85.82%) | K: 3 | loss: 1.755901 | L1: 0.882733 | L2: 0.873346 | L3: 0.872990 | lrm: 0.28 | dt: 2622.40ms | tok/sec: 199,926 | mfu: 43.96 | epoch: 1 | total time: 165.15m
step 03783 (85.84%) | K: 3 | loss: 1.758321 | L1: 0.883985 | L2: 0.874508 | L3: 0.874164 | lrm: 0.28 | dt: 2627.70ms | tok/sec: 199,523 | mfu: 43.87 | epoch: 1 | total time: 165.19m
step 03784 (85.86%) | K: 3 | loss: 1.755088 | L1: 0.882396 | L2: 0.872864 | L3: 0.872521 | lrm: 0.28 | dt: 2630.04ms | tok/sec: 199,346 | mfu: 43.83 | epoch: 1 | total time: 165.24m
step 03785 (85.89%) | K: 3 | loss: 1.747430 | L1: 0.878564 | L2: 0.869030 | L3: 0.868701 | lrm: 0.28 | dt: 2625.26ms | tok/sec: 199,709 | mfu: 43.91 | epoch: 1 | total time: 165.28m
step 03786 (85.91%) | K: 3 | loss: 1.737814 | L1: 0.873772 | L2: 0.864213 | L3: 0.863870 | lrm: 0.28 | dt: 2627.26ms | tok/sec: 199,556 | mfu: 43.88 | epoch: 1 | total time: 165.32m
step 03787 (85.93%) | K: 3 | loss: 1.737536 | L1: 0.873567 | L2: 0.864131 | L3: 0.863805 | lrm: 0.28 | dt: 2626.31ms | tok/sec: 199,628 | mfu: 43.89 | epoch: 1 | total time: 165.37m
step 03788 (85.95%) | K: 3 | loss: 1.726020 | L1: 0.867833 | L2: 0.858344 | L3: 0.858029 | lrm: 0.28 | dt: 2625.40ms | tok/sec: 199,698 | mfu: 43.91 | epoch: 1 | total time: 165.41m
step 03789 (85.98%) | K: 3 | loss: 1.729704 | L1: 0.869735 | L2: 0.860134 | L3: 0.859803 | lrm: 0.28 | dt: 2627.83ms | tok/sec: 199,513 | mfu: 43.87 | epoch: 1 | total time: 165.45m
step 03790 (86.00%) | K: 3 | loss: 1.717177 | L1: 0.863403 | L2: 0.853940 | L3: 0.853608 | lrm: 0.28 | dt: 2626.48ms | tok/sec: 199,616 | mfu: 43.89 | epoch: 1 | total time: 165.50m
step 03791 (86.02%) | K: 3 | loss: 1.714235 | L1: 0.861940 | L2: 0.852462 | L3: 0.852127 | lrm: 0.28 | dt: 2626.69ms | tok/sec: 199,600 | mfu: 43.89 | epoch: 1 | total time: 165.54m
step 03792 (86.04%) | K: 3 | loss: 1.717037 | L1: 0.863286 | L2: 0.853932 | L3: 0.853570 | lrm: 0.28 | dt: 2630.87ms | tok/sec: 199,282 | mfu: 43.82 | epoch: 1 | total time: 165.59m
step 03793 (86.07%) | K: 3 | loss: 1.716062 | L1: 0.862746 | L2: 0.853504 | L3: 0.853126 | lrm: 0.28 | dt: 2632.51ms | tok/sec: 199,159 | mfu: 43.79 | epoch: 1 | total time: 165.63m
step 03794 (86.09%) | K: 3 | loss: 1.735535 | L1: 0.872543 | L2: 0.863176 | L3: 0.862808 | lrm: 0.28 | dt: 2621.80ms | tok/sec: 199,972 | mfu: 43.97 | epoch: 1 | total time: 165.67m
step 03795 (86.11%) | K: 3 | loss: 1.728838 | L1: 0.869187 | L2: 0.859830 | L3: 0.859472 | lrm: 0.28 | dt: 2630.10ms | tok/sec: 199,341 | mfu: 43.83 | epoch: 1 | total time: 165.72m
step 03796 (86.14%) | K: 3 | loss: 1.729094 | L1: 0.869312 | L2: 0.859967 | L3: 0.859596 | lrm: 0.28 | dt: 2629.89ms | tok/sec: 199,357 | mfu: 43.83 | epoch: 1 | total time: 165.76m
step 03797 (86.16%) | K: 3 | loss: 1.731659 | L1: 0.870628 | L2: 0.861214 | L3: 0.860847 | lrm: 0.28 | dt: 2627.77ms | tok/sec: 199,518 | mfu: 43.87 | epoch: 1 | total time: 165.81m
step 03798 (86.18%) | K: 3 | loss: 1.737740 | L1: 0.873666 | L2: 0.864264 | L3: 0.863886 | lrm: 0.28 | dt: 2628.73ms | tok/sec: 199,445 | mfu: 43.85 | epoch: 1 | total time: 165.85m
step 03799 (86.20%) | K: 3 | loss: 1.727068 | L1: 0.868321 | L2: 0.858934 | L3: 0.858562 | lrm: 0.28 | dt: 2628.25ms | tok/sec: 199,481 | mfu: 43.86 | epoch: 1 | total time: 165.89m
step 03800 (86.23%) | K: 3 | loss: 1.733323 | L1: 0.871432 | L2: 0.862077 | L3: 0.861705 | lrm: 0.28 | dt: 2626.42ms | tok/sec: 199,621 | mfu: 43.89 | epoch: 1 | total time: 165.94m
step 03801 (86.25%) | K: 3 | loss: 1.730432 | L1: 0.869983 | L2: 0.860624 | L3: 0.860275 | lrm: 0.28 | dt: 2625.68ms | tok/sec: 199,677 | mfu: 43.90 | epoch: 1 | total time: 165.98m
step 03802 (86.27%) | K: 3 | loss: 1.736275 | L1: 0.872968 | L2: 0.863486 | L3: 0.863127 | lrm: 0.27 | dt: 2629.42ms | tok/sec: 199,392 | mfu: 43.84 | epoch: 1 | total time: 166.02m
step 03803 (86.29%) | K: 3 | loss: 1.740876 | L1: 0.875279 | L2: 0.865765 | L3: 0.865428 | lrm: 0.27 | dt: 2624.58ms | tok/sec: 199,760 | mfu: 43.92 | epoch: 1 | total time: 166.07m
step 03804 (86.32%) | K: 3 | loss: 1.738909 | L1: 0.874349 | L2: 0.864728 | L3: 0.864392 | lrm: 0.27 | dt: 2624.49ms | tok/sec: 199,767 | mfu: 43.92 | epoch: 1 | total time: 166.11m
step 03805 (86.34%) | K: 3 | loss: 1.725510 | L1: 0.867623 | L2: 0.858052 | L3: 0.857722 | lrm: 0.27 | dt: 2623.70ms | tok/sec: 199,827 | mfu: 43.94 | epoch: 1 | total time: 166.16m
step 03806 (86.36%) | K: 3 | loss: 1.720969 | L1: 0.865393 | L2: 0.855735 | L3: 0.855415 | lrm: 0.27 | dt: 2630.26ms | tok/sec: 199,329 | mfu: 43.83 | epoch: 1 | total time: 166.20m
step 03807 (86.39%) | K: 3 | loss: 1.721059 | L1: 0.865404 | L2: 0.855811 | L3: 0.855497 | lrm: 0.27 | dt: 2622.25ms | tok/sec: 199,938 | mfu: 43.96 | epoch: 1 | total time: 166.24m
step 03808 (86.41%) | K: 3 | loss: 1.722001 | L1: 0.865847 | L2: 0.856310 | L3: 0.855998 | lrm: 0.27 | dt: 2630.29ms | tok/sec: 199,326 | mfu: 43.83 | epoch: 1 | total time: 166.29m
step 03809 (86.43%) | K: 3 | loss: 1.728008 | L1: 0.868855 | L2: 0.859309 | L3: 0.858998 | lrm: 0.27 | dt: 2627.71ms | tok/sec: 199,522 | mfu: 43.87 | epoch: 1 | total time: 166.33m
step 03810 (86.45%) | K: 3 | loss: 1.724951 | L1: 0.867303 | L2: 0.857804 | L3: 0.857492 | lrm: 0.27 | dt: 2622.43ms | tok/sec: 199,924 | mfu: 43.96 | epoch: 1 | total time: 166.37m
step 03811 (86.48%) | K: 3 | loss: 1.727800 | L1: 0.868712 | L2: 0.859242 | L3: 0.858933 | lrm: 0.27 | dt: 2623.89ms | tok/sec: 199,813 | mfu: 43.93 | epoch: 1 | total time: 166.42m
step 03812 (86.50%) | K: 3 | loss: 1.737288 | L1: 0.873456 | L2: 0.863987 | L3: 0.863678 | lrm: 0.27 | dt: 2628.17ms | tok/sec: 199,487 | mfu: 43.86 | epoch: 1 | total time: 166.46m
step 03813 (86.52%) | K: 3 | loss: 1.739323 | L1: 0.874482 | L2: 0.864996 | L3: 0.864686 | lrm: 0.27 | dt: 2620.37ms | tok/sec: 200,081 | mfu: 43.99 | epoch: 1 | total time: 166.51m
step 03814 (86.54%) | K: 3 | loss: 1.744811 | L1: 0.877312 | L2: 0.867660 | L3: 0.867338 | lrm: 0.27 | dt: 2624.17ms | tok/sec: 199,792 | mfu: 43.93 | epoch: 1 | total time: 166.55m
step 03815 (86.57%) | K: 3 | loss: 1.733531 | L1: 0.871622 | L2: 0.862062 | L3: 0.861757 | lrm: 0.27 | dt: 2623.65ms | tok/sec: 199,831 | mfu: 43.94 | epoch: 1 | total time: 166.59m
step 03816 (86.59%) | K: 3 | loss: 1.721094 | L1: 0.865359 | L2: 0.855896 | L3: 0.855573 | lrm: 0.27 | dt: 2628.79ms | tok/sec: 199,441 | mfu: 43.85 | epoch: 1 | total time: 166.64m
step 03817 (86.61%) | K: 3 | loss: 1.725452 | L1: 0.867544 | L2: 0.858066 | L3: 0.857750 | lrm: 0.27 | dt: 2623.50ms | tok/sec: 199,842 | mfu: 43.94 | epoch: 1 | total time: 166.68m
step 03818 (86.63%) | K: 3 | loss: 1.734838 | L1: 0.872292 | L2: 0.862720 | L3: 0.862372 | lrm: 0.27 | dt: 2628.75ms | tok/sec: 199,443 | mfu: 43.85 | epoch: 1 | total time: 166.72m
step 03819 (86.66%) | K: 3 | loss: 1.737191 | L1: 0.873497 | L2: 0.863859 | L3: 0.863529 | lrm: 0.27 | dt: 2627.02ms | tok/sec: 199,575 | mfu: 43.88 | epoch: 1 | total time: 166.77m
step 03820 (86.68%) | K: 3 | loss: 1.740311 | L1: 0.875081 | L2: 0.865401 | L3: 0.865060 | lrm: 0.27 | dt: 2629.88ms | tok/sec: 199,358 | mfu: 43.83 | epoch: 1 | total time: 166.81m
step 03821 (86.70%) | K: 3 | loss: 1.748077 | L1: 0.878884 | L2: 0.869362 | L3: 0.869023 | lrm: 0.27 | dt: 2625.94ms | tok/sec: 199,657 | mfu: 43.90 | epoch: 1 | total time: 166.86m
step 03822 (86.73%) | K: 3 | loss: 1.754658 | L1: 0.882202 | L2: 0.872629 | L3: 0.872283 | lrm: 0.27 | dt: 2627.40ms | tok/sec: 199,546 | mfu: 43.87 | epoch: 1 | total time: 166.90m
step 03823 (86.75%) | K: 3 | loss: 1.746637 | L1: 0.878161 | L2: 0.868641 | L3: 0.868313 | lrm: 0.27 | dt: 2625.08ms | tok/sec: 199,722 | mfu: 43.91 | epoch: 1 | total time: 166.94m
step 03824 (86.77%) | K: 3 | loss: 1.751383 | L1: 0.880512 | L2: 0.871035 | L3: 0.870708 | lrm: 0.26 | dt: 2626.15ms | tok/sec: 199,641 | mfu: 43.89 | epoch: 1 | total time: 166.99m
step 03825 (86.79%) | K: 3 | loss: 1.746746 | L1: 0.878187 | L2: 0.868726 | L3: 0.868392 | lrm: 0.26 | dt: 2623.41ms | tok/sec: 199,849 | mfu: 43.94 | epoch: 1 | total time: 167.03m
step 03826 (86.82%) | K: 3 | loss: 1.747389 | L1: 0.878479 | L2: 0.869077 | L3: 0.868743 | lrm: 0.26 | dt: 2627.06ms | tok/sec: 199,571 | mfu: 43.88 | epoch: 1 | total time: 167.07m
step 03827 (86.84%) | K: 3 | loss: 1.742299 | L1: 0.875931 | L2: 0.866538 | L3: 0.866199 | lrm: 0.26 | dt: 2627.37ms | tok/sec: 199,548 | mfu: 43.87 | epoch: 1 | total time: 167.12m
step 03828 (86.86%) | K: 3 | loss: 1.751692 | L1: 0.880734 | L2: 0.871129 | L3: 0.870787 | lrm: 0.26 | dt: 2625.09ms | tok/sec: 199,721 | mfu: 43.91 | epoch: 1 | total time: 167.16m
step 03829 (86.88%) | K: 3 | loss: 1.745125 | L1: 0.877382 | L2: 0.867904 | L3: 0.867581 | lrm: 0.26 | dt: 2627.08ms | tok/sec: 199,570 | mfu: 43.88 | epoch: 1 | total time: 167.21m
step 03830 (86.91%) | K: 3 | loss: 1.747951 | L1: 0.878829 | L2: 0.869279 | L3: 0.868965 | lrm: 0.26 | dt: 2628.09ms | tok/sec: 199,493 | mfu: 43.86 | epoch: 1 | total time: 167.25m
step 03831 (86.93%) | K: 3 | loss: 1.742518 | L1: 0.876125 | L2: 0.866549 | L3: 0.866236 | lrm: 0.26 | dt: 2623.46ms | tok/sec: 199,846 | mfu: 43.94 | epoch: 1 | total time: 167.29m
step 03832 (86.95%) | K: 3 | loss: 1.745569 | L1: 0.877648 | L2: 0.868074 | L3: 0.867768 | lrm: 0.26 | dt: 2626.86ms | tok/sec: 199,587 | mfu: 43.88 | epoch: 1 | total time: 167.34m
step 03833 (86.98%) | K: 3 | loss: 1.752517 | L1: 0.881169 | L2: 0.871504 | L3: 0.871193 | lrm: 0.26 | dt: 2623.65ms | tok/sec: 199,831 | mfu: 43.94 | epoch: 1 | total time: 167.38m
step 03834 (87.00%) | K: 3 | loss: 1.744596 | L1: 0.877148 | L2: 0.867607 | L3: 0.867288 | lrm: 0.26 | dt: 2623.13ms | tok/sec: 199,871 | mfu: 43.95 | epoch: 1 | total time: 167.42m
step 03835 (87.02%) | K: 3 | loss: 1.745913 | L1: 0.877834 | L2: 0.868241 | L3: 0.867919 | lrm: 0.26 | dt: 2626.22ms | tok/sec: 199,635 | mfu: 43.89 | epoch: 1 | total time: 167.47m
step 03836 (87.04%) | K: 3 | loss: 1.748316 | L1: 0.879119 | L2: 0.869361 | L3: 0.869033 | lrm: 0.26 | dt: 2626.69ms | tok/sec: 199,600 | mfu: 43.89 | epoch: 1 | total time: 167.51m
step 03837 (87.07%) | K: 3 | loss: 1.750143 | L1: 0.880019 | L2: 0.870289 | L3: 0.869958 | lrm: 0.26 | dt: 2625.94ms | tok/sec: 199,657 | mfu: 43.90 | epoch: 1 | total time: 167.56m
step 03838 (87.09%) | K: 3 | loss: 1.751745 | L1: 0.880800 | L2: 0.871110 | L3: 0.870780 | lrm: 0.26 | dt: 2628.54ms | tok/sec: 199,459 | mfu: 43.85 | epoch: 1 | total time: 167.60m
step 03839 (87.11%) | K: 3 | loss: 1.751588 | L1: 0.880758 | L2: 0.870997 | L3: 0.870663 | lrm: 0.26 | dt: 2626.24ms | tok/sec: 199,634 | mfu: 43.89 | epoch: 1 | total time: 167.64m
step 03840 (87.13%) | K: 3 | loss: 1.747337 | L1: 0.878604 | L2: 0.868909 | L3: 0.868557 | lrm: 0.26 | dt: 2629.29ms | tok/sec: 199,402 | mfu: 43.84 | epoch: 1 | total time: 167.69m
step 03841 (87.16%) | K: 3 | loss: 1.746142 | L1: 0.877993 | L2: 0.868324 | L3: 0.867975 | lrm: 0.26 | dt: 2627.27ms | tok/sec: 199,556 | mfu: 43.88 | epoch: 1 | total time: 167.73m
step 03842 (87.18%) | K: 3 | loss: 1.745703 | L1: 0.877827 | L2: 0.868040 | L3: 0.867711 | lrm: 0.26 | dt: 2620.52ms | tok/sec: 200,070 | mfu: 43.99 | epoch: 1 | total time: 167.77m
step 03843 (87.20%) | K: 3 | loss: 1.745191 | L1: 0.877649 | L2: 0.867699 | L3: 0.867383 | lrm: 0.26 | dt: 2622.05ms | tok/sec: 199,953 | mfu: 43.96 | epoch: 1 | total time: 167.82m
step 03844 (87.22%) | K: 3 | loss: 1.752706 | L1: 0.881347 | L2: 0.871512 | L3: 0.871206 | lrm: 0.26 | dt: 2626.54ms | tok/sec: 199,611 | mfu: 43.89 | epoch: 1 | total time: 167.86m
step 03845 (87.25%) | K: 3 | loss: 1.753807 | L1: 0.881888 | L2: 0.872075 | L3: 0.871763 | lrm: 0.26 | dt: 2629.32ms | tok/sec: 199,400 | mfu: 43.84 | epoch: 1 | total time: 167.91m
step 03846 (87.27%) | K: 3 | loss: 1.754247 | L1: 0.882132 | L2: 0.872279 | L3: 0.871952 | lrm: 0.25 | dt: 2622.50ms | tok/sec: 199,919 | mfu: 43.96 | epoch: 1 | total time: 167.95m
step 03847 (87.29%) | K: 3 | loss: 1.747527 | L1: 0.878759 | L2: 0.868929 | L3: 0.868608 | lrm: 0.25 | dt: 2628.48ms | tok/sec: 199,464 | mfu: 43.86 | epoch: 1 | total time: 167.99m
step 03848 (87.32%) | K: 3 | loss: 1.746801 | L1: 0.878325 | L2: 0.868619 | L3: 0.868333 | lrm: 0.25 | dt: 2626.07ms | tok/sec: 199,647 | mfu: 43.90 | epoch: 1 | total time: 168.04m
step 03849 (87.34%) | K: 3 | loss: 1.745773 | L1: 0.877799 | L2: 0.868120 | L3: 0.867827 | lrm: 0.25 | dt: 2624.50ms | tok/sec: 199,766 | mfu: 43.92 | epoch: 1 | total time: 168.08m
step 03850 (87.36%) | K: 3 | loss: 1.737514 | L1: 0.873649 | L2: 0.864008 | L3: 0.863722 | lrm: 0.25 | dt: 2630.29ms | tok/sec: 199,327 | mfu: 43.83 | epoch: 1 | total time: 168.13m
step 03851 (87.38%) | K: 3 | loss: 1.736838 | L1: 0.873276 | L2: 0.863710 | L3: 0.863414 | lrm: 0.25 | dt: 2623.58ms | tok/sec: 199,836 | mfu: 43.94 | epoch: 1 | total time: 168.17m
step 03852 (87.41%) | K: 3 | loss: 1.741248 | L1: 0.875460 | L2: 0.865928 | L3: 0.865648 | lrm: 0.25 | dt: 2624.30ms | tok/sec: 199,781 | mfu: 43.93 | epoch: 1 | total time: 168.21m
step 03853 (87.43%) | K: 3 | loss: 1.743511 | L1: 0.876617 | L2: 0.867032 | L3: 0.866754 | lrm: 0.25 | dt: 2625.65ms | tok/sec: 199,679 | mfu: 43.90 | epoch: 1 | total time: 168.26m
step 03854 (87.45%) | K: 3 | loss: 1.743333 | L1: 0.876545 | L2: 0.866940 | L3: 0.866636 | lrm: 0.25 | dt: 2623.62ms | tok/sec: 199,833 | mfu: 43.94 | epoch: 1 | total time: 168.30m
step 03855 (87.47%) | K: 3 | loss: 1.746581 | L1: 0.878196 | L2: 0.868544 | L3: 0.868227 | lrm: 0.25 | dt: 2624.91ms | tok/sec: 199,735 | mfu: 43.92 | epoch: 1 | total time: 168.34m
step 03856 (87.50%) | K: 3 | loss: 1.750819 | L1: 0.880326 | L2: 0.870647 | L3: 0.870339 | lrm: 0.25 | dt: 2628.42ms | tok/sec: 199,469 | mfu: 43.86 | epoch: 1 | total time: 168.39m
step 03857 (87.52%) | K: 3 | loss: 1.761103 | L1: 0.885516 | L2: 0.875746 | L3: 0.875430 | lrm: 0.25 | dt: 2626.01ms | tok/sec: 199,652 | mfu: 43.90 | epoch: 1 | total time: 168.43m
step 03858 (87.54%) | K: 3 | loss: 1.758343 | L1: 0.884072 | L2: 0.874428 | L3: 0.874113 | lrm: 0.25 | dt: 2624.56ms | tok/sec: 199,762 | mfu: 43.92 | epoch: 1 | total time: 168.48m
step 03859 (87.57%) | K: 3 | loss: 1.773691 | L1: 0.891764 | L2: 0.882078 | L3: 0.881775 | lrm: 0.25 | dt: 2623.88ms | tok/sec: 199,814 | mfu: 43.93 | epoch: 1 | total time: 168.52m
step 03860 (87.59%) | K: 3 | loss: 1.761945 | L1: 0.885872 | L2: 0.876212 | L3: 0.875934 | lrm: 0.25 | dt: 2627.43ms | tok/sec: 199,544 | mfu: 43.87 | epoch: 1 | total time: 168.56m
step 03861 (87.61%) | K: 3 | loss: 1.760382 | L1: 0.885097 | L2: 0.875426 | L3: 0.875144 | lrm: 0.25 | dt: 2624.21ms | tok/sec: 199,789 | mfu: 43.93 | epoch: 1 | total time: 168.61m
step 03862 (87.63%) | K: 3 | loss: 1.752399 | L1: 0.881069 | L2: 0.871460 | L3: 0.871201 | lrm: 0.25 | dt: 2626.96ms | tok/sec: 199,579 | mfu: 43.88 | epoch: 1 | total time: 168.65m
step 03863 (87.66%) | K: 3 | loss: 1.745432 | L1: 0.877551 | L2: 0.868023 | L3: 0.867739 | lrm: 0.25 | dt: 2629.85ms | tok/sec: 199,360 | mfu: 43.83 | epoch: 1 | total time: 168.69m
step 03864 (87.68%) | K: 3 | loss: 1.747540 | L1: 0.878689 | L2: 0.869003 | L3: 0.868699 | lrm: 0.25 | dt: 2624.46ms | tok/sec: 199,770 | mfu: 43.92 | epoch: 1 | total time: 168.74m
step 03865 (87.70%) | K: 3 | loss: 1.736589 | L1: 0.873184 | L2: 0.863557 | L3: 0.863254 | lrm: 0.25 | dt: 2627.15ms | tok/sec: 199,565 | mfu: 43.88 | epoch: 1 | total time: 168.78m
step 03866 (87.72%) | K: 3 | loss: 1.731484 | L1: 0.870623 | L2: 0.861008 | L3: 0.860714 | lrm: 0.25 | dt: 2627.11ms | tok/sec: 199,568 | mfu: 43.88 | epoch: 1 | total time: 168.83m
step 03867 (87.75%) | K: 3 | loss: 1.738524 | L1: 0.874231 | L2: 0.864434 | L3: 0.864150 | lrm: 0.25 | dt: 2623.36ms | tok/sec: 199,853 | mfu: 43.94 | epoch: 1 | total time: 168.87m
step 03868 (87.77%) | K: 3 | loss: 1.738835 | L1: 0.874369 | L2: 0.864613 | L3: 0.864319 | lrm: 0.24 | dt: 2629.51ms | tok/sec: 199,386 | mfu: 43.84 | epoch: 1 | total time: 168.91m
step 03869 (87.79%) | K: 3 | loss: 1.730826 | L1: 0.870358 | L2: 0.860620 | L3: 0.860317 | lrm: 0.24 | dt: 2621.76ms | tok/sec: 199,975 | mfu: 43.97 | epoch: 1 | total time: 168.96m
step 03870 (87.81%) | K: 3 | loss: 1.729661 | L1: 0.869811 | L2: 0.860000 | L3: 0.859700 | lrm: 0.24 | dt: 2623.91ms | tok/sec: 199,811 | mfu: 43.93 | epoch: 1 | total time: 169.00m
step 03871 (87.84%) | K: 3 | loss: 1.726960 | L1: 0.868404 | L2: 0.858702 | L3: 0.858410 | lrm: 0.24 | dt: 2627.29ms | tok/sec: 199,554 | mfu: 43.88 | epoch: 1 | total time: 169.04m
step 03872 (87.86%) | K: 3 | loss: 1.721431 | L1: 0.865602 | L2: 0.855992 | L3: 0.855665 | lrm: 0.24 | dt: 2627.24ms | tok/sec: 199,558 | mfu: 43.88 | epoch: 1 | total time: 169.09m
step 03873 (87.88%) | K: 3 | loss: 1.717729 | L1: 0.863713 | L2: 0.854183 | L3: 0.853850 | lrm: 0.24 | dt: 2629.13ms | tok/sec: 199,414 | mfu: 43.84 | epoch: 1 | total time: 169.13m
step 03874 (87.91%) | K: 3 | loss: 1.718925 | L1: 0.864305 | L2: 0.854793 | L3: 0.854447 | lrm: 0.24 | dt: 2626.11ms | tok/sec: 199,644 | mfu: 43.90 | epoch: 1 | total time: 169.18m
step 03875 (87.93%) | K: 3 | loss: 1.717701 | L1: 0.863700 | L2: 0.854179 | L3: 0.853823 | lrm: 0.24 | dt: 2624.39ms | tok/sec: 199,775 | mfu: 43.92 | epoch: 1 | total time: 169.22m
step 03876 (87.95%) | K: 3 | loss: 1.718017 | L1: 0.863829 | L2: 0.854358 | L3: 0.854018 | lrm: 0.24 | dt: 2622.42ms | tok/sec: 199,925 | mfu: 43.96 | epoch: 1 | total time: 169.26m
step 03877 (87.97%) | K: 3 | loss: 1.711175 | L1: 0.860336 | L2: 0.851007 | L3: 0.850671 | lrm: 0.24 | dt: 2629.08ms | tok/sec: 199,418 | mfu: 43.85 | epoch: 1 | total time: 169.31m
step 03878 (88.00%) | K: 3 | loss: 1.719235 | L1: 0.864411 | L2: 0.854996 | L3: 0.854653 | lrm: 0.24 | dt: 2626.46ms | tok/sec: 199,617 | mfu: 43.89 | epoch: 1 | total time: 169.35m
step 03879 (88.02%) | K: 3 | loss: 1.715840 | L1: 0.862691 | L2: 0.853316 | L3: 0.852982 | lrm: 0.24 | dt: 2625.42ms | tok/sec: 199,697 | mfu: 43.91 | epoch: 1 | total time: 169.39m
step 03880 (88.04%) | K: 3 | loss: 1.724097 | L1: 0.866830 | L2: 0.857433 | L3: 0.857102 | lrm: 0.24 | dt: 2626.83ms | tok/sec: 199,589 | mfu: 43.88 | epoch: 1 | total time: 169.44m
step 03881 (88.06%) | K: 3 | loss: 1.732573 | L1: 0.871134 | L2: 0.861596 | L3: 0.861282 | lrm: 0.24 | dt: 2622.68ms | tok/sec: 199,905 | mfu: 43.95 | epoch: 1 | total time: 169.48m
step 03882 (88.09%) | K: 3 | loss: 1.726806 | L1: 0.868196 | L2: 0.858760 | L3: 0.858460 | lrm: 0.24 | dt: 2626.81ms | tok/sec: 199,591 | mfu: 43.88 | epoch: 1 | total time: 169.53m
step 03883 (88.11%) | K: 3 | loss: 1.716740 | L1: 0.863159 | L2: 0.853742 | L3: 0.853419 | lrm: 0.24 | dt: 2630.33ms | tok/sec: 199,323 | mfu: 43.82 | epoch: 1 | total time: 169.57m
step 03884 (88.13%) | K: 3 | loss: 1.718757 | L1: 0.864261 | L2: 0.854655 | L3: 0.854338 | lrm: 0.24 | dt: 2627.73ms | tok/sec: 199,521 | mfu: 43.87 | epoch: 1 | total time: 169.61m
step 03885 (88.16%) | K: 3 | loss: 1.715818 | L1: 0.862818 | L2: 0.853165 | L3: 0.852836 | lrm: 0.24 | dt: 2630.36ms | tok/sec: 199,321 | mfu: 43.82 | epoch: 1 | total time: 169.66m
step 03886 (88.18%) | K: 3 | loss: 1.714396 | L1: 0.862086 | L2: 0.852475 | L3: 0.852145 | lrm: 0.24 | dt: 2622.74ms | tok/sec: 199,900 | mfu: 43.95 | epoch: 1 | total time: 169.70m
step 03887 (88.20%) | K: 3 | loss: 1.721447 | L1: 0.865635 | L2: 0.855968 | L3: 0.855656 | lrm: 0.24 | dt: 2624.84ms | tok/sec: 199,741 | mfu: 43.92 | epoch: 1 | total time: 169.74m
step 03888 (88.22%) | K: 3 | loss: 1.730518 | L1: 0.870146 | L2: 0.860525 | L3: 0.860220 | lrm: 0.24 | dt: 2625.29ms | tok/sec: 199,706 | mfu: 43.91 | epoch: 1 | total time: 169.79m
step 03889 (88.25%) | K: 3 | loss: 1.726102 | L1: 0.867868 | L2: 0.858385 | L3: 0.858082 | lrm: 0.24 | dt: 2628.31ms | tok/sec: 199,477 | mfu: 43.86 | epoch: 1 | total time: 169.83m
step 03890 (88.27%) | K: 3 | loss: 1.727115 | L1: 0.868372 | L2: 0.858891 | L3: 0.858596 | lrm: 0.23 | dt: 2624.50ms | tok/sec: 199,766 | mfu: 43.92 | epoch: 1 | total time: 169.88m
step 03891 (88.29%) | K: 3 | loss: 1.724789 | L1: 0.867248 | L2: 0.857696 | L3: 0.857387 | lrm: 0.23 | dt: 2626.79ms | tok/sec: 199,592 | mfu: 43.88 | epoch: 1 | total time: 169.92m
step 03892 (88.31%) | K: 3 | loss: 1.720836 | L1: 0.865200 | L2: 0.855798 | L3: 0.855475 | lrm: 0.23 | dt: 2622.62ms | tok/sec: 199,909 | mfu: 43.95 | epoch: 1 | total time: 169.96m
step 03893 (88.34%) | K: 3 | loss: 1.720380 | L1: 0.864993 | L2: 0.855547 | L3: 0.855228 | lrm: 0.23 | dt: 2626.35ms | tok/sec: 199,625 | mfu: 43.89 | epoch: 1 | total time: 170.01m
step 03894 (88.36%) | K: 3 | loss: 1.723330 | L1: 0.866583 | L2: 0.856918 | L3: 0.856577 | lrm: 0.23 | dt: 2627.68ms | tok/sec: 199,525 | mfu: 43.87 | epoch: 1 | total time: 170.05m
step 03895 (88.38%) | K: 3 | loss: 1.719457 | L1: 0.864688 | L2: 0.854937 | L3: 0.854600 | lrm: 0.23 | dt: 2626.43ms | tok/sec: 199,620 | mfu: 43.89 | epoch: 1 | total time: 170.09m
step 03896 (88.40%) | K: 3 | loss: 1.725387 | L1: 0.867685 | L2: 0.857869 | L3: 0.857537 | lrm: 0.23 | dt: 2623.26ms | tok/sec: 199,861 | mfu: 43.94 | epoch: 1 | total time: 170.14m
step 03897 (88.43%) | K: 3 | loss: 1.722479 | L1: 0.866196 | L2: 0.856448 | L3: 0.856118 | lrm: 0.23 | dt: 2625.59ms | tok/sec: 199,683 | mfu: 43.90 | epoch: 1 | total time: 170.18m
step 03898 (88.45%) | K: 3 | loss: 1.723088 | L1: 0.866501 | L2: 0.856758 | L3: 0.856417 | lrm: 0.23 | dt: 2624.00ms | tok/sec: 199,804 | mfu: 43.93 | epoch: 1 | total time: 170.23m
step 03899 (88.47%) | K: 3 | loss: 1.735119 | L1: 0.872538 | L2: 0.862737 | L3: 0.862423 | lrm: 0.23 | dt: 2624.50ms | tok/sec: 199,766 | mfu: 43.92 | epoch: 1 | total time: 170.27m
step 03900 (88.50%) | K: 3 | loss: 1.726338 | L1: 0.868125 | L2: 0.858372 | L3: 0.858054 | lrm: 0.23 | dt: 2629.86ms | tok/sec: 199,359 | mfu: 43.83 | epoch: 1 | total time: 170.31m
step 03901 (88.52%) | K: 3 | loss: 1.721759 | L1: 0.865880 | L2: 0.856039 | L3: 0.855719 | lrm: 0.23 | dt: 2624.64ms | tok/sec: 199,756 | mfu: 43.92 | epoch: 1 | total time: 170.36m
step 03902 (88.54%) | K: 3 | loss: 1.722546 | L1: 0.866225 | L2: 0.856470 | L3: 0.856173 | lrm: 0.23 | dt: 2625.85ms | tok/sec: 199,663 | mfu: 43.90 | epoch: 1 | total time: 170.40m
step 03903 (88.56%) | K: 3 | loss: 1.728287 | L1: 0.869114 | L2: 0.859320 | L3: 0.859026 | lrm: 0.23 | dt: 2626.28ms | tok/sec: 199,631 | mfu: 43.89 | epoch: 1 | total time: 170.44m
step 03904 (88.59%) | K: 3 | loss: 1.719330 | L1: 0.864644 | L2: 0.854825 | L3: 0.854548 | lrm: 0.23 | dt: 2628.66ms | tok/sec: 199,450 | mfu: 43.85 | epoch: 1 | total time: 170.49m
step 03905 (88.61%) | K: 3 | loss: 1.720859 | L1: 0.865372 | L2: 0.855620 | L3: 0.855353 | lrm: 0.23 | dt: 2624.03ms | tok/sec: 199,802 | mfu: 43.93 | epoch: 1 | total time: 170.53m
step 03906 (88.63%) | K: 3 | loss: 1.733077 | L1: 0.871513 | L2: 0.861692 | L3: 0.861437 | lrm: 0.23 | dt: 2622.51ms | tok/sec: 199,918 | mfu: 43.96 | epoch: 1 | total time: 170.58m
step 03907 (88.65%) | K: 3 | loss: 1.734764 | L1: 0.872294 | L2: 0.862599 | L3: 0.862340 | lrm: 0.23 | dt: 2627.93ms | tok/sec: 199,506 | mfu: 43.86 | epoch: 1 | total time: 170.62m
step 03908 (88.68%) | K: 3 | loss: 1.741662 | L1: 0.875682 | L2: 0.866120 | L3: 0.865840 | lrm: 0.23 | dt: 2625.46ms | tok/sec: 199,693 | mfu: 43.91 | epoch: 1 | total time: 170.66m
step 03909 (88.70%) | K: 3 | loss: 1.735221 | L1: 0.872457 | L2: 0.862900 | L3: 0.862628 | lrm: 0.23 | dt: 2628.13ms | tok/sec: 199,491 | mfu: 43.86 | epoch: 1 | total time: 170.71m
step 03910 (88.72%) | K: 3 | loss: 1.727972 | L1: 0.868862 | L2: 0.859242 | L3: 0.858978 | lrm: 0.23 | dt: 2627.72ms | tok/sec: 199,522 | mfu: 43.87 | epoch: 1 | total time: 170.75m
step 03911 (88.75%) | K: 3 | loss: 1.729527 | L1: 0.869616 | L2: 0.860040 | L3: 0.859781 | lrm: 0.23 | dt: 2625.38ms | tok/sec: 199,699 | mfu: 43.91 | epoch: 1 | total time: 170.79m
step 03912 (88.77%) | K: 3 | loss: 1.720713 | L1: 0.865261 | L2: 0.855589 | L3: 0.855314 | lrm: 0.22 | dt: 2626.99ms | tok/sec: 199,577 | mfu: 43.88 | epoch: 1 | total time: 170.84m
step 03913 (88.79%) | K: 3 | loss: 1.709302 | L1: 0.859538 | L2: 0.849907 | L3: 0.849621 | lrm: 0.22 | dt: 2625.50ms | tok/sec: 199,690 | mfu: 43.91 | epoch: 1 | total time: 170.88m
step 03914 (88.81%) | K: 3 | loss: 1.710409 | L1: 0.860055 | L2: 0.850498 | L3: 0.850209 | lrm: 0.22 | dt: 2628.05ms | tok/sec: 199,496 | mfu: 43.86 | epoch: 1 | total time: 170.93m
step 03915 (88.84%) | K: 3 | loss: 1.701637 | L1: 0.855621 | L2: 0.846155 | L3: 0.845878 | lrm: 0.22 | dt: 2630.15ms | tok/sec: 199,337 | mfu: 43.83 | epoch: 1 | total time: 170.97m
step 03916 (88.86%) | K: 3 | loss: 1.703274 | L1: 0.856445 | L2: 0.846964 | L3: 0.846694 | lrm: 0.22 | dt: 2623.56ms | tok/sec: 199,838 | mfu: 43.94 | epoch: 1 | total time: 171.01m
step 03917 (88.88%) | K: 3 | loss: 1.709103 | L1: 0.859417 | L2: 0.849811 | L3: 0.849560 | lrm: 0.22 | dt: 2627.85ms | tok/sec: 199,512 | mfu: 43.87 | epoch: 1 | total time: 171.06m
step 03918 (88.90%) | K: 3 | loss: 1.710321 | L1: 0.860036 | L2: 0.850420 | L3: 0.850150 | lrm: 0.22 | dt: 2626.28ms | tok/sec: 199,631 | mfu: 43.89 | epoch: 1 | total time: 171.10m
step 03919 (88.93%) | K: 3 | loss: 1.712604 | L1: 0.861223 | L2: 0.851535 | L3: 0.851229 | lrm: 0.22 | dt: 2626.41ms | tok/sec: 199,621 | mfu: 43.89 | epoch: 1 | total time: 171.15m
step 03920 (88.95%) | K: 3 | loss: 1.714768 | L1: 0.862309 | L2: 0.852604 | L3: 0.852314 | lrm: 0.22 | dt: 2624.91ms | tok/sec: 199,735 | mfu: 43.92 | epoch: 1 | total time: 171.19m
step 03921 (88.97%) | K: 3 | loss: 1.716975 | L1: 0.863408 | L2: 0.853712 | L3: 0.853421 | lrm: 0.22 | dt: 2624.44ms | tok/sec: 199,771 | mfu: 43.92 | epoch: 1 | total time: 171.23m
step 03922 (88.99%) | K: 3 | loss: 1.711680 | L1: 0.860756 | L2: 0.851062 | L3: 0.850786 | lrm: 0.22 | dt: 2622.21ms | tok/sec: 199,941 | mfu: 43.96 | epoch: 1 | total time: 171.28m
step 03923 (89.02%) | K: 3 | loss: 1.722083 | L1: 0.866066 | L2: 0.856153 | L3: 0.855882 | lrm: 0.22 | dt: 2626.04ms | tok/sec: 199,649 | mfu: 43.90 | epoch: 1 | total time: 171.32m
step 03924 (89.04%) | K: 3 | loss: 1.724153 | L1: 0.867093 | L2: 0.857198 | L3: 0.856922 | lrm: 0.22 | dt: 2630.85ms | tok/sec: 199,284 | mfu: 43.82 | epoch: 1 | total time: 171.36m
step 03925 (89.06%) | K: 3 | loss: 1.724597 | L1: 0.867271 | L2: 0.857454 | L3: 0.857197 | lrm: 0.22 | dt: 2622.46ms | tok/sec: 199,922 | mfu: 43.96 | epoch: 1 | total time: 171.41m
step 03926 (89.09%) | K: 3 | loss: 1.736845 | L1: 0.873472 | L2: 0.863502 | L3: 0.863246 | lrm: 0.22 | dt: 2626.93ms | tok/sec: 199,581 | mfu: 43.88 | epoch: 1 | total time: 171.45m
step 03927 (89.11%) | K: 3 | loss: 1.733079 | L1: 0.871565 | L2: 0.861647 | L3: 0.861383 | lrm: 0.22 | dt: 2624.24ms | tok/sec: 199,786 | mfu: 43.93 | epoch: 1 | total time: 171.50m
step 03928 (89.13%) | K: 3 | loss: 1.734299 | L1: 0.872144 | L2: 0.862293 | L3: 0.862016 | lrm: 0.22 | dt: 2623.58ms | tok/sec: 199,836 | mfu: 43.94 | epoch: 1 | total time: 171.54m
step 03929 (89.15%) | K: 3 | loss: 1.739390 | L1: 0.874683 | L2: 0.864850 | L3: 0.864564 | lrm: 0.22 | dt: 2626.33ms | tok/sec: 199,627 | mfu: 43.89 | epoch: 1 | total time: 171.58m
step 03930 (89.18%) | K: 3 | loss: 1.744510 | L1: 0.877265 | L2: 0.867402 | L3: 0.867089 | lrm: 0.22 | dt: 2629.95ms | tok/sec: 199,352 | mfu: 43.83 | epoch: 1 | total time: 171.63m
step 03931 (89.20%) | K: 3 | loss: 1.752308 | L1: 0.881210 | L2: 0.871259 | L3: 0.870937 | lrm: 0.22 | dt: 2623.80ms | tok/sec: 199,819 | mfu: 43.93 | epoch: 1 | total time: 171.67m
step 03932 (89.22%) | K: 3 | loss: 1.745799 | L1: 0.877881 | L2: 0.868072 | L3: 0.867765 | lrm: 0.22 | dt: 2628.83ms | tok/sec: 199,437 | mfu: 43.85 | epoch: 1 | total time: 171.71m
step 03933 (89.24%) | K: 3 | loss: 1.738053 | L1: 0.874046 | L2: 0.864160 | L3: 0.863854 | lrm: 0.22 | dt: 2624.71ms | tok/sec: 199,750 | mfu: 43.92 | epoch: 1 | total time: 171.76m
step 03934 (89.27%) | K: 3 | loss: 1.745520 | L1: 0.877778 | L2: 0.867888 | L3: 0.867596 | lrm: 0.21 | dt: 2625.60ms | tok/sec: 199,683 | mfu: 43.90 | epoch: 1 | total time: 171.80m
step 03935 (89.29%) | K: 3 | loss: 1.749919 | L1: 0.879974 | L2: 0.870088 | L3: 0.869803 | lrm: 0.21 | dt: 2629.60ms | tok/sec: 199,379 | mfu: 43.84 | epoch: 1 | total time: 171.85m
step 03936 (89.31%) | K: 3 | loss: 1.742079 | L1: 0.875995 | L2: 0.866228 | L3: 0.865939 | lrm: 0.21 | dt: 2619.74ms | tok/sec: 200,129 | mfu: 44.00 | epoch: 1 | total time: 171.89m
step 03937 (89.34%) | K: 3 | loss: 1.736808 | L1: 0.873341 | L2: 0.863618 | L3: 0.863317 | lrm: 0.21 | dt: 2627.03ms | tok/sec: 199,574 | mfu: 43.88 | epoch: 1 | total time: 171.93m
step 03938 (89.36%) | K: 3 | loss: 1.731287 | L1: 0.870591 | L2: 0.860837 | L3: 0.860556 | lrm: 0.21 | dt: 2622.98ms | tok/sec: 199,882 | mfu: 43.95 | epoch: 1 | total time: 171.98m
step 03939 (89.38%) | K: 3 | loss: 1.734850 | L1: 0.872338 | L2: 0.862660 | L3: 0.862363 | lrm: 0.21 | dt: 2626.11ms | tok/sec: 199,644 | mfu: 43.90 | epoch: 1 | total time: 172.02m
step 03940 (89.40%) | K: 3 | loss: 1.737945 | L1: 0.873929 | L2: 0.864165 | L3: 0.863867 | lrm: 0.21 | dt: 2624.66ms | tok/sec: 199,754 | mfu: 43.92 | epoch: 1 | total time: 172.06m
step 03941 (89.43%) | K: 3 | loss: 1.726577 | L1: 0.868252 | L2: 0.858473 | L3: 0.858178 | lrm: 0.21 | dt: 2629.91ms | tok/sec: 199,356 | mfu: 43.83 | epoch: 1 | total time: 172.11m
step 03942 (89.45%) | K: 3 | loss: 1.725714 | L1: 0.867780 | L2: 0.858079 | L3: 0.857790 | lrm: 0.21 | dt: 2625.23ms | tok/sec: 199,711 | mfu: 43.91 | epoch: 1 | total time: 172.15m
step 03943 (89.47%) | K: 3 | loss: 1.720017 | L1: 0.864868 | L2: 0.855286 | L3: 0.855013 | lrm: 0.21 | dt: 2627.34ms | tok/sec: 199,550 | mfu: 43.87 | epoch: 1 | total time: 172.20m
step 03944 (89.49%) | K: 3 | loss: 1.725645 | L1: 0.867709 | L2: 0.858071 | L3: 0.857801 | lrm: 0.21 | dt: 2630.12ms | tok/sec: 199,340 | mfu: 43.83 | epoch: 1 | total time: 172.24m
step 03945 (89.52%) | K: 3 | loss: 1.719604 | L1: 0.864672 | L2: 0.855077 | L3: 0.854786 | lrm: 0.21 | dt: 2621.85ms | tok/sec: 199,969 | mfu: 43.97 | epoch: 1 | total time: 172.28m
step 03946 (89.54%) | K: 3 | loss: 1.718488 | L1: 0.864076 | L2: 0.854550 | L3: 0.854274 | lrm: 0.21 | dt: 2619.90ms | tok/sec: 200,117 | mfu: 44.00 | epoch: 1 | total time: 172.33m
step 03947 (89.56%) | K: 3 | loss: 1.721449 | L1: 0.865570 | L2: 0.856024 | L3: 0.855734 | lrm: 0.21 | dt: 2625.91ms | tok/sec: 199,659 | mfu: 43.90 | epoch: 1 | total time: 172.37m
step 03948 (89.58%) | K: 3 | loss: 1.721075 | L1: 0.865426 | L2: 0.855785 | L3: 0.855513 | lrm: 0.21 | dt: 2630.29ms | tok/sec: 199,326 | mfu: 43.83 | epoch: 1 | total time: 172.41m
step 03949 (89.61%) | K: 3 | loss: 1.718867 | L1: 0.864306 | L2: 0.854704 | L3: 0.854418 | lrm: 0.21 | dt: 2622.90ms | tok/sec: 199,888 | mfu: 43.95 | epoch: 1 | total time: 172.46m
step 03950 (89.63%) | K: 3 | loss: 1.717556 | L1: 0.863643 | L2: 0.854061 | L3: 0.853765 | lrm: 0.21 | dt: 2631.95ms | tok/sec: 199,201 | mfu: 43.80 | epoch: 1 | total time: 172.50m
step 03951 (89.65%) | K: 3 | loss: 1.710938 | L1: 0.860346 | L2: 0.850745 | L3: 0.850439 | lrm: 0.21 | dt: 2625.50ms | tok/sec: 199,690 | mfu: 43.91 | epoch: 1 | total time: 172.55m
step 03952 (89.68%) | K: 3 | loss: 1.713842 | L1: 0.861866 | L2: 0.852128 | L3: 0.851824 | lrm: 0.21 | dt: 2623.97ms | tok/sec: 199,807 | mfu: 43.93 | epoch: 1 | total time: 172.59m
step 03953 (89.70%) | K: 3 | loss: 1.706960 | L1: 0.858464 | L2: 0.848648 | L3: 0.848343 | lrm: 0.21 | dt: 2625.72ms | tok/sec: 199,673 | mfu: 43.90 | epoch: 1 | total time: 172.63m
step 03954 (89.72%) | K: 3 | loss: 1.705976 | L1: 0.857931 | L2: 0.848205 | L3: 0.847886 | lrm: 0.21 | dt: 2624.77ms | tok/sec: 199,746 | mfu: 43.92 | epoch: 1 | total time: 172.68m
step 03955 (89.74%) | K: 3 | loss: 1.715240 | L1: 0.862527 | L2: 0.852885 | L3: 0.852540 | lrm: 0.21 | dt: 2625.15ms | tok/sec: 199,717 | mfu: 43.91 | epoch: 1 | total time: 172.72m
step 03956 (89.77%) | K: 3 | loss: 1.709692 | L1: 0.859788 | L2: 0.850078 | L3: 0.849730 | lrm: 0.20 | dt: 2626.40ms | tok/sec: 199,622 | mfu: 43.89 | epoch: 1 | total time: 172.76m
step 03957 (89.79%) | K: 3 | loss: 1.714464 | L1: 0.862203 | L2: 0.852416 | L3: 0.852105 | lrm: 0.20 | dt: 2633.29ms | tok/sec: 199,099 | mfu: 43.78 | epoch: 1 | total time: 172.81m
step 03958 (89.81%) | K: 3 | loss: 1.706676 | L1: 0.858279 | L2: 0.848555 | L3: 0.848237 | lrm: 0.20 | dt: 2622.06ms | tok/sec: 199,952 | mfu: 43.96 | epoch: 1 | total time: 172.85m
step 03959 (89.83%) | K: 3 | loss: 1.723468 | L1: 0.866718 | L2: 0.856919 | L3: 0.856581 | lrm: 0.20 | dt: 2625.84ms | tok/sec: 199,664 | mfu: 43.90 | epoch: 1 | total time: 172.90m
step 03960 (89.86%) | K: 3 | loss: 1.726974 | L1: 0.868482 | L2: 0.858665 | L3: 0.858319 | lrm: 0.20 | dt: 2625.62ms | tok/sec: 199,681 | mfu: 43.90 | epoch: 1 | total time: 172.94m
step 03961 (89.88%) | K: 3 | loss: 1.733473 | L1: 0.871786 | L2: 0.861864 | L3: 0.861510 | lrm: 0.20 | dt: 2625.25ms | tok/sec: 199,709 | mfu: 43.91 | epoch: 1 | total time: 172.98m
step 03962 (89.90%) | K: 3 | loss: 1.727254 | L1: 0.868582 | L2: 0.858846 | L3: 0.858497 | lrm: 0.20 | dt: 2628.40ms | tok/sec: 199,470 | mfu: 43.86 | epoch: 1 | total time: 173.03m
step 03963 (89.93%) | K: 3 | loss: 1.731278 | L1: 0.870518 | L2: 0.860937 | L3: 0.860581 | lrm: 0.20 | dt: 2620.53ms | tok/sec: 200,069 | mfu: 43.99 | epoch: 1 | total time: 173.07m
step 03964 (89.95%) | K: 3 | loss: 1.738046 | L1: 0.873887 | L2: 0.864348 | L3: 0.863970 | lrm: 0.20 | dt: 2626.69ms | tok/sec: 199,600 | mfu: 43.89 | epoch: 1 | total time: 173.11m
step 03965 (89.97%) | K: 3 | loss: 1.742936 | L1: 0.876313 | L2: 0.866813 | L3: 0.866433 | lrm: 0.20 | dt: 2627.62ms | tok/sec: 199,529 | mfu: 43.87 | epoch: 1 | total time: 173.16m
step 03966 (89.99%) | K: 3 | loss: 1.746098 | L1: 0.877922 | L2: 0.868365 | L3: 0.867987 | lrm: 0.20 | dt: 2627.90ms | tok/sec: 199,508 | mfu: 43.87 | epoch: 1 | total time: 173.20m
step 03967 (90.02%) | K: 3 | loss: 1.748369 | L1: 0.879046 | L2: 0.869511 | L3: 0.869136 | lrm: 0.20 | dt: 2623.84ms | tok/sec: 199,817 | mfu: 43.93 | epoch: 1 | total time: 173.25m
step 03968 (90.04%) | K: 3 | loss: 1.739172 | L1: 0.874434 | L2: 0.864924 | L3: 0.864552 | lrm: 0.20 | dt: 2628.05ms | tok/sec: 199,496 | mfu: 43.86 | epoch: 1 | total time: 173.29m
step 03969 (90.06%) | K: 3 | loss: 1.745086 | L1: 0.877381 | L2: 0.867883 | L3: 0.867527 | lrm: 0.20 | dt: 2623.80ms | tok/sec: 199,820 | mfu: 43.93 | epoch: 1 | total time: 173.33m
step 03970 (90.08%) | K: 3 | loss: 1.750815 | L1: 0.880247 | L2: 0.870760 | L3: 0.870375 | lrm: 0.20 | dt: 2630.41ms | tok/sec: 199,317 | mfu: 43.82 | epoch: 1 | total time: 173.38m
step 03971 (90.11%) | K: 3 | loss: 1.739557 | L1: 0.874598 | L2: 0.865152 | L3: 0.864767 | lrm: 0.20 | dt: 2627.40ms | tok/sec: 199,545 | mfu: 43.87 | epoch: 1 | total time: 173.42m
step 03972 (90.13%) | K: 3 | loss: 1.748825 | L1: 0.879218 | L2: 0.869792 | L3: 0.869424 | lrm: 0.20 | dt: 2627.71ms | tok/sec: 199,522 | mfu: 43.87 | epoch: 1 | total time: 173.46m
step 03973 (90.15%) | K: 3 | loss: 1.754611 | L1: 0.882169 | L2: 0.872626 | L3: 0.872257 | lrm: 0.20 | dt: 2629.53ms | tok/sec: 199,384 | mfu: 43.84 | epoch: 1 | total time: 173.51m
step 03974 (90.17%) | K: 3 | loss: 1.758048 | L1: 0.883919 | L2: 0.874303 | L3: 0.873954 | lrm: 0.20 | dt: 2625.63ms | tok/sec: 199,680 | mfu: 43.90 | epoch: 1 | total time: 173.55m
step 03975 (90.20%) | K: 3 | loss: 1.753553 | L1: 0.881696 | L2: 0.872035 | L3: 0.871679 | lrm: 0.20 | dt: 2629.75ms | tok/sec: 199,367 | mfu: 43.83 | epoch: 1 | total time: 173.60m
step 03976 (90.22%) | K: 3 | loss: 1.760750 | L1: 0.885265 | L2: 0.875665 | L3: 0.875305 | lrm: 0.20 | dt: 2626.76ms | tok/sec: 199,594 | mfu: 43.88 | epoch: 1 | total time: 173.64m
step 03977 (90.24%) | K: 3 | loss: 1.754190 | L1: 0.881923 | L2: 0.872443 | L3: 0.872090 | lrm: 0.20 | dt: 2630.20ms | tok/sec: 199,334 | mfu: 43.83 | epoch: 1 | total time: 173.68m
step 03978 (90.27%) | K: 3 | loss: 1.753797 | L1: 0.881728 | L2: 0.872247 | L3: 0.871892 | lrm: 0.19 | dt: 2630.25ms | tok/sec: 199,330 | mfu: 43.83 | epoch: 1 | total time: 173.73m
step 03979 (90.29%) | K: 3 | loss: 1.768250 | L1: 0.888915 | L2: 0.879503 | L3: 0.879167 | lrm: 0.19 | dt: 2844.69ms | tok/sec: 184,303 | mfu: 40.52 | epoch: 1 | total time: 173.77m
step 03980 (90.31%) | K: 3 | loss: 1.769339 | L1: 0.889498 | L2: 0.880011 | L3: 0.879670 | lrm: 0.19 | dt: 2622.51ms | tok/sec: 199,918 | mfu: 43.96 | epoch: 1 | total time: 173.82m
step 03981 (90.33%) | K: 3 | loss: 1.764324 | L1: 0.887033 | L2: 0.877463 | L3: 0.877120 | lrm: 0.19 | dt: 2630.31ms | tok/sec: 199,325 | mfu: 43.83 | epoch: 1 | total time: 173.86m
step 03982 (90.36%) | K: 3 | loss: 1.763292 | L1: 0.886544 | L2: 0.876918 | L3: 0.876579 | lrm: 0.19 | dt: 2623.21ms | tok/sec: 199,865 | mfu: 43.94 | epoch: 1 | total time: 173.91m
step 03983 (90.38%) | K: 3 | loss: 1.755882 | L1: 0.882825 | L2: 0.873222 | L3: 0.872894 | lrm: 0.19 | dt: 2631.08ms | tok/sec: 199,267 | mfu: 43.81 | epoch: 1 | total time: 173.95m
step 03984 (90.40%) | K: 3 | loss: 1.743888 | L1: 0.876803 | L2: 0.867244 | L3: 0.866926 | lrm: 0.19 | dt: 2620.48ms | tok/sec: 200,073 | mfu: 43.99 | epoch: 1 | total time: 173.99m
step 03985 (90.42%) | K: 3 | loss: 1.743042 | L1: 0.876342 | L2: 0.866863 | L3: 0.866536 | lrm: 0.19 | dt: 2621.32ms | tok/sec: 200,009 | mfu: 43.98 | epoch: 1 | total time: 174.04m
step 03986 (90.45%) | K: 3 | loss: 1.745604 | L1: 0.877655 | L2: 0.868119 | L3: 0.867778 | lrm: 0.19 | dt: 2626.35ms | tok/sec: 199,625 | mfu: 43.89 | epoch: 1 | total time: 174.08m
step 03987 (90.47%) | K: 3 | loss: 1.734972 | L1: 0.872302 | L2: 0.862832 | L3: 0.862508 | lrm: 0.19 | dt: 2626.41ms | tok/sec: 199,621 | mfu: 43.89 | epoch: 1 | total time: 174.12m
step 03988 (90.49%) | K: 3 | loss: 1.728373 | L1: 0.869025 | L2: 0.859517 | L3: 0.859178 | lrm: 0.19 | dt: 2624.17ms | tok/sec: 199,791 | mfu: 43.93 | epoch: 1 | total time: 174.17m
step 03989 (90.52%) | K: 3 | loss: 1.717511 | L1: 0.863579 | L2: 0.854091 | L3: 0.853772 | lrm: 0.19 | dt: 2630.02ms | tok/sec: 199,347 | mfu: 43.83 | epoch: 1 | total time: 174.21m
step 03990 (90.54%) | K: 3 | loss: 1.719620 | L1: 0.864687 | L2: 0.855090 | L3: 0.854777 | lrm: 0.19 | dt: 2624.94ms | tok/sec: 199,733 | mfu: 43.91 | epoch: 1 | total time: 174.26m
step 03991 (90.56%) | K: 3 | loss: 1.715100 | L1: 0.862442 | L2: 0.852804 | L3: 0.852514 | lrm: 0.19 | dt: 2624.66ms | tok/sec: 199,754 | mfu: 43.92 | epoch: 1 | total time: 174.30m
step 03992 (90.58%) | K: 3 | loss: 1.719949 | L1: 0.864865 | L2: 0.855238 | L3: 0.854930 | lrm: 0.19 | dt: 2624.36ms | tok/sec: 199,777 | mfu: 43.92 | epoch: 1 | total time: 174.34m
step 03993 (90.61%) | K: 3 | loss: 1.732203 | L1: 0.871038 | L2: 0.861314 | L3: 0.861015 | lrm: 0.19 | dt: 2626.82ms | tok/sec: 199,590 | mfu: 43.88 | epoch: 1 | total time: 174.39m
step 03994 (90.63%) | K: 3 | loss: 1.738944 | L1: 0.874387 | L2: 0.864709 | L3: 0.864405 | lrm: 0.19 | dt: 2621.44ms | tok/sec: 200,000 | mfu: 43.97 | epoch: 1 | total time: 174.43m
step 03995 (90.65%) | K: 3 | loss: 1.746910 | L1: 0.878395 | L2: 0.868679 | L3: 0.868352 | lrm: 0.19 | dt: 2632.19ms | tok/sec: 199,182 | mfu: 43.79 | epoch: 1 | total time: 174.48m
step 03996 (90.67%) | K: 3 | loss: 1.747849 | L1: 0.878942 | L2: 0.869073 | L3: 0.868742 | lrm: 0.19 | dt: 2625.43ms | tok/sec: 199,695 | mfu: 43.91 | epoch: 1 | total time: 174.52m
step 03997 (90.70%) | K: 3 | loss: 1.749919 | L1: 0.879975 | L2: 0.870114 | L3: 0.869774 | lrm: 0.19 | dt: 2623.33ms | tok/sec: 199,856 | mfu: 43.94 | epoch: 1 | total time: 174.56m
step 03998 (90.72%) | K: 3 | loss: 1.753409 | L1: 0.881665 | L2: 0.871905 | L3: 0.871582 | lrm: 0.19 | dt: 2625.65ms | tok/sec: 199,679 | mfu: 43.90 | epoch: 1 | total time: 174.61m
step 03999 (90.74%) | K: 3 | loss: 1.754933 | L1: 0.882454 | L2: 0.872651 | L3: 0.872307 | lrm: 0.19 | dt: 2627.93ms | tok/sec: 199,505 | mfu: 43.86 | epoch: 1 | total time: 174.65m
step 04000 (90.76%) | K: 3 | loss: 1.754281 | L1: 0.882116 | L2: 0.872335 | L3: 0.871994 | lrm: 0.18 | dt: 2621.40ms | tok/sec: 200,002 | mfu: 43.97 | epoch: 1 | total time: 174.69m
Step 04000 | Validation L1 bpb: 0.4618 | L2 bpb: 0.4567 | L3 bpb: 0.4566
2026-08-28 22:45:34,366 - nanochat.checkpoint_manager - [32m[1mINFO[0m - Saved optimizer state to: /home/jhu/xwang457/work/nanochat_cache/chatsft_checkpoints/d20-lf-k3-stackedu-python-budget/optim_004000_rank2.pt
2026-08-28 22:45:34,415 - nanochat.checkpoint_manager - [32m[1mINFO[0m - Saved optimizer state to: /home/jhu/xwang457/work/nanochat_cache/chatsft_checkpoints/d20-lf-k3-stackedu-python-budget/optim_004000_rank3.pt
2026-08-28 22:45:34,576 - nanochat.checkpoint_manager - [32m[1mINFO[0m - Saved optimizer state to: /home/jhu/xwang457/work/nanochat_cache/chatsft_checkpoints/d20-lf-k3-stackedu-python-budget/optim_004000_rank1.pt
2026-08-28 22:45:35,811 - nanochat.checkpoint_manager - [32m[1mINFO[0m - Saved model parameters to: /home/jhu/xwang457/work/nanochat_cache/chatsft_checkpoints/d20-lf-k3-stackedu-python-budget/model_004000.pt
2026-08-28 22:45:35,814 - nanochat.checkpoint_manager - [32m[1mINFO[0m - Saved metadata to: /home/jhu/xwang457/work/nanochat_cache/chatsft_checkpoints/d20-lf-k3-stackedu-python-budget/meta_004000.json
2026-08-28 22:45:36,459 - nanochat.checkpoint_manager - [32m[1mINFO[0m - Saved optimizer state to: /home/jhu/xwang457/work/nanochat_cache/chatsft_checkpoints/d20-lf-k3-stackedu-python-budget/optim_004000_rank0.pt
step 04001 (90.79%) | K: 3 | loss: 1.760097 | L1: 0.885019 | L2: 0.875242 | L3: 0.874913 | lrm: 0.18 | dt: 2614.28ms | tok/sec: 200,547 | mfu: 44.09 | epoch: 1 | total time: 174.74m
step 04002 (90.81%) | K: 3 | loss: 1.753258 | L1: 0.881580 | L2: 0.871841 | L3: 0.871515 | lrm: 0.18 | dt: 2625.04ms | tok/sec: 199,725 | mfu: 43.91 | epoch: 1 | total time: 174.78m
step 04003 (90.83%) | K: 3 | loss: 1.754972 | L1: 0.882480 | L2: 0.872647 | L3: 0.872335 | lrm: 0.18 | dt: 2621.05ms | tok/sec: 200,030 | mfu: 43.98 | epoch: 1 | total time: 174.82m
step 04004 (90.86%) | K: 3 | loss: 1.769737 | L1: 0.889902 | L2: 0.879998 | L3: 0.879672 | lrm: 0.18 | dt: 2622.73ms | tok/sec: 199,901 | mfu: 43.95 | epoch: 1 | total time: 174.87m
step 04005 (90.88%) | K: 3 | loss: 1.763790 | L1: 0.886892 | L2: 0.877058 | L3: 0.876738 | lrm: 0.18 | dt: 2622.44ms | tok/sec: 199,923 | mfu: 43.96 | epoch: 1 | total time: 174.91m
step 04006 (90.90%) | K: 3 | loss: 1.748732 | L1: 0.879311 | L2: 0.869576 | L3: 0.869267 | lrm: 0.18 | dt: 2625.85ms | tok/sec: 199,664 | mfu: 43.90 | epoch: 1 | total time: 174.96m
step 04007 (90.92%) | K: 3 | loss: 1.754189 | L1: 0.882050 | L2: 0.872288 | L3: 0.871989 | lrm: 0.18 | dt: 2625.57ms | tok/sec: 199,685 | mfu: 43.90 | epoch: 1 | total time: 175.00m
step 04008 (90.95%) | K: 3 | loss: 1.749559 | L1: 0.879738 | L2: 0.869962 | L3: 0.869679 | lrm: 0.18 | dt: 2623.20ms | tok/sec: 199,865 | mfu: 43.94 | epoch: 1 | total time: 175.04m
step 04009 (90.97%) | K: 3 | loss: 1.751774 | L1: 0.880835 | L2: 0.871072 | L3: 0.870805 | lrm: 0.18 | dt: 2626.10ms | tok/sec: 199,645 | mfu: 43.90 | epoch: 1 | total time: 175.09m
step 04010 (90.99%) | K: 3 | loss: 1.753217 | L1: 0.881599 | L2: 0.871749 | L3: 0.871487 | lrm: 0.18 | dt: 2627.06ms | tok/sec: 199,572 | mfu: 43.88 | epoch: 1 | total time: 175.13m
step 04011 (91.01%) | K: 3 | loss: 1.761961 | L1: 0.885916 | L2: 0.876171 | L3: 0.875918 | lrm: 0.18 | dt: 2621.55ms | tok/sec: 199,991 | mfu: 43.97 | epoch: 1 | total time: 175.17m
step 04012 (91.04%) | K: 3 | loss: 1.763705 | L1: 0.886790 | L2: 0.877045 | L3: 0.876785 | lrm: 0.18 | dt: 2622.18ms | tok/sec: 199,943 | mfu: 43.96 | epoch: 1 | total time: 175.22m
step 04013 (91.06%) | K: 3 | loss: 1.759357 | L1: 0.884606 | L2: 0.874887 | L3: 0.874614 | lrm: 0.18 | dt: 2627.22ms | tok/sec: 199,559 | mfu: 43.88 | epoch: 1 | total time: 175.26m
step 04014 (91.08%) | K: 3 | loss: 1.750926 | L1: 0.880426 | L2: 0.870656 | L3: 0.870344 | lrm: 0.18 | dt: 2623.40ms | tok/sec: 199,850 | mfu: 43.94 | epoch: 1 | total time: 175.31m
step 04015 (91.11%) | K: 3 | loss: 1.742920 | L1: 0.876447 | L2: 0.866626 | L3: 0.866319 | lrm: 0.18 | dt: 2623.57ms | tok/sec: 199,837 | mfu: 43.94 | epoch: 1 | total time: 175.35m
step 04016 (91.13%) | K: 3 | loss: 1.737422 | L1: 0.873743 | L2: 0.863838 | L3: 0.863521 | lrm: 0.18 | dt: 2622.82ms | tok/sec: 199,894 | mfu: 43.95 | epoch: 1 | total time: 175.39m
step 04017 (91.15%) | K: 3 | loss: 1.735254 | L1: 0.872628 | L2: 0.862796 | L3: 0.862455 | lrm: 0.18 | dt: 2627.52ms | tok/sec: 199,537 | mfu: 43.87 | epoch: 1 | total time: 175.44m
step 04018 (91.17%) | K: 3 | loss: 1.728346 | L1: 0.869152 | L2: 0.859361 | L3: 0.859027 | lrm: 0.18 | dt: 2626.13ms | tok/sec: 199,642 | mfu: 43.89 | epoch: 1 | total time: 175.48m
step 04019 (91.20%) | K: 3 | loss: 1.729183 | L1: 0.869647 | L2: 0.859686 | L3: 0.859385 | lrm: 0.18 | dt: 2619.46ms | tok/sec: 200,150 | mfu: 44.01 | epoch: 1 | total time: 175.52m
step 04020 (91.22%) | K: 3 | loss: 1.734260 | L1: 0.872148 | L2: 0.862262 | L3: 0.861961 | lrm: 0.18 | dt: 2625.98ms | tok/sec: 199,653 | mfu: 43.90 | epoch: 1 | total time: 175.57m
step 04021 (91.24%) | K: 3 | loss: 1.731746 | L1: 0.870856 | L2: 0.861037 | L3: 0.860742 | lrm: 0.18 | dt: 2631.25ms | tok/sec: 199,253 | mfu: 43.81 | epoch: 1 | total time: 175.61m
step 04022 (91.26%) | K: 3 | loss: 1.729752 | L1: 0.869819 | L2: 0.860091 | L3: 0.859776 | lrm: 0.17 | dt: 2620.95ms | tok/sec: 200,037 | mfu: 43.98 | epoch: 1 | total time: 175.66m
step 04023 (91.29%) | K: 3 | loss: 1.735641 | L1: 0.872741 | L2: 0.863045 | L3: 0.862755 | lrm: 0.17 | dt: 2625.60ms | tok/sec: 199,682 | mfu: 43.90 | epoch: 1 | total time: 175.70m
step 04024 (91.31%) | K: 3 | loss: 1.728369 | L1: 0.869149 | L2: 0.859365 | L3: 0.859076 | lrm: 0.17 | dt: 2624.66ms | tok/sec: 199,754 | mfu: 43.92 | epoch: 1 | total time: 175.74m
step 04025 (91.33%) | K: 3 | loss: 1.716541 | L1: 0.863175 | L2: 0.853500 | L3: 0.853231 | lrm: 0.17 | dt: 2626.65ms | tok/sec: 199,603 | mfu: 43.89 | epoch: 1 | total time: 175.79m
step 04026 (91.35%) | K: 3 | loss: 1.727733 | L1: 0.868791 | L2: 0.859081 | L3: 0.858803 | lrm: 0.17 | dt: 2623.73ms | tok/sec: 199,825 | mfu: 43.94 | epoch: 1 | total time: 175.83m
step 04027 (91.38%) | K: 3 | loss: 1.727465 | L1: 0.868690 | L2: 0.858918 | L3: 0.858631 | lrm: 0.17 | dt: 2626.08ms | tok/sec: 199,646 | mfu: 43.90 | epoch: 1 | total time: 175.87m
step 04028 (91.40%) | K: 3 | loss: 1.728727 | L1: 0.869337 | L2: 0.859547 | L3: 0.859232 | lrm: 0.17 | dt: 2627.48ms | tok/sec: 199,540 | mfu: 43.87 | epoch: 1 | total time: 175.92m
step 04029 (91.42%) | K: 3 | loss: 1.730024 | L1: 0.869973 | L2: 0.860200 | L3: 0.859903 | lrm: 0.17 | dt: 2620.67ms | tok/sec: 200,058 | mfu: 43.99 | epoch: 1 | total time: 175.96m
step 04030 (91.45%) | K: 3 | loss: 1.724796 | L1: 0.867351 | L2: 0.857594 | L3: 0.857295 | lrm: 0.17 | dt: 2625.09ms | tok/sec: 199,722 | mfu: 43.91 | epoch: 1 | total time: 176.01m
step 04031 (91.47%) | K: 3 | loss: 1.733205 | L1: 0.871606 | L2: 0.861763 | L3: 0.861436 | lrm: 0.17 | dt: 2629.38ms | tok/sec: 199,395 | mfu: 43.84 | epoch: 1 | total time: 176.05m
step 04032 (91.49%) | K: 3 | loss: 1.737642 | L1: 0.873814 | L2: 0.864002 | L3: 0.863654 | lrm: 0.17 | dt: 2624.83ms | tok/sec: 199,741 | mfu: 43.92 | epoch: 1 | total time: 176.09m
step 04033 (91.51%) | K: 3 | loss: 1.733625 | L1: 0.871761 | L2: 0.862029 | L3: 0.861699 | lrm: 0.17 | dt: 2623.97ms | tok/sec: 199,807 | mfu: 43.93 | epoch: 1 | total time: 176.14m
step 04034 (91.54%) | K: 3 | loss: 1.730220 | L1: 0.870123 | L2: 0.860260 | L3: 0.859936 | lrm: 0.17 | dt: 2631.03ms | tok/sec: 199,270 | mfu: 43.81 | epoch: 1 | total time: 176.18m
step 04035 (91.56%) | K: 3 | loss: 1.728269 | L1: 0.869125 | L2: 0.859321 | L3: 0.858968 | lrm: 0.17 | dt: 2618.87ms | tok/sec: 200,196 | mfu: 44.02 | epoch: 1 | total time: 176.22m
step 04036 (91.58%) | K: 3 | loss: 1.725424 | L1: 0.867680 | L2: 0.857921 | L3: 0.857566 | lrm: 0.17 | dt: 2625.37ms | tok/sec: 199,700 | mfu: 43.91 | epoch: 1 | total time: 176.27m
step 04037 (91.60%) | K: 3 | loss: 1.730758 | L1: 0.870307 | L2: 0.860627 | L3: 0.860276 | lrm: 0.17 | dt: 2629.11ms | tok/sec: 199,416 | mfu: 43.85 | epoch: 1 | total time: 176.31m
step 04038 (91.63%) | K: 3 | loss: 1.727364 | L1: 0.868585 | L2: 0.858951 | L3: 0.858607 | lrm: 0.17 | dt: 2625.53ms | tok/sec: 199,688 | mfu: 43.90 | epoch: 1 | total time: 176.36m
step 04039 (91.65%) | K: 3 | loss: 1.722301 | L1: 0.866034 | L2: 0.856431 | L3: 0.856103 | lrm: 0.17 | dt: 2625.26ms | tok/sec: 199,708 | mfu: 43.91 | epoch: 1 | total time: 176.40m
step 04040 (91.67%) | K: 3 | loss: 1.726327 | L1: 0.868015 | L2: 0.858481 | L3: 0.858142 | lrm: 0.17 | dt: 2625.46ms | tok/sec: 199,694 | mfu: 43.91 | epoch: 1 | total time: 176.44m
step 04041 (91.70%) | K: 3 | loss: 1.715753 | L1: 0.862717 | L2: 0.853207 | L3: 0.852865 | lrm: 0.17 | dt: 2625.77ms | tok/sec: 199,670 | mfu: 43.90 | epoch: 1 | total time: 176.49m
step 04042 (91.72%) | K: 3 | loss: 1.728867 | L1: 0.869277 | L2: 0.859773 | L3: 0.859408 | lrm: 0.17 | dt: 2622.85ms | tok/sec: 199,892 | mfu: 43.95 | epoch: 1 | total time: 176.53m
step 04043 (91.74%) | K: 3 | loss: 1.726863 | L1: 0.868267 | L2: 0.858770 | L3: 0.858422 | lrm: 0.17 | dt: 2627.43ms | tok/sec: 199,544 | mfu: 43.87 | epoch: 1 | total time: 176.57m
step 04044 (91.76%) | K: 3 | loss: 1.722892 | L1: 0.866273 | L2: 0.856799 | L3: 0.856439 | lrm: 0.16 | dt: 2627.57ms | tok/sec: 199,533 | mfu: 43.87 | epoch: 1 | total time: 176.62m
step 04045 (91.79%) | K: 3 | loss: 1.716113 | L1: 0.862875 | L2: 0.853421 | L3: 0.853056 | lrm: 0.16 | dt: 2620.92ms | tok/sec: 200,039 | mfu: 43.98 | epoch: 1 | total time: 176.66m
step 04046 (91.81%) | K: 3 | loss: 1.725426 | L1: 0.867558 | L2: 0.858062 | L3: 0.857674 | lrm: 0.16 | dt: 2622.73ms | tok/sec: 199,901 | mfu: 43.95 | epoch: 1 | total time: 176.71m
step 04047 (91.83%) | K: 3 | loss: 1.729960 | L1: 0.869829 | L2: 0.860319 | L3: 0.859944 | lrm: 0.16 | dt: 2621.88ms | tok/sec: 199,966 | mfu: 43.97 | epoch: 1 | total time: 176.75m
step 04048 (91.85%) | K: 3 | loss: 1.726575 | L1: 0.868090 | L2: 0.858664 | L3: 0.858308 | lrm: 0.16 | dt: 2627.37ms | tok/sec: 199,548 | mfu: 43.87 | epoch: 1 | total time: 176.79m
step 04049 (91.88%) | K: 3 | loss: 1.726384 | L1: 0.867965 | L2: 0.858583 | L3: 0.858255 | lrm: 0.16 | dt: 2621.61ms | tok/sec: 199,987 | mfu: 43.97 | epoch: 1 | total time: 176.84m
step 04050 (91.90%) | K: 3 | loss: 1.721242 | L1: 0.865416 | L2: 0.855976 | L3: 0.855675 | lrm: 0.16 | dt: 2621.77ms | tok/sec: 199,975 | mfu: 43.97 | epoch: 1 | total time: 176.88m
step 04051 (91.92%) | K: 3 | loss: 1.707515 | L1: 0.858670 | L2: 0.848997 | L3: 0.848692 | lrm: 0.16 | dt: 2630.49ms | tok/sec: 199,311 | mfu: 43.82 | epoch: 1 | total time: 176.92m
step 04052 (91.94%) | K: 3 | loss: 1.718067 | L1: 0.863959 | L2: 0.854265 | L3: 0.853951 | lrm: 0.16 | dt: 2627.07ms | tok/sec: 199,571 | mfu: 43.88 | epoch: 1 | total time: 176.97m
step 04053 (91.97%) | K: 3 | loss: 1.719537 | L1: 0.864729 | L2: 0.854969 | L3: 0.854647 | lrm: 0.16 | dt: 2621.74ms | tok/sec: 199,977 | mfu: 43.97 | epoch: 1 | total time: 177.01m
step 04054 (91.99%) | K: 3 | loss: 1.725224 | L1: 0.867540 | L2: 0.857843 | L3: 0.857526 | lrm: 0.16 | dt: 2625.41ms | tok/sec: 199,697 | mfu: 43.91 | epoch: 1 | total time: 177.06m
step 04055 (92.01%) | K: 3 | loss: 1.725899 | L1: 0.867881 | L2: 0.858188 | L3: 0.857848 | lrm: 0.16 | dt: 2627.45ms | tok/sec: 199,542 | mfu: 43.87 | epoch: 1 | total time: 177.10m
step 04056 (92.04%) | K: 3 | loss: 1.726462 | L1: 0.868140 | L2: 0.858489 | L3: 0.858155 | lrm: 0.16 | dt: 2622.86ms | tok/sec: 199,891 | mfu: 43.95 | epoch: 1 | total time: 177.14m
step 04057 (92.06%) | K: 3 | loss: 1.733201 | L1: 0.871549 | L2: 0.861828 | L3: 0.861478 | lrm: 0.16 | dt: 2630.24ms | tok/sec: 199,331 | mfu: 43.83 | epoch: 1 | total time: 177.19m
step 04058 (92.08%) | K: 3 | loss: 1.732738 | L1: 0.871273 | L2: 0.861632 | L3: 0.861297 | lrm: 0.16 | dt: 2625.75ms | tok/sec: 199,671 | mfu: 43.90 | epoch: 1 | total time: 177.23m
step 04059 (92.10%) | K: 3 | loss: 1.749710 | L1: 0.879826 | L2: 0.870067 | L3: 0.869701 | lrm: 0.16 | dt: 2622.23ms | tok/sec: 199,939 | mfu: 43.96 | epoch: 1 | total time: 177.27m
step 04060 (92.13%) | K: 3 | loss: 1.753925 | L1: 0.881983 | L2: 0.872120 | L3: 0.871765 | lrm: 0.16 | dt: 2626.98ms | tok/sec: 199,578 | mfu: 43.88 | epoch: 1 | total time: 177.32m
step 04061 (92.15%) | K: 3 | loss: 1.740419 | L1: 0.875184 | L2: 0.865407 | L3: 0.865063 | lrm: 0.16 | dt: 2628.00ms | tok/sec: 199,500 | mfu: 43.86 | epoch: 1 | total time: 177.36m
step 04062 (92.17%) | K: 3 | loss: 1.738336 | L1: 0.874128 | L2: 0.864376 | L3: 0.864041 | lrm: 0.16 | dt: 2623.16ms | tok/sec: 199,869 | mfu: 43.94 | epoch: 1 | total time: 177.41m
step 04063 (92.19%) | K: 3 | loss: 1.737186 | L1: 0.873499 | L2: 0.863849 | L3: 0.863525 | lrm: 0.16 | dt: 2626.69ms | tok/sec: 199,600 | mfu: 43.89 | epoch: 1 | total time: 177.45m
step 04064 (92.22%) | K: 3 | loss: 1.737860 | L1: 0.873883 | L2: 0.864150 | L3: 0.863804 | lrm: 0.16 | dt: 2624.24ms | tok/sec: 199,786 | mfu: 43.93 | epoch: 1 | total time: 177.49m
step 04065 (92.24%) | K: 3 | loss: 1.741371 | L1: 0.875641 | L2: 0.865910 | L3: 0.865550 | lrm: 0.16 | dt: 2624.93ms | tok/sec: 199,734 | mfu: 43.92 | epoch: 1 | total time: 177.54m
step 04066 (92.26%) | K: 3 | loss: 1.737368 | L1: 0.873643 | L2: 0.863899 | L3: 0.863549 | lrm: 0.15 | dt: 2625.17ms | tok/sec: 199,715 | mfu: 43.91 | epoch: 1 | total time: 177.58m
step 04067 (92.29%) | K: 3 | loss: 1.726864 | L1: 0.868308 | L2: 0.858729 | L3: 0.858381 | lrm: 0.15 | dt: 2624.60ms | tok/sec: 199,759 | mfu: 43.92 | epoch: 1 | total time: 177.62m
step 04068 (92.31%) | K: 3 | loss: 1.726208 | L1: 0.867969 | L2: 0.858427 | L3: 0.858050 | lrm: 0.15 | dt: 2628.59ms | tok/sec: 199,455 | mfu: 43.85 | epoch: 1 | total time: 177.67m
step 04069 (92.33%) | K: 3 | loss: 1.728383 | L1: 0.869064 | L2: 0.859508 | L3: 0.859129 | lrm: 0.15 | dt: 2623.76ms | tok/sec: 199,823 | mfu: 43.93 | epoch: 1 | total time: 177.71m
step 04070 (92.35%) | K: 3 | loss: 1.732026 | L1: 0.870855 | L2: 0.861336 | L3: 0.861007 | lrm: 0.15 | dt: 2628.43ms | tok/sec: 199,468 | mfu: 43.86 | epoch: 1 | total time: 177.76m
step 04071 (92.38%) | K: 3 | loss: 1.728313 | L1: 0.869018 | L2: 0.859453 | L3: 0.859137 | lrm: 0.15 | dt: 2625.56ms | tok/sec: 199,686 | mfu: 43.90 | epoch: 1 | total time: 177.80m
step 04072 (92.40%) | K: 3 | loss: 1.743651 | L1: 0.876693 | L2: 0.867115 | L3: 0.866801 | lrm: 0.15 | dt: 2624.80ms | tok/sec: 199,743 | mfu: 43.92 | epoch: 1 | total time: 177.84m
step 04073 (92.42%) | K: 3 | loss: 1.744860 | L1: 0.877264 | L2: 0.867748 | L3: 0.867444 | lrm: 0.15 | dt: 2625.94ms | tok/sec: 199,657 | mfu: 43.90 | epoch: 1 | total time: 177.89m
step 04074 (92.44%) | K: 3 | loss: 1.736873 | L1: 0.873237 | L2: 0.863794 | L3: 0.863480 | lrm: 0.15 | dt: 2626.16ms | tok/sec: 199,640 | mfu: 43.89 | epoch: 1 | total time: 177.93m
step 04075 (92.47%) | K: 3 | loss: 1.740760 | L1: 0.875182 | L2: 0.865728 | L3: 0.865427 | lrm: 0.15 | dt: 2625.42ms | tok/sec: 199,697 | mfu: 43.91 | epoch: 1 | total time: 177.97m
step 04076 (92.49%) | K: 3 | loss: 1.737764 | L1: 0.873738 | L2: 0.864173 | L3: 0.863878 | lrm: 0.15 | dt: 2626.72ms | tok/sec: 199,598 | mfu: 43.89 | epoch: 1 | total time: 178.02m
step 04077 (92.51%) | K: 3 | loss: 1.745471 | L1: 0.877640 | L2: 0.867988 | L3: 0.867674 | lrm: 0.15 | dt: 2625.56ms | tok/sec: 199,686 | mfu: 43.90 | epoch: 1 | total time: 178.06m
step 04078 (92.53%) | K: 3 | loss: 1.741056 | L1: 0.875436 | L2: 0.865785 | L3: 0.865456 | lrm: 0.15 | dt: 2627.65ms | tok/sec: 199,527 | mfu: 43.87 | epoch: 1 | total time: 178.11m
step 04079 (92.56%) | K: 3 | loss: 1.738787 | L1: 0.874315 | L2: 0.864641 | L3: 0.864303 | lrm: 0.15 | dt: 2628.17ms | tok/sec: 199,487 | mfu: 43.86 | epoch: 1 | total time: 178.15m
step 04080 (92.58%) | K: 3 | loss: 1.730910 | L1: 0.870404 | L2: 0.860676 | L3: 0.860336 | lrm: 0.15 | dt: 2624.24ms | tok/sec: 199,786 | mfu: 43.93 | epoch: 1 | total time: 178.19m
step 04081 (92.60%) | K: 3 | loss: 1.729534 | L1: 0.869679 | L2: 0.860017 | L3: 0.859692 | lrm: 0.15 | dt: 2629.56ms | tok/sec: 199,382 | mfu: 43.84 | epoch: 1 | total time: 178.24m
step 04082 (92.63%) | K: 3 | loss: 1.726006 | L1: 0.867898 | L2: 0.858266 | L3: 0.857950 | lrm: 0.15 | dt: 2625.80ms | tok/sec: 199,668 | mfu: 43.90 | epoch: 1 | total time: 178.28m
step 04083 (92.65%) | K: 3 | loss: 1.726347 | L1: 0.868066 | L2: 0.858445 | L3: 0.858116 | lrm: 0.15 | dt: 2624.64ms | tok/sec: 199,756 | mfu: 43.92 | epoch: 1 | total time: 178.33m
step 04084 (92.67%) | K: 3 | loss: 1.742858 | L1: 0.876336 | L2: 0.866689 | L3: 0.866355 | lrm: 0.15 | dt: 2629.60ms | tok/sec: 199,379 | mfu: 43.84 | epoch: 1 | total time: 178.37m
step 04085 (92.69%) | K: 3 | loss: 1.732031 | L1: 0.870891 | L2: 0.861302 | L3: 0.860979 | lrm: 0.15 | dt: 2624.47ms | tok/sec: 199,769 | mfu: 43.92 | epoch: 1 | total time: 178.41m
step 04086 (92.72%) | K: 3 | loss: 1.732005 | L1: 0.870919 | L2: 0.861243 | L3: 0.860928 | lrm: 0.15 | dt: 2628.83ms | tok/sec: 199,437 | mfu: 43.85 | epoch: 1 | total time: 178.46m
step 04087 (92.74%) | K: 3 | loss: 1.720305 | L1: 0.865131 | L2: 0.855331 | L3: 0.855016 | lrm: 0.15 | dt: 2626.65ms | tok/sec: 199,603 | mfu: 43.89 | epoch: 1 | total time: 178.50m
step 04088 (92.76%) | K: 3 | loss: 1.733918 | L1: 0.872004 | L2: 0.862073 | L3: 0.861756 | lrm: 0.14 | dt: 2623.99ms | tok/sec: 199,805 | mfu: 43.93 | epoch: 1 | total time: 178.54m
step 04089 (92.78%) | K: 3 | loss: 1.736349 | L1: 0.873229 | L2: 0.863276 | L3: 0.862965 | lrm: 0.14 | dt: 2625.61ms | tok/sec: 199,682 | mfu: 43.90 | epoch: 1 | total time: 178.59m
step 04090 (92.81%) | K: 3 | loss: 1.720214 | L1: 0.865116 | L2: 0.855255 | L3: 0.854941 | lrm: 0.14 | dt: 2631.12ms | tok/sec: 199,263 | mfu: 43.81 | epoch: 1 | total time: 178.63m
step 04091 (92.83%) | K: 3 | loss: 1.709573 | L1: 0.859736 | L2: 0.849993 | L3: 0.849680 | lrm: 0.14 | dt: 2622.91ms | tok/sec: 199,887 | mfu: 43.95 | epoch: 1 | total time: 178.68m
step 04092 (92.85%) | K: 3 | loss: 1.702439 | L1: 0.856126 | L2: 0.846471 | L3: 0.846156 | lrm: 0.14 | dt: 2624.93ms | tok/sec: 199,733 | mfu: 43.92 | epoch: 1 | total time: 178.72m
step 04093 (92.87%) | K: 3 | loss: 1.700728 | L1: 0.855265 | L2: 0.845630 | L3: 0.845297 | lrm: 0.14 | dt: 2625.06ms | tok/sec: 199,723 | mfu: 43.91 | epoch: 1 | total time: 178.76m
step 04094 (92.90%) | K: 3 | loss: 1.706700 | L1: 0.858266 | L2: 0.848603 | L3: 0.848265 | lrm: 0.14 | dt: 2625.99ms | tok/sec: 199,653 | mfu: 43.90 | epoch: 1 | total time: 178.81m
step 04095 (92.92%) | K: 3 | loss: 1.705465 | L1: 0.857722 | L2: 0.847909 | L3: 0.847577 | lrm: 0.14 | dt: 2630.28ms | tok/sec: 199,328 | mfu: 43.83 | epoch: 1 | total time: 178.85m
step 04096 (92.94%) | K: 3 | loss: 1.710446 | L1: 0.860240 | L2: 0.850370 | L3: 0.850043 | lrm: 0.14 | dt: 2626.77ms | tok/sec: 199,594 | mfu: 43.88 | epoch: 1 | total time: 178.89m
step 04097 (92.97%) | K: 3 | loss: 1.704717 | L1: 0.857368 | L2: 0.847524 | L3: 0.847176 | lrm: 0.14 | dt: 2628.40ms | tok/sec: 199,470 | mfu: 43.86 | epoch: 1 | total time: 178.94m
step 04098 (92.99%) | K: 3 | loss: 1.706147 | L1: 0.858086 | L2: 0.848249 | L3: 0.847873 | lrm: 0.14 | dt: 2625.90ms | tok/sec: 199,660 | mfu: 43.90 | epoch: 1 | total time: 178.98m
step 04099 (93.01%) | K: 3 | loss: 1.715101 | L1: 0.862581 | L2: 0.852713 | L3: 0.852328 | lrm: 0.14 | dt: 2626.69ms | tok/sec: 199,600 | mfu: 43.89 | epoch: 1 | total time: 179.03m
step 04100 (93.03%) | K: 3 | loss: 1.715125 | L1: 0.862572 | L2: 0.852739 | L3: 0.852368 | lrm: 0.14 | dt: 2626.40ms | tok/sec: 199,622 | mfu: 43.89 | epoch: 1 | total time: 179.07m
step 04101 (93.06%) | K: 3 | loss: 1.712332 | L1: 0.861186 | L2: 0.851330 | L3: 0.850963 | lrm: 0.14 | dt: 2627.53ms | tok/sec: 199,536 | mfu: 43.87 | epoch: 1 | total time: 179.11m
step 04102 (93.08%) | K: 3 | loss: 1.720988 | L1: 0.865499 | L2: 0.855672 | L3: 0.855305 | lrm: 0.14 | dt: 2624.34ms | tok/sec: 199,779 | mfu: 43.92 | epoch: 1 | total time: 179.16m
step 04103 (93.10%) | K: 3 | loss: 1.712480 | L1: 0.861180 | L2: 0.851475 | L3: 0.851126 | lrm: 0.14 | dt: 2631.64ms | tok/sec: 199,224 | mfu: 43.80 | epoch: 1 | total time: 179.20m
step 04104 (93.12%) | K: 3 | loss: 1.716647 | L1: 0.863226 | L2: 0.853582 | L3: 0.853261 | lrm: 0.14 | dt: 2624.48ms | tok/sec: 199,768 | mfu: 43.92 | epoch: 1 | total time: 179.24m
step 04105 (93.15%) | K: 3 | loss: 1.713737 | L1: 0.861810 | L2: 0.852072 | L3: 0.851782 | lrm: 0.14 | dt: 2628.40ms | tok/sec: 199,470 | mfu: 43.86 | epoch: 1 | total time: 179.29m
step 04106 (93.17%) | K: 3 | loss: 1.712606 | L1: 0.861282 | L2: 0.851482 | L3: 0.851166 | lrm: 0.14 | dt: 2622.70ms | tok/sec: 199,904 | mfu: 43.95 | epoch: 1 | total time: 179.33m
step 04107 (93.19%) | K: 3 | loss: 1.714121 | L1: 0.862055 | L2: 0.852211 | L3: 0.851921 | lrm: 0.14 | dt: 2628.85ms | tok/sec: 199,436 | mfu: 43.85 | epoch: 1 | total time: 179.38m
step 04108 (93.22%) | K: 3 | loss: 1.717533 | L1: 0.863752 | L2: 0.853925 | L3: 0.853635 | lrm: 0.14 | dt: 2625.00ms | tok/sec: 199,728 | mfu: 43.91 | epoch: 1 | total time: 179.42m
step 04109 (93.24%) | K: 3 | loss: 1.715893 | L1: 0.862974 | L2: 0.853067 | L3: 0.852770 | lrm: 0.14 | dt: 2626.44ms | tok/sec: 199,619 | mfu: 43.89 | epoch: 1 | total time: 179.46m
step 04110 (93.26%) | K: 3 | loss: 1.717764 | L1: 0.863873 | L2: 0.854039 | L3: 0.853743 | lrm: 0.13 | dt: 2625.10ms | tok/sec: 199,721 | mfu: 43.91 | epoch: 1 | total time: 179.51m
step 04111 (93.28%) | K: 3 | loss: 1.727411 | L1: 0.868660 | L2: 0.858910 | L3: 0.858593 | lrm: 0.13 | dt: 2624.13ms | tok/sec: 199,795 | mfu: 43.93 | epoch: 1 | total time: 179.55m
step 04112 (93.31%) | K: 3 | loss: 1.718315 | L1: 0.864124 | L2: 0.854351 | L3: 0.854031 | lrm: 0.13 | dt: 2626.05ms | tok/sec: 199,648 | mfu: 43.90 | epoch: 1 | total time: 179.59m
step 04113 (93.33%) | K: 3 | loss: 1.712448 | L1: 0.861213 | L2: 0.851389 | L3: 0.851082 | lrm: 0.13 | dt: 2624.44ms | tok/sec: 199,771 | mfu: 43.92 | epoch: 1 | total time: 179.64m
step 04114 (93.35%) | K: 3 | loss: 1.707351 | L1: 0.858652 | L2: 0.848850 | L3: 0.848549 | lrm: 0.13 | dt: 2630.97ms | tok/sec: 199,275 | mfu: 43.81 | epoch: 1 | total time: 179.68m
step 04115 (93.37%) | K: 3 | loss: 1.705933 | L1: 0.857925 | L2: 0.848152 | L3: 0.847863 | lrm: 0.13 | dt: 2622.39ms | tok/sec: 199,927 | mfu: 43.96 | epoch: 1 | total time: 179.73m
step 04116 (93.40%) | K: 3 | loss: 1.708125 | L1: 0.859004 | L2: 0.849262 | L3: 0.848979 | lrm: 0.13 | dt: 2624.28ms | tok/sec: 199,783 | mfu: 43.93 | epoch: 1 | total time: 179.77m
step 04117 (93.42%) | K: 3 | loss: 1.709456 | L1: 0.859687 | L2: 0.849905 | L3: 0.849633 | lrm: 0.13 | dt: 2627.30ms | tok/sec: 199,554 | mfu: 43.88 | epoch: 1 | total time: 179.81m
step 04118 (93.44%) | K: 3 | loss: 1.705405 | L1: 0.857681 | L2: 0.847862 | L3: 0.847585 | lrm: 0.13 | dt: 2629.30ms | tok/sec: 199,402 | mfu: 43.84 | epoch: 1 | total time: 179.86m
step 04119 (93.46%) | K: 3 | loss: 1.704701 | L1: 0.857351 | L2: 0.847490 | L3: 0.847211 | lrm: 0.13 | dt: 2625.68ms | tok/sec: 199,676 | mfu: 43.90 | epoch: 1 | total time: 179.90m
step 04120 (93.49%) | K: 3 | loss: 1.698116 | L1: 0.854014 | L2: 0.844253 | L3: 0.843949 | lrm: 0.13 | dt: 2628.79ms | tok/sec: 199,440 | mfu: 43.85 | epoch: 1 | total time: 179.94m
step 04121 (93.51%) | K: 3 | loss: 1.697343 | L1: 0.853612 | L2: 0.843897 | L3: 0.843564 | lrm: 0.13 | dt: 2626.40ms | tok/sec: 199,622 | mfu: 43.89 | epoch: 1 | total time: 179.99m
step 04122 (93.53%) | K: 3 | loss: 1.693493 | L1: 0.851620 | L2: 0.842037 | L3: 0.841709 | lrm: 0.13 | dt: 2627.75ms | tok/sec: 199,520 | mfu: 43.87 | epoch: 1 | total time: 180.03m
step 04123 (93.56%) | K: 3 | loss: 1.696451 | L1: 0.853087 | L2: 0.843525 | L3: 0.843203 | lrm: 0.13 | dt: 2627.27ms | tok/sec: 199,555 | mfu: 43.88 | epoch: 1 | total time: 180.08m
step 04124 (93.58%) | K: 3 | loss: 1.701896 | L1: 0.855795 | L2: 0.846257 | L3: 0.845945 | lrm: 0.13 | dt: 2624.36ms | tok/sec: 199,777 | mfu: 43.92 | epoch: 1 | total time: 180.12m
step 04125 (93.60%) | K: 3 | loss: 1.704355 | L1: 0.857004 | L2: 0.847510 | L3: 0.847191 | lrm: 0.13 | dt: 2626.88ms | tok/sec: 199,585 | mfu: 43.88 | epoch: 1 | total time: 180.16m
step 04126 (93.62%) | K: 3 | loss: 1.703776 | L1: 0.856718 | L2: 0.847216 | L3: 0.846901 | lrm: 0.13 | dt: 2624.69ms | tok/sec: 199,752 | mfu: 43.92 | epoch: 1 | total time: 180.21m
step 04127 (93.65%) | K: 3 | loss: 1.694169 | L1: 0.851921 | L2: 0.842403 | L3: 0.842091 | lrm: 0.13 | dt: 2624.81ms | tok/sec: 199,742 | mfu: 43.92 | epoch: 1 | total time: 180.25m
step 04128 (93.67%) | K: 3 | loss: 1.689325 | L1: 0.849468 | L2: 0.840011 | L3: 0.839703 | lrm: 0.13 | dt: 2630.37ms | tok/sec: 199,320 | mfu: 43.82 | epoch: 1 | total time: 180.30m
step 04129 (93.69%) | K: 3 | loss: 1.687750 | L1: 0.848699 | L2: 0.839198 | L3: 0.838902 | lrm: 0.13 | dt: 2624.36ms | tok/sec: 199,777 | mfu: 43.92 | epoch: 1 | total time: 180.34m
step 04130 (93.71%) | K: 3 | loss: 1.689119 | L1: 0.849355 | L2: 0.839916 | L3: 0.839613 | lrm: 0.13 | dt: 2628.93ms | tok/sec: 199,429 | mfu: 43.85 | epoch: 1 | total time: 180.38m
step 04131 (93.74%) | K: 3 | loss: 1.699413 | L1: 0.854538 | L2: 0.845035 | L3: 0.844714 | lrm: 0.13 | dt: 2626.06ms | tok/sec: 199,647 | mfu: 43.90 | epoch: 1 | total time: 180.43m
step 04132 (93.76%) | K: 3 | loss: 1.705665 | L1: 0.857676 | L2: 0.848145 | L3: 0.847834 | lrm: 0.12 | dt: 2624.61ms | tok/sec: 199,758 | mfu: 43.92 | epoch: 1 | total time: 180.47m
step 04133 (93.78%) | K: 3 | loss: 1.714946 | L1: 0.862338 | L2: 0.852755 | L3: 0.852461 | lrm: 0.12 | dt: 2632.46ms | tok/sec: 199,163 | mfu: 43.79 | epoch: 1 | total time: 180.51m
step 04134 (93.81%) | K: 3 | loss: 1.719390 | L1: 0.864584 | L2: 0.854959 | L3: 0.854652 | lrm: 0.12 | dt: 2620.30ms | tok/sec: 200,087 | mfu: 43.99 | epoch: 1 | total time: 180.56m
step 04135 (93.83%) | K: 3 | loss: 1.710634 | L1: 0.860226 | L2: 0.850570 | L3: 0.850246 | lrm: 0.12 | dt: 2624.27ms | tok/sec: 199,784 | mfu: 43.93 | epoch: 1 | total time: 180.60m
step 04136 (93.85%) | K: 3 | loss: 1.703084 | L1: 0.856416 | L2: 0.846829 | L3: 0.846508 | lrm: 0.12 | dt: 2624.28ms | tok/sec: 199,783 | mfu: 43.93 | epoch: 1 | total time: 180.65m
step 04137 (93.87%) | K: 3 | loss: 1.707412 | L1: 0.858623 | L2: 0.848955 | L3: 0.848624 | lrm: 0.12 | dt: 2629.75ms | tok/sec: 199,367 | mfu: 43.83 | epoch: 1 | total time: 180.69m
step 04138 (93.90%) | K: 3 | loss: 1.707010 | L1: 0.858395 | L2: 0.848787 | L3: 0.848443 | lrm: 0.12 | dt: 2622.72ms | tok/sec: 199,902 | mfu: 43.95 | epoch: 1 | total time: 180.73m
step 04139 (93.92%) | K: 3 | loss: 1.704829 | L1: 0.857301 | L2: 0.847698 | L3: 0.847358 | lrm: 0.12 | dt: 2624.81ms | tok/sec: 199,743 | mfu: 43.92 | epoch: 1 | total time: 180.78m
step 04140 (93.94%) | K: 3 | loss: 1.711309 | L1: 0.860572 | L2: 0.850913 | L3: 0.850563 | lrm: 0.12 | dt: 2628.05ms | tok/sec: 199,497 | mfu: 43.86 | epoch: 1 | total time: 180.82m
step 04141 (93.96%) | K: 3 | loss: 1.707402 | L1: 0.858573 | L2: 0.848999 | L3: 0.848658 | lrm: 0.12 | dt: 2621.92ms | tok/sec: 199,963 | mfu: 43.97 | epoch: 1 | total time: 180.86m
step 04142 (93.99%) | K: 3 | loss: 1.711661 | L1: 0.860686 | L2: 0.851143 | L3: 0.850805 | lrm: 0.12 | dt: 2628.49ms | tok/sec: 199,463 | mfu: 43.86 | epoch: 1 | total time: 180.91m
step 04143 (94.01%) | K: 3 | loss: 1.714034 | L1: 0.861819 | L2: 0.852375 | L3: 0.852056 | lrm: 0.12 | dt: 2627.28ms | tok/sec: 199,555 | mfu: 43.88 | epoch: 1 | total time: 180.95m
step 04144 (94.03%) | K: 3 | loss: 1.720756 | L1: 0.865245 | L2: 0.855674 | L3: 0.855349 | lrm: 0.12 | dt: 2625.01ms | tok/sec: 199,728 | mfu: 43.91 | epoch: 1 | total time: 181.00m
step 04145 (94.05%) | K: 3 | loss: 1.720964 | L1: 0.865307 | L2: 0.855823 | L3: 0.855491 | lrm: 0.12 | dt: 2626.53ms | tok/sec: 199,612 | mfu: 43.89 | epoch: 1 | total time: 181.04m
step 04146 (94.08%) | K: 3 | loss: 1.724843 | L1: 0.867275 | L2: 0.857736 | L3: 0.857402 | lrm: 0.12 | dt: 2628.04ms | tok/sec: 199,497 | mfu: 43.86 | epoch: 1 | total time: 181.08m
step 04147 (94.10%) | K: 3 | loss: 1.723431 | L1: 0.866563 | L2: 0.857044 | L3: 0.856693 | lrm: 0.12 | dt: 2621.99ms | tok/sec: 199,957 | mfu: 43.96 | epoch: 1 | total time: 181.13m
step 04148 (94.12%) | K: 3 | loss: 1.725312 | L1: 0.867510 | L2: 0.857986 | L3: 0.857618 | lrm: 0.12 | dt: 2627.86ms | tok/sec: 199,511 | mfu: 43.87 | epoch: 1 | total time: 181.17m
step 04149 (94.15%) | K: 3 | loss: 1.726308 | L1: 0.867996 | L2: 0.858486 | L3: 0.858139 | lrm: 0.12 | dt: 2630.41ms | tok/sec: 199,317 | mfu: 43.82 | epoch: 1 | total time: 181.21m
step 04150 (94.17%) | K: 3 | loss: 1.728245 | L1: 0.868966 | L2: 0.859451 | L3: 0.859106 | lrm: 0.12 | dt: 2625.66ms | tok/sec: 199,678 | mfu: 43.90 | epoch: 1 | total time: 181.26m
step 04151 (94.19%) | K: 3 | loss: 1.720367 | L1: 0.865000 | L2: 0.855544 | L3: 0.855192 | lrm: 0.12 | dt: 2628.98ms | tok/sec: 199,426 | mfu: 43.85 | epoch: 1 | total time: 181.30m
step 04152 (94.21%) | K: 3 | loss: 1.714856 | L1: 0.862237 | L2: 0.852794 | L3: 0.852443 | lrm: 0.12 | dt: 2622.98ms | tok/sec: 199,882 | mfu: 43.95 | epoch: 1 | total time: 181.35m
step 04153 (94.24%) | K: 3 | loss: 1.710855 | L1: 0.860260 | L2: 0.850771 | L3: 0.850419 | lrm: 0.12 | dt: 2623.62ms | tok/sec: 199,833 | mfu: 43.94 | epoch: 1 | total time: 181.39m
step 04154 (94.26%) | K: 3 | loss: 1.709814 | L1: 0.859716 | L2: 0.850270 | L3: 0.849926 | lrm: 0.11 | dt: 2779.76ms | tok/sec: 188,609 | mfu: 41.47 | epoch: 1 | total time: 181.44m
step 04155 (94.28%) | K: 3 | loss: 1.722610 | L1: 0.866133 | L2: 0.856648 | L3: 0.856307 | lrm: 0.11 | dt: 2625.45ms | tok/sec: 199,694 | mfu: 43.91 | epoch: 1 | total time: 181.48m
step 04156 (94.30%) | K: 3 | loss: 1.734436 | L1: 0.872093 | L2: 0.862528 | L3: 0.862159 | lrm: 0.11 | dt: 2633.25ms | tok/sec: 199,102 | mfu: 43.78 | epoch: 1 | total time: 181.52m
step 04157 (94.33%) | K: 3 | loss: 1.727242 | L1: 0.868459 | L2: 0.858971 | L3: 0.858595 | lrm: 0.11 | dt: 2621.49ms | tok/sec: 199,996 | mfu: 43.97 | epoch: 1 | total time: 181.57m
step 04158 (94.35%) | K: 3 | loss: 1.731013 | L1: 0.870355 | L2: 0.860855 | L3: 0.860462 | lrm: 0.11 | dt: 2626.17ms | tok/sec: 199,639 | mfu: 43.89 | epoch: 1 | total time: 181.61m
step 04159 (94.37%) | K: 3 | loss: 1.736319 | L1: 0.873000 | L2: 0.863509 | L3: 0.863129 | lrm: 0.11 | dt: 2624.60ms | tok/sec: 199,759 | mfu: 43.92 | epoch: 1 | total time: 181.65m
step 04160 (94.40%) | K: 3 | loss: 1.738625 | L1: 0.874180 | L2: 0.864628 | L3: 0.864261 | lrm: 0.11 | dt: 2625.56ms | tok/sec: 199,686 | mfu: 43.90 | epoch: 1 | total time: 181.70m
step 04161 (94.42%) | K: 3 | loss: 1.745998 | L1: 0.877876 | L2: 0.868311 | L3: 0.867933 | lrm: 0.11 | dt: 2627.64ms | tok/sec: 199,527 | mfu: 43.87 | epoch: 1 | total time: 181.74m
step 04162 (94.44%) | K: 3 | loss: 1.747801 | L1: 0.878768 | L2: 0.869209 | L3: 0.868856 | lrm: 0.11 | dt: 2623.59ms | tok/sec: 199,835 | mfu: 43.94 | epoch: 1 | total time: 181.79m
step 04163 (94.46%) | K: 3 | loss: 1.756575 | L1: 0.883236 | L2: 0.873505 | L3: 0.873173 | lrm: 0.11 | dt: 2630.64ms | tok/sec: 199,300 | mfu: 43.82 | epoch: 1 | total time: 181.83m
step 04164 (94.49%) | K: 3 | loss: 1.746920 | L1: 0.878398 | L2: 0.868686 | L3: 0.868357 | lrm: 0.11 | dt: 2624.50ms | tok/sec: 199,767 | mfu: 43.92 | epoch: 1 | total time: 181.87m
step 04165 (94.51%) | K: 3 | loss: 1.749118 | L1: 0.879547 | L2: 0.869738 | L3: 0.869404 | lrm: 0.11 | dt: 2624.28ms | tok/sec: 199,783 | mfu: 43.93 | epoch: 1 | total time: 181.92m
step 04166 (94.53%) | K: 3 | loss: 1.746514 | L1: 0.878203 | L2: 0.868485 | L3: 0.868137 | lrm: 0.11 | dt: 2627.87ms | tok/sec: 199,510 | mfu: 43.87 | epoch: 1 | total time: 181.96m
step 04167 (94.55%) | K: 3 | loss: 1.741584 | L1: 0.875708 | L2: 0.866055 | L3: 0.865697 | lrm: 0.11 | dt: 2624.55ms | tok/sec: 199,762 | mfu: 43.92 | epoch: 1 | total time: 182.00m
step 04168 (94.58%) | K: 3 | loss: 1.736227 | L1: 0.872971 | L2: 0.863430 | L3: 0.863082 | lrm: 0.11 | dt: 2628.86ms | tok/sec: 199,435 | mfu: 43.85 | epoch: 1 | total time: 182.05m
step 04169 (94.60%) | K: 3 | loss: 1.726165 | L1: 0.867904 | L2: 0.858446 | L3: 0.858076 | lrm: 0.11 | dt: 2630.85ms | tok/sec: 199,284 | mfu: 43.82 | epoch: 1 | total time: 182.09m
step 04170 (94.62%) | K: 3 | loss: 1.731140 | L1: 0.870386 | L2: 0.860939 | L3: 0.860569 | lrm: 0.11 | dt: 2626.88ms | tok/sec: 199,585 | mfu: 43.88 | epoch: 1 | total time: 182.14m
step 04171 (94.64%) | K: 3 | loss: 1.731607 | L1: 0.870613 | L2: 0.861178 | L3: 0.860810 | lrm: 0.11 | dt: 2631.01ms | tok/sec: 199,272 | mfu: 43.81 | epoch: 1 | total time: 182.18m
step 04172 (94.67%) | K: 3 | loss: 1.731536 | L1: 0.870528 | L2: 0.861193 | L3: 0.860823 | lrm: 0.11 | dt: 2622.84ms | tok/sec: 199,893 | mfu: 43.95 | epoch: 1 | total time: 182.22m
step 04173 (94.69%) | K: 3 | loss: 1.727039 | L1: 0.868288 | L2: 0.858929 | L3: 0.858573 | lrm: 0.11 | dt: 2630.28ms | tok/sec: 199,327 | mfu: 43.83 | epoch: 1 | total time: 182.27m
step 04174 (94.71%) | K: 3 | loss: 1.719604 | L1: 0.864593 | L2: 0.855180 | L3: 0.854841 | lrm: 0.11 | dt: 2628.43ms | tok/sec: 199,467 | mfu: 43.86 | epoch: 1 | total time: 182.31m
step 04175 (94.74%) | K: 3 | loss: 1.718654 | L1: 0.864155 | L2: 0.854674 | L3: 0.854323 | lrm: 0.11 | dt: 2624.69ms | tok/sec: 199,752 | mfu: 43.92 | epoch: 1 | total time: 182.35m
step 04176 (94.76%) | K: 3 | loss: 1.716025 | L1: 0.862845 | L2: 0.853346 | L3: 0.853015 | lrm: 0.10 | dt: 2625.26ms | tok/sec: 199,709 | mfu: 43.91 | epoch: 1 | total time: 182.40m
step 04177 (94.78%) | K: 3 | loss: 1.721431 | L1: 0.865572 | L2: 0.856022 | L3: 0.855696 | lrm: 0.10 | dt: 2624.87ms | tok/sec: 199,738 | mfu: 43.92 | epoch: 1 | total time: 182.44m
step 04178 (94.80%) | K: 3 | loss: 1.721666 | L1: 0.865708 | L2: 0.856118 | L3: 0.855797 | lrm: 0.10 | dt: 2625.43ms | tok/sec: 199,696 | mfu: 43.91 | epoch: 1 | total time: 182.49m
step 04179 (94.83%) | K: 3 | loss: 1.727127 | L1: 0.868458 | L2: 0.858832 | L3: 0.858507 | lrm: 0.10 | dt: 2627.96ms | tok/sec: 199,503 | mfu: 43.86 | epoch: 1 | total time: 182.53m
step 04180 (94.85%) | K: 3 | loss: 1.729224 | L1: 0.869512 | L2: 0.859878 | L3: 0.859545 | lrm: 0.10 | dt: 2624.03ms | tok/sec: 199,802 | mfu: 43.93 | epoch: 1 | total time: 182.57m
step 04181 (94.87%) | K: 3 | loss: 1.728300 | L1: 0.869089 | L2: 0.859375 | L3: 0.859045 | lrm: 0.10 | dt: 2626.42ms | tok/sec: 199,620 | mfu: 43.89 | epoch: 1 | total time: 182.62m
step 04182 (94.89%) | K: 3 | loss: 1.728652 | L1: 0.869236 | L2: 0.859576 | L3: 0.859255 | lrm: 0.10 | dt: 2623.09ms | tok/sec: 199,874 | mfu: 43.95 | epoch: 1 | total time: 182.66m
step 04183 (94.92%) | K: 3 | loss: 1.720535 | L1: 0.865164 | L2: 0.855532 | L3: 0.855211 | lrm: 0.10 | dt: 2626.26ms | tok/sec: 199,632 | mfu: 43.89 | epoch: 1 | total time: 182.71m
step 04184 (94.94%) | K: 3 | loss: 1.718349 | L1: 0.864055 | L2: 0.854460 | L3: 0.854128 | lrm: 0.10 | dt: 2624.99ms | tok/sec: 199,729 | mfu: 43.91 | epoch: 1 | total time: 182.75m
step 04185 (94.96%) | K: 3 | loss: 1.711798 | L1: 0.860794 | L2: 0.851169 | L3: 0.850839 | lrm: 0.10 | dt: 2622.44ms | tok/sec: 199,923 | mfu: 43.96 | epoch: 1 | total time: 182.79m
step 04186 (94.99%) | K: 3 | loss: 1.704383 | L1: 0.857098 | L2: 0.847445 | L3: 0.847125 | lrm: 0.10 | dt: 2628.67ms | tok/sec: 199,449 | mfu: 43.85 | epoch: 1 | total time: 182.84m
step 04187 (95.01%) | K: 3 | loss: 1.712351 | L1: 0.861087 | L2: 0.851424 | L3: 0.851104 | lrm: 0.10 | dt: 2624.82ms | tok/sec: 199,742 | mfu: 43.92 | epoch: 1 | total time: 182.88m
step 04188 (95.03%) | K: 3 | loss: 1.718419 | L1: 0.864184 | L2: 0.854395 | L3: 0.854075 | lrm: 0.10 | dt: 2627.53ms | tok/sec: 199,536 | mfu: 43.87 | epoch: 1 | total time: 182.92m
step 04189 (95.05%) | K: 3 | loss: 1.715544 | L1: 0.862722 | L2: 0.852982 | L3: 0.852661 | lrm: 0.10 | dt: 2628.56ms | tok/sec: 199,457 | mfu: 43.85 | epoch: 1 | total time: 182.97m
step 04190 (95.08%) | K: 3 | loss: 1.697316 | L1: 0.853573 | L2: 0.843897 | L3: 0.843589 | lrm: 0.10 | dt: 2622.58ms | tok/sec: 199,912 | mfu: 43.95 | epoch: 1 | total time: 183.01m
step 04191 (95.10%) | K: 3 | loss: 1.692301 | L1: 0.851105 | L2: 0.841350 | L3: 0.841043 | lrm: 0.10 | dt: 2626.64ms | tok/sec: 199,603 | mfu: 43.89 | epoch: 1 | total time: 183.06m
step 04192 (95.12%) | K: 3 | loss: 1.708167 | L1: 0.859124 | L2: 0.849195 | L3: 0.848892 | lrm: 0.10 | dt: 2627.55ms | tok/sec: 199,534 | mfu: 43.87 | epoch: 1 | total time: 183.10m
step 04193 (95.14%) | K: 3 | loss: 1.701297 | L1: 0.855663 | L2: 0.845793 | L3: 0.845475 | lrm: 0.10 | dt: 2623.93ms | tok/sec: 199,809 | mfu: 43.93 | epoch: 1 | total time: 183.14m
step 04194 (95.17%) | K: 3 | loss: 1.709529 | L1: 0.859792 | L2: 0.849890 | L3: 0.849585 | lrm: 0.10 | dt: 2627.18ms | tok/sec: 199,563 | mfu: 43.88 | epoch: 1 | total time: 183.19m
step 04195 (95.19%) | K: 3 | loss: 1.717271 | L1: 0.863670 | L2: 0.853754 | L3: 0.853448 | lrm: 0.10 | dt: 2628.40ms | tok/sec: 199,470 | mfu: 43.86 | epoch: 1 | total time: 183.23m
step 04196 (95.21%) | K: 3 | loss: 1.720834 | L1: 0.865438 | L2: 0.855547 | L3: 0.855245 | lrm: 0.10 | dt: 2624.29ms | tok/sec: 199,782 | mfu: 43.93 | epoch: 1 | total time: 183.27m
step 04197 (95.23%) | K: 3 | loss: 1.730385 | L1: 0.870181 | L2: 0.860357 | L3: 0.860053 | lrm: 0.10 | dt: 2629.44ms | tok/sec: 199,391 | mfu: 43.84 | epoch: 1 | total time: 183.32m
step 04198 (95.26%) | K: 3 | loss: 1.727064 | L1: 0.868491 | L2: 0.858728 | L3: 0.858420 | lrm: 0.09 | dt: 2625.36ms | tok/sec: 199,701 | mfu: 43.91 | epoch: 1 | total time: 183.36m
step 04199 (95.28%) | K: 3 | loss: 1.723859 | L1: 0.866849 | L2: 0.857161 | L3: 0.856859 | lrm: 0.09 | dt: 2622.00ms | tok/sec: 199,957 | mfu: 43.96 | epoch: 1 | total time: 183.41m
step 04200 (95.30%) | K: 3 | loss: 1.722038 | L1: 0.866029 | L2: 0.856165 | L3: 0.855853 | lrm: 0.09 | dt: 2627.96ms | tok/sec: 199,503 | mfu: 43.86 | epoch: 1 | total time: 183.45m
step 04201 (95.33%) | K: 3 | loss: 1.713849 | L1: 0.861924 | L2: 0.852076 | L3: 0.851776 | lrm: 0.09 | dt: 2627.41ms | tok/sec: 199,545 | mfu: 43.87 | epoch: 1 | total time: 183.49m
step 04202 (95.35%) | K: 3 | loss: 1.714691 | L1: 0.862325 | L2: 0.852519 | L3: 0.852213 | lrm: 0.09 | dt: 2630.22ms | tok/sec: 199,332 | mfu: 43.83 | epoch: 1 | total time: 183.54m
step 04203 (95.37%) | K: 3 | loss: 1.719040 | L1: 0.864509 | L2: 0.854683 | L3: 0.854381 | lrm: 0.09 | dt: 2626.17ms | tok/sec: 199,639 | mfu: 43.89 | epoch: 1 | total time: 183.58m
step 04204 (95.39%) | K: 3 | loss: 1.711924 | L1: 0.860904 | L2: 0.851163 | L3: 0.850875 | lrm: 0.09 | dt: 2621.14ms | tok/sec: 200,023 | mfu: 43.98 | epoch: 1 | total time: 183.62m
step 04205 (95.42%) | K: 3 | loss: 1.716241 | L1: 0.863043 | L2: 0.853357 | L3: 0.853039 | lrm: 0.09 | dt: 2621.79ms | tok/sec: 199,973 | mfu: 43.97 | epoch: 1 | total time: 183.67m
step 04206 (95.44%) | K: 3 | loss: 1.717385 | L1: 0.863594 | L2: 0.853944 | L3: 0.853639 | lrm: 0.09 | dt: 2626.99ms | tok/sec: 199,577 | mfu: 43.88 | epoch: 1 | total time: 183.71m
step 04207 (95.46%) | K: 3 | loss: 1.717109 | L1: 0.863438 | L2: 0.853822 | L3: 0.853519 | lrm: 0.09 | dt: 2626.04ms | tok/sec: 199,649 | mfu: 43.90 | epoch: 1 | total time: 183.76m
step 04208 (95.48%) | K: 3 | loss: 1.713775 | L1: 0.861743 | L2: 0.852176 | L3: 0.851888 | lrm: 0.09 | dt: 2627.26ms | tok/sec: 199,556 | mfu: 43.88 | epoch: 1 | total time: 183.80m
step 04209 (95.51%) | K: 3 | loss: 1.712116 | L1: 0.860851 | L2: 0.851410 | L3: 0.851120 | lrm: 0.09 | dt: 2627.46ms | tok/sec: 199,541 | mfu: 43.87 | epoch: 1 | total time: 183.84m
step 04210 (95.53%) | K: 3 | loss: 1.707801 | L1: 0.858721 | L2: 0.849226 | L3: 0.848935 | lrm: 0.09 | dt: 2626.24ms | tok/sec: 199,634 | mfu: 43.89 | epoch: 1 | total time: 183.89m
step 04211 (95.55%) | K: 3 | loss: 1.702234 | L1: 0.855934 | L2: 0.846444 | L3: 0.846157 | lrm: 0.09 | dt: 2628.75ms | tok/sec: 199,443 | mfu: 43.85 | epoch: 1 | total time: 183.93m
step 04212 (95.58%) | K: 3 | loss: 1.697424 | L1: 0.853559 | L2: 0.844009 | L3: 0.843721 | lrm: 0.09 | dt: 2625.77ms | tok/sec: 199,670 | mfu: 43.90 | epoch: 1 | total time: 183.97m
step 04213 (95.60%) | K: 3 | loss: 1.697926 | L1: 0.853817 | L2: 0.844254 | L3: 0.843963 | lrm: 0.09 | dt: 2622.58ms | tok/sec: 199,912 | mfu: 43.95 | epoch: 1 | total time: 184.02m
step 04214 (95.62%) | K: 3 | loss: 1.708183 | L1: 0.859020 | L2: 0.849314 | L3: 0.849013 | lrm: 0.09 | dt: 2620.84ms | tok/sec: 200,046 | mfu: 43.98 | epoch: 1 | total time: 184.06m
step 04215 (95.64%) | K: 3 | loss: 1.711652 | L1: 0.860688 | L2: 0.851106 | L3: 0.850822 | lrm: 0.09 | dt: 2621.85ms | tok/sec: 199,968 | mfu: 43.97 | epoch: 1 | total time: 184.11m
step 04216 (95.67%) | K: 3 | loss: 1.719970 | L1: 0.864877 | L2: 0.855225 | L3: 0.854961 | lrm: 0.09 | dt: 2628.51ms | tok/sec: 199,461 | mfu: 43.86 | epoch: 1 | total time: 184.15m
step 04217 (95.69%) | K: 3 | loss: 1.726646 | L1: 0.868181 | L2: 0.858604 | L3: 0.858327 | lrm: 0.09 | dt: 2623.97ms | tok/sec: 199,806 | mfu: 43.93 | epoch: 1 | total time: 184.19m
step 04218 (95.71%) | K: 3 | loss: 1.727055 | L1: 0.868367 | L2: 0.858827 | L3: 0.858548 | lrm: 0.09 | dt: 2624.70ms | tok/sec: 199,751 | mfu: 43.92 | epoch: 1 | total time: 184.24m
step 04219 (95.73%) | K: 3 | loss: 1.725629 | L1: 0.867612 | L2: 0.858158 | L3: 0.857876 | lrm: 0.09 | dt: 2629.27ms | tok/sec: 199,404 | mfu: 43.84 | epoch: 1 | total time: 184.28m
step 04220 (95.76%) | K: 3 | loss: 1.724407 | L1: 0.867012 | L2: 0.857543 | L3: 0.857246 | lrm: 0.08 | dt: 2628.56ms | tok/sec: 199,458 | mfu: 43.85 | epoch: 1 | total time: 184.32m
step 04221 (95.78%) | K: 3 | loss: 1.728105 | L1: 0.868841 | L2: 0.859406 | L3: 0.859123 | lrm: 0.08 | dt: 2626.99ms | tok/sec: 199,577 | mfu: 43.88 | epoch: 1 | total time: 184.37m
step 04222 (95.80%) | K: 3 | loss: 1.735367 | L1: 0.872490 | L2: 0.863020 | L3: 0.862734 | lrm: 0.08 | dt: 2628.83ms | tok/sec: 199,437 | mfu: 43.85 | epoch: 1 | total time: 184.41m
step 04223 (95.82%) | K: 3 | loss: 1.731768 | L1: 0.870659 | L2: 0.861255 | L3: 0.860963 | lrm: 0.08 | dt: 2625.01ms | tok/sec: 199,727 | mfu: 43.91 | epoch: 1 | total time: 184.46m
step 04224 (95.85%) | K: 3 | loss: 1.717741 | L1: 0.863578 | L2: 0.854307 | L3: 0.854018 | lrm: 0.08 | dt: 2628.61ms | tok/sec: 199,454 | mfu: 43.85 | epoch: 1 | total time: 184.50m
step 04225 (95.87%) | K: 3 | loss: 1.713144 | L1: 0.861285 | L2: 0.852012 | L3: 0.851705 | lrm: 0.08 | dt: 2623.38ms | tok/sec: 199,851 | mfu: 43.94 | epoch: 1 | total time: 184.54m
step 04226 (95.89%) | K: 3 | loss: 1.717377 | L1: 0.863463 | L2: 0.854066 | L3: 0.853762 | lrm: 0.08 | dt: 2776.20ms | tok/sec: 188,850 | mfu: 41.52 | epoch: 1 | total time: 184.59m
step 04227 (95.92%) | K: 3 | loss: 1.716712 | L1: 0.863110 | L2: 0.853753 | L3: 0.853452 | lrm: 0.08 | dt: 2619.98ms | tok/sec: 200,111 | mfu: 44.00 | epoch: 1 | total time: 184.63m
step 04228 (95.94%) | K: 3 | loss: 1.717899 | L1: 0.863709 | L2: 0.854347 | L3: 0.854034 | lrm: 0.08 | dt: 2625.55ms | tok/sec: 199,686 | mfu: 43.90 | epoch: 1 | total time: 184.68m
step 04229 (95.96%) | K: 3 | loss: 1.716683 | L1: 0.863076 | L2: 0.853764 | L3: 0.853450 | lrm: 0.08 | dt: 2626.18ms | tok/sec: 199,639 | mfu: 43.89 | epoch: 1 | total time: 184.72m
step 04230 (95.98%) | K: 3 | loss: 1.726061 | L1: 0.867813 | L2: 0.858403 | L3: 0.858093 | lrm: 0.08 | dt: 2626.26ms | tok/sec: 199,633 | mfu: 43.89 | epoch: 1 | total time: 184.76m
step 04231 (96.01%) | K: 3 | loss: 1.724436 | L1: 0.867021 | L2: 0.857570 | L3: 0.857258 | lrm: 0.08 | dt: 2624.13ms | tok/sec: 199,794 | mfu: 43.93 | epoch: 1 | total time: 184.81m
step 04232 (96.03%) | K: 3 | loss: 1.729214 | L1: 0.869453 | L2: 0.859927 | L3: 0.859595 | lrm: 0.08 | dt: 2631.53ms | tok/sec: 199,233 | mfu: 43.80 | epoch: 1 | total time: 184.85m
step 04233 (96.05%) | K: 3 | loss: 1.722593 | L1: 0.866101 | L2: 0.856666 | L3: 0.856317 | lrm: 0.08 | dt: 2624.39ms | tok/sec: 199,775 | mfu: 43.92 | epoch: 1 | total time: 184.90m
step 04234 (96.07%) | K: 3 | loss: 1.729196 | L1: 0.869433 | L2: 0.859951 | L3: 0.859575 | lrm: 0.08 | dt: 2628.73ms | tok/sec: 199,445 | mfu: 43.85 | epoch: 1 | total time: 184.94m
step 04235 (96.10%) | K: 3 | loss: 1.737644 | L1: 0.873632 | L2: 0.864196 | L3: 0.863827 | lrm: 0.08 | dt: 2625.32ms | tok/sec: 199,704 | mfu: 43.91 | epoch: 1 | total time: 184.98m
step 04236 (96.12%) | K: 3 | loss: 1.750930 | L1: 0.880326 | L2: 0.870785 | L3: 0.870423 | lrm: 0.08 | dt: 2623.39ms | tok/sec: 199,851 | mfu: 43.94 | epoch: 1 | total time: 185.03m
step 04237 (96.14%) | K: 3 | loss: 1.741194 | L1: 0.875395 | L2: 0.865971 | L3: 0.865627 | lrm: 0.08 | dt: 2629.16ms | tok/sec: 199,412 | mfu: 43.84 | epoch: 1 | total time: 185.07m
step 04238 (96.17%) | K: 3 | loss: 1.740786 | L1: 0.875178 | L2: 0.865776 | L3: 0.865440 | lrm: 0.08 | dt: 2627.77ms | tok/sec: 199,517 | mfu: 43.87 | epoch: 1 | total time: 185.11m
step 04239 (96.19%) | K: 3 | loss: 1.750082 | L1: 0.879800 | L2: 0.870441 | L3: 0.870123 | lrm: 0.08 | dt: 2623.05ms | tok/sec: 199,876 | mfu: 43.95 | epoch: 1 | total time: 185.16m
step 04240 (96.21%) | K: 3 | loss: 1.748768 | L1: 0.879152 | L2: 0.869772 | L3: 0.869460 | lrm: 0.08 | dt: 2626.00ms | tok/sec: 199,652 | mfu: 43.90 | epoch: 1 | total time: 185.20m
step 04241 (96.23%) | K: 3 | loss: 1.750823 | L1: 0.880252 | L2: 0.870727 | L3: 0.870414 | lrm: 0.08 | dt: 2626.27ms | tok/sec: 199,632 | mfu: 43.89 | epoch: 1 | total time: 185.25m
step 04242 (96.26%) | K: 3 | loss: 1.752888 | L1: 0.881348 | L2: 0.871698 | L3: 0.871381 | lrm: 0.07 | dt: 2624.69ms | tok/sec: 199,752 | mfu: 43.92 | epoch: 1 | total time: 185.29m
step 04243 (96.28%) | K: 3 | loss: 1.759990 | L1: 0.884957 | L2: 0.875193 | L3: 0.874873 | lrm: 0.07 | dt: 2625.70ms | tok/sec: 199,675 | mfu: 43.90 | epoch: 1 | total time: 185.33m
step 04244 (96.30%) | K: 3 | loss: 1.760547 | L1: 0.885226 | L2: 0.875484 | L3: 0.875157 | lrm: 0.07 | dt: 2628.61ms | tok/sec: 199,454 | mfu: 43.85 | epoch: 1 | total time: 185.38m
step 04245 (96.32%) | K: 3 | loss: 1.761977 | L1: 0.885945 | L2: 0.876196 | L3: 0.875869 | lrm: 0.07 | dt: 2625.22ms | tok/sec: 199,711 | mfu: 43.91 | epoch: 1 | total time: 185.42m
step 04246 (96.35%) | K: 3 | loss: 1.756976 | L1: 0.883466 | L2: 0.873682 | L3: 0.873338 | lrm: 0.07 | dt: 2627.48ms | tok/sec: 199,540 | mfu: 43.87 | epoch: 1 | total time: 185.46m
step 04247 (96.37%) | K: 3 | loss: 1.755772 | L1: 0.882819 | L2: 0.873115 | L3: 0.872791 | lrm: 0.07 | dt: 2625.89ms | tok/sec: 199,660 | mfu: 43.90 | epoch: 1 | total time: 185.51m
step 04248 (96.39%) | K: 3 | loss: 1.758064 | L1: 0.883973 | L2: 0.874250 | L3: 0.873932 | lrm: 0.07 | dt: 2624.07ms | tok/sec: 199,799 | mfu: 43.93 | epoch: 1 | total time: 185.55m
step 04249 (96.41%) | K: 3 | loss: 1.745987 | L1: 0.877899 | L2: 0.868248 | L3: 0.867927 | lrm: 0.07 | dt: 2630.83ms | tok/sec: 199,286 | mfu: 43.82 | epoch: 1 | total time: 185.60m
step 04250 (96.44%) | K: 3 | loss: 1.741336 | L1: 0.875592 | L2: 0.865912 | L3: 0.865574 | lrm: 0.07 | dt: 2623.73ms | tok/sec: 199,825 | mfu: 43.94 | epoch: 1 | total time: 185.64m
Step 04250 | Validation L1 bpb: 0.4597 | L2 bpb: 0.4546 | L3 bpb: 0.4545
step 04251 (96.46%) | K: 3 | loss: 1.737166 | L1: 0.873528 | L2: 0.863805 | L3: 0.863472 | lrm: 0.07 | dt: 2627.17ms | tok/sec: 199,564 | mfu: 43.88 | epoch: 1 | total time: 185.68m
step 04252 (96.48%) | K: 3 | loss: 1.735780 | L1: 0.872821 | L2: 0.863113 | L3: 0.862804 | lrm: 0.07 | dt: 2622.80ms | tok/sec: 199,896 | mfu: 43.95 | epoch: 1 | total time: 185.73m
step 04253 (96.51%) | K: 3 | loss: 1.740915 | L1: 0.875391 | L2: 0.865668 | L3: 0.865380 | lrm: 0.07 | dt: 2629.88ms | tok/sec: 199,357 | mfu: 43.83 | epoch: 1 | total time: 185.77m
step 04254 (96.53%) | K: 3 | loss: 1.736143 | L1: 0.873000 | L2: 0.863286 | L3: 0.862999 | lrm: 0.07 | dt: 2624.51ms | tok/sec: 199,766 | mfu: 43.92 | epoch: 1 | total time: 185.81m
step 04255 (96.55%) | K: 3 | loss: 1.734814 | L1: 0.872335 | L2: 0.862622 | L3: 0.862336 | lrm: 0.07 | dt: 2627.48ms | tok/sec: 199,540 | mfu: 43.87 | epoch: 1 | total time: 185.86m
step 04256 (96.57%) | K: 3 | loss: 1.735877 | L1: 0.872841 | L2: 0.863175 | L3: 0.862897 | lrm: 0.07 | dt: 2627.30ms | tok/sec: 199,553 | mfu: 43.88 | epoch: 1 | total time: 185.90m
step 04257 (96.60%) | K: 3 | loss: 1.731245 | L1: 0.870589 | L2: 0.860792 | L3: 0.860521 | lrm: 0.07 | dt: 2622.49ms | tok/sec: 199,919 | mfu: 43.96 | epoch: 1 | total time: 185.95m
step 04258 (96.62%) | K: 3 | loss: 1.724112 | L1: 0.867012 | L2: 0.857233 | L3: 0.856966 | lrm: 0.07 | dt: 2629.30ms | tok/sec: 199,402 | mfu: 43.84 | epoch: 1 | total time: 185.99m
step 04259 (96.64%) | K: 3 | loss: 1.728799 | L1: 0.869359 | L2: 0.859580 | L3: 0.859301 | lrm: 0.07 | dt: 2626.97ms | tok/sec: 199,579 | mfu: 43.88 | epoch: 1 | total time: 186.03m
step 04260 (96.66%) | K: 3 | loss: 1.730274 | L1: 0.870130 | L2: 0.860289 | L3: 0.860000 | lrm: 0.07 | dt: 2621.78ms | tok/sec: 199,974 | mfu: 43.97 | epoch: 1 | total time: 186.08m
step 04261 (96.69%) | K: 3 | loss: 1.730592 | L1: 0.870299 | L2: 0.860435 | L3: 0.860150 | lrm: 0.07 | dt: 2629.20ms | tok/sec: 199,409 | mfu: 43.84 | epoch: 1 | total time: 186.12m
step 04262 (96.71%) | K: 3 | loss: 1.741023 | L1: 0.875459 | L2: 0.865706 | L3: 0.865422 | lrm: 0.07 | dt: 2627.10ms | tok/sec: 199,569 | mfu: 43.88 | epoch: 1 | total time: 186.17m
step 04263 (96.73%) | K: 3 | loss: 1.733233 | L1: 0.871574 | L2: 0.861799 | L3: 0.861520 | lrm: 0.07 | dt: 2624.86ms | tok/sec: 199,739 | mfu: 43.92 | epoch: 1 | total time: 186.21m
step 04264 (96.76%) | K: 3 | loss: 1.734495 | L1: 0.872226 | L2: 0.862421 | L3: 0.862118 | lrm: 0.06 | dt: 2623.14ms | tok/sec: 199,870 | mfu: 43.95 | epoch: 1 | total time: 186.25m
step 04265 (96.78%) | K: 3 | loss: 1.731444 | L1: 0.870642 | L2: 0.860934 | L3: 0.860670 | lrm: 0.06 | dt: 2627.47ms | tok/sec: 199,541 | mfu: 43.87 | epoch: 1 | total time: 186.30m
step 04266 (96.80%) | K: 3 | loss: 1.723930 | L1: 0.866828 | L2: 0.857230 | L3: 0.856973 | lrm: 0.06 | dt: 2623.12ms | tok/sec: 199,872 | mfu: 43.95 | epoch: 1 | total time: 186.34m
step 04267 (96.82%) | K: 3 | loss: 1.718028 | L1: 0.863897 | L2: 0.854263 | L3: 0.853999 | lrm: 0.06 | dt: 2625.65ms | tok/sec: 199,679 | mfu: 43.90 | epoch: 1 | total time: 186.38m
step 04268 (96.85%) | K: 3 | loss: 1.714074 | L1: 0.861910 | L2: 0.852303 | L3: 0.852025 | lrm: 0.06 | dt: 2629.43ms | tok/sec: 199,392 | mfu: 43.84 | epoch: 1 | total time: 186.43m
step 04269 (96.87%) | K: 3 | loss: 1.710610 | L1: 0.860185 | L2: 0.850576 | L3: 0.850275 | lrm: 0.06 | dt: 2621.20ms | tok/sec: 200,018 | mfu: 43.98 | epoch: 1 | total time: 186.47m
step 04270 (96.89%) | K: 3 | loss: 1.712397 | L1: 0.861064 | L2: 0.851481 | L3: 0.851185 | lrm: 0.06 | dt: 2624.02ms | tok/sec: 199,803 | mfu: 43.93 | epoch: 1 | total time: 186.52m
step 04271 (96.91%) | K: 3 | loss: 1.709547 | L1: 0.859681 | L2: 0.850016 | L3: 0.849715 | lrm: 0.06 | dt: 2626.55ms | tok/sec: 199,610 | mfu: 43.89 | epoch: 1 | total time: 186.56m
step 04272 (96.94%) | K: 3 | loss: 1.713293 | L1: 0.861590 | L2: 0.851866 | L3: 0.851541 | lrm: 0.06 | dt: 2624.08ms | tok/sec: 199,799 | mfu: 43.93 | epoch: 1 | total time: 186.60m
step 04273 (96.96%) | K: 3 | loss: 1.718572 | L1: 0.864183 | L2: 0.854547 | L3: 0.854232 | lrm: 0.06 | dt: 2624.57ms | tok/sec: 199,761 | mfu: 43.92 | epoch: 1 | total time: 186.65m
step 04274 (96.98%) | K: 3 | loss: 1.711440 | L1: 0.860582 | L2: 0.851021 | L3: 0.850696 | lrm: 0.06 | dt: 2626.97ms | tok/sec: 199,578 | mfu: 43.88 | epoch: 1 | total time: 186.69m
step 04275 (97.00%) | K: 3 | loss: 1.711696 | L1: 0.860760 | L2: 0.851108 | L3: 0.850764 | lrm: 0.06 | dt: 2627.56ms | tok/sec: 199,534 | mfu: 43.87 | epoch: 1 | total time: 186.73m
step 04276 (97.03%) | K: 3 | loss: 1.715639 | L1: 0.862757 | L2: 0.853059 | L3: 0.852704 | lrm: 0.06 | dt: 2622.91ms | tok/sec: 199,888 | mfu: 43.95 | epoch: 1 | total time: 186.78m
step 04277 (97.05%) | K: 3 | loss: 1.710971 | L1: 0.860449 | L2: 0.850703 | L3: 0.850341 | lrm: 0.06 | dt: 2628.49ms | tok/sec: 199,463 | mfu: 43.86 | epoch: 1 | total time: 186.82m
step 04278 (97.07%) | K: 3 | loss: 1.713129 | L1: 0.861586 | L2: 0.851723 | L3: 0.851363 | lrm: 0.06 | dt: 2626.98ms | tok/sec: 199,578 | mfu: 43.88 | epoch: 1 | total time: 186.87m
step 04279 (97.10%) | K: 3 | loss: 1.714012 | L1: 0.861994 | L2: 0.852186 | L3: 0.851850 | lrm: 0.06 | dt: 2623.66ms | tok/sec: 199,830 | mfu: 43.94 | epoch: 1 | total time: 186.91m
step 04280 (97.12%) | K: 3 | loss: 1.709616 | L1: 0.859778 | L2: 0.850010 | L3: 0.849665 | lrm: 0.06 | dt: 2625.71ms | tok/sec: 199,674 | mfu: 43.90 | epoch: 1 | total time: 186.95m
step 04281 (97.14%) | K: 3 | loss: 1.708488 | L1: 0.859164 | L2: 0.849501 | L3: 0.849146 | lrm: 0.06 | dt: 2624.20ms | tok/sec: 199,789 | mfu: 43.93 | epoch: 1 | total time: 187.00m
step 04282 (97.16%) | K: 3 | loss: 1.703613 | L1: 0.856719 | L2: 0.847084 | L3: 0.846704 | lrm: 0.06 | dt: 2621.77ms | tok/sec: 199,974 | mfu: 43.97 | epoch: 1 | total time: 187.04m
step 04283 (97.19%) | K: 3 | loss: 1.706764 | L1: 0.858261 | L2: 0.848683 | L3: 0.848322 | lrm: 0.06 | dt: 2622.16ms | tok/sec: 199,945 | mfu: 43.96 | epoch: 1 | total time: 187.08m
step 04284 (97.21%) | K: 3 | loss: 1.711274 | L1: 0.860533 | L2: 0.850922 | L3: 0.850561 | lrm: 0.06 | dt: 2628.93ms | tok/sec: 199,430 | mfu: 43.85 | epoch: 1 | total time: 187.13m
step 04285 (97.23%) | K: 3 | loss: 1.716335 | L1: 0.863109 | L2: 0.853399 | L3: 0.853054 | lrm: 0.06 | dt: 2625.27ms | tok/sec: 199,707 | mfu: 43.91 | epoch: 1 | total time: 187.17m
step 04286 (97.25%) | K: 3 | loss: 1.722942 | L1: 0.866357 | L2: 0.856764 | L3: 0.856405 | lrm: 0.05 | dt: 2627.36ms | tok/sec: 199,549 | mfu: 43.87 | epoch: 1 | total time: 187.22m
step 04287 (97.28%) | K: 3 | loss: 1.728425 | L1: 0.869133 | L2: 0.859475 | L3: 0.859108 | lrm: 0.05 | dt: 2632.45ms | tok/sec: 199,163 | mfu: 43.79 | epoch: 1 | total time: 187.26m
step 04288 (97.30%) | K: 3 | loss: 1.727252 | L1: 0.868603 | L2: 0.858830 | L3: 0.858468 | lrm: 0.05 | dt: 2623.60ms | tok/sec: 199,835 | mfu: 43.94 | epoch: 1 | total time: 187.30m
step 04289 (97.32%) | K: 3 | loss: 1.729988 | L1: 0.869921 | L2: 0.860243 | L3: 0.859891 | lrm: 0.05 | dt: 2627.47ms | tok/sec: 199,541 | mfu: 43.87 | epoch: 1 | total time: 187.35m
step 04290 (97.35%) | K: 3 | loss: 1.732080 | L1: 0.870946 | L2: 0.861309 | L3: 0.860959 | lrm: 0.05 | dt: 2629.88ms | tok/sec: 199,358 | mfu: 43.83 | epoch: 1 | total time: 187.39m
step 04291 (97.37%) | K: 3 | loss: 1.725108 | L1: 0.867417 | L2: 0.857850 | L3: 0.857533 | lrm: 0.05 | dt: 2622.28ms | tok/sec: 199,935 | mfu: 43.96 | epoch: 1 | total time: 187.43m
step 04292 (97.39%) | K: 3 | loss: 1.721101 | L1: 0.865413 | L2: 0.855853 | L3: 0.855523 | lrm: 0.05 | dt: 2629.19ms | tok/sec: 199,410 | mfu: 43.84 | epoch: 1 | total time: 187.48m
step 04293 (97.41%) | K: 3 | loss: 1.717799 | L1: 0.863749 | L2: 0.854210 | L3: 0.853890 | lrm: 0.05 | dt: 2627.57ms | tok/sec: 199,533 | mfu: 43.87 | epoch: 1 | total time: 187.52m
step 04294 (97.44%) | K: 3 | loss: 1.711119 | L1: 0.860378 | L2: 0.850905 | L3: 0.850577 | lrm: 0.05 | dt: 2624.78ms | tok/sec: 199,745 | mfu: 43.92 | epoch: 1 | total time: 187.57m
step 04295 (97.46%) | K: 3 | loss: 1.722245 | L1: 0.865923 | L2: 0.856485 | L3: 0.856160 | lrm: 0.05 | dt: 2624.37ms | tok/sec: 199,776 | mfu: 43.92 | epoch: 1 | total time: 187.61m
step 04296 (97.48%) | K: 3 | loss: 1.723955 | L1: 0.866782 | L2: 0.857332 | L3: 0.857013 | lrm: 0.05 | dt: 2625.64ms | tok/sec: 199,680 | mfu: 43.90 | epoch: 1 | total time: 187.65m
step 04297 (97.50%) | K: 3 | loss: 1.716128 | L1: 0.862837 | L2: 0.853449 | L3: 0.853132 | lrm: 0.05 | dt: 2629.09ms | tok/sec: 199,418 | mfu: 43.85 | epoch: 1 | total time: 187.70m
step 04298 (97.53%) | K: 3 | loss: 1.718371 | L1: 0.863981 | L2: 0.854551 | L3: 0.854230 | lrm: 0.05 | dt: 2623.49ms | tok/sec: 199,843 | mfu: 43.94 | epoch: 1 | total time: 187.74m
step 04299 (97.55%) | K: 3 | loss: 1.715344 | L1: 0.862471 | L2: 0.853035 | L3: 0.852710 | lrm: 0.05 | dt: 2622.09ms | tok/sec: 199,950 | mfu: 43.96 | epoch: 1 | total time: 187.78m
step 04300 (97.57%) | K: 3 | loss: 1.715255 | L1: 0.862457 | L2: 0.852975 | L3: 0.852621 | lrm: 0.05 | dt: 2624.81ms | tok/sec: 199,742 | mfu: 43.92 | epoch: 1 | total time: 187.83m
step 04301 (97.59%) | K: 3 | loss: 1.712072 | L1: 0.860858 | L2: 0.851384 | L3: 0.851045 | lrm: 0.05 | dt: 2631.83ms | tok/sec: 199,210 | mfu: 43.80 | epoch: 1 | total time: 187.87m
step 04302 (97.62%) | K: 3 | loss: 1.717892 | L1: 0.863803 | L2: 0.854239 | L3: 0.853940 | lrm: 0.05 | dt: 2623.45ms | tok/sec: 199,847 | mfu: 43.94 | epoch: 1 | total time: 187.92m
step 04303 (97.64%) | K: 3 | loss: 1.719664 | L1: 0.864719 | L2: 0.855097 | L3: 0.854793 | lrm: 0.05 | dt: 2627.51ms | tok/sec: 199,537 | mfu: 43.87 | epoch: 1 | total time: 187.96m
step 04304 (97.66%) | K: 3 | loss: 1.709673 | L1: 0.859746 | L2: 0.850084 | L3: 0.849768 | lrm: 0.05 | dt: 2627.89ms | tok/sec: 199,509 | mfu: 43.87 | epoch: 1 | total time: 188.00m
step 04305 (97.69%) | K: 3 | loss: 1.725717 | L1: 0.867787 | L2: 0.858083 | L3: 0.857778 | lrm: 0.05 | dt: 2621.11ms | tok/sec: 200,025 | mfu: 43.98 | epoch: 1 | total time: 188.05m
step 04306 (97.71%) | K: 3 | loss: 1.710594 | L1: 0.860208 | L2: 0.850535 | L3: 0.850237 | lrm: 0.05 | dt: 2625.04ms | tok/sec: 199,725 | mfu: 43.91 | epoch: 1 | total time: 188.09m
step 04307 (97.73%) | K: 3 | loss: 1.706791 | L1: 0.858281 | L2: 0.848646 | L3: 0.848372 | lrm: 0.05 | dt: 2631.58ms | tok/sec: 199,229 | mfu: 43.80 | epoch: 1 | total time: 188.13m
step 04308 (97.75%) | K: 3 | loss: 1.710613 | L1: 0.860187 | L2: 0.850551 | L3: 0.850301 | lrm: 0.04 | dt: 2629.81ms | tok/sec: 199,363 | mfu: 43.83 | epoch: 1 | total time: 188.18m
step 04309 (97.78%) | K: 3 | loss: 1.708116 | L1: 0.858942 | L2: 0.849293 | L3: 0.849054 | lrm: 0.04 | dt: 2627.29ms | tok/sec: 199,554 | mfu: 43.88 | epoch: 1 | total time: 188.22m
step 04310 (97.80%) | K: 3 | loss: 1.713524 | L1: 0.861626 | L2: 0.852013 | L3: 0.851781 | lrm: 0.04 | dt: 2624.40ms | tok/sec: 199,774 | mfu: 43.92 | epoch: 1 | total time: 188.27m
step 04311 (97.82%) | K: 3 | loss: 1.711617 | L1: 0.860655 | L2: 0.851091 | L3: 0.850832 | lrm: 0.04 | dt: 2632.18ms | tok/sec: 199,184 | mfu: 43.79 | epoch: 1 | total time: 188.31m
step 04312 (97.84%) | K: 3 | loss: 1.718339 | L1: 0.864052 | L2: 0.854426 | L3: 0.854149 | lrm: 0.04 | dt: 2624.64ms | tok/sec: 199,755 | mfu: 43.92 | epoch: 1 | total time: 188.35m
step 04313 (97.87%) | K: 3 | loss: 1.713603 | L1: 0.861681 | L2: 0.852062 | L3: 0.851781 | lrm: 0.04 | dt: 2628.35ms | tok/sec: 199,474 | mfu: 43.86 | epoch: 1 | total time: 188.40m
step 04314 (97.89%) | K: 3 | loss: 1.719636 | L1: 0.864711 | L2: 0.855068 | L3: 0.854782 | lrm: 0.04 | dt: 2625.29ms | tok/sec: 199,706 | mfu: 43.91 | epoch: 1 | total time: 188.44m
step 04315 (97.91%) | K: 3 | loss: 1.715529 | L1: 0.862644 | L2: 0.853031 | L3: 0.852740 | lrm: 0.04 | dt: 2625.08ms | tok/sec: 199,722 | mfu: 43.91 | epoch: 1 | total time: 188.48m
step 04316 (97.94%) | K: 3 | loss: 1.721667 | L1: 0.865700 | L2: 0.856108 | L3: 0.855826 | lrm: 0.04 | dt: 2632.64ms | tok/sec: 199,148 | mfu: 43.79 | epoch: 1 | total time: 188.53m
step 04317 (97.96%) | K: 3 | loss: 1.734928 | L1: 0.872373 | L2: 0.862701 | L3: 0.862408 | lrm: 0.04 | dt: 2625.33ms | tok/sec: 199,703 | mfu: 43.91 | epoch: 1 | total time: 188.57m
step 04318 (97.98%) | K: 3 | loss: 1.730995 | L1: 0.870399 | L2: 0.860741 | L3: 0.860451 | lrm: 0.04 | dt: 2625.92ms | tok/sec: 199,658 | mfu: 43.90 | epoch: 1 | total time: 188.62m
step 04319 (98.00%) | K: 3 | loss: 1.730062 | L1: 0.869958 | L2: 0.860243 | L3: 0.859965 | lrm: 0.04 | dt: 2625.39ms | tok/sec: 199,698 | mfu: 43.91 | epoch: 1 | total time: 188.66m
step 04320 (98.03%) | K: 3 | loss: 1.724694 | L1: 0.867246 | L2: 0.857587 | L3: 0.857309 | lrm: 0.04 | dt: 2624.54ms | tok/sec: 199,763 | mfu: 43.92 | epoch: 1 | total time: 188.70m
step 04321 (98.05%) | K: 3 | loss: 1.726770 | L1: 0.868256 | L2: 0.858651 | L3: 0.858377 | lrm: 0.04 | dt: 2623.74ms | tok/sec: 199,824 | mfu: 43.93 | epoch: 1 | total time: 188.75m
step 04322 (98.07%) | K: 3 | loss: 1.725325 | L1: 0.867519 | L2: 0.857957 | L3: 0.857655 | lrm: 0.04 | dt: 2623.77ms | tok/sec: 199,822 | mfu: 43.93 | epoch: 1 | total time: 188.79m
step 04323 (98.09%) | K: 3 | loss: 1.725424 | L1: 0.867604 | L2: 0.857978 | L3: 0.857663 | lrm: 0.04 | dt: 2622.70ms | tok/sec: 199,903 | mfu: 43.95 | epoch: 1 | total time: 188.83m
step 04324 (98.12%) | K: 3 | loss: 1.732768 | L1: 0.871334 | L2: 0.861592 | L3: 0.861277 | lrm: 0.04 | dt: 2628.38ms | tok/sec: 199,471 | mfu: 43.86 | epoch: 1 | total time: 188.88m
step 04325 (98.14%) | K: 3 | loss: 1.729044 | L1: 0.869550 | L2: 0.859669 | L3: 0.859319 | lrm: 0.04 | dt: 2629.24ms | tok/sec: 199,406 | mfu: 43.84 | epoch: 1 | total time: 188.92m
step 04326 (98.16%) | K: 3 | loss: 1.737770 | L1: 0.873909 | L2: 0.864036 | L3: 0.863687 | lrm: 0.04 | dt: 2625.92ms | tok/sec: 199,658 | mfu: 43.90 | epoch: 1 | total time: 188.97m
step 04327 (98.18%) | K: 3 | loss: 1.735687 | L1: 0.872868 | L2: 0.862990 | L3: 0.862649 | lrm: 0.04 | dt: 2623.34ms | tok/sec: 199,854 | mfu: 43.94 | epoch: 1 | total time: 189.01m
step 04328 (98.21%) | K: 3 | loss: 1.725323 | L1: 0.867595 | L2: 0.857900 | L3: 0.857555 | lrm: 0.04 | dt: 2633.34ms | tok/sec: 199,096 | mfu: 43.77 | epoch: 1 | total time: 189.05m
step 04329 (98.23%) | K: 3 | loss: 1.724562 | L1: 0.867230 | L2: 0.857506 | L3: 0.857158 | lrm: 0.04 | dt: 2623.88ms | tok/sec: 199,813 | mfu: 43.93 | epoch: 1 | total time: 189.10m
step 04330 (98.25%) | K: 3 | loss: 1.720014 | L1: 0.865005 | L2: 0.855189 | L3: 0.854828 | lrm: 0.03 | dt: 2628.04ms | tok/sec: 199,497 | mfu: 43.86 | epoch: 1 | total time: 189.14m
step 04331 (98.28%) | K: 3 | loss: 1.712973 | L1: 0.861460 | L2: 0.851683 | L3: 0.851342 | lrm: 0.03 | dt: 2625.87ms | tok/sec: 199,662 | mfu: 43.90 | epoch: 1 | total time: 189.19m
step 04332 (98.30%) | K: 3 | loss: 1.711845 | L1: 0.860819 | L2: 0.851190 | L3: 0.850861 | lrm: 0.03 | dt: 2627.35ms | tok/sec: 199,549 | mfu: 43.87 | epoch: 1 | total time: 189.23m
step 04333 (98.32%) | K: 3 | loss: 1.723485 | L1: 0.866630 | L2: 0.857011 | L3: 0.856700 | lrm: 0.03 | dt: 2629.58ms | tok/sec: 199,380 | mfu: 43.84 | epoch: 1 | total time: 189.27m
step 04334 (98.34%) | K: 3 | loss: 1.715517 | L1: 0.862658 | L2: 0.853012 | L3: 0.852705 | lrm: 0.03 | dt: 2625.49ms | tok/sec: 199,691 | mfu: 43.91 | epoch: 1 | total time: 189.32m
step 04335 (98.37%) | K: 3 | loss: 1.708784 | L1: 0.859286 | L2: 0.849664 | L3: 0.849331 | lrm: 0.03 | dt: 2625.94ms | tok/sec: 199,657 | mfu: 43.90 | epoch: 1 | total time: 189.36m
step 04336 (98.39%) | K: 3 | loss: 1.716655 | L1: 0.863194 | L2: 0.853614 | L3: 0.853308 | lrm: 0.03 | dt: 2625.30ms | tok/sec: 199,705 | mfu: 43.91 | epoch: 1 | total time: 189.40m
step 04337 (98.41%) | K: 3 | loss: 1.721294 | L1: 0.865554 | L2: 0.855889 | L3: 0.855591 | lrm: 0.03 | dt: 2628.07ms | tok/sec: 199,495 | mfu: 43.86 | epoch: 1 | total time: 189.45m
step 04338 (98.43%) | K: 3 | loss: 1.715375 | L1: 0.862605 | L2: 0.852920 | L3: 0.852619 | lrm: 0.03 | dt: 2623.44ms | tok/sec: 199,847 | mfu: 43.94 | epoch: 1 | total time: 189.49m
step 04339 (98.46%) | K: 3 | loss: 1.709257 | L1: 0.859555 | L2: 0.849863 | L3: 0.849542 | lrm: 0.03 | dt: 2623.71ms | tok/sec: 199,826 | mfu: 43.94 | epoch: 1 | total time: 189.54m
step 04340 (98.48%) | K: 3 | loss: 1.720708 | L1: 0.865244 | L2: 0.855618 | L3: 0.855311 | lrm: 0.03 | dt: 2628.05ms | tok/sec: 199,496 | mfu: 43.86 | epoch: 1 | total time: 189.58m
step 04341 (98.50%) | K: 3 | loss: 1.713194 | L1: 0.861431 | L2: 0.851925 | L3: 0.851601 | lrm: 0.03 | dt: 2626.46ms | tok/sec: 199,617 | mfu: 43.89 | epoch: 1 | total time: 189.62m
step 04342 (98.53%) | K: 3 | loss: 1.715878 | L1: 0.862776 | L2: 0.853271 | L3: 0.852934 | lrm: 0.03 | dt: 2625.95ms | tok/sec: 199,656 | mfu: 43.90 | epoch: 1 | total time: 189.67m
step 04343 (98.55%) | K: 3 | loss: 1.720083 | L1: 0.864970 | L2: 0.855298 | L3: 0.854929 | lrm: 0.03 | dt: 2622.02ms | tok/sec: 199,955 | mfu: 43.96 | epoch: 1 | total time: 189.71m
step 04344 (98.57%) | K: 3 | loss: 1.717607 | L1: 0.863709 | L2: 0.854079 | L3: 0.853717 | lrm: 0.03 | dt: 2623.66ms | tok/sec: 199,830 | mfu: 43.94 | epoch: 1 | total time: 189.75m
step 04345 (98.59%) | K: 3 | loss: 1.714889 | L1: 0.862332 | L2: 0.852732 | L3: 0.852384 | lrm: 0.03 | dt: 2628.19ms | tok/sec: 199,486 | mfu: 43.86 | epoch: 1 | total time: 189.80m
step 04346 (98.62%) | K: 3 | loss: 1.712527 | L1: 0.861176 | L2: 0.851524 | L3: 0.851179 | lrm: 0.03 | dt: 2624.11ms | tok/sec: 199,796 | mfu: 43.93 | epoch: 1 | total time: 189.84m
step 04347 (98.64%) | K: 3 | loss: 1.729276 | L1: 0.869560 | L2: 0.859896 | L3: 0.859535 | lrm: 0.03 | dt: 2622.30ms | tok/sec: 199,934 | mfu: 43.96 | epoch: 1 | total time: 189.89m
step 04348 (98.66%) | K: 3 | loss: 1.732776 | L1: 0.871311 | L2: 0.861644 | L3: 0.861288 | lrm: 0.03 | dt: 2623.53ms | tok/sec: 199,840 | mfu: 43.94 | epoch: 1 | total time: 189.93m
step 04349 (98.68%) | K: 3 | loss: 1.739200 | L1: 0.874545 | L2: 0.864837 | L3: 0.864474 | lrm: 0.03 | dt: 2628.06ms | tok/sec: 199,495 | mfu: 43.86 | epoch: 1 | total time: 189.97m
step 04350 (98.71%) | K: 3 | loss: 1.734892 | L1: 0.872359 | L2: 0.862702 | L3: 0.862362 | lrm: 0.03 | dt: 2625.96ms | tok/sec: 199,655 | mfu: 43.90 | epoch: 1 | total time: 190.02m
step 04351 (98.73%) | K: 3 | loss: 1.736037 | L1: 0.872887 | L2: 0.863322 | L3: 0.862977 | lrm: 0.03 | dt: 2623.72ms | tok/sec: 199,826 | mfu: 43.94 | epoch: 1 | total time: 190.06m
step 04352 (98.75%) | K: 3 | loss: 1.730692 | L1: 0.870161 | L2: 0.860705 | L3: 0.860359 | lrm: 0.02 | dt: 2629.93ms | tok/sec: 199,354 | mfu: 43.83 | epoch: 1 | total time: 190.10m
step 04353 (98.77%) | K: 3 | loss: 1.737625 | L1: 0.873616 | L2: 0.864182 | L3: 0.863836 | lrm: 0.02 | dt: 2623.20ms | tok/sec: 199,865 | mfu: 43.94 | epoch: 1 | total time: 190.15m
step 04354 (98.80%) | K: 3 | loss: 1.738537 | L1: 0.874128 | L2: 0.864578 | L3: 0.864239 | lrm: 0.02 | dt: 2624.74ms | tok/sec: 199,748 | mfu: 43.92 | epoch: 1 | total time: 190.19m
step 04355 (98.82%) | K: 3 | loss: 1.741741 | L1: 0.875729 | L2: 0.866177 | L3: 0.865848 | lrm: 0.02 | dt: 2624.93ms | tok/sec: 199,733 | mfu: 43.91 | epoch: 1 | total time: 190.24m
step 04356 (98.84%) | K: 3 | loss: 1.749857 | L1: 0.879732 | L2: 0.870295 | L3: 0.869955 | lrm: 0.02 | dt: 2628.27ms | tok/sec: 199,480 | mfu: 43.86 | epoch: 1 | total time: 190.28m
step 04357 (98.87%) | K: 3 | loss: 1.743014 | L1: 0.876297 | L2: 0.866887 | L3: 0.866547 | lrm: 0.02 | dt: 2627.77ms | tok/sec: 199,518 | mfu: 43.87 | epoch: 1 | total time: 190.32m
step 04358 (98.89%) | K: 3 | loss: 1.746822 | L1: 0.878158 | L2: 0.868829 | L3: 0.868500 | lrm: 0.02 | dt: 2630.33ms | tok/sec: 199,323 | mfu: 43.82 | epoch: 1 | total time: 190.37m
step 04359 (98.91%) | K: 3 | loss: 1.747483 | L1: 0.878545 | L2: 0.869098 | L3: 0.868778 | lrm: 0.02 | dt: 2625.37ms | tok/sec: 199,700 | mfu: 43.91 | epoch: 1 | total time: 190.41m
step 04360 (98.93%) | K: 3 | loss: 1.737299 | L1: 0.873435 | L2: 0.864023 | L3: 0.863707 | lrm: 0.02 | dt: 2629.20ms | tok/sec: 199,410 | mfu: 43.84 | epoch: 1 | total time: 190.45m
step 04361 (98.96%) | K: 3 | loss: 1.725834 | L1: 0.867730 | L2: 0.858251 | L3: 0.857956 | lrm: 0.02 | dt: 2624.14ms | tok/sec: 199,794 | mfu: 43.93 | epoch: 1 | total time: 190.50m
step 04362 (98.98%) | K: 3 | loss: 1.727158 | L1: 0.868408 | L2: 0.858903 | L3: 0.858596 | lrm: 0.02 | dt: 2625.78ms | tok/sec: 199,669 | mfu: 43.90 | epoch: 1 | total time: 190.54m
step 04363 (99.00%) | K: 3 | loss: 1.732708 | L1: 0.871170 | L2: 0.861688 | L3: 0.861388 | lrm: 0.02 | dt: 2623.87ms | tok/sec: 199,814 | mfu: 43.93 | epoch: 1 | total time: 190.59m
step 04364 (99.02%) | K: 3 | loss: 1.732015 | L1: 0.870809 | L2: 0.861354 | L3: 0.861058 | lrm: 0.02 | dt: 2623.59ms | tok/sec: 199,836 | mfu: 43.94 | epoch: 1 | total time: 190.63m
step 04365 (99.05%) | K: 3 | loss: 1.735928 | L1: 0.872716 | L2: 0.863344 | L3: 0.863080 | lrm: 0.02 | dt: 2622.73ms | tok/sec: 199,901 | mfu: 43.95 | epoch: 1 | total time: 190.67m
step 04366 (99.07%) | K: 3 | loss: 1.730947 | L1: 0.870212 | L2: 0.860857 | L3: 0.860614 | lrm: 0.02 | dt: 2625.21ms | tok/sec: 199,712 | mfu: 43.91 | epoch: 1 | total time: 190.72m
step 04367 (99.09%) | K: 3 | loss: 1.726899 | L1: 0.868188 | L2: 0.858840 | L3: 0.858582 | lrm: 0.02 | dt: 2626.13ms | tok/sec: 199,642 | mfu: 43.89 | epoch: 1 | total time: 190.76m
step 04368 (99.12%) | K: 3 | loss: 1.730319 | L1: 0.869935 | L2: 0.860514 | L3: 0.860254 | lrm: 0.02 | dt: 2619.16ms | tok/sec: 200,174 | mfu: 44.01 | epoch: 1 | total time: 190.80m
step 04369 (99.14%) | K: 3 | loss: 1.741446 | L1: 0.875519 | L2: 0.866056 | L3: 0.865798 | lrm: 0.02 | dt: 2625.09ms | tok/sec: 199,721 | mfu: 43.91 | epoch: 1 | total time: 190.85m
step 04370 (99.16%) | K: 3 | loss: 1.736808 | L1: 0.873216 | L2: 0.863732 | L3: 0.863452 | lrm: 0.02 | dt: 2625.10ms | tok/sec: 199,721 | mfu: 43.91 | epoch: 1 | total time: 190.89m
step 04371 (99.18%) | K: 3 | loss: 1.738510 | L1: 0.874075 | L2: 0.864576 | L3: 0.864294 | lrm: 0.02 | dt: 2630.29ms | tok/sec: 199,326 | mfu: 43.83 | epoch: 1 | total time: 190.94m
step 04372 (99.21%) | K: 3 | loss: 1.734777 | L1: 0.872202 | L2: 0.862728 | L3: 0.862422 | lrm: 0.02 | dt: 2620.76ms | tok/sec: 200,051 | mfu: 43.98 | epoch: 1 | total time: 190.98m
step 04373 (99.23%) | K: 3 | loss: 1.723287 | L1: 0.866411 | L2: 0.857044 | L3: 0.856709 | lrm: 0.02 | dt: 2620.96ms | tok/sec: 200,036 | mfu: 43.98 | epoch: 1 | total time: 191.02m
step 04374 (99.25%) | K: 3 | loss: 1.733099 | L1: 0.871324 | L2: 0.861937 | L3: 0.861613 | lrm: 0.01 | dt: 2626.09ms | tok/sec: 199,645 | mfu: 43.90 | epoch: 1 | total time: 191.07m
step 04375 (99.27%) | K: 3 | loss: 1.725336 | L1: 0.867421 | L2: 0.858074 | L3: 0.857755 | lrm: 0.01 | dt: 2629.53ms | tok/sec: 199,384 | mfu: 43.84 | epoch: 1 | total time: 191.11m
step 04376 (99.30%) | K: 3 | loss: 1.735647 | L1: 0.872579 | L2: 0.863229 | L3: 0.862906 | lrm: 0.01 | dt: 2623.79ms | tok/sec: 199,820 | mfu: 43.93 | epoch: 1 | total time: 191.15m
step 04377 (99.32%) | K: 3 | loss: 1.738756 | L1: 0.874131 | L2: 0.864785 | L3: 0.864465 | lrm: 0.01 | dt: 2625.18ms | tok/sec: 199,715 | mfu: 43.91 | epoch: 1 | total time: 191.20m
step 04378 (99.34%) | K: 3 | loss: 1.739161 | L1: 0.874318 | L2: 0.865001 | L3: 0.864685 | lrm: 0.01 | dt: 2625.91ms | tok/sec: 199,659 | mfu: 43.90 | epoch: 1 | total time: 191.24m
step 04379 (99.36%) | K: 3 | loss: 1.732994 | L1: 0.871221 | L2: 0.861915 | L3: 0.861632 | lrm: 0.01 | dt: 2626.30ms | tok/sec: 199,630 | mfu: 43.89 | epoch: 1 | total time: 191.29m
step 04380 (99.39%) | K: 3 | loss: 1.742114 | L1: 0.875828 | L2: 0.866429 | L3: 0.866143 | lrm: 0.01 | dt: 2624.06ms | tok/sec: 199,800 | mfu: 43.93 | epoch: 1 | total time: 191.33m
step 04381 (99.41%) | K: 3 | loss: 1.749929 | L1: 0.879758 | L2: 0.870315 | L3: 0.870027 | lrm: 0.01 | dt: 2629.30ms | tok/sec: 199,402 | mfu: 43.84 | epoch: 1 | total time: 191.37m
step 04382 (99.43%) | K: 3 | loss: 1.742672 | L1: 0.876137 | L2: 0.866681 | L3: 0.866389 | lrm: 0.01 | dt: 2627.24ms | tok/sec: 199,558 | mfu: 43.88 | epoch: 1 | total time: 191.42m
step 04383 (99.46%) | K: 3 | loss: 1.727869 | L1: 0.868728 | L2: 0.859289 | L3: 0.858993 | lrm: 0.01 | dt: 2624.99ms | tok/sec: 199,729 | mfu: 43.91 | epoch: 1 | total time: 191.46m
step 04384 (99.48%) | K: 3 | loss: 1.727389 | L1: 0.868493 | L2: 0.859042 | L3: 0.858750 | lrm: 0.01 | dt: 2628.73ms | tok/sec: 199,445 | mfu: 43.85 | epoch: 1 | total time: 191.50m
step 04385 (99.50%) | K: 3 | loss: 1.727401 | L1: 0.868545 | L2: 0.859019 | L3: 0.858693 | lrm: 0.01 | dt: 2626.33ms | tok/sec: 199,627 | mfu: 43.89 | epoch: 1 | total time: 191.55m
step 04386 (99.52%) | K: 3 | loss: 1.717044 | L1: 0.863439 | L2: 0.853773 | L3: 0.853437 | lrm: 0.01 | dt: 2626.41ms | tok/sec: 199,621 | mfu: 43.89 | epoch: 1 | total time: 191.59m
step 04387 (99.55%) | K: 3 | loss: 1.717268 | L1: 0.863537 | L2: 0.853910 | L3: 0.853551 | lrm: 0.01 | dt: 2622.10ms | tok/sec: 199,949 | mfu: 43.96 | epoch: 1 | total time: 191.64m
step 04388 (99.57%) | K: 3 | loss: 1.721104 | L1: 0.865480 | L2: 0.855805 | L3: 0.855443 | lrm: 0.01 | dt: 2625.11ms | tok/sec: 199,720 | mfu: 43.91 | epoch: 1 | total time: 191.68m
step 04389 (99.59%) | K: 3 | loss: 1.727721 | L1: 0.868819 | L2: 0.859086 | L3: 0.858717 | lrm: 0.01 | dt: 2625.21ms | tok/sec: 199,712 | mfu: 43.91 | epoch: 1 | total time: 191.72m
step 04390 (99.61%) | K: 3 | loss: 1.721967 | L1: 0.865990 | L2: 0.856151 | L3: 0.855803 | lrm: 0.01 | dt: 2626.86ms | tok/sec: 199,587 | mfu: 43.88 | epoch: 1 | total time: 191.77m
step 04391 (99.64%) | K: 3 | loss: 1.733291 | L1: 0.871609 | L2: 0.861847 | L3: 0.861516 | lrm: 0.01 | dt: 2623.32ms | tok/sec: 199,856 | mfu: 43.94 | epoch: 1 | total time: 191.81m
step 04392 (99.66%) | K: 3 | loss: 1.736110 | L1: 0.873063 | L2: 0.863221 | L3: 0.862871 | lrm: 0.01 | dt: 2622.12ms | tok/sec: 199,948 | mfu: 43.96 | epoch: 1 | total time: 191.85m
step 04393 (99.68%) | K: 3 | loss: 1.738768 | L1: 0.874390 | L2: 0.864551 | L3: 0.864204 | lrm: 0.01 | dt: 2625.40ms | tok/sec: 199,698 | mfu: 43.91 | epoch: 1 | total time: 191.90m
step 04394 (99.71%) | K: 3 | loss: 1.742274 | L1: 0.876094 | L2: 0.866354 | L3: 0.866006 | lrm: 0.01 | dt: 2625.75ms | tok/sec: 199,671 | mfu: 43.90 | epoch: 1 | total time: 191.94m
step 04395 (99.73%) | K: 3 | loss: 1.732848 | L1: 0.871359 | L2: 0.861651 | L3: 0.861328 | lrm: 0.01 | dt: 2621.04ms | tok/sec: 200,030 | mfu: 43.98 | epoch: 1 | total time: 191.99m
step 04396 (99.75%) | K: 3 | loss: 1.745330 | L1: 0.877643 | L2: 0.867860 | L3: 0.867513 | lrm: 0.00 | dt: 2625.15ms | tok/sec: 199,717 | mfu: 43.91 | epoch: 1 | total time: 192.03m
step 04397 (99.77%) | K: 3 | loss: 1.729510 | L1: 0.869716 | L2: 0.859976 | L3: 0.859611 | lrm: 0.00 | dt: 2627.23ms | tok/sec: 199,558 | mfu: 43.88 | epoch: 1 | total time: 192.07m
step 04398 (99.80%) | K: 3 | loss: 1.727764 | L1: 0.868799 | L2: 0.859152 | L3: 0.858777 | lrm: 0.00 | dt: 2628.37ms | tok/sec: 199,472 | mfu: 43.86 | epoch: 1 | total time: 192.12m
step 04399 (99.82%) | K: 3 | loss: 1.729144 | L1: 0.869476 | L2: 0.859852 | L3: 0.859483 | lrm: 0.00 | dt: 2623.97ms | tok/sec: 199,806 | mfu: 43.93 | epoch: 1 | total time: 192.16m
step 04400 (99.84%) | K: 3 | loss: 1.738165 | L1: 0.873987 | L2: 0.864372 | L3: 0.863984 | lrm: 0.00 | dt: 2624.99ms | tok/sec: 199,729 | mfu: 43.91 | epoch: 1 | total time: 192.20m
step 04401 (99.86%) | K: 3 | loss: 1.740455 | L1: 0.875148 | L2: 0.865492 | L3: 0.865124 | lrm: 0.00 | dt: 2626.88ms | tok/sec: 199,585 | mfu: 43.88 | epoch: 1 | total time: 192.25m
step 04402 (99.89%) | K: 3 | loss: 1.741685 | L1: 0.875757 | L2: 0.866113 | L3: 0.865743 | lrm: 0.00 | dt: 2622.83ms | tok/sec: 199,893 | mfu: 43.95 | epoch: 1 | total time: 192.29m
step 04403 (99.91%) | K: 3 | loss: 1.752665 | L1: 0.881264 | L2: 0.871584 | L3: 0.871219 | lrm: 0.00 | dt: 2629.66ms | tok/sec: 199,374 | mfu: 43.84 | epoch: 1 | total time: 192.34m
step 04404 (99.93%) | K: 3 | loss: 1.766182 | L1: 0.888069 | L2: 0.878292 | L3: 0.877934 | lrm: 0.00 | dt: 2623.33ms | tok/sec: 199,855 | mfu: 43.94 | epoch: 1 | total time: 192.38m
step 04405 (99.95%) | K: 3 | loss: 1.763456 | L1: 0.886722 | L2: 0.876922 | L3: 0.876547 | lrm: 0.00 | dt: 2623.16ms | tok/sec: 199,868 | mfu: 43.94 | epoch: 1 | total time: 192.42m
step 04406 (99.98%) | K: 3 | loss: 1.766913 | L1: 0.888482 | L2: 0.878613 | L3: 0.878250 | lrm: 0.00 | dt: 2626.52ms | tok/sec: 199,613 | mfu: 43.89 | epoch: 1 | total time: 192.47m
step 04407 (100.00%) | K: 3 | loss: 1.759564 | L1: 0.884777 | L2: 0.874968 | L3: 0.874607 | lrm: 0.00 | dt: 2623.82ms | tok/sec: 199,818 | mfu: 43.93 | epoch: 1 | total time: 192.51m
Step 04407 | Validation L1 bpb: 0.4593 | L2 bpb: 0.4542 | L3 bpb: 0.4540
2026-08-28 23:03:30,351 - nanochat.checkpoint_manager - [32m[1mINFO[0m - Saved optimizer state to: /home/jhu/xwang457/work/nanochat_cache/chatsft_checkpoints/d20-lf-k3-stackedu-python-budget/optim_004407_rank2.pt
2026-08-28 23:03:30,379 - nanochat.checkpoint_manager - [32m[1mINFO[0m - Saved optimizer state to: /home/jhu/xwang457/work/nanochat_cache/chatsft_checkpoints/d20-lf-k3-stackedu-python-budget/optim_004407_rank3.pt
2026-08-28 23:03:30,388 - nanochat.checkpoint_manager - [32m[1mINFO[0m - Saved optimizer state to: /home/jhu/xwang457/work/nanochat_cache/chatsft_checkpoints/d20-lf-k3-stackedu-python-budget/optim_004407_rank1.pt
2026-08-28 23:03:31,434 - nanochat.checkpoint_manager - [32m[1mINFO[0m - Saved model parameters to: /home/jhu/xwang457/work/nanochat_cache/chatsft_checkpoints/d20-lf-k3-stackedu-python-budget/model_004407.pt
2026-08-28 23:03:31,439 - nanochat.checkpoint_manager - [32m[1mINFO[0m - Saved metadata to: /home/jhu/xwang457/work/nanochat_cache/chatsft_checkpoints/d20-lf-k3-stackedu-python-budget/meta_004407.json
2026-08-28 23:03:31,987 - nanochat.checkpoint_manager - [32m[1mINFO[0m - Saved optimizer state to: /home/jhu/xwang457/work/nanochat_cache/chatsft_checkpoints/d20-lf-k3-stackedu-python-budget/optim_004407_rank0.pt
Peak memory usage: 34847.36MiB
Total training time: 192.51m
Minimum validation bpb: 0.4540
wandb: updating run metadata
wandb:                                                                                
wandb: 
wandb: Run history:
wandb:                        step ▁▁▁▁▂▂▂▂▂▂▃▃▃▃▃▃▄▄▄▄▅▅▅▅▆▆▆▆▆▆▆▆▆▆▆▇████
wandb:        total_training_flops ▁▁▁▁▁▁▂▂▂▂▂▃▃▃▃▃▄▄▄▄▄▅▅▅▅▅▅▅▆▆▆▇▇▇▇█████
wandb:         total_training_time ▁▁▁▂▂▃▃▃▃▄▄▄▄▄▄▄▄▅▅▅▅▆▆▆▆▆▆▆▇▇▇▇▇▇▇█████
wandb: train/active_forward_passes ▁▁▁▁▁▁▁▁▁▁▁▁▁▁▁▁▁▁▁▁▁▁▁▁▁▁▁▁▁▁▁▁▁▁▁▁▁▁▁▁
wandb:                    train/dt ▁▄▇▇▄▆▅▇▇▇▇▇▇█▇█▇▇▇▇▇▇▇█▇▆▇█▆▆▆█▇▇▆█▇█▇█
wandb:                 train/epoch ▁▁▁▁▁▁▁▁▁▁▁▁▁▁▁▁▁▁▁▁▁▁▁▁▁▁▁▁▁▁▁▁▁▁▁▁▁▁▁▁
wandb:                  train/loss █▅▅▃▃▃▂▂▃▂▂▂▂▂▂▂▂▂▂▂▂▂▂▂▁▁▁▁▁▁▁▁▁▁▁▁▁▁▁▁
wandb:               train/loss_l1 ██▆▅▅▃▃▃▃▃▃▃▂▂▂▂▂▂▂▂▂▂▂▂▂▂▂▂▂▂▂▂▁▁▁▁▁▁▁▁
wandb:               train/loss_l2 █▅▆▅▄▄▄▃▄▃▃▃▃▃▃▃▃▂▃▂▂▂▂▂▂▂▁▂▂▁▁▁▁▁▁▁▁▁▁▁
wandb:               train/loss_l3 █▆▅▅▄▄▃▃▃▃▃▂▃▂▂▂▂▂▂▂▂▂▂▂▂▂▂▂▂▂▁▁▁▁▁▁▁▁▁▁
wandb:                          +7 ...
wandb: 
wandb: Run summary:
wandb:                        step 4407
wandb:        total_training_flops 2.0096960172373574e+19
wandb:         total_training_time 11550.64291
wandb: train/active_forward_passes 3
wandb:                    train/dt 2.62499
wandb:                 train/epoch 1
wandb:                  train/loss 1.73816
wandb:               train/loss_l1 0.87399
wandb:               train/loss_l2 0.86437
wandb:               train/loss_l3 0.86398
wandb:                          +7 ...
wandb: 
wandb: 🚀 View run d20-lf-k3-stackedu-python-budget at: https://wandb.ai/xidulu-umass-amherst/nanochat-sft/runs/hwo33t1a
wandb: ⭐️ View project at: https://wandb.ai/xidulu-umass-amherst/nanochat-sft
wandb: Synced 5 W&B file(s), 0 media file(s), 0 artifact file(s) and 0 other file(s)
wandb: Find logs at: ./wandb/run-20260828_194600-hwo33t1a/logs
